--
-- PostgreSQL database dump
--

-- Dumped from database version 9.5.14
-- Dumped by pg_dump version 9.5.14

SET statement_timeout = 0;
SET lock_timeout = 0;
SET client_encoding = 'UTF8';
SET standard_conforming_strings = on;
SELECT pg_catalog.set_config('search_path', '', false);
SET check_function_bodies = false;
SET client_min_messages = warning;
SET row_security = off;

--
-- Name: tgc; Type: SCHEMA; Schema: -; Owner: poppi
--

CREATE SCHEMA tgc;


ALTER SCHEMA tgc OWNER TO poppi;

--
-- Name: xeno1; Type: SCHEMA; Schema: -; Owner: poppi
--

CREATE SCHEMA xeno1;


ALTER SCHEMA xeno1 OWNER TO poppi;

--
-- Name: xeno2; Type: SCHEMA; Schema: -; Owner: poppi
--

CREATE SCHEMA xeno2;


ALTER SCHEMA xeno2 OWNER TO poppi;

--
-- Name: xenox; Type: SCHEMA; Schema: -; Owner: poppi
--

CREATE SCHEMA xenox;


ALTER SCHEMA xenox OWNER TO poppi;

--
-- Name: format_caption(text, numeric); Type: FUNCTION; Schema: xeno2; Owner: poppi
--

CREATE FUNCTION xeno2.format_caption(caption text, param numeric) RETURNS text
    LANGUAGE plpgsql
    AS $$
BEGIN
    RETURN REPLACE(caption, '[ML:PouchParam ]', param::text);
END; $$;


ALTER FUNCTION xeno2.format_caption(caption text, param numeric) OWNER TO poppi;

--
-- Name: format_caption(text, smallint, numeric, numeric); Type: FUNCTION; Schema: xeno2; Owner: poppi
--

CREATE FUNCTION xeno2.format_caption(caption text, param smallint, param_one numeric, param_two numeric) RETURNS text
    LANGUAGE plpgsql
    AS $$
BEGIN
    IF caption='Increases attack power ratio by [ML:Enhance kind=Param1 ]% at the start of a Chain Attack.' THEN
        param_one := param_one*100;
    END IF;

    RETURN REPLACE(REPLACE(REPLACE(caption, '[ML:Enhance ]', param::text), '[ML:Enhance kind=Param1 ]', param_one::float::text), '[ML:Enhance kind=Param2 ]', param_two::float::text);
END; $$;


ALTER FUNCTION xeno2.format_caption(caption text, param smallint, param_one numeric, param_two numeric) OWNER TO poppi;

--
-- Name: format_caption(text, smallint, text, text); Type: FUNCTION; Schema: xeno2; Owner: poppi
--

CREATE FUNCTION xeno2.format_caption(caption text, param smallint, param_one text, param_two text) RETURNS text
    LANGUAGE plpgsql
    AS $$
BEGIN

    RETURN REPLACE(REPLACE(REPLACE(caption, '[ML:Enhance ]', param::text), '[ML:Enhance kind=Param1 ]', param_one), '[ML:Enhance kind=Param2 ]', param_two);
END; $$;


ALTER FUNCTION xeno2.format_caption(caption text, param smallint, param_one text, param_two text) OWNER TO poppi;

--
-- Name: format_caption(text, smallint, integer, integer); Type: FUNCTION; Schema: xenox; Owner: reina
--

CREATE FUNCTION xenox.format_caption(caption text, ratio smallint, param_one integer, param_two integer) RETURNS text
    LANGUAGE plpgsql
    AS $$
BEGIN
    RETURN REPLACE(REPLACE(REPLACE(REPLACE(caption, '<<enp0>>', ratio::text), '<<enp1>>', param_one::text), '<<enp2>>', param_two::text), '[ST:n ]', ' ');
END; $$;


ALTER FUNCTION xenox.format_caption(caption text, ratio smallint, param_one integer, param_two integer) OWNER TO reina;

--
-- Name: crafts; Type: VIEW; Schema: tgc; Owner: poppi
--

CREATE VIEW tgc.crafts AS
 SELECT driver_names.name AS driver,
    shop_names.name,
    camp_captions.name AS description
   FROM (((((xb2."MNU_DriverInfo" pouch_create
     JOIN xb2."CHR_Dr" drivers ON ((pouch_create.driver_id = drivers.row_id)))
     JOIN xb2.chr_dr_ms driver_names ON ((drivers."Name" = driver_names.row_id)))
     JOIN xb2."MNU_ShopList" shops ON ((pouch_create.shop_id = shops.row_id)))
     JOIN xb2.fld_shopname shop_names ON ((shops."Name" = shop_names.row_id)))
     JOIN xb2.menu_camp_ms camp_captions ON ((pouch_create.summary_msg = camp_captions.row_id)));


ALTER TABLE tgc.crafts OWNER TO poppi;

--
-- Name: pouch_item_crafts; Type: VIEW; Schema: tgc; Owner: poppi
--

CREATE VIEW tgc.pouch_item_crafts AS
 WITH create_items AS (
         SELECT shop_names.name AS craft,
            unnest(ARRAY[shop_items."DefTaskSet1", shop_items."DefTaskSet2", shop_items."DefTaskSet3", shop_items."DefTaskSet4", shop_items."DefTaskSet5", shop_items."DefTaskSet6", shop_items."DefTaskSet7", shop_items."DefTaskSet8", shop_items."AddTaskSet1", shop_items."AddTaskSet2", shop_items."AddTaskSet3", shop_items."AddTaskSet4", shop_items."AddTaskSet5", shop_items."AddTaskSet6", shop_items."AddTaskSet7", shop_items."AddTaskSet8"]) AS item
           FROM (((xb2."MNU_DriverInfo" pouch_create
             JOIN xb2."MNU_ShopList" shops ON ((pouch_create.shop_id = shops.row_id)))
             JOIN xb2.fld_shopname shop_names ON ((shops."Name" = shop_names.row_id)))
             JOIN xb2."MNU_ShopChange" shop_items ON ((shops."TableID" = shop_items.row_id)))
        )
 SELECT create_items.craft,
    item_names.name AS item
   FROM ((create_items
     JOIN xb2."MNU_ShopChangeTask" task ON ((create_items.item = task.row_id)))
     JOIN xb2.fld_shopchange item_names ON ((task."Name" = item_names.row_id)));


ALTER TABLE tgc.pouch_item_crafts OWNER TO poppi;

--
-- Name: pouch_item_create_materials; Type: VIEW; Schema: tgc; Owner: poppi
--

CREATE VIEW tgc.pouch_item_create_materials AS
 WITH create_tasks AS (
         SELECT unnest(ARRAY[shop_items."DefTaskSet1", shop_items."DefTaskSet2", shop_items."DefTaskSet3", shop_items."DefTaskSet4", shop_items."DefTaskSet5", shop_items."DefTaskSet6", shop_items."DefTaskSet7", shop_items."DefTaskSet8", shop_items."AddTaskSet1", shop_items."AddTaskSet2", shop_items."AddTaskSet3", shop_items."AddTaskSet4", shop_items."AddTaskSet5", shop_items."AddTaskSet6", shop_items."AddTaskSet7", shop_items."AddTaskSet8"]) AS item
           FROM ((xb2."MNU_DriverInfo" pouch_create
             JOIN xb2."MNU_ShopList" shops ON ((pouch_create.shop_id = shops.row_id)))
             JOIN xb2."MNU_ShopChange" shop_items ON ((shops."TableID" = shop_items.row_id)))
        ), create_items AS (
         SELECT item_names_1.name AS item,
            ARRAY[task."SetItem1", task."SetItem2", task."SetItem3", task."SetItem4", task."SetItem5"] AS mats,
            ARRAY[task."SetNumber1", task."SetNumber2", task."SetNumber3", task."SetNumber4", task."SetNumber5"] AS amounts
           FROM ((create_tasks
             JOIN xb2."MNU_ShopChangeTask" task ON ((create_tasks.item = task.row_id)))
             JOIN xb2.fld_shopchange item_names_1 ON ((task."Name" = item_names_1.row_id)))
        )
 SELECT create_items.item,
    item_names.name AS material,
    a.amount
   FROM (((create_items
     JOIN LATERAL UNNEST(create_items.mats, create_items.amounts) a(mat, amount) ON (true))
     JOIN xb2."ITM_CollectionList" collection_items ON ((a.mat = collection_items.row_id)))
     JOIN xb2.itm_collection item_names ON ((collection_items."Name" = item_names.row_id)));


ALTER TABLE tgc.pouch_item_create_materials OWNER TO poppi;

--
-- Name: pouch_item_effects; Type: VIEW; Schema: tgc; Owner: poppi
--

CREATE VIEW tgc.pouch_item_effects AS
 WITH create_tasks AS (
         SELECT unnest(ARRAY[shop_items."DefTaskSet1", shop_items."DefTaskSet2", shop_items."DefTaskSet3", shop_items."DefTaskSet4", shop_items."DefTaskSet5", shop_items."DefTaskSet6", shop_items."DefTaskSet7", shop_items."DefTaskSet8", shop_items."AddTaskSet1", shop_items."AddTaskSet2", shop_items."AddTaskSet3", shop_items."AddTaskSet4", shop_items."AddTaskSet5", shop_items."AddTaskSet6", shop_items."AddTaskSet7", shop_items."AddTaskSet8"]) AS item
           FROM ((xb2."MNU_DriverInfo" pouch_create
             JOIN xb2."MNU_ShopList" shops ON ((pouch_create.shop_id = shops.row_id)))
             JOIN xb2."MNU_ShopChange" shop_items ON ((shops."TableID" = shop_items.row_id)))
        ), pouch_buffs AS (
         SELECT item_names.name,
            ARRAY[pouch_item_buffs."PBuff1", pouch_item_buffs."PBuff2", pouch_item_buffs."PBuff3"] AS captions,
            ARRAY[pouch_item_buffs."PBuffParam1", pouch_item_buffs."PBuffParam2", pouch_item_buffs."PBuffParam3"] AS "values"
           FROM (((((create_tasks
             JOIN xb2."MNU_ShopChangeTask" task ON ((create_tasks.item = task.row_id)))
             JOIN xb2.fld_shopchange item_names ON ((task."Name" = item_names.row_id)))
             JOIN xb2.itm_favorite pouch_names ON ((item_names.name = pouch_names.name)))
             JOIN xb2."ITM_FavoriteList" pouch_items ON ((pouch_items."Name" = pouch_names.row_id)))
             JOIN xb2."BTL_PouchBuffSet" pouch_item_buffs ON ((pouch_items."Type" = pouch_item_buffs.row_id)))
        )
 SELECT pouch_buffs.name AS pouch_item,
    replace(replace(pouch_captions.name, '[ML:PouchParam ]'::text, ((a.value)::numeric(4,1))::text), '
'::text, ' '::text) AS caption
   FROM (((pouch_buffs
     JOIN LATERAL UNNEST(pouch_buffs.captions, pouch_buffs."values") a(caption, value) ON (true))
     JOIN xb2."BTL_PouchBuff" pouch_buff ON ((a.caption = pouch_buff.row_id)))
     JOIN xb2.btl_pouchbuff_ms pouch_captions ON ((pouch_buff."Name" = pouch_captions.row_id)));


ALTER TABLE tgc.pouch_item_effects OWNER TO poppi;

--
-- Name: pouch_items; Type: VIEW; Schema: tgc; Owner: poppi
--

CREATE VIEW tgc.pouch_items AS
 WITH create_tasks AS (
         SELECT unnest(ARRAY[shop_items."DefTaskSet1", shop_items."DefTaskSet2", shop_items."DefTaskSet3", shop_items."DefTaskSet4", shop_items."DefTaskSet5", shop_items."DefTaskSet6", shop_items."DefTaskSet7", shop_items."DefTaskSet8", shop_items."AddTaskSet1", shop_items."AddTaskSet2", shop_items."AddTaskSet3", shop_items."AddTaskSet4", shop_items."AddTaskSet5", shop_items."AddTaskSet6", shop_items."AddTaskSet7", shop_items."AddTaskSet8"]) AS item
           FROM ((xb2."MNU_DriverInfo" pouch_create
             JOIN xb2."MNU_ShopList" shops ON ((pouch_create.shop_id = shops.row_id)))
             JOIN xb2."MNU_ShopChange" shop_items ON ((shops."TableID" = shop_items.row_id)))
        )
 SELECT item_names.name,
        CASE
            WHEN (pouch_items."Category" = 12) THEN 'Staple Foods'::text
            WHEN (pouch_items."Category" = 13) THEN 'Vegetables'::text
            WHEN (pouch_items."Category" = 14) THEN 'Meat'::text
            WHEN (pouch_items."Category" = 15) THEN 'Seafood'::text
            WHEN (pouch_items."Category" = 16) THEN 'Desserts'::text
            WHEN (pouch_items."Category" = 17) THEN 'Drinks'::text
            WHEN (pouch_items."Category" = 18) THEN 'Instruments'::text
            WHEN (pouch_items."Category" = 19) THEN 'Arts'::text
            WHEN (pouch_items."Category" = 20) THEN 'Literature'::text
            WHEN (pouch_items."Category" = 21) THEN 'Board Games'::text
            WHEN (pouch_items."Category" = 22) THEN 'Cosmetics'::text
            WHEN (pouch_items."Category" = 23) THEN 'Textiles'::text
            ELSE NULL::text
        END AS category,
    pouch_items."Price" AS sell_price,
        CASE
            WHEN (pouch_items."Rarity" = 0) THEN 'Common'::text
            WHEN (pouch_items."Rarity" = 1) THEN 'Rare'::text
            WHEN (pouch_items."Rarity" = 2) THEN 'Legendary'::text
            ELSE NULL::text
        END AS rarity,
    pouch_items."ValueMax" AS max_carry,
    pouch_items."Time" AS "time",
    pouch_items."TrustPoint" AS trust
   FROM ((((create_tasks
     JOIN xb2."MNU_ShopChangeTask" task ON ((create_tasks.item = task.row_id)))
     JOIN xb2.fld_shopchange item_names ON ((task."Name" = item_names.row_id)))
     JOIN xb2.itm_favorite pouch_names ON ((item_names.name = pouch_names.name)))
     JOIN xb2."ITM_FavoriteList" pouch_items ON ((pouch_items."Name" = pouch_names.row_id)));


ALTER TABLE tgc.pouch_items OWNER TO poppi;

--
-- Name: skills; Type: VIEW; Schema: xeno1; Owner: poppi
--

CREATE VIEW xeno1.skills AS
 SELECT skills.name,
    replace(captions.help, '@'::text, ' '::text) AS description,
        CASE
            WHEN (skills.shape = 1) THEN 'Circle'::text
            WHEN (skills.shape = 2) THEN 'Square'::text
            WHEN (skills.shape = 3) THEN 'Hexagon'::text
            WHEN (skills.shape = 4) THEN 'Star'::text
            WHEN (skills.shape = 5) THEN 'Diamond'::text
            ELSE NULL::text
        END AS shape,
    (skills."point_PP" * 100) AS sp_cost,
    skills."point_SP" AS link_cost,
        CASE
            WHEN ((skills.val1 <> 0) AND (buffs.val_type = 3)) THEN (((buffs.name || ': '::text) || skills.val1) || '%'::text)
            WHEN ((skills.val1 <> 0) AND (buffs.val_type = 1)) THEN ((buffs.name || ': '::text) || skills.val1)
            ELSE buffs.name
        END AS effect
   FROM ((xb1."BTL_PSVskill" skills
     JOIN xb1."MNU_PSskil" captions ON ((skills.row_id = captions.row_id)))
     JOIN xb1."BTL_PSSlist" buffs ON ((skills.skill = buffs.row_id)));


ALTER TABLE xeno1.skills OWNER TO poppi;

SET default_tablespace = '';

SET default_with_oids = false;

--
-- Name: accessories; Type: TABLE; Schema: xeno2; Owner: poppi
--

CREATE TABLE xeno2.accessories (
    name text NOT NULL,
    rarity text NOT NULL,
    price integer NOT NULL,
    caption smallint NOT NULL
);


ALTER TABLE xeno2.accessories OWNER TO poppi;

--
-- Name: art_enhance; Type: TABLE; Schema: xeno2; Owner: poppi
--

CREATE TABLE xeno2.art_enhance (
    art text NOT NULL,
    level smallint NOT NULL,
    caption smallint
);


ALTER TABLE xeno2.art_enhance OWNER TO poppi;

--
-- Name: art_hit_frames; Type: TABLE; Schema: xeno2; Owner: poppi
--

CREATE TABLE xeno2.art_hit_frames (
    art text NOT NULL,
    hit smallint NOT NULL,
    hit_frame smallint NOT NULL
);


ALTER TABLE xeno2.art_hit_frames OWNER TO poppi;

--
-- Name: art_ratios; Type: TABLE; Schema: xeno2; Owner: poppi
--

CREATE TABLE xeno2.art_ratios (
    art text NOT NULL,
    hit smallint NOT NULL,
    ratio smallint NOT NULL
);


ALTER TABLE xeno2.art_ratios OWNER TO poppi;

--
-- Name: art_reactions; Type: TABLE; Schema: xeno2; Owner: poppi
--

CREATE TABLE xeno2.art_reactions (
    art text NOT NULL,
    hit smallint NOT NULL,
    reaction text NOT NULL
);


ALTER TABLE xeno2.art_reactions OWNER TO poppi;

--
-- Name: arts; Type: TABLE; Schema: xeno2; Owner: poppi
--

CREATE TABLE xeno2.arts (
    name text NOT NULL,
    driver text NOT NULL,
    weapon text NOT NULL,
    type text NOT NULL,
    damage_ratio text NOT NULL,
    range text NOT NULL,
    recharge text NOT NULL,
    wp text NOT NULL,
    caption text NOT NULL,
    distance smallint NOT NULL,
    radius smallint NOT NULL,
    hate smallint NOT NULL,
    accuracy_mod smallint NOT NULL,
    crit_mod smallint NOT NULL
);


ALTER TABLE xeno2.arts OWNER TO poppi;

--
-- Name: battle_skills; Type: TABLE; Schema: xeno2; Owner: poppi
--

CREATE TABLE xeno2.battle_skills (
    name text NOT NULL
);


ALTER TABLE xeno2.battle_skills OWNER TO poppi;

--
-- Name: blade_battle_skills; Type: TABLE; Schema: xeno2; Owner: poppi
--

CREATE TABLE xeno2.blade_battle_skills (
    blade text NOT NULL,
    skill text NOT NULL
);


ALTER TABLE xeno2.blade_battle_skills OWNER TO poppi;

--
-- Name: blade_blade_arts; Type: TABLE; Schema: xeno2; Owner: poppi
--

CREATE TABLE xeno2.blade_blade_arts (
    blade text NOT NULL,
    blade_art text NOT NULL,
    recast smallint NOT NULL
);


ALTER TABLE xeno2.blade_blade_arts OWNER TO poppi;

--
-- Name: blade_chances; Type: TABLE; Schema: xeno2; Owner: poppi
--

CREATE TABLE xeno2.blade_chances (
    blade text NOT NULL,
    seed smallint NOT NULL,
    probability numeric(3,2) NOT NULL,
    assure boolean NOT NULL
);


ALTER TABLE xeno2.blade_chances OWNER TO poppi;

--
-- Name: blade_favorite_pouch_categories; Type: TABLE; Schema: xeno2; Owner: poppi
--

CREATE TABLE xeno2.blade_favorite_pouch_categories (
    blade text NOT NULL,
    pouch_category text NOT NULL
);


ALTER TABLE xeno2.blade_favorite_pouch_categories OWNER TO poppi;

--
-- Name: blade_favorite_pouch_items; Type: TABLE; Schema: xeno2; Owner: poppi
--

CREATE TABLE xeno2.blade_favorite_pouch_items (
    blade text NOT NULL,
    pouch_item integer NOT NULL
);


ALTER TABLE xeno2.blade_favorite_pouch_items OWNER TO poppi;

--
-- Name: blade_field_skills; Type: TABLE; Schema: xeno2; Owner: poppi
--

CREATE TABLE xeno2.blade_field_skills (
    blade text NOT NULL,
    skill text NOT NULL
);


ALTER TABLE xeno2.blade_field_skills OWNER TO poppi;

--
-- Name: blade_skill_enhance; Type: TABLE; Schema: xeno2; Owner: poppi
--

CREATE TABLE xeno2.blade_skill_enhance (
    skill text NOT NULL,
    level smallint NOT NULL,
    caption smallint NOT NULL
);


ALTER TABLE xeno2.blade_skill_enhance OWNER TO poppi;

--
-- Name: blade_specials; Type: TABLE; Schema: xeno2; Owner: poppi
--

CREATE TABLE xeno2.blade_specials (
    blade text NOT NULL,
    level smallint NOT NULL,
    special text
);


ALTER TABLE xeno2.blade_specials OWNER TO poppi;

--
-- Name: blade_stat_mods; Type: TABLE; Schema: xeno2; Owner: poppi
--

CREATE TABLE xeno2.blade_stat_mods (
    blade text NOT NULL,
    stat text NOT NULL,
    mod smallint NOT NULL
);


ALTER TABLE xeno2.blade_stat_mods OWNER TO poppi;

--
-- Name: blades; Type: TABLE; Schema: xeno2; Owner: poppi
--

CREATE TABLE xeno2.blades (
    name text NOT NULL,
    gender text NOT NULL,
    race text NOT NULL,
    weapon text NOT NULL,
    element text NOT NULL,
    aux_cores smallint NOT NULL,
    phys_def smallint NOT NULL,
    ether_def smallint NOT NULL,
    voice_actor text NOT NULL,
    illustrator text NOT NULL,
    merc_name text NOT NULL
);


ALTER TABLE xeno2.blades OWNER TO poppi;

--
-- Name: challenge_mode_drops; Type: TABLE; Schema: xeno2; Owner: poppi
--

CREATE TABLE xeno2.challenge_mode_drops (
    challenge_id smallint NOT NULL,
    challenge_name text NOT NULL,
    chest text NOT NULL,
    item_id smallint NOT NULL,
    item_name text NOT NULL,
    probability numeric NOT NULL
);


ALTER TABLE xeno2.challenge_mode_drops OWNER TO poppi;

--
-- Name: chip_locations; Type: TABLE; Schema: xeno2; Owner: poppi
--

CREATE TABLE xeno2.chip_locations (
    chip text NOT NULL,
    location text NOT NULL
);


ALTER TABLE xeno2.chip_locations OWNER TO poppi;

--
-- Name: chip_weapons; Type: TABLE; Schema: xeno2; Owner: poppi
--

CREATE TABLE xeno2.chip_weapons (
    chip text NOT NULL,
    weapon text NOT NULL
);


ALTER TABLE xeno2.chip_weapons OWNER TO poppi;

--
-- Name: chips; Type: TABLE; Schema: xeno2; Owner: poppi
--

CREATE TABLE xeno2.chips (
    name text NOT NULL,
    rank smallint NOT NULL,
    sell_price smallint NOT NULL,
    rarity text NOT NULL
);


ALTER TABLE xeno2.chips OWNER TO poppi;

--
-- Name: class_roles; Type: TABLE; Schema: xeno2; Owner: poppi
--

CREATE TABLE xeno2.class_roles (
    class text NOT NULL,
    role text NOT NULL
);


ALTER TABLE xeno2.class_roles OWNER TO poppi;

--
-- Name: classes; Type: TABLE; Schema: xeno2; Owner: poppi
--

CREATE TABLE xeno2.classes (
    name text NOT NULL,
    damage_given smallint NOT NULL,
    damage_recieved smallint NOT NULL,
    healing_given smallint NOT NULL,
    auto_attack_aggro smallint NOT NULL,
    arts_aggro smallint NOT NULL,
    potion_collect boolean NOT NULL,
    prioritize_revive boolean NOT NULL
);


ALTER TABLE xeno2.classes OWNER TO poppi;

--
-- Name: collection_point_drops; Type: TABLE; Schema: xeno2; Owner: poppi
--

CREATE TABLE xeno2.collection_point_drops (
    collection_point text NOT NULL,
    item text NOT NULL,
    probability smallint NOT NULL
);


ALTER TABLE xeno2.collection_point_drops OWNER TO poppi;

--
-- Name: collection_points; Type: TABLE; Schema: xeno2; Owner: poppi
--

CREATE TABLE xeno2.collection_points (
    name text NOT NULL,
    map text NOT NULL,
    type text NOT NULL,
    min smallint NOT NULL,
    max smallint NOT NULL,
    x numeric NOT NULL,
    y numeric NOT NULL,
    z numeric NOT NULL
);


ALTER TABLE xeno2.collection_points OWNER TO poppi;

--
-- Name: common_blade_battle_skills; Type: TABLE; Schema: xeno2; Owner: poppi
--

CREATE TABLE xeno2.common_blade_battle_skills (
    skill text,
    role text
);


ALTER TABLE xeno2.common_blade_battle_skills OWNER TO poppi;

--
-- Name: common_blade_names; Type: TABLE; Schema: xeno2; Owner: poppi
--

CREATE TABLE xeno2.common_blade_names (
    name text NOT NULL
);


ALTER TABLE xeno2.common_blade_names OWNER TO poppi;

--
-- Name: core_materials; Type: TABLE; Schema: xeno2; Owner: poppi
--

CREATE TABLE xeno2.core_materials (
    core text NOT NULL,
    material text NOT NULL,
    amount smallint NOT NULL
);


ALTER TABLE xeno2.core_materials OWNER TO poppi;

--
-- Name: cores; Type: TABLE; Schema: xeno2; Owner: poppi
--

CREATE TABLE xeno2.cores (
    name text NOT NULL,
    caption smallint NOT NULL,
    unrefined_sell_price smallint NOT NULL,
    refined_sell_price smallint NOT NULL,
    rarity text NOT NULL,
    material_type text NOT NULL,
    material_amount smallint NOT NULL
);


ALTER TABLE xeno2.cores OWNER TO poppi;

--
-- Name: enhance; Type: TABLE; Schema: xeno2; Owner: poppi
--

CREATE TABLE xeno2.enhance (
    id smallint NOT NULL,
    param smallint NOT NULL,
    param_one numeric(7,3) NOT NULL,
    param_two numeric(8,4) NOT NULL,
    caption smallint
);


ALTER TABLE xeno2.enhance OWNER TO poppi;

--
-- Name: enhance_captions; Type: TABLE; Schema: xeno2; Owner: poppi
--

CREATE TABLE xeno2.enhance_captions (
    id smallint NOT NULL,
    caption text NOT NULL
);


ALTER TABLE xeno2.enhance_captions OWNER TO poppi;

--
-- Name: field_skills; Type: TABLE; Schema: xeno2; Owner: poppi
--

CREATE TABLE xeno2.field_skills (
    name text NOT NULL,
    category text NOT NULL,
    caption text NOT NULL,
    rarity smallint NOT NULL,
    min_level smallint NOT NULL,
    max_level smallint NOT NULL
);


ALTER TABLE xeno2.field_skills OWNER TO poppi;

--
-- Name: maps; Type: TABLE; Schema: xeno2; Owner: poppi
--

CREATE TABLE xeno2.maps (
    map text NOT NULL,
    map_name text NOT NULL,
    map_display_name text NOT NULL,
    priority integer NOT NULL,
    width smallint NOT NULL,
    height smallint NOT NULL,
    lower_x numeric NOT NULL,
    lower_y numeric NOT NULL,
    lower_z numeric NOT NULL,
    upper_x numeric NOT NULL,
    upper_y numeric NOT NULL,
    upper_z numeric NOT NULL
);


ALTER TABLE xeno2.maps OWNER TO poppi;

--
-- Name: pouch_captions; Type: TABLE; Schema: xeno2; Owner: poppi
--

CREATE TABLE xeno2.pouch_captions (
    id smallint NOT NULL,
    caption text NOT NULL
);


ALTER TABLE xeno2.pouch_captions OWNER TO poppi;

--
-- Name: pouch_item_effects; Type: TABLE; Schema: xeno2; Owner: poppi
--

CREATE TABLE xeno2.pouch_item_effects (
    pouch_item text NOT NULL,
    caption smallint NOT NULL,
    param numeric(4,1) NOT NULL
);


ALTER TABLE xeno2.pouch_item_effects OWNER TO poppi;

--
-- Name: pouch_items; Type: TABLE; Schema: xeno2; Owner: poppi
--

CREATE TABLE xeno2.pouch_items (
    id integer NOT NULL,
    name text NOT NULL,
    category text NOT NULL,
    sell_price integer NOT NULL,
    rarity text NOT NULL,
    location text NOT NULL,
    max_carry smallint NOT NULL,
    "time" smallint NOT NULL,
    trust smallint NOT NULL
);


ALTER TABLE xeno2.pouch_items OWNER TO poppi;

--
-- Name: skills; Type: TABLE; Schema: xeno2; Owner: poppi
--

CREATE TABLE xeno2.skills (
    name text NOT NULL,
    driver text NOT NULL,
    caption smallint NOT NULL,
    chart text NOT NULL,
    sp smallint NOT NULL
);


ALTER TABLE xeno2.skills OWNER TO poppi;

--
-- Name: special_damage_ratios; Type: TABLE; Schema: xeno2; Owner: poppi
--

CREATE TABLE xeno2.special_damage_ratios (
    special text NOT NULL,
    level smallint NOT NULL,
    damage_ratio smallint NOT NULL
);


ALTER TABLE xeno2.special_damage_ratios OWNER TO poppi;

--
-- Name: special_enhance; Type: TABLE; Schema: xeno2; Owner: poppi
--

CREATE TABLE xeno2.special_enhance (
    special text NOT NULL,
    level smallint NOT NULL,
    caption smallint
);


ALTER TABLE xeno2.special_enhance OWNER TO poppi;

--
-- Name: special_hit_frames; Type: TABLE; Schema: xeno2; Owner: poppi
--

CREATE TABLE xeno2.special_hit_frames (
    special text NOT NULL,
    hit smallint NOT NULL,
    hit_frame smallint NOT NULL
);


ALTER TABLE xeno2.special_hit_frames OWNER TO poppi;

--
-- Name: special_ratios; Type: TABLE; Schema: xeno2; Owner: poppi
--

CREATE TABLE xeno2.special_ratios (
    special text NOT NULL,
    hit smallint NOT NULL,
    ratio smallint NOT NULL
);


ALTER TABLE xeno2.special_ratios OWNER TO poppi;

--
-- Name: special_reactions; Type: TABLE; Schema: xeno2; Owner: poppi
--

CREATE TABLE xeno2.special_reactions (
    special text NOT NULL,
    hit smallint NOT NULL,
    reaction text NOT NULL
);


ALTER TABLE xeno2.special_reactions OWNER TO poppi;

--
-- Name: specials; Type: TABLE; Schema: xeno2; Owner: poppi
--

CREATE TABLE xeno2.specials (
    name text NOT NULL,
    level smallint NOT NULL,
    type text NOT NULL,
    range text NOT NULL,
    caption text NOT NULL,
    distance smallint NOT NULL,
    radius smallint NOT NULL,
    hate smallint NOT NULL,
    accuracy_mod smallint NOT NULL,
    crit_mod smallint NOT NULL
);


ALTER TABLE xeno2.specials OWNER TO poppi;

--
-- Name: weapon_filenames; Type: TABLE; Schema: xeno2; Owner: poppi
--

CREATE TABLE xeno2.weapon_filenames (
    id smallint NOT NULL,
    filename text
);


ALTER TABLE xeno2.weapon_filenames OWNER TO poppi;

--
-- Name: weapons; Type: TABLE; Schema: xeno2; Owner: poppi
--

CREATE TABLE xeno2.weapons (
    name text NOT NULL,
    type text NOT NULL,
    rank smallint NOT NULL,
    damage smallint NOT NULL,
    stability smallint NOT NULL,
    crit_rate smallint NOT NULL,
    block_rate smallint NOT NULL,
    caption smallint,
    filename smallint
);


ALTER TABLE xeno2.weapons OWNER TO poppi;

--
-- Name: augment_create; Type: VIEW; Schema: xenox; Owner: poppi
--

CREATE VIEW xenox.augment_create AS
 WITH augments AS (
         SELECT aug_names.name,
            augments."materialST",
            augments."mctST"
           FROM (xbx.btl_itemskill_inner augments
             JOIN xbx.battleskill_ms aug_names ON ((aug_names.row_id = augments."Name")))
        UNION ALL
         SELECT aug_names.name,
            augments."materialST",
            augments."mctST"
           FROM (xbx.btl_itemskill_doll augments
             JOIN xbx.battleskill_dl_ms aug_names ON ((aug_names.row_id = augments."Name")))
        ), create_mats AS (
         SELECT augments.name,
            a.item,
            a.amount,
            a.nr
           FROM (augments
             JOIN LATERAL UNNEST(augments."materialST", augments."mctST") WITH ORDINALITY a(item, amount, nr) ON (true))
        )
 SELECT create_mats.name,
    COALESCE(item_names.name, rare_item_names.name) AS material,
    create_mats.amount
   FROM ((((create_mats
     LEFT JOIN xbx.itm_materiallist items ON (((create_mats.item = items.row_id) AND (create_mats.nr = ANY (ARRAY[(1)::bigint, (2)::bigint, (3)::bigint])))))
     LEFT JOIN xbx.itm_materiallist_ms item_names ON ((items."Name" = item_names.row_id)))
     LEFT JOIN xbx.itm_rarersclist rare_items ON (((create_mats.item = rare_items.row_id) AND (create_mats.nr = 4))))
     LEFT JOIN xbx.itm_rarersclist_ms rare_item_names ON ((rare_items."Name" = rare_item_names.row_id)))
  WHERE (create_mats.item <> 0);


ALTER TABLE xenox.augment_create OWNER TO poppi;

--
-- Name: augment_upgrade; Type: VIEW; Schema: xenox; Owner: poppi
--

CREATE VIEW xenox.augment_upgrade AS
 WITH augments AS (
         SELECT aug_names.name,
            augments."materialMA",
            augments."mctMA"
           FROM (xbx.btl_itemskill_inner augments
             JOIN xbx.battleskill_ms aug_names ON ((aug_names.row_id = augments."Name")))
        UNION ALL
         SELECT aug_names.name,
            augments."materialMA",
            augments."mctMA"
           FROM (xbx.btl_itemskill_doll augments
             JOIN xbx.battleskill_dl_ms aug_names ON ((aug_names.row_id = augments."Name")))
        ), upgrade_mats AS (
         SELECT augments.name,
            unnest(augments."materialMA") AS item,
            unnest(augments."mctMA") AS amount
           FROM augments
        )
 SELECT upgrade_mats.name,
    item_names.name AS material,
    upgrade_mats.amount
   FROM ((upgrade_mats
     JOIN xbx.itm_materiallist items ON ((upgrade_mats.item = items.row_id)))
     LEFT JOIN xbx.itm_materiallist_ms item_names ON ((items."Name" = item_names.row_id)));


ALTER TABLE xenox.augment_upgrade OWNER TO poppi;

--
-- Name: augments; Type: VIEW; Schema: xenox; Owner: poppi
--

CREATE VIEW xenox.augments AS
 WITH augments AS (
         SELECT btl_itemskill_inner.row_id AS id,
            aug_names.name,
            btl_itemskill_inner."enhanceID",
            btl_itemskill_inner."Rare",
            btl_itemskill_inner."Price",
            btl_itemskill_inner.miraniumu
           FROM (xbx.btl_itemskill_inner
             JOIN xbx.battleskill_ms aug_names ON ((btl_itemskill_inner."Name" = aug_names.row_id)))
        UNION ALL
         SELECT (btl_itemskill_doll.row_id + 3667) AS id,
            aug_names.name,
            btl_itemskill_doll."enhanceID",
            btl_itemskill_doll."Rare",
            btl_itemskill_doll."Price",
            btl_itemskill_doll.miraniumu
           FROM (xbx.btl_itemskill_doll
             JOIN xbx.battleskill_dl_ms aug_names ON ((btl_itemskill_doll."Name" = aug_names.row_id)))
        )
 SELECT augments.id,
    augments.name,
    xenox.format_caption(captions.name, enhance.ratio, enhance.param1, enhance.param2) AS effect,
    augments."Price" AS sell_price,
        CASE
            WHEN (augments."Rare" = 1) THEN 'Common'::text
            WHEN (augments."Rare" = 2) THEN 'Rare'::text
            WHEN (augments."Rare" = 3) THEN 'Unique'::text
            WHEN (augments."Rare" = 4) THEN 'Prime'::text
            WHEN (augments."Rare" = 5) THEN 'Intergalactic'::text
            ELSE NULL::text
        END AS rarity,
    augments.miraniumu AS miranium
   FROM ((augments
     JOIN xbx.btl_enhance enhance ON ((augments."enhanceID" = enhance.row_id)))
     JOIN xbx.btl_enhance_ms captions ON ((enhance.caption = captions.row_id)));


ALTER TABLE xenox.augments OWNER TO poppi;

--
-- Name: class_arts; Type: TABLE; Schema: xenox; Owner: poppi
--

CREATE TABLE xenox.class_arts (
    class text NOT NULL,
    art text NOT NULL,
    level smallint NOT NULL
);


ALTER TABLE xenox.class_arts OWNER TO poppi;

--
-- Name: class_promotions; Type: TABLE; Schema: xenox; Owner: poppi
--

CREATE TABLE xenox.class_promotions (
    class text NOT NULL,
    promotion text NOT NULL
);


ALTER TABLE xenox.class_promotions OWNER TO poppi;

--
-- Name: class_skills; Type: TABLE; Schema: xenox; Owner: poppi
--

CREATE TABLE xenox.class_skills (
    class text NOT NULL,
    skill text NOT NULL,
    level smallint NOT NULL
);


ALTER TABLE xenox.class_skills OWNER TO poppi;

--
-- Name: class_stats; Type: VIEW; Schema: xenox; Owner: poppi
--

CREATE VIEW xenox.class_stats AS
 SELECT DISTINCT COALESCE(class_names.name, party_member_names.name) AS class,
    class_info."HpMaxCoe" AS hp,
    class_info."DexFightCoe" AS macc,
    class_info."DexShootCoe" AS racc,
    class_info."DodgeCoe" AS eva,
    class_info."PowFightCoe" AS matk,
    class_info."PowShootCoe" AS ratk,
    class_info."PowMindCoe" AS pot
   FROM (((xbx.chr_classinfo class_info
     LEFT JOIN xbx.chr_classlist_ms class_names ON (((class_info.row_id <= 16) AND (class_info."Name" = class_names.row_id))))
     LEFT JOIN xbx.def_pclist party_members ON (((class_info.row_id >= 17) AND (party_members."ClassType" = class_info.row_id))))
     LEFT JOIN xbx.def_pclist_ms party_member_names ON ((party_members."Name" = party_member_names.row_id)));


ALTER TABLE xenox.class_stats OWNER TO poppi;

--
-- Name: classes; Type: TABLE; Schema: xenox; Owner: poppi
--

CREATE TABLE xenox.classes (
    name text NOT NULL,
    melee_weapon text,
    ranged_weapon text,
    skill_slots smallint,
    max_level smallint
);


ALTER TABLE xenox.classes OWNER TO poppi;

--
-- Name: items; Type: TABLE; Schema: xenox; Owner: poppi
--

CREATE TABLE xenox.items (
    name text NOT NULL,
    tickets smallint
);


ALTER TABLE xenox.items OWNER TO poppi;

--
-- Name: skills; Type: TABLE; Schema: xenox; Owner: poppi
--

CREATE TABLE xenox.skills (
    name text NOT NULL,
    effect text
);


ALTER TABLE xenox.skills OWNER TO poppi;

--
-- Name: soul_voices; Type: VIEW; Schema: xenox; Owner: poppi
--

CREATE VIEW xenox.soul_voices AS
 SELECT voice_names.name,
    voice_captions.name AS trigger,
    (soul_data."DispTime" / 30) AS uptime,
    (soul_data."CoolTime" / 30) AS cooldown,
    soul_data."Ratio" AS trigger_chance,
    soul_voices."Priority" AS priority
   FROM (((xbx.btl_soultrigger soul_voices
     JOIN xbx.btl_soulvoicesystem voice_names ON ((soul_voices."Name" = voice_names.row_id)))
     JOIN xbx.btl_soulvoicesystem voice_captions ON ((soul_voices."Caption" = voice_captions.row_id)))
     JOIN xbx.btl_souldata soul_data ON ((soul_voices."Voice1" = soul_data.row_id)));


ALTER TABLE xenox.soul_voices OWNER TO poppi;

--
-- Data for Name: accessories; Type: TABLE DATA; Schema: xeno2; Owner: poppi
--

COPY xeno2.accessories (name, rarity, price, caption) FROM stdin;
Abyss Vest	Rare	5000	680
Gear Vest	Common	5000	668
Jade Vest	Common	9600	671
Titanium Vest	Common	16200	674
Steam Belt	Common	5000	681
Silver Belt	Common	9600	684
Ceramic Belt	Common	16200	687
Bolt Hat	Common	5600	693
Pearl Hat	Common	9600	696
Fiber Hat	Common	16200	699
Rainbow Gloves	Common	7900	705
Hero Gloves	Common	13600	708
Carbon Gloves	Common	16200	711
Shell Shoes	Common	7900	717
Assassin Shoes	Common	13600	720
Ester Shoes	Common	16200	723
Nacre Choker	Common	5100	729
Goddess Choker	Common	9800	732
Comet Choker	Common	11700	735
Rigid Vest	Common	700	741
Infantry Vest	Common	2000	744
Muscle Belt	Common	700	747
Champion Belt	Common	2000	750
Fluffy Hat	Common	700	753
Fabulous Hat	Common	3200	756
Leather Gloves	Common	1400	759
Smithy Gloves	Common	4000	762
Wolf Shoes	Common	1400	765
Spring Shoes	Common	4000	768
Bunnit Choker	Common	1300	771
Gold Gear Choker	Common	3600	774
Garnet	Common	9400	777
Sapphire	Common	16300	780
Diamond	Common	19500	783
Classic Medal	Common	3600	789
Modern Medal	Common	6600	792
Avant-Garde Medal	Common	9500	795
Iron Headband	Common	3200	798
Ice Headband	Common	6200	801
Optical Headband	Common	10400	804
Moon Cube	Common	8500	810
Star Cube	Common	16300	813
Galaxy Cube	Common	19500	816
Mechanized Greaves	Common	4000	822
Crystal Greaves	Common	7700	825
Graphite Greaves	Common	11900	828
Swordfighting Banner	Common	4500	834
Goddess Banner	Common	7700	837
Ancient Banner	Common	11900	840
Spiked Pauldrons	Common	5000	846
Hero Pauldrons	Common	8700	849
Jet Pauldrons	Common	10400	852
Apprentice Vambraces	Common	4900	858
Boxer Vambraces	Common	11900	861
Hero Vambraces	Common	14300	864
Dark Orb	Common	3500	870
Eraser Orb	Common	9100	873
Bloody Orb	Common	13100	876
Chrome Scarf	Common	4500	882
Unicorn Scarf	Common	8200	885
Quantum Scarf	Common	11900	888
White Belt	Common	7100	894
Black Belt	Common	13600	897
Platinum Belt	Common	16200	900
Soldier Ring	Common	6700	906
Berserk Ring	Common	12400	909
Tyrant Ring	Common	17800	912
Attack Stone	Common	900	918
Assault Stone	Common	5400	921
Break Stone	Common	13000	924
World Tree Drop	Common	19500	930
Male Loincloth	Common	10900	933
Charming Swimsuit	Common	16300	933
Alpha Scope	Common	7900	939
Gamma Scope	Common	16500	942
Beast Hood	Common	2100	945
Camo Hood	Common	6700	948
Skeleton Hood	Common	12400	951
Nopon Mask	Common	2800	957
Metal Nopon Mask	Common	9000	960
Gold Nopon Mask	Common	16500	963
Colorful Feather	Common	1600	969
Silver Feather	Common	5000	972
Phantom Feather	Common	8700	975
Grandarbor Ward	Common	1200	981
Spirit Tree Ward	Common	4700	984
World Tree Ward	Common	8900	987
Friendship Ring	Common	600	990
Affection Ring	Common	1500	993
Promise Ring	Common	4700	996
Harvest Necklace	Common	3800	999
Affection Necklace	Common	9900	1002
Holy Necklace	Common	15600	1005
Shell Cameo	Common	1100	1011
Chivalric Medal	Common	6200	1017
Military Medal	Common	11900	1020
Round Table Medal	Common	14300	1023
Gauntlet	Common	6200	1029
Bio Gauntlet	Common	11900	1032
Nano-Metal Gauntlet	Common	14300	1035
Eyepatch	Common	3200	1041
Leader's Eyepatch	Common	8200	1044
Hi-Tech Eyepatch	Common	13000	1047
Revival Pod	Legendary	29700	1053
0-Battle Course	Common	39700	1054
0-Battle Course+	Common	23800	1057
Alphabet Course	Common	63000	1060
Alphabet Course+	Common	26000	1063
Silver Earrings	Common	4500	1066
Crystal Earrings	Common	10900	1069
Omega Drive	Common	19500	1072
Sigma Drive	Common	23800	1075
Burst Symbol	Common	10300	1078
Critical Symbol	Common	14800	1081
Recovery Symbol	Common	8700	1084
Resurrection Symbol	Legendary	11900	1087
Infinity Symbol	Common	16500	1088
Auto-Balancer	Legendary	26000	1091
Sword Attachment	Common	10700	1092
Scimitar Attachment	Common	10700	1095
Ring Attachment	Common	6900	1098
Shield Attachment	Common	9800	1101
Arms Attachment	Common	9800	1104
Saber Attachment	Common	9800	1107
Whip Attachment	Common	6900	1110
Edge Attachment	Common	6900	1113
Scythe Attachment	Common	10700	1116
Axe Attachment	Common	1200	1119
Lance Attachment	Common	1200	1122
Cannon Attachment	Common	1800	1125
Hammer Attachment	Common	2900	1128
Katana Attachment	Common	3600	1131
Ball Attachment	Common	3600	1134
Knuckle Attachment	Common	5700	1137
Master Attachment	Common	26000	1140
Memory Locket	Legendary	1300	1143
Cheer Treat	Common	6600	1144
Red Thread	Common	1100	1147
Love Thread	Common	5000	1150
Passion Thread	Common	9500	1153
Activity Amulet	Common	2900	1156
Healing Amulet	Common	6900	1159
Rebirth Amulet	Common	10700	1162
Beta Scope	Common	23800	1165
Rush Hour	Common	1400	1171
Appealing Lamp	Common	3200	1174
Overclocking Bangle	Common	5700	1177
Mint Potpourri	Common	3200	1180
Lavender Potpourri	Common	5700	1183
Priestess's Auspices	Common	3200	1186
Sage's Auspices	Common	5700	1189
Incense of Calm	Common	5700	1193
Incense of Insight	Common	10900	1196
Gear Vest	Rare	5000	669
Jade Vest	Rare	9600	672
Titanium Vest	Rare	16200	675
Steam Belt	Rare	5000	682
Silver Belt	Rare	9600	685
Ceramic Belt	Rare	16200	688
Bolt Hat	Rare	5600	694
Pearl Hat	Rare	9600	697
Fiber Hat	Rare	16200	700
Rainbow Gloves	Rare	7900	706
Hero Gloves	Rare	13600	709
Carbon Gloves	Rare	16200	712
Shell Shoes	Rare	7900	718
Assassin Shoes	Rare	13600	721
Ester Shoes	Rare	16200	724
Nacre Choker	Rare	5100	730
Goddess Choker	Rare	9800	733
Comet Choker	Rare	11700	736
Rigid Vest	Rare	700	742
Infantry Vest	Rare	2000	745
Muscle Belt	Rare	700	748
Champion Belt	Rare	2000	751
Fluffy Hat	Rare	700	754
Fabulous Hat	Rare	3200	757
Leather Gloves	Rare	1400	760
Smithy Gloves	Rare	4000	763
Wolf Shoes	Rare	1400	766
Spring Shoes	Rare	4000	769
Bunnit Choker	Rare	1300	772
Gold Gear Choker	Rare	3600	775
Garnet	Rare	9400	778
Sapphire	Rare	16300	781
Diamond	Rare	19500	784
Classic Medal	Rare	3600	790
Modern Medal	Rare	6600	793
Avant-Garde Medal	Rare	9500	796
Iron Headband	Rare	3200	799
Ice Headband	Rare	6200	802
Optical Headband	Rare	10400	805
Moon Cube	Rare	8500	811
Star Cube	Rare	16300	814
Galaxy Cube	Rare	19500	817
Mechanized Greaves	Rare	4000	823
Crystal Greaves	Rare	7700	826
Graphite Greaves	Rare	11900	829
Swordfighting Banner	Rare	4500	835
Goddess Banner	Rare	7700	838
Ancient Banner	Rare	11900	841
Spiked Pauldrons	Rare	5000	847
Hero Pauldrons	Rare	8700	850
Jet Pauldrons	Rare	10400	853
Apprentice Vambraces	Rare	4900	859
Boxer Vambraces	Rare	11900	862
Hero Vambraces	Rare	14300	865
Dark Orb	Rare	3500	871
Eraser Orb	Rare	9100	874
Bloody Orb	Rare	13100	877
Chrome Scarf	Rare	4500	883
Unicorn Scarf	Rare	8200	886
Quantum Scarf	Rare	11900	889
White Belt	Rare	7100	895
Black Belt	Rare	13600	898
Platinum Belt	Rare	16200	901
Soldier Ring	Rare	6700	907
Berserk Ring	Rare	12400	910
Tyrant Ring	Rare	17800	913
Attack Stone	Rare	900	919
Assault Stone	Rare	5400	922
Break Stone	Rare	13000	925
World Tree Drop	Rare	19500	931
Male Loincloth	Rare	10900	934
Charming Swimsuit	Rare	16300	934
Alpha Scope	Rare	7900	940
Gamma Scope	Rare	16500	943
Beast Hood	Rare	2100	946
Camo Hood	Rare	6700	949
Skeleton Hood	Rare	12400	952
Nopon Mask	Rare	2800	958
Metal Nopon Mask	Rare	9000	961
Gold Nopon Mask	Rare	16500	964
Colorful Feather	Rare	1600	970
Silver Feather	Rare	5000	973
Phantom Feather	Rare	8700	976
Grandarbor Ward	Rare	1200	982
Spirit Tree Ward	Rare	4700	985
World Tree Ward	Rare	8900	988
Friendship Ring	Rare	600	991
Affection Ring	Rare	1500	994
Promise Ring	Rare	4700	997
Harvest Necklace	Rare	3800	1000
Affection Necklace	Rare	9900	1003
Holy Necklace	Rare	15600	1006
Shell Cameo	Rare	1100	1012
Chivalric Medal	Rare	6200	1018
Military Medal	Rare	11900	1021
Round Table Medal	Rare	14300	1024
Gauntlet	Rare	6200	1030
Bio Gauntlet	Rare	11900	1033
Nano-Metal Gauntlet	Rare	14300	1036
Eyepatch	Rare	3200	1042
Leader's Eyepatch	Rare	8200	1045
Hi-Tech Eyepatch	Rare	13000	1048
Silver Earrings	Rare	4500	1067
Crystal Earrings	Rare	10900	1070
Omega Drive	Rare	19500	1073
Sigma Drive	Rare	23800	1076
Burst Symbol	Rare	10300	1079
Critical Symbol	Rare	14800	1082
Recovery Symbol	Rare	8700	1085
Infinity Symbol	Rare	16500	1089
Sword Attachment	Rare	10700	1093
Scimitar Attachment	Rare	10700	1096
Ring Attachment	Rare	6900	1099
Shield Attachment	Rare	9800	1102
Arms Attachment	Rare	9800	1105
Saber Attachment	Rare	9800	1108
Whip Attachment	Rare	6900	1111
Edge Attachment	Rare	6900	1114
Scythe Attachment	Rare	10700	1117
Axe Attachment	Rare	1200	1120
Lance Attachment	Rare	1200	1123
Cannon Attachment	Rare	1800	1126
Hammer Attachment	Rare	2900	1129
Katana Attachment	Rare	3600	1132
Ball Attachment	Rare	3600	1135
Knuckle Attachment	Rare	5700	1138
Master Attachment	Rare	26000	1141
Cheer Treat	Rare	6600	1145
Red Thread	Rare	1100	1148
Love Thread	Rare	5000	1151
Passion Thread	Rare	9500	1154
Activity Amulet	Rare	2900	1157
Healing Amulet	Rare	6900	1160
Rebirth Amulet	Rare	10700	1163
Beta Scope	Rare	23800	1166
Rush Hour	Rare	1400	1172
Appealing Lamp	Rare	3200	1175
Overclocking Bangle	Rare	5700	1178
Mint Potpourri	Rare	3200	1181
Lavender Potpourri	Rare	5700	1184
Priestess's Auspices	Rare	3200	1187
Sage's Auspices	Rare	5700	1190
Incense of Calm	Rare	5700	1194
Incense of Insight	Rare	10900	1197
Gear Vest	Legendary	5000	670
Jade Vest	Legendary	9600	673
Titanium Vest	Legendary	16200	676
Steam Belt	Legendary	5000	683
Silver Belt	Legendary	9600	686
Ceramic Belt	Legendary	16200	689
Bolt Hat	Legendary	5600	695
Pearl Hat	Legendary	9600	698
Fiber Hat	Legendary	16200	701
Rainbow Gloves	Legendary	7900	707
Hero Gloves	Legendary	13600	710
Carbon Gloves	Legendary	16200	713
Shell Shoes	Legendary	7900	719
Assassin Shoes	Legendary	13600	722
Ester Shoes	Legendary	16200	725
Nacre Choker	Legendary	5100	731
Goddess Choker	Legendary	9800	734
Comet Choker	Legendary	11700	737
Rigid Vest	Legendary	700	743
Infantry Vest	Legendary	2000	746
Muscle Belt	Legendary	700	749
Champion Belt	Legendary	2000	752
Fluffy Hat	Legendary	700	755
Fabulous Hat	Legendary	3200	758
Leather Gloves	Legendary	1400	761
Smithy Gloves	Legendary	4000	764
Wolf Shoes	Legendary	1400	767
Spring Shoes	Legendary	4000	770
Bunnit Choker	Legendary	1300	773
Gold Gear Choker	Legendary	3600	776
Garnet	Legendary	9400	779
Sapphire	Legendary	16300	782
Diamond	Legendary	19500	785
Classic Medal	Legendary	3600	791
Modern Medal	Legendary	6600	794
Avant-Garde Medal	Legendary	9500	797
Iron Headband	Legendary	3200	800
Ice Headband	Legendary	6200	803
Optical Headband	Legendary	10400	806
Moon Cube	Legendary	8500	812
Star Cube	Legendary	16300	815
Galaxy Cube	Legendary	19500	818
Mechanized Greaves	Legendary	4000	824
Crystal Greaves	Legendary	7700	827
Graphite Greaves	Legendary	11900	830
Swordfighting Banner	Legendary	4500	836
Goddess Banner	Legendary	7700	839
Ancient Banner	Legendary	11900	842
Spiked Pauldrons	Legendary	5000	848
Hero Pauldrons	Legendary	8700	851
Jet Pauldrons	Legendary	10400	854
Apprentice Vambraces	Legendary	4900	860
Boxer Vambraces	Legendary	11900	863
Hero Vambraces	Legendary	14300	866
Dark Orb	Legendary	3500	872
Eraser Orb	Legendary	9100	875
Bloody Orb	Legendary	13100	878
Chrome Scarf	Legendary	4500	884
Unicorn Scarf	Legendary	8200	887
Quantum Scarf	Legendary	11900	890
White Belt	Legendary	7100	896
Black Belt	Legendary	13600	899
Platinum Belt	Legendary	16200	902
Soldier Ring	Legendary	6700	908
Berserk Ring	Legendary	12400	911
Tyrant Ring	Legendary	17800	914
Attack Stone	Legendary	900	920
Assault Stone	Legendary	5400	923
Break Stone	Legendary	13000	926
World Tree Drop	Legendary	19500	932
Male Loincloth	Legendary	10900	935
Charming Swimsuit	Legendary	16300	935
Alpha Scope	Legendary	7900	941
Gamma Scope	Legendary	16500	944
Beast Hood	Legendary	2100	947
Camo Hood	Legendary	6700	950
Skeleton Hood	Legendary	12400	953
Nopon Mask	Legendary	2800	959
Metal Nopon Mask	Legendary	9000	962
Gold Nopon Mask	Legendary	16500	965
Colorful Feather	Legendary	1600	971
Silver Feather	Legendary	5000	974
Phantom Feather	Legendary	8700	977
Grandarbor Ward	Legendary	1200	983
Spirit Tree Ward	Legendary	4700	986
World Tree Ward	Legendary	8900	989
Friendship Ring	Legendary	600	992
Affection Ring	Legendary	1500	995
Promise Ring	Legendary	4700	998
Harvest Necklace	Legendary	3800	1001
Affection Necklace	Legendary	9900	1004
Holy Necklace	Legendary	15600	1007
Shell Cameo	Legendary	1100	1013
Chivalric Medal	Legendary	6200	1019
Military Medal	Legendary	11900	1022
Round Table Medal	Legendary	14300	1025
Gauntlet	Legendary	6200	1031
Bio Gauntlet	Legendary	11900	1034
Nano-Metal Gauntlet	Legendary	14300	1037
Eyepatch	Legendary	3200	1043
Leader's Eyepatch	Legendary	8200	1046
Hi-Tech Eyepatch	Legendary	13000	1049
Silver Earrings	Legendary	4500	1068
Crystal Earrings	Legendary	10900	1071
Omega Drive	Legendary	19500	1074
Sigma Drive	Legendary	23800	1077
Burst Symbol	Legendary	10300	1080
Critical Symbol	Legendary	14800	1083
Recovery Symbol	Legendary	8700	1086
Infinity Symbol	Legendary	16500	1090
Sword Attachment	Legendary	10700	1094
Scimitar Attachment	Legendary	10700	1097
Ring Attachment	Legendary	6900	1100
Shield Attachment	Legendary	9800	1103
Arms Attachment	Legendary	9800	1106
Saber Attachment	Legendary	9800	1109
Whip Attachment	Legendary	6900	1112
Edge Attachment	Legendary	6900	1115
Scythe Attachment	Legendary	10700	1118
Axe Attachment	Legendary	1200	1121
Lance Attachment	Legendary	1200	1124
Cannon Attachment	Legendary	1800	1127
Hammer Attachment	Legendary	2900	1130
Katana Attachment	Legendary	3600	1133
Ball Attachment	Legendary	3600	1136
Knuckle Attachment	Legendary	5700	1139
Master Attachment	Legendary	26000	1142
Cheer Treat	Legendary	6600	1146
Red Thread	Legendary	1100	1149
Love Thread	Legendary	5000	1152
Passion Thread	Legendary	9500	1155
Activity Amulet	Legendary	2900	1158
Healing Amulet	Legendary	6900	1161
Rebirth Amulet	Legendary	10700	1164
Beta Scope	Legendary	23800	1167
Rush Hour	Legendary	1400	1173
Appealing Lamp	Legendary	3200	1176
Overclocking Bangle	Legendary	5700	1179
Mint Potpourri	Legendary	3200	1182
Lavender Potpourri	Legendary	5700	1185
Priestess's Auspices	Legendary	3200	1188
Sage's Auspices	Legendary	5700	1191
Incense of Calm	Legendary	5700	1195
Incense of Insight	Legendary	10900	1198
Nopon Doll	Common	10900	1199
Avian Totem Carving	Legendary	1400	3602
Consul Greaves	Common	22300	1200
Consul Greaves	Rare	22300	1201
Consul Greaves	Legendary	22300	1202
Infinity Greaves	Common	31800	1203
Infinity Greaves	Rare	31800	1204
Infinity Greaves	Legendary	31800	1205
Night-vision Kit	Common	9700	1206
Night-vision Kit	Rare	9700	1207
Night-vision Kit	Legendary	9700	1208
Augmented Vision Kit	Common	13200	1209
Augmented Vision Kit	Rare	13200	1210
Augmented Vision Kit	Legendary	13200	1211
Charm Bangle	Common	15500	1212
Charm Bangle	Rare	15500	1213
Charm Bangle	Legendary	15500	1214
Belemnite Bangle	Common	26100	1215
Belemnite Bangle	Rare	26100	1216
Belemnite Bangle	Legendary	26100	1217
Seven-League Circlet	Common	17200	1218
Seven-League Circlet	Rare	17200	1219
Seven-League Circlet	Legendary	17200	1220
Fighter's Circlet	Common	25000	1221
Fighter's Circlet	Rare	25000	1222
Fighter's Circlet	Legendary	25000	1223
Ocean Earring	Common	23800	1224
Ocean Earring	Rare	23800	1225
Ocean Earring	Legendary	23800	1226
Seven-Seas Earring	Common	34700	1227
Seven-Seas Earring	Rare	34700	1228
Seven-Seas Earring	Legendary	34700	1229
Terror Masque	Common	6600	1230
Terror Masque	Rare	6600	1231
Terror Masque	Legendary	6600	1232
Abyss Masque	Common	18600	1233
Abyss Masque	Rare	18600	1234
Abyss Masque	Legendary	18600	1235
Envoy's Footgear	Common	6600	1236
Envoy's Footgear	Rare	6600	1237
Envoy's Footgear	Legendary	6600	1238
Survivor's Footgear	Common	18600	1239
Survivor's Footgear	Rare	18600	1240
Survivor's Footgear	Legendary	18600	1241
Twin Trunks Vest	Common	20300	677
Twin Trunks Vest	Rare	20300	678
Twin Trunks Vest	Legendary	20300	679
Beast-Hide Vest	Common	20300	690
Beast-Hide Vest	Rare	20300	691
Beast-Hide Vest	Legendary	20300	692
Prairie Cap	Common	20300	702
Prairie Cap	Rare	20300	703
Prairie Cap	Legendary	20300	704
Vivid Mitts	Common	20300	714
Vivid Mitts	Rare	20300	715
Vivid Mitts	Legendary	20300	716
Dauntless Boots	Common	20300	726
Dauntless Boots	Rare	20300	727
Dauntless Boots	Legendary	20300	728
Sunlight Choker	Common	14600	738
Sunlight Choker	Rare	14600	739
Sunlight Choker	Legendary	14600	740
Alexandrite	Common	24400	786
Alexandrite	Rare	24400	787
Alexandrite	Legendary	24400	788
Crimson Headband	Common	13000	807
Crimson Headband	Rare	13000	808
Crimson Headband	Legendary	13000	809
Black Cube	Common	24400	819
Black Cube	Rare	24400	820
Black Cube	Legendary	24400	821
Staunch Boots	Common	14900	831
Staunch Boots	Rare	14900	832
Staunch Boots	Legendary	14900	833
War God Banner	Common	14900	843
War God Banner	Rare	14900	844
War God Banner	Legendary	14900	845
Consul Pauldrons	Common	13000	855
Consul Pauldrons	Rare	13000	856
Consul Pauldrons	Legendary	13000	857
Divine Vambraces	Common	17900	867
Divine Vambraces	Rare	17900	868
Divine Vambraces	Legendary	17900	869
Demon Orb	Common	16400	879
Demon Orb	Rare	16400	880
Demon Orb	Legendary	16400	881
Tachyon Scarf	Common	14900	891
Tachyon Scarf	Rare	14900	892
Tachyon Scarf	Legendary	14900	893
Rainbow Belt	Common	20300	903
Rainbow Belt	Rare	20300	904
Rainbow Belt	Legendary	20300	905
Goliath Ring	Common	22300	915
Goliath Ring	Rare	22300	916
Goliath Ring	Legendary	22300	917
Violent Stone	Common	16300	927
Violent Stone	Rare	16300	928
Violent Stone	Legendary	16300	929
Enlightened Loincloth	Common	20400	936
Enlightened Loincloth	Rare	20400	937
Enlightened Loincloth	Legendary	20400	938
Glamorous Swimsuit	Common	20400	936
Glamorous Swimsuit	Rare	20400	937
Glamorous Swimsuit	Legendary	20400	938
Vanish Hood	Common	15500	954
Vanish Hood	Rare	15500	955
Vanish Hood	Legendary	15500	956
Platinum Nopon Mask	Common	20600	966
Platinum Nopon Mask	Rare	20600	967
Platinum Nopon Mask	Legendary	20600	968
Gargantuan Feather	Common	10900	978
Gargantuan Feather	Rare	10900	979
Gargantuan Feather	Legendary	10900	980
Saint's Necklace	Common	19500	1008
Saint's Necklace	Rare	19500	1009
Saint's Necklace	Legendary	19500	1010
Marble Cameo	Common	7600	1014
Marble Cameo	Rare	7600	1015
Marble Cameo	Legendary	7600	1016
Beatific Medal	Common	17900	1026
Beatific Medal	Rare	17900	1027
Beatific Medal	Legendary	17900	1028
Carbon Gauntlet	Common	17900	1038
Carbon Gauntlet	Rare	17900	1039
Carbon Gauntlet	Legendary	17900	1040
Noise Dampener	Common	16300	1050
Noise Dampener	Rare	16300	1051
Noise Dampener	Legendary	16300	1052
Master Scope	Common	29800	1168
Master Scope	Rare	29800	1169
Master Scope	Legendary	29800	1170
Prototype Suit Rex	Legendary	1000	818
Candy Stripe Nia	Legendary	1000	1007
Buster-Mode Tora	Legendary	1000	785
Dress Uniform Mrag	Legendary	1000	713
Embercake Zeke	Legendary	1000	806
Cloud Sea King Rex	Legendary	1000	818
Blood Witch Nia	Legendary	1000	1007
Scarlet Inquisitor Mrag	Legendary	1000	713
Cloud Sea Shark Rex	Legendary	10000	1242
Fancy Sundress Nia	Legendary	10000	1242
Best Girl Fan Tora	Legendary	10000	1242
Obligatory Leave Mrag	Legendary	10000	1242
Surfinator Zeke	Legendary	10000	1242
Skullface Punk Tora	Legendary	1000	785
Shining Justice Zeke	Legendary	1000	806
\.


--
-- Data for Name: art_enhance; Type: TABLE DATA; Schema: xeno2; Owner: poppi
--

COPY xeno2.art_enhance (art, level, caption) FROM stdin;
Sword Bash	1	2760
Sword Bash	2	2761
Sword Bash	3	2762
Sword Bash	4	2763
Sword Bash	5	2764
Sword Bash	6	2764
Double Spinning Edge	1	2745
Double Spinning Edge	2	2746
Double Spinning Edge	3	2747
Double Spinning Edge	4	2748
Double Spinning Edge	5	2749
Double Spinning Edge	6	2749
Anchor Shot	1	2815
Anchor Shot	2	2816
Anchor Shot	3	2817
Anchor Shot	4	2818
Anchor Shot	5	2819
Anchor Shot	6	2819
Rolling Smash	1	2830
Rolling Smash	2	2831
Rolling Smash	3	2832
Rolling Smash	4	2833
Rolling Smash	5	2834
Rolling Smash	6	2834
Saber Slash	1	2815
Saber Slash	2	2816
Saber Slash	3	2817
Saber Slash	4	2818
Saber Slash	5	2819
Saber Slash	6	2819
Water Flower	1	2861
Water Flower	2	2862
Water Flower	3	2863
Water Flower	4	2864
Water Flower	5	2865
Water Flower	6	2865
Wide Slash	1	2745
Wide Slash	2	2746
Wide Slash	3	2747
Wide Slash	4	2748
Wide Slash	5	2749
Wide Slash	6	2749
Strong Saucer	1	2815
Strong Saucer	2	2816
Strong Saucer	3	2817
Strong Saucer	4	2818
Strong Saucer	5	2819
Strong Saucer	6	2819
Eightfold Edge	1	2680
Eightfold Edge	2	2681
Eightfold Edge	3	2682
Eightfold Edge	4	2683
Eightfold Edge	5	2684
Eightfold Edge	6	2684
Jaguar Slash	1	2815
Jaguar Slash	2	2816
Jaguar Slash	3	2817
Jaguar Slash	4	2818
Jaguar Slash	5	2819
Jaguar Slash	6	2819
Gemini Loop	1	2746
Gemini Loop	2	2746
Gemini Loop	3	2746
Gemini Loop	4	2746
Gemini Loop	5	2746
Gemini Loop	6	2746
Halo Strike	1	2815
Halo Strike	2	2816
Halo Strike	3	2817
Halo Strike	4	2818
Halo Strike	5	2819
Halo Strike	6	2819
Inferno Wheel	1	2680
Inferno Wheel	2	2681
Inferno Wheel	3	2682
Inferno Wheel	4	2683
Inferno Wheel	5	2684
Inferno Wheel	6	2684
Rapid Twist	1	2680
Rapid Twist	2	2681
Rapid Twist	3	2682
Rapid Twist	4	2683
Rapid Twist	5	2684
Rapid Twist	6	2684
Clear Divide	1	2815
Clear Divide	2	2816
Clear Divide	3	2817
Clear Divide	4	2818
Clear Divide	5	2819
Clear Divide	6	2819
Righteous Guillotine	1	2700
Righteous Guillotine	2	2701
Righteous Guillotine	3	2702
Righteous Guillotine	4	2703
Righteous Guillotine	5	2704
Righteous Guillotine	6	2704
Shredder Spiral	1	2755
Shredder Spiral	2	2756
Shredder Spiral	3	2757
Shredder Spiral	4	2758
Shredder Spiral	5	2759
Shredder Spiral	6	2759
Steady Drill	1	2780
Steady Drill	2	2781
Steady Drill	3	2782
Steady Drill	4	2783
Steady Drill	5	2784
Steady Drill	6	2784
Big Boost	1	2790
Big Boost	2	2791
Big Boost	3	2792
Big Boost	4	2793
Big Boost	5	2794
Big Boost	6	2794
Spinning Cutter	1	2850
Spinning Cutter	2	2851
Spinning Cutter	3	2852
Spinning Cutter	4	2853
Spinning Cutter	5	2854
Spinning Cutter	6	2854
Rigid Shield	1	2855
Rigid Shield	2	2856
Rigid Shield	3	2857
Rigid Shield	4	2858
Rigid Shield	5	2859
Rigid Shield	6	2859
Pow-Pow Cannon	1	2795
Pow-Pow Cannon	2	2796
Pow-Pow Cannon	3	2797
Pow-Pow Cannon	4	2798
Pow-Pow Cannon	5	2799
Pow-Pow Cannon	6	2799
Scattershot	1	2866
Scattershot	2	2866
Scattershot	3	2866
Scattershot	4	2866
Scattershot	5	2866
Scattershot	6	2866
Boom-Boom Laser	1	2770
Boom-Boom Laser	2	2771
Boom-Boom Laser	3	2772
Boom-Boom Laser	4	2773
Boom-Boom Laser	5	2774
Boom-Boom Laser	6	2774
Steady Beam	1	2735
Steady Beam	2	2736
Steady Beam	3	2737
Steady Beam	4	2738
Steady Beam	5	2739
Steady Beam	6	2739
Heat Rush	1	2765
Heat Rush	2	2766
Heat Rush	3	2767
Heat Rush	4	2768
Heat Rush	5	2769
Heat Rush	6	2769
Storm Spin	1	2790
Storm Spin	2	2791
Storm Spin	3	2792
Storm Spin	4	2793
Storm Spin	5	2794
Storm Spin	6	2794
Blazing Whip	1	2850
Blazing Whip	2	2851
Blazing Whip	3	2852
Blazing Whip	4	2853
Blazing Whip	5	2854
Blazing Whip	6	2854
Phantom Flame	1	2866
Phantom Flame	2	2866
Phantom Flame	3	2866
Phantom Flame	4	2866
Phantom Flame	5	2866
Phantom Flame	6	2866
Azure II: Radiance	1	2765
Azure II: Radiance	2	2766
Azure II: Radiance	3	2767
Azure II: Radiance	4	2768
Azure II: Radiance	5	2769
Azure II: Radiance	6	2769
Azure II: Blaze	1	2850
Azure II: Blaze	2	2851
Azure II: Blaze	3	2852
Azure II: Blaze	4	2853
Azure II: Blaze	5	2854
Azure II: Blaze	6	2854
Azure II: Judgment	1	2866
Azure II: Judgment	2	2866
Azure II: Judgment	3	2866
Azure II: Judgment	4	2866
Azure II: Judgment	5	2866
Azure II: Judgment	6	2866
Electro Buster	1	2770
Electro Buster	2	2771
Electro Buster	3	2772
Electro Buster	4	2773
Electro Buster	5	2774
Electro Buster	6	2774
Voltaic Slash	1	2725
Voltaic Slash	2	2726
Voltaic Slash	3	2727
Voltaic Slash	4	2728
Voltaic Slash	5	2729
Voltaic Slash	6	2729
Dynamic Spark Sword	1	2740
Dynamic Spark Sword	2	2741
Dynamic Spark Sword	3	2742
Dynamic Spark Sword	4	2743
Dynamic Spark Sword	5	2744
Dynamic Spark Sword	6	2744
Overload Thunder Beam	1	2725
Overload Thunder Beam	2	2726
Overload Thunder Beam	3	2727
Overload Thunder Beam	4	2728
Overload Thunder Beam	5	2729
Overload Thunder Beam	6	2729
ULFS Max	1	2770
ULFS Max	2	2771
ULFS Max	3	2772
ULFS Max	4	2773
ULFS Max	5	2774
ULFS Max	6	2774
Cyclone Smash	1	2790
Cyclone Smash	2	2791
Cyclone Smash	3	2792
Cyclone Smash	4	2793
Cyclone Smash	5	2794
Cyclone Smash	6	2794
Wild Scythe	1	2825
Wild Scythe	2	2826
Wild Scythe	3	2827
Wild Scythe	4	2828
Wild Scythe	5	2829
Wild Scythe	6	2829
Vortex Edge	1	2700
Vortex Edge	2	2701
Vortex Edge	3	2702
Vortex Edge	4	2703
Vortex Edge	5	2704
Vortex Edge	6	2704
Muscle Slash	1	2790
Muscle Slash	2	2791
Muscle Slash	3	2792
Muscle Slash	4	2793
Muscle Slash	5	2794
Muscle Slash	6	2794
Fast Twitch	1	2825
Fast Twitch	2	2826
Fast Twitch	3	2827
Fast Twitch	4	2828
Fast Twitch	5	2829
Fast Twitch	6	2829
Mega Muscle	1	2700
Mega Muscle	2	2701
Mega Muscle	3	2702
Mega Muscle	4	2703
Mega Muscle	5	2704
Mega Muscle	6	2704
Strong Smash	1	2770
Strong Smash	2	2771
Strong Smash	3	2772
Strong Smash	4	2773
Strong Smash	5	2774
Strong Smash	6	2774
Axe Twist	1	2705
Axe Twist	2	2706
Axe Twist	3	2707
Axe Twist	4	2708
Axe Twist	5	2709
Axe Twist	6	2709
Bold Tackle	1	2840
Bold Tackle	2	2841
Bold Tackle	3	2842
Bold Tackle	4	2843
Bold Tackle	5	2844
Bold Tackle	6	2844
Rhino Assault	1	2840
Rhino Assault	2	2841
Rhino Assault	3	2842
Rhino Assault	4	2843
Rhino Assault	5	2844
Rhino Assault	6	2844
Bear Smash	1	2765
Bear Smash	2	2766
Bear Smash	3	2767
Bear Smash	4	2768
Bear Smash	5	2769
Bear Smash	6	2769
Shadow Slice	1	2705
Shadow Slice	2	2706
Shadow Slice	3	2707
Shadow Slice	4	2708
Shadow Slice	5	2709
Shadow Slice	6	2709
Rock Cleaver	1	2705
Rock Cleaver	2	2706
Rock Cleaver	3	2707
Rock Cleaver	4	2708
Rock Cleaver	5	2709
Rock Cleaver	6	2709
Admiral Waltz	1	2840
Admiral Waltz	2	2841
Admiral Waltz	3	2842
Admiral Waltz	4	2843
Admiral Waltz	5	2844
Admiral Waltz	6	2844
Rising Dragon	1	2775
Rising Dragon	2	2776
Rising Dragon	3	2777
Rising Dragon	4	2778
Rising Dragon	5	2779
Rising Dragon	6	2779
Raging Charge	1	2765
Raging Charge	2	2766
Raging Charge	3	2767
Raging Charge	4	2768
Raging Charge	5	2769
Raging Charge	6	2769
Berserker Slash	1	2840
Berserker Slash	2	2841
Berserker Slash	3	2842
Berserker Slash	4	2843
Berserker Slash	5	2844
Berserker Slash	6	2844
Strong Horn	1	2800
Strong Horn	2	2801
Strong Horn	3	2802
Strong Horn	4	2803
Strong Horn	5	2804
Strong Horn	6	2804
Power Spike	1	2745
Power Spike	2	2746
Power Spike	3	2747
Power Spike	4	2748
Power Spike	5	2749
Power Spike	6	2749
Heavy Hitter	1	2830
Heavy Hitter	2	2831
Heavy Hitter	3	2832
Heavy Hitter	4	2833
Heavy Hitter	5	2834
Heavy Hitter	6	2834
Feral Spin	1	2685
Feral Spin	2	2686
Feral Spin	3	2687
Feral Spin	4	2688
Feral Spin	5	2689
Feral Spin	6	2689
Vulture Peck	1	2800
Vulture Peck	2	2801
Vulture Peck	3	2802
Vulture Peck	4	2803
Vulture Peck	5	2804
Vulture Peck	6	2804
Gyro Break	1	2685
Gyro Break	2	2686
Gyro Break	3	2687
Gyro Break	4	2688
Gyro Break	5	2689
Gyro Break	6	2689
Raptor Raid	1	2760
Raptor Raid	2	2761
Raptor Raid	3	2762
Raptor Raid	4	2763
Raptor Raid	5	2764
Raptor Raid	6	2764
Discus Glaive	1	2830
Discus Glaive	2	2831
Discus Glaive	3	2832
Discus Glaive	4	2833
Discus Glaive	5	2834
Discus Glaive	6	2834
Spiral Uppercut	1	2760
Spiral Uppercut	2	2761
Spiral Uppercut	3	2762
Spiral Uppercut	4	2763
Spiral Uppercut	5	2764
Spiral Uppercut	6	2764
Twin Dragons	1	2800
Twin Dragons	2	2801
Twin Dragons	3	2802
Twin Dragons	4	2803
Twin Dragons	5	2804
Twin Dragons	6	2804
Windmill	1	2830
Windmill	2	2831
Windmill	3	2832
Windmill	4	2833
Windmill	5	2834
Windmill	6	2834
Brutal Swing	1	2750
Brutal Swing	2	2751
Brutal Swing	3	2752
Brutal Swing	4	2753
Brutal Swing	5	2754
Brutal Swing	6	2754
Meteor Lance	1	2760
Meteor Lance	2	2761
Meteor Lance	3	2762
Meteor Lance	4	2763
Meteor Lance	5	2764
Meteor Lance	6	2764
Supersonic Spin	1	2830
Supersonic Spin	2	2831
Supersonic Spin	3	2832
Supersonic Spin	4	2833
Supersonic Spin	5	2834
Supersonic Spin	6	2834
Daring Shot	1	2805
Daring Shot	2	2806
Daring Shot	3	2807
Daring Shot	4	2808
Daring Shot	5	2809
Daring Shot	6	2809
Armor Crusher	1	2861
Armor Crusher	2	2862
Armor Crusher	3	2863
Armor Crusher	4	2864
Armor Crusher	5	2865
Armor Crusher	6	2865
Wild Volley	1	2810
Wild Volley	2	2811
Wild Volley	3	2812
Wild Volley	4	2813
Wild Volley	5	2814
Wild Volley	6	2814
Breach Shot	1	2810
Breach Shot	2	2811
Breach Shot	3	2812
Breach Shot	4	2813
Breach Shot	5	2814
Breach Shot	6	2814
Leopard Blow	1	2861
Leopard Blow	2	2862
Leopard Blow	3	2863
Leopard Blow	4	2864
Leopard Blow	5	2865
Leopard Blow	6	2865
Cattle Driver	1	2780
Cattle Driver	2	2781
Cattle Driver	3	2782
Cattle Driver	4	2783
Cattle Driver	5	2784
Cattle Driver	6	2784
Pulse Fire	1	2805
Pulse Fire	2	2806
Pulse Fire	3	2807
Pulse Fire	4	2808
Pulse Fire	5	2809
Pulse Fire	6	2809
Ogre Slam	1	2861
Ogre Slam	2	2862
Ogre Slam	3	2863
Ogre Slam	4	2864
Ogre Slam	5	2865
Ogre Slam	6	2865
Woodcutter	1	2805
Woodcutter	2	2806
Woodcutter	3	2807
Woodcutter	4	2808
Woodcutter	5	2809
Woodcutter	6	2809
Mist Buster	1	2780
Mist Buster	2	2781
Mist Buster	3	2782
Mist Buster	4	2783
Mist Buster	5	2784
Mist Buster	6	2784
Burst Gunner	1	2861
Burst Gunner	2	2862
Burst Gunner	3	2863
Burst Gunner	4	2864
Burst Gunner	5	2865
Burst Gunner	6	2865
Haywire Chainshot	1	2810
Haywire Chainshot	2	2811
Haywire Chainshot	3	2812
Haywire Chainshot	4	2813
Haywire Chainshot	5	2814
Haywire Chainshot	6	2814
Laserpoint Bazooka	1	2780
Laserpoint Bazooka	2	2781
Laserpoint Bazooka	3	2782
Laserpoint Bazooka	4	2783
Laserpoint Bazooka	5	2784
Laserpoint Bazooka	6	2784
Iron Wall	1	2855
Iron Wall	2	2856
Iron Wall	3	2857
Iron Wall	4	2858
Iron Wall	5	2859
Iron Wall	6	2859
Diving Swing	1	2850
Diving Swing	2	2851
Diving Swing	3	2852
Diving Swing	4	2853
Diving Swing	5	2854
Diving Swing	6	2854
Power Hammer	1	2740
Power Hammer	2	2741
Power Hammer	3	2742
Power Hammer	4	2743
Power Hammer	5	2744
Power Hammer	6	2744
Mighty Beat	1	2770
Mighty Beat	2	2771
Mighty Beat	3	2772
Mighty Beat	4	2773
Mighty Beat	5	2774
Mighty Beat	6	2774
Rumbling Smash	1	2740
Rumbling Smash	2	2741
Rumbling Smash	3	2742
Rumbling Smash	4	2743
Rumbling Smash	5	2744
Rumbling Smash	6	2744
Elephant Press	1	2850
Elephant Press	2	2851
Elephant Press	3	2852
Elephant Press	4	2853
Elephant Press	5	2854
Elephant Press	6	2854
Buckler Slam	1	2770
Buckler Slam	2	2771
Buckler Slam	3	2772
Buckler Slam	4	2773
Buckler Slam	5	2774
Buckler Slam	6	2774
Battle Top	1	2850
Battle Top	2	2851
Battle Top	3	2852
Battle Top	4	2853
Battle Top	5	2854
Battle Top	6	2854
Mountain Crusher	1	2770
Mountain Crusher	2	2771
Mountain Crusher	3	2772
Mountain Crusher	4	2773
Mountain Crusher	5	2774
Mountain Crusher	6	2774
Decimator	1	2780
Decimator	2	2781
Decimator	3	2782
Decimator	4	2783
Decimator	5	2784
Decimator	6	2784
Brawl Swing	1	2850
Brawl Swing	2	2851
Brawl Swing	3	2852
Brawl Swing	4	2853
Brawl Swing	5	2854
Brawl Swing	6	2854
Detonation Blow	1	2785
Detonation Blow	2	2786
Detonation Blow	3	2787
Detonation Blow	4	2788
Detonation Blow	5	2789
Detonation Blow	6	2789
Impregnable Shield	1	2855
Impregnable Shield	2	2856
Impregnable Shield	3	2857
Impregnable Shield	4	2858
Impregnable Shield	5	2859
Impregnable Shield	6	2859
Feral Blade	1	2850
Feral Blade	2	2851
Feral Blade	3	2852
Feral Blade	4	2853
Feral Blade	5	2854
Feral Blade	6	2854
Breakdown	1	2795
Breakdown	2	2796
Breakdown	3	2797
Breakdown	4	2798
Breakdown	5	2799
Breakdown	6	2799
Dual Slash	1	2866
Dual Slash	2	2866
Dual Slash	3	2866
Dual Slash	4	2866
Dual Slash	5	2866
Dual Slash	6	2866
Deathbound	1	2715
Deathbound	2	2716
Deathbound	3	2717
Deathbound	4	2718
Deathbound	5	2719
Deathbound	6	2719
Scorpion Tail	1	2866
Scorpion Tail	2	2866
Scorpion Tail	3	2866
Scorpion Tail	4	2866
Scorpion Tail	5	2866
Scorpion Tail	6	2866
Wolf Fang	1	2795
Wolf Fang	2	2796
Wolf Fang	3	2797
Wolf Fang	4	2798
Wolf Fang	5	2799
Wolf Fang	6	2799
Triple Flash	1	2850
Triple Flash	2	2851
Triple Flash	3	2852
Triple Flash	4	2853
Triple Flash	5	2854
Triple Flash	6	2854
Eclipse Blade	1	2866
Eclipse Blade	2	2866
Eclipse Blade	3	2866
Eclipse Blade	4	2866
Eclipse Blade	5	2866
Eclipse Blade	6	2866
Overfall	1	2795
Overfall	2	2796
Overfall	3	2797
Overfall	4	2798
Overfall	5	2799
Overfall	6	2799
Quadruple Slash	1	2850
Quadruple Slash	2	2851
Quadruple Slash	3	2852
Quadruple Slash	4	2853
Quadruple Slash	5	2854
Quadruple Slash	6	2854
Reverb Blade	1	2866
Reverb Blade	2	2866
Reverb Blade	3	2866
Reverb Blade	4	2866
Reverb Blade	5	2866
Reverb Blade	6	2866
Psychic Sword	1	2740
Psychic Sword	2	2741
Psychic Sword	3	2742
Psychic Sword	4	2743
Psychic Sword	5	2744
Psychic Sword	6	2744
Aerial Edge	1	2850
Aerial Edge	2	2851
Aerial Edge	3	2852
Aerial Edge	4	2853
Aerial Edge	5	2854
Aerial Edge	6	2854
Shogun Slash	1	2795
Shogun Slash	2	2796
Shogun Slash	3	2797
Shogun Slash	4	2798
Shogun Slash	5	2799
Shogun Slash	6	2799
Touchdown	1	2815
Touchdown	2	2816
Touchdown	3	2817
Touchdown	4	2818
Touchdown	5	2819
Touchdown	6	2819
Brave Throw	1	2765
Brave Throw	2	2766
Brave Throw	3	2767
Brave Throw	4	2768
Brave Throw	5	2769
Brave Throw	6	2769
Strong Shot	1	2845
Strong Shot	2	2846
Strong Shot	3	2847
Strong Shot	4	2848
Strong Shot	5	2849
Strong Shot	6	2849
Mighty Ball	1	2775
Mighty Ball	2	2776
Mighty Ball	3	2777
Mighty Ball	4	2778
Mighty Ball	5	2779
Mighty Ball	6	2779
Dolphin Spin	1	2815
Dolphin Spin	2	2816
Dolphin Spin	3	2817
Dolphin Spin	4	2818
Dolphin Spin	5	2819
Dolphin Spin	6	2819
Falcon Turn	1	2765
Falcon Turn	2	2766
Falcon Turn	3	2767
Falcon Turn	4	2768
Falcon Turn	5	2769
Falcon Turn	6	2769
Dragonbane Shot	1	2815
Dragonbane Shot	2	2816
Dragonbane Shot	3	2817
Dragonbane Shot	4	2818
Dragonbane Shot	5	2819
Dragonbane Shot	6	2819
Shadowrunner	1	2775
Shadowrunner	2	2776
Shadowrunner	3	2777
Shadowrunner	4	2778
Shadowrunner	5	2779
Shadowrunner	6	2779
Gliding Swallow	1	2800
Gliding Swallow	2	2801
Gliding Swallow	3	2802
Gliding Swallow	4	2803
Gliding Swallow	5	2804
Gliding Swallow	6	2804
Rumble Pitch	1	2755
Rumble Pitch	2	2756
Rumble Pitch	3	2757
Rumble Pitch	4	2758
Rumble Pitch	5	2759
Rumble Pitch	6	2759
Pulverizing Dunk	1	2765
Pulverizing Dunk	2	2766
Pulverizing Dunk	3	2767
Pulverizing Dunk	4	2768
Pulverizing Dunk	5	2769
Pulverizing Dunk	6	2769
Shell Shot	1	2845
Shell Shot	2	2846
Shell Shot	3	2847
Shell Shot	4	2848
Shell Shot	5	2849
Shell Shot	6	2849
Precipitous Impact	1	2815
Precipitous Impact	2	2816
Precipitous Impact	3	2817
Precipitous Impact	4	2818
Precipitous Impact	5	2819
Precipitous Impact	6	2819
Feral Uppercut	1	2810
Feral Uppercut	2	2811
Feral Uppercut	3	2812
Feral Uppercut	4	2813
Feral Uppercut	5	2814
Feral Uppercut	6	2814
Grand Smash	1	2815
Grand Smash	2	2816
Grand Smash	3	2817
Grand Smash	4	2818
Grand Smash	5	2819
Grand Smash	6	2819
Mach Straight Punch	1	2755
Mach Straight Punch	2	2756
Mach Straight Punch	3	2757
Mach Straight Punch	4	2758
Mach Straight Punch	5	2759
Mach Straight Punch	6	2759
Jackal Claw	1	2810
Jackal Claw	2	2811
Jackal Claw	3	2812
Jackal Claw	4	2813
Jackal Claw	5	2814
Jackal Claw	6	2814
Deadly Twister	1	2815
Deadly Twister	2	2816
Deadly Twister	3	2817
Deadly Twister	4	2818
Deadly Twister	5	2819
Deadly Twister	6	2819
Raptor Beat	1	2745
Raptor Beat	2	2746
Raptor Beat	3	2747
Raptor Beat	4	2748
Raptor Beat	5	2749
Raptor Beat	6	2749
Armored Fist	1	2810
Armored Fist	2	2811
Armored Fist	3	2812
Armored Fist	4	2813
Armored Fist	5	2814
Armored Fist	6	2814
Sneak Hit	1	2815
Sneak Hit	2	2816
Sneak Hit	3	2817
Sneak Hit	4	2818
Sneak Hit	5	2819
Sneak Hit	6	2819
Peerless Blow	1	2745
Peerless Blow	2	2746
Peerless Blow	3	2747
Peerless Blow	4	2748
Peerless Blow	5	2749
Peerless Blow	6	2749
Fury Dropkick	1	2755
Fury Dropkick	2	2756
Fury Dropkick	3	2757
Fury Dropkick	4	2758
Fury Dropkick	5	2759
Fury Dropkick	6	2759
Dynamite Knuckle	1	2815
Dynamite Knuckle	2	2816
Dynamite Knuckle	3	2817
Dynamite Knuckle	4	2818
Dynamite Knuckle	5	2819
Dynamite Knuckle	6	2819
Skysplitter Cross Chop	1	2830
Skysplitter Cross Chop	2	2831
Skysplitter Cross Chop	3	2832
Skysplitter Cross Chop	4	2833
Skysplitter Cross Chop	5	2834
Skysplitter Cross Chop	6	2834
Sword Bash (Broadsword)	1	2760
Sword Bash (Broadsword)	2	2761
Sword Bash (Broadsword)	3	2762
Sword Bash (Broadsword)	4	2763
Sword Bash (Broadsword)	5	2764
Sword Bash (Broadsword)	6	2764
Double Spinning Edge (Broadsword)	1	2745
Double Spinning Edge (Broadsword)	2	2746
Double Spinning Edge (Broadsword)	3	2747
Double Spinning Edge (Broadsword)	4	2748
Double Spinning Edge (Broadsword)	5	2749
Double Spinning Edge (Broadsword)	6	2749
Rolling Smash (Broadsword)	1	2830
Rolling Smash (Broadsword)	2	2831
Rolling Smash (Broadsword)	3	2832
Rolling Smash (Broadsword)	4	2833
Rolling Smash (Broadsword)	5	2834
Rolling Smash (Broadsword)	6	2834
Anchor Shot (Broadsword)	1	2860
Anchor Shot (Broadsword)	2	2860
Anchor Shot (Broadsword)	3	2860
Anchor Shot (Broadsword)	4	2860
Anchor Shot (Broadsword)	5	2860
Anchor Shot (Broadsword)	6	2860
Ultraslash (Chapter 1)	1	2760
Ultraslash (Chapter 1)	2	2761
Ultraslash (Chapter 1)	3	2762
Ultraslash (Chapter 1)	4	2763
Ultraslash (Chapter 1)	5	2764
Ultraslash (Chapter 1)	6	2764
Empty Moment (Chapter 1)	1	2861
Empty Moment (Chapter 1)	2	2862
Empty Moment (Chapter 1)	3	2863
Empty Moment (Chapter 1)	4	2864
Empty Moment (Chapter 1)	5	2865
Empty Moment (Chapter 1)	6	2865
Stunned Swallow (Chapter 1)	1	2867
Stunned Swallow (Chapter 1)	2	2868
Stunned Swallow (Chapter 1)	3	2869
Stunned Swallow (Chapter 1)	4	2870
Stunned Swallow (Chapter 1)	5	2871
Stunned Swallow (Chapter 1)	6	2871
Sword Strike	1	2740
Sword Strike	2	2741
Sword Strike	3	2742
Sword Strike	4	2743
Sword Strike	5	2744
Sword Strike	6	2744
Spiral Savate	1	2805
Spiral Savate	2	2806
Spiral Savate	3	2807
Spiral Savate	4	2808
Spiral Savate	5	2809
Spiral Savate	6	2809
Ultraslash (Chapter 8)	1	2760
Ultraslash (Chapter 8)	2	2761
Ultraslash (Chapter 8)	3	2762
Ultraslash (Chapter 8)	4	2763
Ultraslash (Chapter 8)	5	2764
Ultraslash (Chapter 8)	6	2764
Heavenly Disrupt (Chapter 8)	1	2861
Heavenly Disrupt (Chapter 8)	2	2862
Heavenly Disrupt (Chapter 8)	3	2863
Heavenly Disrupt (Chapter 8)	4	2864
Heavenly Disrupt (Chapter 8)	5	2865
Heavenly Disrupt (Chapter 8)	6	2865
Stunned Swallow (Chapter 8)	1	2867
Stunned Swallow (Chapter 8)	2	2868
Stunned Swallow (Chapter 8)	3	2869
Stunned Swallow (Chapter 8)	4	2870
Stunned Swallow (Chapter 8)	5	2871
Stunned Swallow (Chapter 8)	6	2871
Revolt Smash	1	2845
Revolt Smash	2	2846
Revolt Smash	3	2847
Revolt Smash	4	2848
Revolt Smash	5	2849
Revolt Smash	6	2849
Screw Reaper	1	2830
Screw Reaper	2	2831
Screw Reaper	3	2832
Screw Reaper	4	2833
Screw Reaper	5	2834
Screw Reaper	6	2834
Withering Assault	1	2815
Withering Assault	2	2816
Withering Assault	3	2817
Withering Assault	4	2818
Withering Assault	5	2819
Withering Assault	6	2819
Capra Assault	1	2815
Capra Assault	2	2816
Capra Assault	3	2817
Capra Assault	4	2818
Capra Assault	5	2819
Capra Assault	6	2819
Grizzly Smash	1	2845
Grizzly Smash	2	2846
Grizzly Smash	3	2847
Grizzly Smash	4	2848
Grizzly Smash	5	2849
Grizzly Smash	6	2849
Creeping Slicer	1	2830
Creeping Slicer	2	2831
Creeping Slicer	3	2832
Creeping Slicer	4	2833
Creeping Slicer	5	2834
Creeping Slicer	6	2834
Tempest Strike	1	2845
Tempest Strike	2	2846
Tempest Strike	3	2847
Tempest Strike	4	2848
Tempest Strike	5	2849
Tempest Strike	6	2849
Sacred Beast's Blessing	1	2815
Sacred Beast's Blessing	2	2816
Sacred Beast's Blessing	3	2817
Sacred Beast's Blessing	4	2818
Sacred Beast's Blessing	5	2819
Sacred Beast's Blessing	6	2819
Azure Dragon Storm	1	2830
Azure Dragon Storm	2	2831
Azure Dragon Storm	3	2832
Azure Dragon Storm	4	2833
Azure Dragon Storm	5	2834
Azure Dragon Storm	6	2834
Careful Swing	1	2830
Careful Swing	2	2831
Careful Swing	3	2832
Careful Swing	4	2833
Careful Swing	5	2834
Careful Swing	6	2834
Standing Ovation	1	2845
Standing Ovation	2	2846
Standing Ovation	3	2847
Standing Ovation	4	2848
Standing Ovation	5	2849
Standing Ovation	6	2849
Bewilder Slash	1	2815
Bewilder Slash	2	2816
Bewilder Slash	3	2817
Bewilder Slash	4	2818
Bewilder Slash	5	2819
Bewilder Slash	6	2819
Earth Splitter	1	2790
Earth Splitter	2	2791
Earth Splitter	3	2792
Earth Splitter	4	2793
Earth Splitter	5	2794
Earth Splitter	6	2794
Powerquake	1	2745
Powerquake	2	2746
Powerquake	3	2747
Powerquake	4	2748
Powerquake	5	2749
Powerquake	6	2749
Final Stone	1	2825
Final Stone	2	2826
Final Stone	3	2827
Final Stone	4	2828
Final Stone	5	2829
Final Stone	6	2829
Dust Up	1	2685
Dust Up	2	2686
Dust Up	3	2687
Dust Up	4	2688
Dust Up	5	2689
Dust Up	6	2689
Condor's Beak	1	2790
Condor's Beak	2	2791
Condor's Beak	3	2792
Condor's Beak	4	2793
Condor's Beak	5	2794
Condor's Beak	6	2794
Sand Break	1	2685
Sand Break	2	2686
Sand Break	3	2687
Sand Break	4	2688
Sand Break	5	2689
Sand Break	6	2689
Cobra Raid	1	2760
Cobra Raid	2	2761
Cobra Raid	3	2762
Cobra Raid	4	2763
Cobra Raid	5	2764
Cobra Raid	6	2764
Merciless Twister	1	2825
Merciless Twister	2	2826
Merciless Twister	3	2827
Merciless Twister	4	2828
Merciless Twister	5	2829
Merciless Twister	6	2829
Heaven's Valor	1	2760
Heaven's Valor	2	2761
Heaven's Valor	3	2762
Heaven's Valor	4	2763
Heaven's Valor	5	2764
Heaven's Valor	6	2764
Lunar Salutation	1	2790
Lunar Salutation	2	2791
Lunar Salutation	3	2792
Lunar Salutation	4	2793
Lunar Salutation	5	2794
Lunar Salutation	6	2794
Twisted Thistle	1	2825
Twisted Thistle	2	2826
Twisted Thistle	3	2827
Twisted Thistle	4	2828
Twisted Thistle	5	2829
Twisted Thistle	6	2829
Grudge Blow	1	2750
Grudge Blow	2	2751
Grudge Blow	3	2752
Grudge Blow	4	2753
Grudge Blow	5	2754
Grudge Blow	6	2754
Heaven's Revenge	1	2760
Heaven's Revenge	2	2761
Heaven's Revenge	3	2762
Heaven's Revenge	4	2763
Heaven's Revenge	5	2764
Heaven's Revenge	6	2764
Whirlwind of Passion	1	2825
Whirlwind of Passion	2	2826
Whirlwind of Passion	3	2827
Whirlwind of Passion	4	2828
Whirlwind of Passion	5	2829
Whirlwind of Passion	6	2829
Opened Fan	1	2740
Opened Fan	2	2741
Opened Fan	3	2742
Opened Fan	4	2743
Opened Fan	5	2744
Opened Fan	6	2744
Screw Cutter	1	2795
Screw Cutter	2	2796
Screw Cutter	3	2797
Screw Cutter	4	2798
Screw Cutter	5	2799
Screw Cutter	6	2799
Cross Edge	1	2680
Cross Edge	2	2681
Cross Edge	3	2682
Cross Edge	4	2683
Cross Edge	5	2684
Cross Edge	6	2684
Brave Wing	1	2850
Brave Wing	2	2851
Brave Wing	3	2852
Brave Wing	4	2853
Brave Wing	5	2854
Brave Wing	6	2854
Scarecrow	1	2795
Scarecrow	2	2796
Scarecrow	3	2797
Scarecrow	4	2798
Scarecrow	5	2799
Scarecrow	6	2799
Vicious Circle	1	2740
Vicious Circle	2	2741
Vicious Circle	3	2742
Vicious Circle	4	2743
Vicious Circle	5	2744
Vicious Circle	6	2744
Albatross Cut	1	2795
Albatross Cut	2	2796
Albatross Cut	3	2797
Albatross Cut	4	2798
Albatross Cut	5	2799
Albatross Cut	6	2799
2,000 Wings	1	2680
2,000 Wings	2	2681
2,000 Wings	3	2682
2,000 Wings	4	2683
2,000 Wings	5	2684
2,000 Wings	6	2684
Black Wing Dance	1	2740
Black Wing Dance	2	2741
Black Wing Dance	3	2742
Black Wing Dance	4	2743
Black Wing Dance	5	2744
Black Wing Dance	6	2744
Twilight Twist	1	2680
Twilight Twist	2	2681
Twilight Twist	3	2682
Twilight Twist	4	2683
Twilight Twist	5	2684
Twilight Twist	6	2684
Bold Division	1	2795
Bold Division	2	2796
Bold Division	3	2797
Bold Division	4	2798
Bold Division	5	2799
Bold Division	6	2799
Gutsy Cutter	1	2850
Gutsy Cutter	2	2851
Gutsy Cutter	3	2852
Gutsy Cutter	4	2853
Gutsy Cutter	5	2854
Gutsy Cutter	6	2854
Exquisite Spiral	1	2740
Exquisite Spiral	2	2741
Exquisite Spiral	3	2742
Exquisite Spiral	4	2743
Exquisite Spiral	5	2744
Exquisite Spiral	6	2744
Thunderclap	1	2745
Thunderclap	2	2746
Thunderclap	3	2747
Thunderclap	4	2748
Thunderclap	5	2749
Thunderclap	6	2749
Haphazard Throw	1	2810
Haphazard Throw	2	2811
Haphazard Throw	3	2812
Haphazard Throw	4	2813
Haphazard Throw	5	2814
Haphazard Throw	6	2814
Cutting Edge	1	2840
Cutting Edge	2	2841
Cutting Edge	3	2842
Cutting Edge	4	2843
Cutting Edge	5	2844
Cutting Edge	6	2844
Papillon Dance	1	2840
Papillon Dance	2	2841
Papillon Dance	3	2842
Papillon Dance	4	2843
Papillon Dance	5	2844
Papillon Dance	6	2844
Cheetah Scratch	1	2810
Cheetah Scratch	2	2811
Cheetah Scratch	3	2812
Cheetah Scratch	4	2813
Cheetah Scratch	5	2814
Cheetah Scratch	6	2814
Tricksy Loop	1	2746
Tricksy Loop	2	2746
Tricksy Loop	3	2746
Tricksy Loop	4	2746
Tricksy Loop	5	2746
Tricksy Loop	6	2746
Photon Slash	1	2810
Photon Slash	2	2811
Photon Slash	3	2812
Photon Slash	4	2813
Photon Slash	5	2814
Photon Slash	6	2814
Marigold in Bloom	1	2840
Marigold in Bloom	2	2841
Marigold in Bloom	3	2842
Marigold in Bloom	4	2843
Marigold in Bloom	5	2844
Marigold in Bloom	6	2844
Electroshade Twist	1	2840
Electroshade Twist	2	2841
Electroshade Twist	3	2842
Electroshade Twist	4	2843
Electroshade Twist	5	2844
Electroshade Twist	6	2844
Bewitching Divide	1	2810
Bewitching Divide	2	2811
Bewitching Divide	3	2812
Bewitching Divide	4	2813
Bewitching Divide	5	2814
Bewitching Divide	6	2814
Thunderslam	1	2700
Thunderslam	2	2701
Thunderslam	3	2702
Thunderslam	4	2703
Thunderslam	5	2704
Thunderslam	6	2704
Florid Spiral	1	2755
Florid Spiral	2	2756
Florid Spiral	3	2757
Florid Spiral	4	2758
Florid Spiral	5	2759
Florid Spiral	6	2759
Critical Trigger	1	2805
Critical Trigger	2	2806
Critical Trigger	3	2807
Critical Trigger	4	2808
Critical Trigger	5	2809
Critical Trigger	6	2809
Mighty Missile	1	2861
Mighty Missile	2	2862
Mighty Missile	3	2863
Mighty Missile	4	2864
Mighty Missile	5	2865
Mighty Missile	6	2865
Flamecaster	1	2740
Flamecaster	2	2741
Flamecaster	3	2742
Flamecaster	4	2743
Flamecaster	5	2744
Flamecaster	6	2744
Surprise Shot	1	2740
Surprise Shot	2	2741
Surprise Shot	3	2742
Surprise Shot	4	2743
Surprise Shot	5	2744
Surprise Shot	6	2744
Porcupine Blow	1	2861
Porcupine Blow	2	2862
Porcupine Blow	3	2863
Porcupine Blow	4	2864
Porcupine Blow	5	2865
Porcupine Blow	6	2865
Mayfly	1	2780
Mayfly	2	2781
Mayfly	3	2782
Mayfly	4	2783
Mayfly	5	2784
Mayfly	6	2784
Phosphorescent Flare	1	2805
Phosphorescent Flare	2	2806
Phosphorescent Flare	3	2807
Phosphorescent Flare	4	2808
Phosphorescent Flare	5	2809
Phosphorescent Flare	6	2809
Cruel Musket	1	2861
Cruel Musket	2	2862
Cruel Musket	3	2863
Cruel Musket	4	2864
Cruel Musket	5	2865
Cruel Musket	6	2865
Thorn Assault	1	2805
Thorn Assault	2	2806
Thorn Assault	3	2807
Thorn Assault	4	2808
Thorn Assault	5	2809
Thorn Assault	6	2809
Chimera Drop	1	2780
Chimera Drop	2	2781
Chimera Drop	3	2782
Chimera Drop	4	2783
Chimera Drop	5	2784
Chimera Drop	6	2784
Breakthrough Cannon	1	2861
Breakthrough Cannon	2	2862
Breakthrough Cannon	3	2863
Breakthrough Cannon	4	2864
Breakthrough Cannon	5	2865
Breakthrough Cannon	6	2865
Frenzied Fire	1	2740
Frenzied Fire	2	2741
Frenzied Fire	3	2742
Frenzied Fire	4	2743
Frenzied Fire	5	2744
Frenzied Fire	6	2744
Crazed Bazooka	1	2780
Crazed Bazooka	2	2781
Crazed Bazooka	3	2782
Crazed Bazooka	4	2783
Crazed Bazooka	5	2784
Crazed Bazooka	6	2784
Wild Slugger	1	2740
Wild Slugger	2	2741
Wild Slugger	3	2742
Wild Slugger	4	2743
Wild Slugger	5	2744
Wild Slugger	6	2744
Terror Smash	1	2795
Terror Smash	2	2796
Terror Smash	3	2797
Terror Smash	4	2798
Terror Smash	5	2799
Terror Smash	6	2799
Rock Bullet	1	2850
Rock Bullet	2	2851
Rock Bullet	3	2852
Rock Bullet	4	2853
Rock Bullet	5	2854
Rock Bullet	6	2854
Lion Claw	1	2740
Lion Claw	2	2741
Lion Claw	3	2742
Lion Claw	4	2743
Lion Claw	5	2744
Lion Claw	6	2744
Raging Screw	1	2795
Raging Screw	2	2796
Raging Screw	3	2797
Raging Screw	4	2798
Raging Screw	5	2799
Raging Screw	6	2799
Buffalo Beat	1	2850
Buffalo Beat	2	2851
Buffalo Beat	3	2852
Buffalo Beat	4	2853
Buffalo Beat	5	2854
Buffalo Beat	6	2854
Armor Breaker	1	2740
Armor Breaker	2	2741
Armor Breaker	3	2742
Armor Breaker	4	2743
Armor Breaker	5	2744
Armor Breaker	6	2744
Devastating Tremor	1	2795
Devastating Tremor	2	2796
Devastating Tremor	3	2797
Devastating Tremor	4	2798
Devastating Tremor	5	2799
Devastating Tremor	6	2799
Earth Mover	1	2850
Earth Mover	2	2851
Earth Mover	3	2852
Earth Mover	4	2853
Earth Mover	5	2854
Earth Mover	6	2854
Falling Dropkick	1	2740
Falling Dropkick	2	2741
Falling Dropkick	3	2742
Falling Dropkick	4	2743
Falling Dropkick	5	2744
Falling Dropkick	6	2744
Decisive Knuckle	1	2795
Decisive Knuckle	2	2796
Decisive Knuckle	3	2797
Decisive Knuckle	4	2798
Decisive Knuckle	5	2799
Decisive Knuckle	6	2799
Sacrificial Chop	1	2850
Sacrificial Chop	2	2851
Sacrificial Chop	3	2852
Sacrificial Chop	4	2853
Sacrificial Chop	5	2854
Sacrificial Chop	6	2854
Gale Upper	1	2785
Gale Upper	2	2786
Gale Upper	3	2787
Gale Upper	4	2788
Gale Upper	5	2789
Gale Upper	6	2789
Wind Smash	1	2795
Wind Smash	2	2796
Wind Smash	3	2797
Wind Smash	4	2798
Wind Smash	5	2799
Wind Smash	6	2799
Stormstarter	1	2850
Stormstarter	2	2851
Stormstarter	3	2852
Stormstarter	4	2853
Stormstarter	5	2854
Stormstarter	6	2854
Sabertooth Slash	1	2785
Sabertooth Slash	2	2786
Sabertooth Slash	3	2787
Sabertooth Slash	4	2788
Sabertooth Slash	5	2789
Sabertooth Slash	6	2789
Whirlwind	1	2795
Whirlwind	2	2796
Whirlwind	3	2797
Whirlwind	4	2798
Whirlwind	5	2799
Whirlwind	6	2799
Universal Beat	1	2850
Universal Beat	2	2851
Universal Beat	3	2852
Universal Beat	4	2853
Universal Beat	5	2854
Universal Beat	6	2854
Blade of the Abyss	1	2785
Blade of the Abyss	2	2786
Blade of the Abyss	3	2787
Blade of the Abyss	4	2788
Blade of the Abyss	5	2789
Blade of the Abyss	6	2789
Galeforce Blow	1	2795
Galeforce Blow	2	2796
Galeforce Blow	3	2797
Galeforce Blow	4	2798
Galeforce Blow	5	2799
Galeforce Blow	6	2799
No Love Lost	1	2850
No Love Lost	2	2851
No Love Lost	3	2852
No Love Lost	4	2853
No Love Lost	5	2854
No Love Lost	6	2854
Hurricane Dropkick	1	2785
Hurricane Dropkick	2	2786
Hurricane Dropkick	3	2787
Hurricane Dropkick	4	2788
Hurricane Dropkick	5	2789
Hurricane Dropkick	6	2789
Shuddering Tonfa	1	2795
Shuddering Tonfa	2	2796
Shuddering Tonfa	3	2797
Shuddering Tonfa	4	2798
Shuddering Tonfa	5	2799
Shuddering Tonfa	6	2799
Wind Dragon Chop	1	2850
Wind Dragon Chop	2	2851
Wind Dragon Chop	3	2852
Wind Dragon Chop	4	2853
Wind Dragon Chop	5	2854
Wind Dragon Chop	6	2854
Monado Shield (Rex)	1	2855
Monado Shield (Rex)	2	2856
Monado Shield (Rex)	3	2857
Monado Shield (Rex)	4	2858
Monado Shield (Rex)	5	2859
Monado Shield (Rex)	6	2859
Monado Storm	1	2830
Monado Storm	2	2831
Monado Storm	3	2832
Monado Storm	4	2833
Monado Storm	5	2834
Monado Storm	6	2834
Monado Burst	1	2760
Monado Burst	2	2761
Monado Burst	3	2762
Monado Burst	4	2763
Monado Burst	5	2764
Monado Burst	6	2764
Monado Beat	1	2770
Monado Beat	2	2771
Monado Beat	3	2772
Monado Beat	4	2773
Monado Beat	5	2774
Monado Beat	6	2774
Lightning Smash	1	2730
Lightning Smash	2	2731
Lightning Smash	3	2732
Lightning Smash	4	2733
Lightning Smash	5	2734
Lightning Smash	6	2734
Monado Striker	1	2830
Monado Striker	2	2831
Monado Striker	3	2832
Monado Striker	4	2833
Monado Striker	5	2834
Monado Striker	6	2834
Lucent Glance	1	2770
Lucent Glance	2	2771
Lucent Glance	3	2772
Lucent Glance	4	2773
Lucent Glance	5	2774
Lucent Glance	6	2774
Beam Thrust	1	2760
Beam Thrust	2	2761
Beam Thrust	3	2762
Beam Thrust	4	2763
Beam Thrust	5	2764
Beam Thrust	6	2764
Blade Masquerade	1	2830
Blade Masquerade	2	2831
Blade Masquerade	3	2832
Blade Masquerade	4	2833
Blade Masquerade	5	2834
Blade Masquerade	6	2834
Echo Edge	1	2770
Echo Edge	2	2771
Echo Edge	3	2772
Echo Edge	4	2773
Echo Edge	5	2774
Echo Edge	6	2774
Sudden Smite	1	2730
Sudden Smite	2	2731
Sudden Smite	3	2732
Sudden Smite	4	2733
Sudden Smite	5	2734
Sudden Smite	6	2734
Monado Shield (Zeke)	1	2855
Monado Shield (Zeke)	2	2856
Monado Shield (Zeke)	3	2857
Monado Shield (Zeke)	4	2858
Monado Shield (Zeke)	5	2859
Monado Shield (Zeke)	6	2859
Helios Circle	1	2830
Helios Circle	2	2831
Helios Circle	3	2832
Helios Circle	4	2833
Helios Circle	5	2834
Helios Circle	6	2834
Nemesis Beat	1	2730
Nemesis Beat	2	2731
Nemesis Beat	3	2732
Nemesis Beat	4	2733
Nemesis Beat	5	2734
Nemesis Beat	6	2734
Wind Slicer	1	2800
Wind Slicer	2	2801
Wind Slicer	3	2802
Wind Slicer	4	2803
Wind Slicer	5	2804
Wind Slicer	6	2804
Skyward Edge	1	2815
Skyward Edge	2	2816
Skyward Edge	3	2817
Skyward Edge	4	2818
Skyward Edge	5	2819
Skyward Edge	6	2819
Infinity Wing	1	2810
Infinity Wing	2	2811
Infinity Wing	3	2812
Infinity Wing	4	2813
Infinity Wing	5	2814
Infinity Wing	6	2814
Screw Edge	1	2840
Screw Edge	2	2841
Screw Edge	3	2842
Screw Edge	4	2843
Screw Edge	5	2844
Screw Edge	6	2844
Air Slash	1	2800
Air Slash	2	2801
Air Slash	3	2802
Air Slash	4	2803
Air Slash	5	2804
Air Slash	6	2804
Avian Spin	1	2815
Avian Spin	2	2816
Avian Spin	3	2817
Avian Spin	4	2818
Avian Spin	5	2819
Avian Spin	6	2819
Whirling Edge	1	2840
Whirling Edge	2	2841
Whirling Edge	3	2842
Whirling Edge	4	2843
Whirling Edge	5	2844
Whirling Edge	6	2844
Draconic Lunge	1	2815
Draconic Lunge	2	2816
Draconic Lunge	3	2817
Draconic Lunge	4	2818
Draconic Lunge	5	2819
Draconic Lunge	6	2819
Phoenix Dance	1	2810
Phoenix Dance	2	2811
Phoenix Dance	3	2812
Phoenix Dance	4	2813
Phoenix Dance	5	2814
Phoenix Dance	6	2814
Universe Flicker	1	2840
Universe Flicker	2	2841
Universe Flicker	3	2842
Universe Flicker	4	2843
Universe Flicker	5	2844
Universe Flicker	6	2844
Tempest Twist	1	2810
Tempest Twist	2	2811
Tempest Twist	3	2812
Tempest Twist	4	2813
Tempest Twist	5	2814
Tempest Twist	6	2814
Flareflash Divide	1	2815
Flareflash Divide	2	2816
Flareflash Divide	3	2817
Flareflash Divide	4	2818
Flareflash Divide	5	2819
Flareflash Divide	6	2819
Windmill Cutter	1	2840
Windmill Cutter	2	2841
Windmill Cutter	3	2842
Windmill Cutter	4	2843
Windmill Cutter	5	2844
Windmill Cutter	6	2844
Typhoon Spin	1	2800
Typhoon Spin	2	2801
Typhoon Spin	3	2802
Typhoon Spin	4	2803
Typhoon Spin	5	2804
Typhoon Spin	6	2804
Stunned Swallow (Challenge Mode)	1	2867
Stunned Swallow (Challenge Mode)	2	2868
Stunned Swallow (Challenge Mode)	3	2869
Stunned Swallow (Challenge Mode)	4	2870
Stunned Swallow (Challenge Mode)	5	2871
Stunned Swallow (Challenge Mode)	6	2871
Empty Moment (Challenge Mode)	1	2861
Empty Moment (Challenge Mode)	2	2862
Empty Moment (Challenge Mode)	3	2863
Empty Moment (Challenge Mode)	4	2864
Empty Moment (Challenge Mode)	5	2865
Empty Moment (Challenge Mode)	6	2865
Heavenly Disrupt (Challenge Mode)	1	2861
Heavenly Disrupt (Challenge Mode)	2	2862
Heavenly Disrupt (Challenge Mode)	3	2863
Heavenly Disrupt (Challenge Mode)	4	2864
Heavenly Disrupt (Challenge Mode)	5	2865
Heavenly Disrupt (Challenge Mode)	6	2865
Dark Edge	1	2755
Dark Edge	2	2756
Dark Edge	3	2757
Dark Edge	4	2758
Dark Edge	5	2759
Dark Edge	6	2759
Trickshot	1	2810
Trickshot	2	2811
Trickshot	3	2812
Trickshot	4	2813
Trickshot	5	2814
Trickshot	6	2814
Mystic Slice	1	2745
Mystic Slice	2	2746
Mystic Slice	3	2747
Mystic Slice	4	2748
Mystic Slice	5	2749
Mystic Slice	6	2749
Shadow Twist	1	2866
Shadow Twist	2	2866
Shadow Twist	3	2866
Shadow Twist	4	2866
Shadow Twist	5	2866
Shadow Twist	6	2866
Panther Edge	1	2866
Panther Edge	2	2866
Panther Edge	3	2866
Panther Edge	4	2866
Panther Edge	5	2866
Panther Edge	6	2866
Sword Slap	1	2810
Sword Slap	2	2811
Sword Slap	3	2812
Sword Slap	4	2813
Sword Slap	5	2814
Sword Slap	6	2814
Bat Tango	1	2755
Bat Tango	2	2756
Bat Tango	3	2757
Bat Tango	4	2758
Bat Tango	5	2759
Bat Tango	6	2759
Phantom Pivot	1	2810
Phantom Pivot	2	2811
Phantom Pivot	3	2812
Phantom Pivot	4	2813
Phantom Pivot	5	2814
Phantom Pivot	6	2814
Gloomwheel	1	2866
Gloomwheel	2	2866
Gloomwheel	3	2866
Gloomwheel	4	2866
Gloomwheel	5	2866
Gloomwheel	6	2866
Fogcutter	1	2755
Fogcutter	2	2756
Fogcutter	3	2757
Fogcutter	4	2758
Fogcutter	5	2759
Fogcutter	6	2759
Calamity Feint	1	2755
Calamity Feint	2	2756
Calamity Feint	3	2757
Calamity Feint	4	2758
Calamity Feint	5	2759
Calamity Feint	6	2759
Astonishing Slash	1	2810
Astonishing Slash	2	2811
Astonishing Slash	3	2812
Astonishing Slash	4	2813
Astonishing Slash	5	2814
Astonishing Slash	6	2814
Supremacy Spin	1	2745
Supremacy Spin	2	2746
Supremacy Spin	3	2747
Supremacy Spin	4	2748
Supremacy Spin	5	2749
Supremacy Spin	6	2749
Profundity Grace	1	2866
Profundity Grace	2	2866
Profundity Grace	3	2866
Profundity Grace	4	2866
Profundity Grace	5	2866
Profundity Grace	6	2866
Flash Uppercut	1	2740
Flash Uppercut	2	2741
Flash Uppercut	3	2742
Flash Uppercut	4	2743
Flash Uppercut	5	2744
Flash Uppercut	6	2744
Night Breaker	1	2850
Night Breaker	2	2851
Night Breaker	3	2852
Night Breaker	4	2853
Night Breaker	5	2854
Night Breaker	6	2854
Starfall	1	2795
Starfall	2	2796
Starfall	3	2797
Starfall	4	2798
Starfall	5	2799
Starfall	6	2799
Victory Slash	1	2866
Victory Slash	2	2866
Victory Slash	3	2866
Victory Slash	4	2866
Victory Slash	5	2866
Victory Slash	6	2866
Regal Hunter	1	2740
Regal Hunter	2	2741
Regal Hunter	3	2742
Regal Hunter	4	2743
Regal Hunter	5	2744
Regal Hunter	6	2744
Tiger Tail	1	2866
Tiger Tail	2	2866
Tiger Tail	3	2866
Tiger Tail	4	2866
Tiger Tail	5	2866
Tiger Tail	6	2866
Dragon Fang	1	2795
Dragon Fang	2	2796
Dragon Fang	3	2797
Dragon Fang	4	2798
Dragon Fang	5	2799
Dragon Fang	6	2799
Dazzling Rush	1	2850
Dazzling Rush	2	2851
Dazzling Rush	3	2852
Dazzling Rush	4	2853
Dazzling Rush	5	2854
Dazzling Rush	6	2854
Lightsplitter	1	2740
Lightsplitter	2	2741
Lightsplitter	3	2742
Lightsplitter	4	2743
Lightsplitter	5	2744
Lightsplitter	6	2744
New Moon	1	2866
New Moon	2	2866
New Moon	3	2866
New Moon	4	2866
New Moon	5	2866
New Moon	6	2866
Sirius	1	2795
Sirius	2	2796
Sirius	3	2797
Sirius	4	2798
Sirius	5	2799
Sirius	6	2799
Binary Star	1	2850
Binary Star	2	2851
Binary Star	3	2852
Binary Star	4	2853
Binary Star	5	2854
Binary Star	6	2854
Galactic Strike	1	2866
Galactic Strike	2	2866
Galactic Strike	3	2866
Galactic Strike	4	2866
Galactic Strike	5	2866
Galactic Strike	6	2866
Dark Matter Assault	1	2740
Dark Matter Assault	2	2741
Dark Matter Assault	3	2742
Dark Matter Assault	4	2743
Dark Matter Assault	5	2744
Dark Matter Assault	6	2744
Dynasty Sweep	1	2850
Dynasty Sweep	2	2851
Dynasty Sweep	3	2852
Dynasty Sweep	4	2853
Dynasty Sweep	5	2854
Dynasty Sweep	6	2854
Sovereign Approach	1	2795
Sovereign Approach	2	2796
Sovereign Approach	3	2797
Sovereign Approach	4	2798
Sovereign Approach	5	2799
Sovereign Approach	6	2799
\.


--
-- Data for Name: art_hit_frames; Type: TABLE DATA; Schema: xeno2; Owner: poppi
--

COPY xeno2.art_hit_frames (art, hit, hit_frame) FROM stdin;
Sword Bash	1	3
Double Spinning Edge	1	13
Double Spinning Edge	2	25
Anchor Shot	1	26
Anchor Shot	2	46
Rolling Smash	1	26
Saber Slash	1	13
Saber Slash	2	23
Saber Slash	3	35
Redemption	1	20
Hydro Blast	1	23
Water Flower	1	40
Wide Slash	1	5
Strong Saucer	1	19
Strong Saucer	2	28
Eightfold Edge	1	8
Eightfold Edge	2	20
Spin of Bravery	1	3
Spin of Bravery	2	6
Spin of Bravery	3	15
Spin of Bravery	4	17
Butterfly Blade	1	5
Butterfly Blade	2	9
Butterfly Blade	3	19
Butterfly Blade	4	22
Jaguar Slash	1	43
Gemini Loop	1	13
Gemini Loop	2	20
Healing Halo	1	34
Halo Strike	1	10
Halo Strike	2	12
Inferno Wheel	1	3
Inferno Wheel	2	8
Inferno Wheel	3	26
Inferno Wheel	4	30
Twin Moonblade	1	17
Revolution Flash	1	31
Rapid Twist	1	3
Clear Divide	1	1
Righteous Guillotine	1	8
Shredder Spiral	1	7
Shredder Spiral	2	10
Steady Drill	1	8
Steady Drill	2	12
Steady Drill	3	16
Steady Drill	4	20
Steady Drill	5	24
Big Boost	1	8
Big Boost	2	12
Big Boost	3	16
Big Boost	4	20
Spinning Cutter	1	20
Spinning Cutter	2	25
Spinning Cutter	3	31
Spinning Cutter	4	39
Rigid Shield	1	1
Pow-Pow Cannon	1	12
Pow-Pow Cannon	2	12
Dented Shield	1	4
Dented Shield	2	10
Dented Shield	3	14
Dented Shield	4	20
Dented Shield	5	25
Dented Shield	6	30
Scattershot	1	3
Scattershot	2	3
Scattershot	3	3
Scattershot	4	3
Scattershot	5	3
Scattershot	6	3
Scattershot	7	3
Scattershot	8	3
Scattershot	9	3
Scattershot	10	3
Booming Buster	1	28
Swooshing Slash	1	12
Swooshing Slash	2	28
Speedy Sword	1	13
Speedy Sword	2	20
Speedy Sword	3	29
Boom-Boom Laser	1	6
Boom-Boom Laser	2	38
Steady Beam	1	5
Heat Rush	1	33
Storm Spin	1	2
Storm Spin	2	28
Storm Spin	3	55
Blazing Whip	1	8
Phantom Flame	1	4
Phantom Flame	2	39
Azure II: Hellfire	1	13
Azure II: Radiance	1	7
Azure II: Radiance	2	23
Azure II: Radiance	3	49
Azure II: Blaze	1	41
Azure II: Judgment	1	7
Azure II: Judgment	2	11
Azure II: Judgment	3	39
Upper Edge	1	19
Big Impact	1	22
Electro Buster	1	11
Voltaic Slash	1	25
Voltaic Slash	2	37
Stratospheric Thunder	1	8
Dynamic Spark Sword	1	57
Dynamic Spark Sword	2	75
Dynamic Spark Sword	3	125
Overload Thunder Beam	1	62
Overload Thunder Beam	2	67
Overload Thunder Beam	3	72
Overload Thunder Beam	4	77
Overload Thunder Beam	5	82
Overload Thunder Beam	6	87
Overload Thunder Beam	7	92
ULFS Max	1	17
ULFS Max	2	37
Cyclone Smash	1	5
Cyclone Smash	2	18
Wild Scythe	1	4
Wing Smash	1	4
Vortex Edge	1	7
Vortex Edge	2	15
Vortex Edge	3	36
Muscle Slash	1	3
Fast Twitch	1	12
Muscle Uppercut	1	19
Mega Muscle	1	14
Mega Muscle	2	27
Mega Muscle	3	60
Strong Smash	1	12
Axe Twist	1	1
Axe Twist	2	9
Power Swipe	1	11
Bold Tackle	1	1
Bold Tackle	2	33
Brutal Blade	1	9
Brutal Blade	2	52
Rhino Assault	1	17
Rhino Assault	2	38
Rhino Assault	3	68
Bear Smash	1	25
Shadow Slice	1	16
Shadow Slice	2	24
Rock Cleaver	1	15
Admiral Waltz	1	18
Admiral Waltz	2	40
Gale Blade	1	14
Rising Dragon	1	20
Rising Dragon	2	36
Spinning Elbow	1	5
Spinning Elbow	2	28
Triumphal Axe	1	3
Triumphal Axe	2	10
Triumphal Axe	3	39
Raging Charge	1	8
Berserker Slash	1	12
Berserker Slash	2	31
Strong Horn	1	7
Power Spike	1	3
Power Spike	2	19
Heavy Hitter	1	4
Feral Spin	1	20
Feral Spin	2	28
Feral Spin	3	40
Vulture Peck	1	15
Vulture Peck	2	38
Gyro Break	1	8
Gyro Break	2	16
Raptor Raid	1	14
Raptor Raid	2	50
Discus Glaive	1	4
Discus Glaive	2	25
Discus Glaive	3	52
Crown Splitter	1	4
Spiral Uppercut	1	4
Twin Dragons	1	4
Twin Dragons	2	20
Windmill	1	25
Windmill	2	39
Brutal Swing	1	9
Brutal Swing	2	25
Meteor Lance	1	24
Powerhouse Smash	1	2
Powerhouse Smash	2	24
Supersonic Spin	1	6
Supersonic Spin	2	24
Daring Shot	1	1
Daring Shot	2	6
Daring Shot	3	11
Daring Shot	4	16
Daring Shot	5	20
Armor Crusher	1	1
Grenade Launcher	1	20
Wild Volley	1	12
Breach Shot	1	35
Breach Shot	2	48
Leopard Blow	1	30
Cattle Driver	1	12
Pulse Fire	1	29
Pulse Fire	2	36
Pulse Fire	3	42
Pulse Fire	4	48
Pulse Fire	5	54
Ogre Slam	1	2
Woodcutter	1	1
Woodcutter	2	11
Woodcutter	3	21
Woodcutter	4	31
Woodcutter	5	41
Woodcutter	6	51
Woodcutter	7	61
Touch-Me-Not	1	1
Touch-Me-Not	2	4
Touch-Me-Not	3	7
Touch-Me-Not	4	10
Touch-Me-Not	5	13
Touch-Me-Not	6	16
Touch-Me-Not	7	19
Touch-Me-Not	8	22
Touch-Me-Not	9	25
Touch-Me-Not	10	28
Touch-Me-Not	11	31
Mist Buster	1	2
Burst Gunner	1	9
Burst Gunner	2	12
Burst Gunner	3	15
Haywire Chainshot	1	8
Haywire Chainshot	2	13
Haywire Chainshot	3	19
Haywire Chainshot	4	24
Haywire Chainshot	5	29
Haywire Chainshot	6	34
Blowback Cannon	1	2
Laserpoint Bazooka	1	18
Laserpoint Bazooka	2	25
Laserpoint Bazooka	3	32
Laserpoint Bazooka	4	39
Laserpoint Bazooka	5	46
Laserpoint Bazooka	6	53
Iron Wall	1	1
Diving Swing	1	6
Diving Swing	2	21
Power Hammer	1	5
Power Hammer	2	17
Mighty Beat	1	27
Rumbling Smash	1	8
Rumbling Smash	2	37
Rumbling Smash	3	74
Elephant Press	1	12
Elephant Press	2	22
Elephant Press	3	33
Buckler Slam	1	40
Hammerhead	1	20
Vajra Blow	1	12
Battle Top	1	9
Battle Top	2	26
Battle Top	3	43
Battle Top	4	73
Mountain Crusher	1	19
Decimator	1	7
Decimator	2	28
Brawl Swing	1	10
Brawl Swing	2	37
Brawl Swing	3	51
Behemoth Uppercut	1	5
Detonation Blow	1	5
Impregnable Shield	1	1
Sword Uppercut	1	3
Sword Uppercut	2	14
Feral Blade	1	10
Breakdown	1	4
Breakdown	2	19
Breakdown	3	35
Dual Slash	1	4
Dual Slash	2	27
Deathbound	1	4
Deathbound	2	14
Scorpion Tail	1	11
Wolf Fang	1	6
Wolf Fang	2	15
Triple Flash	1	4
Triple Flash	2	11
Triple Flash	3	19
Aerial Slash	1	4
Aerial Slash	2	25
Eclipse Blade	1	20
Overfall	1	10
Quadruple Slash	1	5
Quadruple Slash	2	22
Quadruple Slash	3	34
Quadruple Slash	4	52
Reverb Blade	1	21
Psychic Sword	1	12
Psychic Sword	2	29
Aerial Edge	1	2
Aerial Edge	2	7
Aerial Edge	3	14
Shogun Slash	1	9
Shogun Slash	2	18
Touchdown	1	40
Brave Throw	1	31
Strong Shot	1	49
Mighty Ball	1	46
Dolphin Spin	1	4
Dolphin Spin	2	12
Dolphin Spin	3	20
Healing Circle	1	6
Falcon Turn	1	30
Acrobatic Bomber	1	33
Dragonbane Shot	1	23
Celestial Flash	1	30
Shadowrunner	1	6
Gliding Swallow	1	10
Rumble Pitch	1	86
Pulverizing Dunk	1	22
Shell Shot	1	52
Precipitous Impact	1	43
Feral Uppercut	1	2
Grand Smash	1	15
Bullet Punch	1	6
Bullet Punch	2	11
Bullet Punch	3	21
Bullet Punch	4	32
Mach Straight Punch	1	10
Jackal Claw	1	2
Jackal Claw	2	6
Jackal Claw	3	16
Comet Punch	1	3
Deadly Twister	1	6
Raptor Beat	1	2
Raptor Beat	2	10
Raptor Beat	3	35
Armored Fist	1	8
Takedown	1	5
Takedown	2	20
Sneak Hit	1	8
Sneak Hit	2	26
Peerless Blow	1	23
Hammer Lariat	1	6
Fury Dropkick	1	13
Dynamite Knuckle	1	18
Skysplitter Cross Chop	1	11
Sword Bash (Broadsword)	1	3
Double Spinning Edge (Broadsword)	1	13
Double Spinning Edge (Broadsword)	2	25
Rolling Smash (Broadsword)	1	26
Anchor Shot (Broadsword)	1	26
Anchor Shot (Broadsword)	2	46
Ultraslash (Chapter 1)	1	4
Ultraslash (Chapter 1)	2	28
Skyward Slash (Chapter 1)	1	4
Empty Moment (Chapter 1)	1	6
Empty Moment (Chapter 1)	2	8
Empty Moment (Chapter 1)	3	10
Empty Moment (Chapter 1)	4	12
Empty Moment (Chapter 1)	5	14
Empty Moment (Chapter 1)	6	16
Empty Moment (Chapter 1)	7	18
Empty Moment (Chapter 1)	8	20
Stunned Swallow (Chapter 1)	1	1
Hammer Bash	1	3
Sword Strike	1	7
Sword Strike	2	19
Spiral Savate	1	9
Chakra Burst	1	90
Ultraslash (Chapter 8)	1	4
Ultraslash (Chapter 8)	2	28
Skyward Slash (Chapter 8)	1	4
Heavenly Disrupt (Chapter 8)	1	4
Heavenly Disrupt (Chapter 8)	2	6
Heavenly Disrupt (Chapter 8)	3	30
Heavenly Disrupt (Chapter 8)	4	62
Heavenly Disrupt (Chapter 8)	5	66
Heavenly Disrupt (Chapter 8)	6	70
Heavenly Disrupt (Chapter 8)	7	74
Heavenly Disrupt (Chapter 8)	8	85
Heavenly Disrupt (Chapter 8)	9	92
Stunned Swallow (Chapter 8)	1	1
Revolt Smash	1	12
Screw Reaper	1	1
Screw Reaper	2	9
Rising Crescent	1	11
Withering Assault	1	1
Withering Assault	2	33
Brutal Scythe	1	9
Brutal Scythe	2	52
Capra Assault	1	17
Capra Assault	2	38
Capra Assault	3	68
Grizzly Smash	1	25
Creeping Slicer	1	16
Creeping Slicer	2	24
Tempest Strike	1	15
Sacred Beast's Blessing	1	18
Sacred Beast's Blessing	2	40
Cyclonic Blade	1	14
Azure Dragon Storm	1	20
Azure Dragon Storm	2	36
Surprise Elbow	1	5
Surprise Elbow	2	28
Careful Swing	1	3
Careful Swing	2	10
Careful Swing	3	39
Standing Ovation	1	8
Bewilder Slash	1	12
Bewilder Slash	2	31
Earth Splitter	1	7
Powerquake	1	3
Powerquake	2	19
Final Stone	1	4
Dust Up	1	20
Dust Up	2	28
Dust Up	3	40
Condor's Beak	1	15
Condor's Beak	2	38
Sand Break	1	8
Sand Break	2	16
Cobra Raid	1	14
Cobra Raid	2	50
Merciless Twister	1	4
Merciless Twister	2	25
Merciless Twister	3	52
Blunt Force	1	4
Heaven's Valor	1	4
Lunar Salutation	1	4
Lunar Salutation	2	20
Twisted Thistle	1	25
Twisted Thistle	2	39
Grudge Blow	1	9
Grudge Blow	2	25
Heaven's Revenge	1	24
Takedown Smash	1	2
Takedown Smash	2	24
Whirlwind of Passion	1	6
Whirlwind of Passion	2	24
Opened Fan	1	5
Screw Cutter	1	19
Screw Cutter	2	28
Cross Edge	1	8
Cross Edge	2	20
Brave Wing	1	3
Brave Wing	2	6
Brave Wing	3	15
Brave Wing	4	17
Swallowtail	1	5
Swallowtail	2	9
Swallowtail	3	19
Swallowtail	4	22
Scarecrow	1	43
Vicious Circle	1	13
Vicious Circle	2	20
Healing Trick	1	34
Albatross Cut	1	10
Albatross Cut	2	12
2,000 Wings	1	3
2,000 Wings	2	8
2,000 Wings	3	26
2,000 Wings	4	30
Black Wing Dance	1	17
Stoking the Fire	1	31
Twilight Twist	1	3
Bold Division	1	1
Gutsy Cutter	1	8
Exquisite Spiral	1	7
Exquisite Spiral	2	10
Thunderclap	1	5
Haphazard Throw	1	19
Haphazard Throw	2	28
Cutting Edge	1	8
Cutting Edge	2	20
Rebel's Dagger	1	3
Rebel's Dagger	2	6
Rebel's Dagger	3	15
Rebel's Dagger	4	17
Papillon Dance	1	5
Papillon Dance	2	9
Papillon Dance	3	19
Papillon Dance	4	22
Cheetah Scratch	1	43
Tricksy Loop	1	13
Tricksy Loop	2	20
Lustrous Heal	1	34
Photon Slash	1	10
Photon Slash	2	12
Marigold in Bloom	1	3
Marigold in Bloom	2	8
Marigold in Bloom	3	26
Marigold in Bloom	4	30
Flowing Shadow	1	17
Mastery of Sky Sparks	1	31
Electroshade Twist	1	3
Bewitching Divide	1	1
Thunderslam	1	8
Florid Spiral	1	7
Florid Spiral	2	10
Critical Trigger	1	1
Critical Trigger	2	6
Critical Trigger	3	11
Critical Trigger	4	16
Critical Trigger	5	20
Mighty Missile	1	1
Grenade Burst	1	20
Flamecaster	1	12
Surprise Shot	1	35
Surprise Shot	2	48
Porcupine Blow	1	30
Mayfly	1	12
Phosphorescent Flare	1	29
Phosphorescent Flare	2	36
Phosphorescent Flare	3	42
Phosphorescent Flare	4	48
Phosphorescent Flare	5	54
Cruel Musket	1	2
Thorn Assault	1	1
Thorn Assault	2	11
Thorn Assault	3	21
Thorn Assault	4	31
Thorn Assault	5	41
Thorn Assault	6	51
Thorn Assault	7	61
Rhododendron	1	1
Rhododendron	2	4
Rhododendron	3	7
Rhododendron	4	10
Rhododendron	5	13
Rhododendron	6	16
Rhododendron	7	19
Rhododendron	8	22
Rhododendron	9	25
Rhododendron	10	28
Rhododendron	11	31
Chimera Drop	1	2
Breakthrough Cannon	1	9
Breakthrough Cannon	2	12
Breakthrough Cannon	3	15
Frenzied Fire	1	8
Frenzied Fire	2	13
Frenzied Fire	3	19
Frenzied Fire	4	24
Frenzied Fire	5	29
Frenzied Fire	6	34
Stark Artillery	1	2
Crazed Bazooka	1	18
Crazed Bazooka	2	25
Crazed Bazooka	3	32
Crazed Bazooka	4	39
Crazed Bazooka	5	46
Crazed Bazooka	6	53
Wild Slugger	1	2
Terror Smash	1	15
Rock Bullet	1	6
Rock Bullet	2	11
Rock Bullet	3	21
Rock Bullet	4	32
Giant Straight	1	10
Lion Claw	1	2
Lion Claw	2	6
Lion Claw	3	16
Meteor Punch	1	3
Raging Screw	1	6
Buffalo Beat	1	2
Buffalo Beat	2	10
Buffalo Beat	3	35
Armor Breaker	1	8
Bear Twist	1	5
Bear Twist	2	20
Devastating Tremor	1	8
Devastating Tremor	2	26
Earth Mover	1	23
Sublime Lariat	1	6
Falling Dropkick	1	13
Decisive Knuckle	1	18
Sacrificial Chop	1	11
Gale Upper	1	2
Wind Smash	1	15
Stormstarter	1	6
Stormstarter	2	11
Stormstarter	3	21
Stormstarter	4	32
Hurricane Punch	1	10
Sabertooth Slash	1	2
Sabertooth Slash	2	6
Sabertooth Slash	3	16
Updraft	1	3
Whirlwind	1	6
Universal Beat	1	2
Universal Beat	2	10
Universal Beat	3	35
Blade of the Abyss	1	8
Blunt Aggression	1	5
Blunt Aggression	2	20
Galeforce Blow	1	8
Galeforce Blow	2	26
No Love Lost	1	23
Menacing Lariat	1	6
Hurricane Dropkick	1	13
Shuddering Tonfa	1	18
Wind Dragon Chop	1	11
Monado Shield (Rex)	1	1
Monado Storm	1	6
Monado Storm	2	21
Monado Burst	1	5
Monado Burst	2	17
Monado Beat	1	27
Lightning Smash	1	8
Lightning Smash	2	37
Lightning Smash	3	74
Monado Striker	1	12
Monado Striker	2	22
Monado Striker	3	33
Lucent Glance	1	40
Beam Thrust	1	20
Steel Brand	1	12
Blade Masquerade	1	9
Blade Masquerade	2	26
Blade Masquerade	3	43
Blade Masquerade	4	73
Echo Edge	1	19
Sudden Smite	1	7
Sudden Smite	2	28
Monado Shield (Zeke)	1	1
Helios Circle	1	10
Helios Circle	2	37
Helios Circle	3	51
Ragnarok Slash	1	5
Nemesis Beat	1	5
Wind Slicer	1	5
Skyward Edge	1	19
Skyward Edge	2	28
Infinity Wing	1	8
Infinity Wing	2	20
Screw Edge	1	3
Screw Edge	2	6
Screw Edge	3	15
Screw Edge	4	17
Air Slash	1	5
Air Slash	2	9
Air Slash	3	19
Air Slash	4	22
Avian Spin	1	43
Whirling Edge	1	13
Whirling Edge	2	20
Soothing Breeze	1	34
Draconic Lunge	1	10
Draconic Lunge	2	12
Phoenix Dance	1	3
Phoenix Dance	2	8
Phoenix Dance	3	26
Phoenix Dance	4	30
Universe Flicker	1	17
Moongale Waltz	1	31
Tempest Twist	1	3
Flareflash Divide	1	1
Windmill Cutter	1	8
Typhoon Spin	1	7
Typhoon Spin	2	10
Stunned Swallow (Challenge Mode)	1	1
Empty Moment (Challenge Mode)	1	6
Empty Moment (Challenge Mode)	2	8
Empty Moment (Challenge Mode)	3	10
Empty Moment (Challenge Mode)	4	12
Empty Moment (Challenge Mode)	5	14
Empty Moment (Challenge Mode)	6	16
Empty Moment (Challenge Mode)	7	18
Empty Moment (Challenge Mode)	8	20
Heavenly Disrupt (Challenge Mode)	1	4
Heavenly Disrupt (Challenge Mode)	2	6
Heavenly Disrupt (Challenge Mode)	3	30
Heavenly Disrupt (Challenge Mode)	4	62
Heavenly Disrupt (Challenge Mode)	5	66
Heavenly Disrupt (Challenge Mode)	6	70
Heavenly Disrupt (Challenge Mode)	7	74
Heavenly Disrupt (Challenge Mode)	8	85
Heavenly Disrupt (Challenge Mode)	9	92
Dark Edge	1	5
Trickshot	1	19
Trickshot	2	28
Mystic Slice	1	8
Mystic Slice	2	20
Shadow Twist	1	3
Shadow Twist	2	6
Shadow Twist	3	15
Shadow Twist	4	17
Panther Edge	1	5
Panther Edge	2	9
Panther Edge	3	19
Panther Edge	4	22
Sword Slap	1	43
Bat Tango	1	13
Bat Tango	2	20
Soothing Twilight	1	34
Phantom Pivot	1	10
Phantom Pivot	2	12
Gloomwheel	1	3
Gloomwheel	2	8
Gloomwheel	3	26
Gloomwheel	4	30
Fogcutter	1	17
Nightfire	1	31
Calamity Feint	1	3
Astonishing Slash	1	1
Supremacy Spin	1	8
Profundity Grace	1	7
Profundity Grace	2	10
Flash Uppercut	1	3
Flash Uppercut	2	14
Night Breaker	1	10
Starfall	1	4
Starfall	2	19
Starfall	3	35
Victory Slash	1	4
Victory Slash	2	27
Regal Hunter	1	4
Regal Hunter	2	14
Tiger Tail	1	11
Dragon Fang	1	6
Dragon Fang	2	15
Dazzling Rush	1	4
Dazzling Rush	2	11
Dazzling Rush	3	19
Lightsplitter	1	4
Lightsplitter	2	25
New Moon	1	20
Sirius	1	10
Binary Star	1	5
Binary Star	2	22
Binary Star	3	34
Binary Star	4	52
Galactic Strike	1	21
Dark Matter Assault	1	12
Dark Matter Assault	2	29
Dynasty Sweep	1	2
Dynasty Sweep	2	7
Dynasty Sweep	3	14
Sovereign Approach	1	9
Sovereign Approach	2	18
\.


--
-- Data for Name: art_ratios; Type: TABLE DATA; Schema: xeno2; Owner: poppi
--

COPY xeno2.art_ratios (art, hit, ratio) FROM stdin;
Double Spinning Edge	1	1
Withering Assault	1	1
Withering Assault	2	2
Brutal Scythe	1	1
Brutal Scythe	2	2
Capra Assault	1	2
Capra Assault	2	2
Capra Assault	3	1
Azure Dragon Storm	1	1
Azure Dragon Storm	2	2
Surprise Elbow	1	2
Surprise Elbow	2	1
Careful Swing	1	1
Careful Swing	2	1
Careful Swing	3	2
Powerquake	1	1
Powerquake	2	2
Dust Up	1	1
Dust Up	2	1
Dust Up	3	2
Condor's Beak	1	1
Condor's Beak	2	2
Sand Break	1	1
Sand Break	2	2
Cobra Raid	1	1
Cobra Raid	2	2
Lunar Salutation	1	1
Lunar Salutation	2	2
Grudge Blow	1	1
Grudge Blow	2	2
Takedown Smash	1	1
Takedown Smash	2	2
Cross Edge	1	1
Cross Edge	2	2
Swallowtail	1	1
Swallowtail	2	1
Swallowtail	3	2
Swallowtail	4	2
2,000 Wings	1	1
2,000 Wings	2	1
2,000 Wings	3	2
2,000 Wings	4	2
Cutting Edge	1	1
Cutting Edge	2	2
Papillon Dance	1	1
Papillon Dance	2	1
Papillon Dance	3	2
Papillon Dance	4	2
Marigold in Bloom	1	1
Marigold in Bloom	2	1
Marigold in Bloom	3	2
Marigold in Bloom	4	2
Thorn Assault	1	2
Thorn Assault	2	1
Thorn Assault	3	1
Thorn Assault	4	1
Thorn Assault	5	1
Thorn Assault	6	1
Thorn Assault	7	1
Thorn Assault	8	1
Thorn Assault	9	1
Thorn Assault	10	1
Thorn Assault	11	1
Thorn Assault	12	1
Thorn Assault	13	1
Crazed Bazooka	1	2
Crazed Bazooka	2	1
Crazed Bazooka	3	1
Crazed Bazooka	4	1
Crazed Bazooka	5	1
Crazed Bazooka	6	1
Crazed Bazooka	7	1
Crazed Bazooka	8	1
Lion Claw	1	1
Lion Claw	2	1
Lion Claw	3	2
Buffalo Beat	1	1
Buffalo Beat	2	1
Buffalo Beat	3	2
Bear Twist	1	1
Bear Twist	2	2
Devastating Tremor	1	2
Devastating Tremor	2	1
Sacrificial Chop	1	1
Sacrificial Chop	2	2
Sabertooth Slash	1	1
Sabertooth Slash	2	1
Sabertooth Slash	3	2
Universal Beat	1	1
Universal Beat	2	1
Universal Beat	3	2
Blunt Aggression	1	1
Blunt Aggression	2	2
Galeforce Blow	1	2
Galeforce Blow	2	1
Wind Dragon Chop	1	1
Wind Dragon Chop	2	2
Monado Storm	1	2
Monado Storm	2	1
Monado Burst	1	1
Monado Burst	2	2
Lightning Smash	1	1
Lightning Smash	2	1
Lightning Smash	3	2
Monado Striker	1	1
Monado Striker	2	1
Monado Striker	3	2
Blade Masquerade	1	1
Blade Masquerade	2	1
Blade Masquerade	3	1
Blade Masquerade	4	2
Sudden Smite	1	1
Sudden Smite	2	2
Infinity Wing	1	1
Infinity Wing	2	2
Air Slash	1	1
Air Slash	2	1
Air Slash	3	2
Air Slash	4	2
Phoenix Dance	1	1
Phoenix Dance	2	1
Phoenix Dance	3	2
Phoenix Dance	4	2
Stunned Swallow (Challenge Mode)	1	255
Heavenly Disrupt (Challenge Mode)	1	1
Heavenly Disrupt (Challenge Mode)	2	255
Heavenly Disrupt (Challenge Mode)	3	1
Heavenly Disrupt (Challenge Mode)	4	1
Heavenly Disrupt (Challenge Mode)	5	1
Heavenly Disrupt (Challenge Mode)	6	1
Heavenly Disrupt (Challenge Mode)	7	1
Heavenly Disrupt (Challenge Mode)	8	1
Heavenly Disrupt (Challenge Mode)	9	1
Mystic Slice	1	1
Mystic Slice	2	2
Panther Edge	1	1
Panther Edge	2	1
Panther Edge	3	2
Panther Edge	4	2
Gloomwheel	1	1
Gloomwheel	2	1
Gloomwheel	3	2
Gloomwheel	4	2
Starfall	1	2
Starfall	2	1
Starfall	3	3
Victory Slash	1	1
Victory Slash	2	2
Regal Hunter	1	1
Regal Hunter	2	2
Dazzling Rush	1	1
Dazzling Rush	2	1
Dazzling Rush	3	2
Lightsplitter	1	1
Lightsplitter	2	2
Binary Star	1	1
Binary Star	2	1
Binary Star	3	1
Binary Star	4	2
Double Spinning Edge	2	2
Anchor Shot	1	1
Anchor Shot	2	2
Saber Slash	1	1
Saber Slash	2	1
Saber Slash	3	2
Eightfold Edge	1	1
Eightfold Edge	2	2
Butterfly Blade	1	1
Butterfly Blade	2	1
Butterfly Blade	3	2
Butterfly Blade	4	2
Inferno Wheel	1	1
Inferno Wheel	2	1
Inferno Wheel	3	2
Inferno Wheel	4	2
Steady Drill	1	1
Steady Drill	2	1
Steady Drill	3	1
Steady Drill	4	1
Steady Drill	5	2
Big Boost	1	1
Big Boost	2	1
Big Boost	3	1
Big Boost	4	2
Spinning Cutter	1	1
Spinning Cutter	2	1
Spinning Cutter	3	1
Spinning Cutter	4	2
Storm Spin	1	1
Storm Spin	2	1
Storm Spin	3	2
Azure II: Radiance	1	1
Azure II: Radiance	2	1
Azure II: Radiance	3	2
Azure II: Judgment	1	1
Azure II: Judgment	2	1
Azure II: Judgment	3	2
Dynamic Spark Sword	1	1
Dynamic Spark Sword	2	1
Dynamic Spark Sword	3	2
Overload Thunder Beam	1	2
Overload Thunder Beam	2	1
Overload Thunder Beam	3	1
Overload Thunder Beam	4	1
Overload Thunder Beam	5	1
Overload Thunder Beam	6	1
Overload Thunder Beam	7	1
ULFS Max	1	1
ULFS Max	2	2
Cyclone Smash	1	1
Cyclone Smash	2	2
Vortex Edge	1	1
Vortex Edge	2	1
Vortex Edge	3	2
Axe Twist	1	1
Axe Twist	2	2
Bold Tackle	1	1
Bold Tackle	2	2
Brutal Blade	1	1
Brutal Blade	2	2
Rhino Assault	1	2
Rhino Assault	2	2
Rhino Assault	3	1
Rising Dragon	1	1
Rising Dragon	2	2
Spinning Elbow	1	2
Spinning Elbow	2	1
Triumphal Axe	1	1
Triumphal Axe	2	1
Triumphal Axe	3	2
Power Spike	1	1
Power Spike	2	2
Feral Spin	1	1
Feral Spin	2	1
Feral Spin	3	2
Vulture Peck	1	1
Vulture Peck	2	2
Gyro Break	1	1
Gyro Break	2	2
Raptor Raid	1	1
Raptor Raid	2	2
Twin Dragons	1	1
Twin Dragons	2	2
Brutal Swing	1	1
Brutal Swing	2	2
Powerhouse Smash	1	1
Powerhouse Smash	2	2
Woodcutter	1	2
Woodcutter	2	1
Woodcutter	3	1
Woodcutter	4	1
Woodcutter	5	1
Woodcutter	6	1
Woodcutter	7	1
Woodcutter	8	1
Woodcutter	9	1
Woodcutter	10	1
Woodcutter	11	1
Woodcutter	12	1
Woodcutter	13	1
Laserpoint Bazooka	1	2
Laserpoint Bazooka	2	1
Laserpoint Bazooka	3	1
Laserpoint Bazooka	4	1
Laserpoint Bazooka	5	1
Laserpoint Bazooka	6	1
Laserpoint Bazooka	7	1
Laserpoint Bazooka	8	1
Diving Swing	1	2
Diving Swing	2	1
Power Hammer	1	1
Power Hammer	2	2
Rumbling Smash	1	1
Rumbling Smash	2	1
Rumbling Smash	3	2
Elephant Press	1	1
Elephant Press	2	1
Elephant Press	3	2
Battle Top	1	1
Battle Top	2	1
Battle Top	3	1
Battle Top	4	2
Decimator	1	1
Decimator	2	2
Breakdown	1	2
Breakdown	2	1
Breakdown	3	3
Dual Slash	1	1
Dual Slash	2	2
Deathbound	1	1
Deathbound	2	2
Triple Flash	1	1
Triple Flash	2	1
Triple Flash	3	2
Aerial Slash	1	1
Aerial Slash	2	2
Quadruple Slash	1	1
Quadruple Slash	2	1
Quadruple Slash	3	1
Quadruple Slash	4	2
Psychic Sword	1	1
Psychic Sword	2	2
Shogun Slash	1	1
Shogun Slash	2	2
Jackal Claw	1	1
Jackal Claw	2	1
Jackal Claw	3	2
Raptor Beat	1	1
Raptor Beat	2	1
Raptor Beat	3	2
Takedown	1	1
Takedown	2	2
Sneak Hit	1	2
Sneak Hit	2	1
Skysplitter Cross Chop	1	1
Skysplitter Cross Chop	2	2
Double Spinning Edge (Broadsword)	1	1
Double Spinning Edge (Broadsword)	2	2
Stunned Swallow (Chapter 1)	1	255
Sword Strike	1	1
Sword Strike	2	1
Heavenly Disrupt (Chapter 8)	1	1
Heavenly Disrupt (Chapter 8)	2	255
Heavenly Disrupt (Chapter 8)	3	1
Heavenly Disrupt (Chapter 8)	4	1
Heavenly Disrupt (Chapter 8)	5	1
Heavenly Disrupt (Chapter 8)	6	1
Heavenly Disrupt (Chapter 8)	7	1
Heavenly Disrupt (Chapter 8)	8	1
Heavenly Disrupt (Chapter 8)	9	1
Stunned Swallow (Chapter 8)	1	255
Screw Reaper	1	1
Screw Reaper	2	2
Dark Matter Assault	1	1
Dark Matter Assault	2	2
Sovereign Approach	1	1
Sovereign Approach	2	2
\.


--
-- Data for Name: art_reactions; Type: TABLE DATA; Schema: xeno2; Owner: poppi
--

COPY xeno2.art_reactions (art, hit, reaction) FROM stdin;
Anchor Shot	1	Topple
Falling Dropkick	1	Blowdown Lv 3
Gale Upper	1	Blowdown Lv 1
Hurricane Punch	1	Knockback Lv 2
Updraft	1	Launch
Universal Beat	3	Knockback Lv 1
Blade of the Abyss	1	Break
Blunt Aggression	2	Blowdown Lv 1
Menacing Lariat	1	Topple
Hurricane Dropkick	1	Blowdown Lv 1
Beam Thrust	1	Knockback Lv 1
Steel Brand	1	Topple
Ragnarok Slash	1	Launch
Nemesis Beat	1	Knockback Lv 2
Air Slash	4	Break
Empty Moment (Challenge Mode)	1	Blowdown Lv 1
Empty Moment (Challenge Mode)	3	Blowdown Lv 1
Empty Moment (Challenge Mode)	5	Blowdown Lv 1
Empty Moment (Challenge Mode)	7	Blowdown Lv 1
Heavenly Disrupt (Challenge Mode)	1	Break
Heavenly Disrupt (Challenge Mode)	3	Topple
Heavenly Disrupt (Challenge Mode)	4	Launch
Heavenly Disrupt (Challenge Mode)	9	Smash
Panther Edge	4	Break
Starfall	1	Smash
Starfall	3	Smash
Tiger Tail	1	Smash
Lightsplitter	2	Smash
Galactic Strike	1	Smash
Hydro Blast	1	Knockback Lv 1
Butterfly Blade	4	Break
Big Boost	1	Topple
Dented Shield	1	Smash
Dented Shield	2	Smash
Dented Shield	3	Smash
Dented Shield	4	Smash
Dented Shield	5	Smash
Dented Shield	6	Smash
Booming Buster	1	Knockback Lv 1
Swooshing Slash	1	Launch
Speedy Sword	1	Break
Speedy Sword	2	Break
Speedy Sword	3	Break
Azure II: Hellfire	1	Break
Upper Edge	1	Launch
Big Impact	1	Blowdown Lv 2
Stratospheric Thunder	1	Launch
Dynamic Spark Sword	3	Knockback Lv 1
ULFS Max	2	Blowdown Lv 3
Wing Smash	1	Smash
Muscle Uppercut	1	Launch
Power Swipe	1	Launch
Brutal Blade	1	Topple
Gale Blade	1	Blowdown Lv 1
Spinning Elbow	2	Topple
Triumphal Axe	2	Knockback Lv 1
Power Spike	2	Break
Crown Splitter	1	Smash
Powerhouse Smash	2	Smash
Grenade Launcher	1	Blowdown Lv 1
Leopard Blow	1	Break
Ogre Slam	1	Break
Burst Gunner	3	Break
Blowback Cannon	1	Knockback Lv 1
Hammerhead	1	Knockback Lv 1
Vajra Blow	1	Topple
Behemoth Uppercut	1	Launch
Detonation Blow	1	Blowdown Lv 1
Sword Uppercut	2	Break
Aerial Slash	2	Smash
Acrobatic Bomber	1	Break
Feral Uppercut	1	Blowdown Lv 1
Comet Punch	1	Launch
Raptor Beat	3	Knockback Lv 1
Armored Fist	1	Break
Takedown	2	Blowdown Lv 1
Hammer Lariat	1	Topple
Fury Dropkick	1	Blowdown Lv 1
Skyward Slash (Chapter 1)	1	Break
Hammer Bash	1	Topple
Chakra Burst	1	Knockback Lv 2
Skyward Slash (Chapter 8)	1	Break
Heavenly Disrupt (Chapter 8)	3	Topple
Heavenly Disrupt (Chapter 8)	4	Launch
Heavenly Disrupt (Chapter 8)	9	Smash
Rising Crescent	1	Launch
Brutal Scythe	1	Topple
Cyclonic Blade	1	Blowdown Lv 1
Surprise Elbow	2	Topple
Powerquake	2	Break
Blunt Force	1	Smash
Takedown Smash	2	Smash
Swallowtail	4	Break
Papillon Dance	4	Break
Grenade Burst	1	Blowdown Lv 2
Porcupine Blow	1	Break
Cruel Musket	1	Break
Breakthrough Cannon	3	Break
Stark Artillery	1	Knockback Lv 2
Wild Slugger	1	Blowdown Lv 3
Giant Straight	1	Knockback Lv 3
Meteor Punch	1	Launch
Buffalo Beat	3	Knockback Lv 3
Armor Breaker	1	Break
Bear Twist	2	Blowdown Lv 3
Sublime Lariat	1	Topple
\.


--
-- Data for Name: arts; Type: TABLE DATA; Schema: xeno2; Owner: poppi
--

COPY xeno2.arts (name, driver, weapon, type, damage_ratio, range, recharge, wp, caption, distance, radius, hate, accuracy_mod, crit_mod) FROM stdin;
Anchor Shot	Rex	Aegis Sword	Physical	100/120/140/160/180/192	One Target	6/6/6/6/6/6	0/480/2160/4800/12000	HP Potion	8	0	18	0	0
Sword Bash	Rex	Aegis Sword	Physical	170/200/230/260/290/336	One Target	7/7/6/6/5/4	0/360/1620/3600/9000	Back attack	8	0	14	0	0
Double Spinning Edge	Rex	Aegis Sword	Physical	200/240/280/320/360/400	One Target	8/8/7/7/6/5	0/440/1980/4400/11000	Side attack	8	0	14	0	0
Rolling Smash	Rex	Aegis Sword	Ether	330/370/410/450/490/545	Ahead	11/11/10/10/9/8	0/320/1440/3200/8000	AOE / Aggro down	8	2	14	0	0
Saber Slash	Rex	Catalyst Scimitar	Physical	170/200/230/260/290/336	One Target	8/8/7/7/6/5	0/310/1390/3080/7700	HP Potion	8	0	14	0	0
Redemption	Rex	Catalyst Scimitar	Recovery	231/250/270/290/310/341	All	14/14/13/13/12/11	0/340/1510/3360/8400	Heal party	200	0	18	0	0
Hydro Blast	Rex	Catalyst Scimitar	Ether	250/300/350/400/450/500	Ahead	10/10/9/9/8/7	0/220/1010/2240/5600	AOE / Knockback	12	2	10	0	0
Water Flower	Rex	Catalyst Scimitar	Ether	300/340/380/420/460/500	One Target	11/11/10/10/9/8	0/250/1130/2520/6300	Pierce	8	0	10	0	0
Wide Slash	Rex	Twin Rings	Physical	200/240/280/320/360/400	One Target	8/8/7/7/6/5	0/480/2180/4840/12100	Side attack	8	0	10	0	0
Strong Saucer	Rex	Twin Rings	Ether	100/130/160/190/220/240	One Target	11/11/10/10/9/8	0/530/2380/5280/13200	HP Potion	8	0	18	0	0
Eightfold Edge	Rex	Twin Rings	Physical	240/290/340/390/440/500	One Target	8/8/7/7/6/5	0/350/1580/3520/8800	Beasts	8	0	10	0	0
Spin of Bravery	Rex	Twin Rings	Physical	300/340/380/420/460/500	Circle (User)	14/14/13/13/12/11	0/400/1780/3960/9900	AOE	8	2	10	0	0
Butterfly Blade	Nia	Twin Rings	Physical	240/280/320/360/400/450	One Target	14/14/13/13/12/11	0/400/1780/3960/9900	Break	8	0	10	0	0
Jaguar Slash	Nia	Twin Rings	Ether	100/130/160/190/220/240	One Target	11/11/10/10/9/8	0/320/1460/3240/8100	HP Potion	8	0	18	0	0
Gemini Loop	Nia	Twin Rings	Ether	200/240/280/320/360/400	Ahead	8/8/7/7/6/5	0/290/1300/2880/7200	AOE / Side atk	8	2	10	0	0
Healing Halo	Nia	Twin Rings	Recovery	210/230/250/270/290/290	All	14/14/13/13/12/11	0/430/1940/4320/10800	Heal party	200	0	18	0	0
Halo Strike	Mrag	Twin Rings	Ether	100/130/160/190/220/240	One Target	11/11/10/10/9/8	0/440/1980/4400/11000	HP Potion	8	0	18	0	0
Inferno Wheel	Mrag	Twin Rings	Physical	200/240/280/320/360/400	One Target	8/8/7/7/6/5	0/320/1440/3200/8000	Beasts	8	0	10	0	0
Twin Moonblade	Mrag	Twin Rings	Ether	300/340/380/420/460/500	Ahead	14/14/13/13/12/11	0/360/1620/3600/9000	AOE	8	2	10	0	0
Revolution Flash	Mrag	Twin Rings	Recovery	200/220/240/260/280/290	All	14/14/13/13/12/11	0/480/2160/4800/12000	Heal party	200	0	18	0	0
Rapid Twist	Zeke	Twin Rings	Physical	210/250/290/330/370/420	One Target	8/8/7/7/6/5	0/380/1730/3840/9600	Beasts	8	0	10	0	0
Clear Divide	Zeke	Twin Rings	Ether	100/130/160/190/220/240	One Target	14/14/13/13/12/11	0/580/2590/5760/14400	HP Potion	8	0	18	0	0
Righteous Guillotine	Zeke	Twin Rings	Ether	170/210/250/290/330/360	Ahead	11/11/10/10/9/8	0/430/1940/4320/10800	AOE / Flying	8	3	10	0	0
Shredder Spiral	Zeke	Twin Rings	Physical	220/260/300/340/380/440	Circle (User)	11/11/10/10/9/8	0/530/2380/5280/13200	AOE / Back attack	8	2	10	0	0
Steady Drill	Tora	Drill Shields	Physical	270/310/350/390/430/450	One Target	9/9/8/8/7/6	0/440/1980/4400/11000	Launched	8	0	0	0	0
Big Boost	Tora	Drill Shields	Physical	200/240/280/320/360/400	One Target	11/11/10/10/9/8	0/480/2160/4800/12000	Topple / Low HP	8	0	0	0	0
Strong Horn	Rex	Megalance	Physical	160/190/220/250/280/320	One Target	9/9/8/8/7/6	0/320/1460/3240/8100	High HP	10	0	14	0	0
Spinning Cutter	Tora	Drill Shields	Physical	96/120/140/160/180/192	Circle (User)	6/6/6/6/6/6	0/320/1440/3200/8000	AOE / Aggro up	8	4	0	0	0
Rigid Shield	Tora	Drill Shields	Defensive	270/270/360/360/360/450	One Target	12/12/11/11/10/9	0/360/1620/3600/9000	Defense	8	0	0	0	0
Pow-Pow Cannon	Tora	Mech Arms	Ether	200/240/280/320/360/400	One Target	9/9/8/8/7/6	0/430/1940/4320/10800	Aggroed	8	0	0	0	0
Dented Shield	Tora	Mech Arms	Physical	300/340/380/420/460/500	One Target	11/11/10/10/9/8	0/580/2590/5760/14400	Smash	8	0	0	0	0
Scattershot	Tora	Mech Arms	Ether	150/190/230/270/310/336	One Target	9/9/8/8/7/6	0/380/1730/3840/9600	Evasion	8	0	0	0	0
Booming Buster	Tora	Mech Arms	Ether	200/240/280/320/360/400	Ahead	11/11/10/10/9/8	0/530/2380/5280/13200	AOE / Knockback	8	4	0	0	0
Swooshing Slash	Tora	Variable Saber	Physical	300/340/380/420/460/500	One Target	12/12/11/11/10/9	0/340/1510/3360/8400	Launch	8	0	0	0	0
Speedy Sword	Tora	Variable Saber	Physical	200/240/280/320/360/400	One Target	11/11/10/10/9/8	0/310/1390/3080/7700	Break	8	0	0	0	0
Boom-Boom Laser	Tora	Variable Saber	Ether	220/270/320/370/420/460	One Target	9/9/8/8/7/6	0/220/1010/2240/5600	Toppled	8	0	0	0	0
Steady Beam	Tora	Variable Saber	Ether	170/210/250/290/330/360	Ahead	10/10/9/9/8/7	0/250/1130/2520/6300	AOE / Heal on attack	8	3	0	0	0
Heat Rush	Rex	Whipsword	Ether	300/340/380/420/460/500	One Target	14/14/13/13/12/11	0/430/1940/4320/10800	Toppled	9	0	22	0	0
Storm Spin	Rex	Whipsword	Physical	180/210/240/270/300/350	Ahead	11/11/10/10/9/8	0/580/2590/5760/14400	AOE / Low HP	9	3	22	0	0
Blazing Whip	Rex	Whipsword	Physical	120/140/160/180/200/240	Ahead	8/8/7/7/6/5	0/380/1730/3840/9600	AOE / Aggro up	9	4	22	0	0
Phantom Flame	Rex	Whipsword	Ether	200/240/280/320/360/400	Ahead	10/10/9/9/8/7	0/530/2380/5280/13200	AOE / Evasion	9	3	22	0	0
Azure II: Hellfire	Mrag	Whipsword	Physical	300/340/380/420/460/500	One Target	14/14/13/13/12/11	0/480/2160/4800/12000	Break	9	0	22	0	0
Azure II: Radiance	Mrag	Whipsword	Physical	200/240/280/320/360/400	Ahead	10/10/9/9/8/7	0/360/1620/3600/9000	AOE / Toppled	9	3	22	0	0
Azure II: Blaze	Mrag	Whipsword	Ether	120/140/160/180/200/240	Ahead	8/8/7/7/6/5	0/320/1440/3200/8000	AOE / Aggro up	9	4	22	0	0
Azure II: Judgment	Mrag	Whipsword	Ether	200/240/280/320/360/400	One Target	11/11/10/10/9/8	0/440/1980/4400/11000	Evasion	9	0	22	0	0
Upper Edge	Rex	Big Bang Edge	Physical	300/340/380/420/460/500	One Target	9/9/8/8/7/6	0/620/2810/6240/15600	Launch	9	0	14	0	0
Big Impact	Rex	Big Bang Edge	Physical	300/340/380/420/460/500	Ahead	8/8/7/7/6/5	0/470/2110/4680/11700	AOE / Blowdown	9	4	14	0	0
Electro Buster	Rex	Big Bang Edge	Ether	420/450/480/510/540/558	Ahead	11/11/10/10/9/8	0/570/2570/5720/14300	AOE / Toppled	9	3	14	0	0
Voltaic Slash	Rex	Big Bang Edge	Physical	360/410/460/510/560/600	Ahead	7/7/6/6/5/4	0/420/1870/4160/10400	AOE / Machines	9	3	14	0	0
Stratospheric Thunder	Zeke	Big Bang Edge	Physical	300/340/380/420/460/500	One Target	9/9/8/8/7/6	0/480/2160/4800/12000	Launch	9	0	14	0	0
Dynamic Spark Sword	Zeke	Big Bang Edge	Physical	300/350/400/450/500/550	One Target	8/8/7/7/6/5	0/440/1980/4400/11000	Knockback / Front atk	9	0	14	0	0
Overload Thunder Beam	Zeke	Big Bang Edge	Ether	360/390/420/450/480/500	Ahead	7/7/6/6/5/4	0/320/1440/3200/8000	AOE / Machines	12	2	14	0	0
ULFS Max	Zeke	Big Bang Edge	Ether	420/450/480/510/540/589	Circle (User)	11/11/10/10/9/8	0/360/1620/3600/9000	AOE / Toppled/ Blowdown	9	2	14	0	0
Cyclone Smash	Rex	Dual Scythes	Physical	200/240/280/320/360/400	One Target	11/11/10/10/9/8	0/360/1620/3600/9000	Low HP	8	0	10	0	0
Wild Scythe	Rex	Dual Scythes	Physical	300/340/380/420/460/500	One Target	14/14/13/13/12/11	0/440/1980/4400/11000	HP down / Evasion	8	0	10	0	0
Wing Smash	Rex	Dual Scythes	Physical	250/300/350/400/450/500	One Target	12/12/11/11/10/9	0/480/2160/4800/12000	Smash	8	0	10	0	0
Vortex Edge	Rex	Dual Scythes	Ether	150/180/210/240/270/288	Circle (User)	8/8/7/7/6/5	0/320/1440/3200/8000	AOE / Flying	8	3	10	0	0
Muscle Slash	Vandham	Dual Scythes	Physical	200/240/280/320/360/400	One Target	8/8/7/7/6/5	0/320/1440/3200/8000	Low HP	8	0	10	0	0
Fast Twitch	Vandham	Dual Scythes	Physical	300/340/380/420/460/500	One Target	12/12/11/11/10/9	0/440/1980/4400/11000	HP down / Evasion	8	0	10	0	0
Muscle Uppercut	Vandham	Dual Scythes	Physical	250/300/350/400/450/500	One Target	9/9/8/8/7/6	0/480/2160/4800/12000	Launch	8	0	10	0	0
Mega Muscle	Vandham	Dual Scythes	Physical	150/180/210/240/270/288	Circle (User)	6/6/5/5/4/3	0/360/1620/3600/9000	AOE / Flying	8	3	10	0	0
Strong Smash	Rex	Greataxe	Physical	360/410/460/510/560/600	One Target	8/8/8/7/7/7	0/360/1620/3600/9000	Toppled	8	0	14	0	0
Axe Twist	Rex	Greataxe	Physical	144/170/200/230/260/288	Circle (User)	6/6/6/5/5/5	0/320/1440/3200/8000	AOE / Aquatic	8	3	14	0	0
Power Swipe	Rex	Greataxe	Physical	220/260/300/340/380/440	One Target	8/8/8/7/7/7	0/480/2160/4800/12000	Launch	8	0	14	0	20
Bold Tackle	Rex	Greataxe	Physical	240/290/340/390/440/480	One Target	7/7/7/6/6/6	0/440/1980/4400/11000	Critical recharge	8	0	14	0	0
Brutal Blade	Nia	Greataxe	Physical	260/310/360/410/460/520	One Target	7/7/7/6/6/6	0/530/2380/5280/13200	Topple	8	0	14	0	0
Rhino Assault	Nia	Greataxe	Physical	240/290/340/390/440/480	One Target	6/6/6/5/5/5	0/480/2180/4840/12100	Critical recharge	8	0	14	0	20
Bear Smash	Nia	Greataxe	Physical	330/390/450/510/570/625	One Target	8/8/8/7/7/7	0/400/1780/3960/9900	Toppled	8	0	14	0	0
Shadow Slice	Nia	Greataxe	Physical	144/170/200/230/260/288	Circle (User)	5/5/5/4/4/4	0/350/1580/3520/8800	AOE / Aquatic	8	2	14	0	0
Rock Cleaver	Mrag	Greataxe	Physical	260/310/360/410/460/520	One Target	7/7/7/6/6/6	0/380/1730/3840/9600	Aquatic	8	0	14	0	0
Admiral Waltz	Mrag	Greataxe	Physical	240/290/340/390/440/480	One Target	7/7/7/6/6/6	0/580/2590/5760/14400	Critical recharge	8	0	14	0	20
Gale Blade	Mrag	Greataxe	Physical	360/410/460/510/560/600	One Target	8/8/8/7/7/7	0/530/2380/5280/13200	Blowdown	8	0	14	0	0
Rising Dragon	Mrag	Greataxe	Physical	144/170/200/230/260/288	Circle (User)	6/6/6/5/5/5	0/430/1940/4320/10800	AOE / Launched	8	2	14	0	0
Spinning Elbow	Zeke	Greataxe	Physical	260/310/360/410/460/520	One Target	9/9/9/8/8/8	0/430/1940/4320/10800	Topple	8	0	14	0	0
Triumphal Axe	Zeke	Greataxe	Physical	220/260/300/340/380/440	Circle (User)	7/7/7/6/6/6	0/320/1460/3240/8100	AOE / Knockback	8	2	14	0	0
Raging Charge	Zeke	Greataxe	Physical	390/430/470/510/550/600	Ahead	8/8/8/7/7/7	0/290/1300/2880/7200	AOE / Toppled	8	2	14	0	0
Berserker Slash	Zeke	Greataxe	Physical	240/290/340/390/440/480	Ahead	7/7/7/6/6/6	0/400/1780/3960/9900	AOE / Critical recharge	8	2	14	0	20
Power Spike	Rex	Megalance	Physical	200/240/280/320/360/400	One Target	14/14/13/13/12/11	0/430/1940/4320/10800	Break / Side attack	10	0	14	0	0
Heavy Hitter	Rex	Megalance	Physical	150/170/190/210/230/240	One Target	10/10/9/9/8/7	0/400/1780/3960/9900	Aggro down	10	0	14	0	0
Feral Spin	Rex	Megalance	Physical	300/340/380/420/460/500	Circle (User)	13/13/12/12/11/10	0/290/1300/2880/7200	AOE / Insects	10	3	14	0	0
Vulture Peck	Nia	Megalance	Physical	160/190/220/250/280/320	One Target	9/9/8/8/7/6	0/480/2180/4840/12100	High HP	10	0	14	0	0
Gyro Break	Nia	Megalance	Physical	300/340/380/420/460/500	Circle (User)	14/14/13/13/12/11	0/350/1580/3520/8800	AOE / Insects	10	3	14	0	0
Raptor Raid	Nia	Megalance	Physical	130/160/190/220/250/264	One Target	11/11/10/10/9/8	0/400/1780/3960/9900	Back attack	10	0	14	0	0
Discus Glaive	Nia	Megalance	Ether	150/170/190/210/230/240	Circle (User)	14/14/13/13/12/11	0/530/2380/5280/13200	AOE / Aggro down	10	2	10	0	0
Crown Splitter	Mrag	Megalance	Physical	240/290/340/390/440/500	One Target	11/11/10/10/9/8	0/480/2160/4800/12000	Smash	10	0	14	0	0
Spiral Uppercut	Mrag	Megalance	Physical	130/160/190/220/250/264	One Target	11/11/10/10/9/8	0/320/1440/3200/8000	Back attack	10	0	14	0	0
Twin Dragons	Mrag	Megalance	Physical	200/240/280/320/360/420	One Target	9/9/8/8/7/6	0/360/1620/3600/9000	High HP	10	0	14	0	0
Windmill	Mrag	Megalance	Physical	150/170/190/210/230/240	Ahead	14/14/13/13/12/11	0/440/1980/4400/11000	AOE / Aggro down	10	2	14	0	0
Brutal Swing	Zeke	Megalance	Physical	120/140/160/180/200/240	One Target	8/8/7/7/6/5	0/400/1780/3960/9900	Side attack	10	0	14	0	0
Meteor Lance	Zeke	Megalance	Ether	130/160/190/220/250/264	Ahead	12/12/11/11/10/9	0/350/1580/3520/8800	AOE / Back attack	10	2	14	0	0
Powerhouse Smash	Zeke	Megalance	Physical	200/240/280/320/360/400	One Target	11/11/10/10/9/8	0/530/2380/5280/13200	Smash	10	0	14	0	0
Supersonic Spin	Zeke	Megalance	Ether	150/170/190/210/230/240	Ahead	14/14/13/13/12/11	0/480/2180/4840/12100	AOE / Aggro down	10	2	10	0	0
Daring Shot	Rex	Ether Cannon	Ether	108/130/150/170/190/216	One Target	8/8/7/7/6/5	0/400/1780/3960/9900	High HP	20	0	14	0	0
Armor Crusher	Rex	Ether Cannon	Ether	220/260/300/340/380/440	One Target	11/11/10/10/9/8	0/350/1580/3520/8800	Pierce	20	0	14	0	0
Grenade Launcher	Rex	Ether Cannon	Ether	300/340/380/420/460/500	Circle (Target)	12/12/11/11/10/9	0/530/2380/5280/13200	AOE / Blowdown	20	4	14	0	0
Wild Volley	Rex	Ether Cannon	Ether	180/220/260/300/340/360	Ahead	11/11/10/10/9/8	0/480/2180/4840/12100	AOE / Cancel attack	20	4	14	0	0
Breach Shot	Nia	Ether Cannon	Ether	180/220/260/300/340/360	One Target	11/11/10/10/9/8	0/360/1620/3600/9000	Cancel atk	20	0	14	0	0
Leopard Blow	Nia	Ether Cannon	Ether	300/340/380/420/460/500	One Target	12/12/11/11/10/9	0/480/2160/4800/12000	Break / Pierce	20	0	14	0	0
Cattle Driver	Nia	Ether Cannon	Ether	220/260/300/340/380/440	Ahead	11/11/10/10/9/8	0/320/1440/3200/8000	AOE / Launched	20	6	14	0	0
Pulse Fire	Nia	Ether Cannon	Ether	108/130/150/170/190/216	Ahead	8/8/7/7/6/5	0/440/1980/4400/11000	AOE / High HP	20	10	14	0	0
Ogre Slam	Mrag	Ether Cannon	Ether	300/340/380/420/460/500	One Target	12/12/11/11/10/9	0/430/1940/4320/10800	Break / Pierce	20	0	14	0	0
Woodcutter	Mrag	Ether Cannon	Ether	108/130/150/170/190/216	Ahead	8/8/7/7/6/5	0/400/1780/3960/9900	AOE / High HP	20	2	14	0	0
Touch-Me-Not	Mrag	Ether Cannon	Ether	330/370/410/450/490/550	Ahead	12/12/11/11/10/9	0/320/1460/3240/8100	AOE	20	6	14	0	0
Mist Buster	Mrag	Ether Cannon	Ether	220/260/300/340/380/440	One Target	11/11/10/10/9/8	0/290/1300/2880/7200	Launched	20	0	14	0	0
Burst Gunner	Zeke	Ether Cannon	Ether	300/340/380/420/460/500	One Target	12/12/11/11/10/9	0/580/2590/5760/14400	Break / Pierce	20	0	14	0	0
Haywire Chainshot	Zeke	Ether Cannon	Ether	108/130/150/170/190/216	One Target	8/8/7/7/6/5	0/430/1940/4320/10800	Cancel attack	20	0	14	0	0
Blowback Cannon	Zeke	Ether Cannon	Ether	300/340/380/420/460/500	Circle (Target)	12/12/11/11/10/9	0/530/2380/5280/13200	AOE / Knockback	20	4	14	0	0
Laserpoint Bazooka	Zeke	Ether Cannon	Ether	220/260/300/340/380/440	Ahead	11/11/10/10/9/8	0/380/1730/3840/9600	AOE / Launched	20	2	14	0	0
Iron Wall	Rex	Shield Hammer	Defensive	270/270/360/360/360/450	One Target	14/14/13/13/12/11	0/360/1620/3600/9000	Defense	8	0	22	0	0
Diving Swing	Rex	Shield Hammer	Physical	120/140/160/180/200/240	Ahead	8/8/7/7/6/5	0/320/1440/3200/8000	AOE / Aggro up	8	2	22	0	0
Power Hammer	Rex	Shield Hammer	Physical	160/190/220/250/280/320	One Target	11/11/10/10/9/8	0/480/2160/4800/12000	Front attack	8	0	22	0	0
Mighty Beat	Rex	Shield Hammer	Ether	270/310/350/390/430/450	Circle (User)	12/12/11/11/10/9	0/440/1980/4400/11000	AOE / Toppled	8	3	22	0	0
Rumbling Smash	Nia	Shield Hammer	Physical	160/190/220/250/280/320	One Target	11/11/10/10/9/8	0/580/2590/5760/14400	Front attack	8	0	22	0	0
Elephant Press	Nia	Shield Hammer	Physical	120/140/160/180/200/240	Circle (User)	8/8/7/7/6/5	0/380/1730/3840/9600	AOE / Aggro up	8	3	22	0	0
Buckler Slam	Nia	Shield Hammer	Ether	270/310/350/390/430/450	Circle (User)	14/14/13/13/12/11	0/530/2380/5280/13200	AOE / Toppled	8	3	22	0	0
Hammerhead	Nia	Shield Hammer	Physical	200/240/280/320/360/400	One Target	11/11/10/10/9/8	0/430/1940/4320/10800	Knockback	8	0	22	0	0
Vajra Blow	Mrag	Shield Hammer	Physical	200/240/280/320/360/400	One Target	14/14/13/13/12/11	0/530/2380/5280/13200	Topple	8	0	22	0	0
Battle Top	Mrag	Shield Hammer	Physical	120/140/160/180/200/240	Circle (User)	8/8/7/7/6/5	0/350/1580/3520/8800	AOE / Aggro up	8	3	22	0	0
Mountain Crusher	Mrag	Shield Hammer	Physical	200/240/280/320/360/400	One Target	11/11/10/10/9/8	0/480/2180/4840/12100	Toppled	8	0	22	0	0
Decimator	Mrag	Shield Hammer	Physical	300/340/380/420/460/500	One Target	12/12/11/11/10/9	0/400/1780/3960/9900	Launched	8	0	22	0	0
Brawl Swing	Zeke	Shield Hammer	Physical	96/120/140/160/180/192	Circle (User)	8/8/7/7/6/5	0/290/1300/2880/7200	AOE / Aggro up	8	3	22	0	0
Behemoth Uppercut	Zeke	Shield Hammer	Physical	240/290/340/390/440/480	One Target	11/11/10/10/9/8	0/430/1940/4320/10800	Launch	8	0	22	0	0
Detonation Blow	Zeke	Shield Hammer	Physical	300/340/380/420/460/500	One Target	12/12/11/11/10/9	0/400/1780/3960/9900	Blowdown / Low HP	8	0	22	0	0
Impregnable Shield	Zeke	Shield Hammer	Defensive	270/270/360/360/360/450	One Target	14/14/13/13/12/11	0/320/1460/3240/8100	Defense	8	0	22	0	0
Sword Uppercut	Rex	Chroma Katana	Physical	200/240/280/320/360/400	One Target	14/14/13/13/12/11	0/580/2590/5760/14400	Break	8	0	20	0	0
Feral Blade	Rex	Chroma Katana	Ether	120/140/160/180/200/240	Ahead	8/8/7/7/6/5	0/380/1730/3840/9600	AOE / Aggro up	8	2	20	0	0
Breakdown	Rex	Chroma Katana	Physical	160/190/220/250/280/320	One Target	11/11/10/10/9/8	0/530/2380/5280/13200	Aggroed	8	0	20	0	0
Dual Slash	Rex	Chroma Katana	Physical	200/240/280/320/360/400	One Target	11/11/10/10/9/8	0/430/1940/4320/10800	Evasion	8	0	20	0	0
Deathbound	Nia	Chroma Katana	Physical	200/240/280/320/360/400	One Target	11/11/10/10/9/8	0/360/1620/3600/9000	Humanoids	8	0	20	0	0
Scorpion Tail	Nia	Chroma Katana	Physical	285/320/350/380/410/450	One Target	14/14/13/13/12/11	0/440/1980/4400/11000	Evasion	8	0	20	0	0
Wolf Fang	Nia	Chroma Katana	Physical	160/190/220/250/280/320	One Target	11/11/10/10/9/8	0/480/2160/4800/12000	Aggroed	8	0	20	0	0
Triple Flash	Nia	Chroma Katana	Physical	120/140/160/180/200/240	Ahead	8/8/7/7/6/5	0/320/1440/3200/8000	AOE / Aggro up	8	2	20	0	0
Aerial Slash	Mrag	Chroma Katana	Physical	300/340/380/420/460/500	One Target	14/14/13/13/12/11	0/430/1940/4320/10800	Smash	8	0	20	0	0
Eclipse Blade	Mrag	Chroma Katana	Physical	170/210/250/290/330/380	One Target	13/13/12/12/11/10	0/400/1780/3960/9900	Evasion	8	0	20	0	0
Overfall	Mrag	Chroma Katana	Physical	160/190/220/250/280/320	One Target	11/11/10/10/9/8	0/320/1460/3240/8100	Aggroed	8	0	20	0	0
Quadruple Slash	Mrag	Chroma Katana	Physical	120/140/160/180/200/240	One Target	8/8/7/7/6/5	0/290/1300/2880/7200	Aggro up	8	0	20	0	0
Reverb Blade	Zeke	Chroma Katana	Ether	200/240/280/320/360/400	Circle (User)	11/11/10/10/9/8	0/360/1620/3600/9000	AOE / Evasion	8	4	20	0	0
Psychic Sword	Zeke	Chroma Katana	Physical	315/370/420/470/520/575	One Target	14/14/13/13/12/11	0/440/1980/4400/11000	Front attack	8	0	20	0	0
Aerial Edge	Zeke	Chroma Katana	Physical	120/140/160/180/200/240	Circle (User)	8/8/7/7/6/5	0/320/1440/3200/8000	AOE / Aggro up	8	4	20	0	0
Shogun Slash	Zeke	Chroma Katana	Physical	200/240/280/320/360/400	Ahead	11/11/10/10/9/8	0/480/2160/4800/12000	AOE / Aggroed	8	2	20	0	0
Touchdown	Rex	Bitball	Ether	125/150/170/190/210/240	One Target	8/8/7/7/6/5	0/480/2180/4840/12100	HP Potion	6	0	18	0	0
Brave Throw	Rex	Bitball	Ether	220/260/300/340/380/440	One Target	8/8/7/7/6/5	0/400/1780/3960/9900	Toppled	8	0	10	0	0
Strong Shot	Rex	Bitball	Ether	300/340/380/420/460/500	One Target	11/11/10/10/9/8	0/530/2380/5280/13200	Heal party on attack	15	0	10	0	0
Mighty Ball	Rex	Bitball	Ether	200/240/280/320/360/400	One Target	8/8/7/7/6/5	0/350/1580/3520/8800	Launched	15	0	10	0	0
Dolphin Spin	Nia	Bitball	Ether	125/150/170/190/210/240	One Target	8/8/7/7/6/5	0/320/1460/3240/8100	HP Potion	6	0	18	0	0
Healing Circle	Nia	Bitball	Recovery	210/230/250/270/290/310	All	11/11/10/10/9/8	0/430/1940/4320/10800	Heal party	200	0	18	0	0
Falcon Turn	Nia	Bitball	Ether	200/240/280/320/360/400	One Target	5/5/4/4/3/2	0/290/1300/2880/7200	Toppled	6	0	10	0	0
Acrobatic Bomber	Nia	Bitball	Ether	300/340/380/420/460/500	Circle (Target)	11/11/10/10/9/8	0/400/1780/3960/9900	AOE / Break	15	2	10	0	0
Dragonbane Shot	Mrag	Bitball	Ether	100/120/140/160/180/192	One Target	8/8/7/7/6/5	0/440/1980/4400/11000	HP Potion	15	0	18	0	0
Celestial Flash	Mrag	Bitball	Recovery	210/230/250/270/290/310	All	11/11/10/10/9/8	0/480/2160/4800/12000	Heal party	200	0	18	0	0
Shadowrunner	Mrag	Bitball	Ether	160/190/220/250/280/320	One Target	5/5/4/4/3/2	0/320/1440/3200/8000	Launched	15	0	10	0	0
Gliding Swallow	Mrag	Bitball	Ether	270/310/350/390/430/450	One Target	11/11/10/10/9/8	0/360/1620/3600/9000	High HP	15	0	10	0	0
Rumble Pitch	Zeke	Bitball	Ether	330/370/410/450/490/550	One Target	11/11/10/10/9/8	0/430/1940/4320/10800	Back attack	15	0	10	0	0
Pulverizing Dunk	Zeke	Bitball	Ether	250/300/350/400/450/500	Circle (User)	5/5/4/4/3/2	0/380/1730/3840/9600	AOE / Toppled	6	2	10	0	0
Shell Shot	Zeke	Bitball	Ether	200/240/280/320/360/400	One Target	9/9/8/8/7/6	0/530/2380/5280/13200	Heal party on attack	15	0	10	0	0
Precipitous Impact	Zeke	Bitball	Ether	100/120/140/160/180/192	Circle (Target)	8/8/7/7/6/5	0/580/2590/5760/14400	AOE / HP Potion	15	2	18	0	0
Feral Uppercut	Rex	Knuckle Claws	Physical	300/340/380/420/460/500	One Target	14/14/13/13/12/11	0/480/2180/4840/12100	Blowdown / Cancel atk	8	0	10	0	0
Grand Smash	Rex	Knuckle Claws	Ether	110/140/170/200/230/240	One Target	11/11/10/10/9/8	0/530/2380/5280/13200	HP Potion	8	0	18	0	0
Bullet Punch	Rex	Knuckle Claws	Physical	200/240/280/320/360/400	Ahead	11/11/10/10/9/8	0/350/1580/3520/8800	AOE	8	2	10	0	0
Mach Straight Punch	Rex	Knuckle Claws	Physical	120/140/160/180/200/240	One Target	8/8/7/7/6/5	0/400/1780/3960/9900	Back attack	8	0	10	0	0
Jackal Claw	Nia	Knuckle Claws	Physical	120/150/180/210/240/288	One Target	8/8/7/7/6/5	0/290/1300/2880/7200	Cancel attack	8	0	10	0	0
Comet Punch	Nia	Knuckle Claws	Ether	180/220/260/300/340/360	Circle (User)	14/14/13/13/12/11	0/430/1940/4320/10800	AOE / Launch	8	3	10	0	0
Deadly Twister	Nia	Knuckle Claws	Ether	110/140/170/200/230/240	Circle (User)	11/11/10/10/9/8	0/400/1780/3960/9900	AOE / HP Potion	8	2	18	0	0
Raptor Beat	Nia	Knuckle Claws	Physical	255/290/320/350/380/425	One Target	12/12/11/11/10/9	0/320/1460/3240/8100	Knockback / Side atk	8	0	10	0	0
Armored Fist	Mrag	Knuckle Claws	Physical	120/150/180/210/240/288	One Target	8/8/7/7/6/5	0/530/2380/5280/13200	Break / Cancel attack	8	0	10	0	0
Takedown	Mrag	Knuckle Claws	Physical	300/350/400/450/500/545	One Target	14/14/13/13/12/11	0/380/1730/3840/9600	Blowdown	8	0	10	0	0
Sneak Hit	Mrag	Knuckle Claws	Physical	110/140/170/200/230/240	Ahead	11/11/10/10/9/8	0/580/2590/5760/14400	AOE / HP Potion	8	2	18	0	0
Peerless Blow	Mrag	Knuckle Claws	Physical	120/140/160/180/200/240	One Target	8/8/7/7/6/5	0/430/1940/4320/10800	Side attack	8	0	10	0	0
Hammer Lariat	Zeke	Knuckle Claws	Physical	180/220/260/300/340/360	One Target	14/14/13/13/12/11	0/480/2160/4800/12000	Topple	8	0	10	0	0
Fury Dropkick	Zeke	Knuckle Claws	Physical	270/310/350/390/430/450	One Target	14/14/13/13/12/11	0/320/1440/3200/8000	Blowdown / Back atk	8	0	10	0	0
Dynamite Knuckle	Zeke	Knuckle Claws	Ether	110/140/170/200/230/240	Circle (User)	11/11/10/10/9/8	0/440/1980/4400/11000	AOE / HP Potion	8	2	18	0	0
Skysplitter Cross Chop	Zeke	Knuckle Claws	Physical	160/200/240/280/320/340	Ahead	11/11/10/10/9/8	0/360/1620/3600/9000	AOE / Aggro down	8	2	10	0	0
Sword Bash (Broadsword)	Rex	Broadsword	Physical	170/200/230/260/290/336	One Target	7/7/6/6/5/4	0/180/810/1800/4500	Back attack	8	0	14	0	0
Double Spinning Edge (Broadsword)	Rex	Broadsword	Physical	200/240/280/320/360/400	One Target	8/8/7/7/6/5	0/220/990/2200/5500	Side attack	8	0	14	0	0
Rolling Smash (Broadsword)	Rex	Broadsword	Physical	330/370/410/450/490/545	Ahead	14/14/13/13/12/11	0/160/720/1600/4000	AOE / Aggro down	8	2	14	0	0
Anchor Shot (Broadsword)	Rex	Broadsword	Physical	240/270/300/330/360/400	One Target	6/6/6/6/6/6	0/240/1080/2400/6000	HP Potion	8	0	18	0	0
Ultraslash (Chapter 1)	Jin	Nodachi	Physical	300/340/380/420/460/500	One Target	8/8/7/7/6/5	0/320/1440/3200/8000	Back attack	10	0	10	100	0
Skyward Slash (Chapter 1)	Jin	Nodachi	Ether	600/680/760/840/920/1000	Ahead	11/11/10/10/9/8	0/440/1980/4400/11000	AOE / Break	14	2	10	100	0
Empty Moment (Chapter 1)	Jin	Nodachi	Physical	200/240/280/320/360/400	Circle (Target)	14/14/13/13/12/11	0/360/1620/3600/9000	AOE / Pierce	14	16	10	100	0
Stunned Swallow (Chapter 1)	Jin	Nodachi	Ether	0/0/0/0/0/0	One Target	11/11/10/10/9/8	0/480/2160/4800/12000	Evasion / Counter	8	0	10	0	0
Hammer Bash	Malos	Sword Tonfa	Physical	450/510/570/630/690/750	One Target	11/11/10/10/9/8	0/480/2160/4800/12000	Topple	8	0	22	0	0
Sword Strike	Malos	Sword Tonfa	Physical	300/360/420/480/540/600	One Target	8/8/7/7/6/5	0/440/1980/4400/11000	Front attack	8	0	22	0	0
Spiral Savate	Malos	Sword Tonfa	Physical	240/290/340/390/440/480	One Target	14/14/13/13/12/11	0/380/1730/3840/9600	High HP	8	0	22	0	0
Chakra Burst	Malos	Sword Tonfa	Ether	180/220/260/300/340/360	Circle (Target)	11/11/10/10/9/8	0/360/1620/3600/9000	AOE / Knockback	8	10	25	0	0
Ultraslash (Chapter 8)	Jin	Nodachi	Physical	420/420/420/420/460/500	One Target	8/8/7/7/6/5	0/320/1440/3200/8000	Back attack	10	0	10	100	0
Skyward Slash (Chapter 8)	Jin	Nodachi	Ether	840/840/840/840/920/1000	Ahead	11/11/10/10/9/8	0/360/1620/3600/9000	AOE / Break	14	2	10	100	0
Heavenly Disrupt (Chapter 8)	Jin	Nodachi	Physical	1300/1300/1300/1300/1400/1500	One Target	24/24/23/23/22/21	0/400/1800/4000/10000	Topple / Launch / Smash	12	0	10	100	0
Stunned Swallow (Chapter 8)	Jin	Nodachi	Ether	0/0/0/0/0/0	Circle (Target)	11/11/10/10/9/8	0/440/1980/4400/11000	Evasion / Counter	8	10	10	0	0
Revolt Smash	Rex	Calamity Scythe	Physical	360/410/460/510/560/600	One Target	11/11/10/10/9/8	0/790/3560/7920/19800	Heal party on attack	8	0	14	0	0
Screw Reaper	Rex	Calamity Scythe	Physical	144/170/200/230/260/288	Circle (User)	8/8/7/7/6/5	0/580/2590/5760/14400	AOE / Aggro down	8	3	0	0	0
Rising Crescent	Rex	Calamity Scythe	Physical	220/260/300/340/380/440	One Target	13/13/12/12/11/10	0/650/2920/6480/16200	Launch	8	0	10	0	20
Withering Assault	Rex	Calamity Scythe	Physical	240/290/340/390/440/480	One Target	11/11/10/10/9/8	0/790/3560/7920/19800	HP Potion	8	0	14	0	0
Brutal Scythe	Nia	Calamity Scythe	Physical	260/310/360/410/460/520	One Target	13/13/12/12/11/10	0/910/4100/9120/22800	Topple	8	0	10	0	0
Capra Assault	Nia	Calamity Scythe	Physical	240/290/340/390/440/480	One Target	12/12/11/11/10/9	0/610/2740/6080/15200	HP Potion	8	0	14	0	20
Grizzly Smash	Nia	Calamity Scythe	Physical	330/390/450/510/570/625	One Target	13/13/12/12/11/10	0/680/3080/6840/17100	Heal party on attack	8	0	14	0	0
Creeping Slicer	Nia	Calamity Scythe	Physical	144/170/200/230/260/288	Circle (User)	8/8/7/7/6/5	0/840/3760/8360/20900	AOE / Aggro down	8	2	0	0	0
Tempest Strike	Mrag	Calamity Scythe	Physical	260/310/360/410/460/520	One Target	11/11/10/10/9/8	0/880/3960/8800/22000	Heal party on attack	8	0	14	0	0
Sacred Beast's Blessing	Mrag	Calamity Scythe	Physical	240/290/340/390/440/480	One Target	12/12/11/11/10/9	0/720/3240/7200/18000	HP Potion	8	0	14	0	20
Cyclonic Blade	Mrag	Calamity Scythe	Physical	360/410/460/510/560/600	One Target	13/13/12/12/11/10	0/640/2880/6400/16000	Blowdown	8	0	10	0	0
Azure Dragon Storm	Mrag	Calamity Scythe	Physical	144/170/200/230/260/288	Circle (User)	8/8/7/7/6/5	0/960/4320/9600/24000	Aggro down / AOE	8	2	0	0	0
Surprise Elbow	Zeke	Calamity Scythe	Physical	260/310/360/410/460/520	One Target	14/14/13/13/12/11	0/820/3670/8160/20400	Topple	8	0	10	0	0
Careful Swing	Zeke	Calamity Scythe	Physical	220/260/300/340/380/440	Circle (User)	11/11/10/10/9/8	0/750/3370/7480/18700	Aggro down / AOE	8	2	14	0	0
Standing Ovation	Zeke	Calamity Scythe	Physical	390/430/470/510/550/600	Ahead	14/14/13/13/12/11	0/610/2750/6120/15300	AOE / Heal party on attack	8	2	14	0	0
Bewilder Slash	Zeke	Calamity Scythe	Physical	240/290/340/390/440/480	Ahead	12/12/11/11/10/9	0/540/2450/5440/13600	AOE / HP Potion	8	2	0	0	20
Earth Splitter	Rex	Cobra Bardiche	Physical	160/190/220/250/280/320	One Target	9/9/8/8/7/6	0/610/2750/6120/15300	Low HP	10	0	14	0	0
Powerquake	Rex	Cobra Bardiche	Physical	200/240/280/320/360/400	One Target	14/14/13/13/12/11	0/820/3670/8160/20400	Break / Side attack	10	0	14	0	0
Final Stone	Rex	Cobra Bardiche	Physical	375/430/480/530/580/625	One Target	10/10/9/9/8/7	0/750/3370/7480/18700	HP down / Evasion	10	0	14	0	0
Dust Up	Rex	Cobra Bardiche	Physical	300/340/380/420/460/500	Circle (User)	13/13/12/12/11/10	0/540/2450/5440/13600	AOE / Insects	10	3	14	0	0
Condor's Beak	Nia	Cobra Bardiche	Physical	160/190/220/250/280/320	One Target	9/9/8/8/7/6	0/840/3760/8360/20900	Low HP	10	0	14	0	0
Sand Break	Nia	Cobra Bardiche	Physical	300/340/380/420/460/500	Circle (User)	14/14/13/13/12/11	0/610/2740/6080/15200	AOE / Insects	10	3	14	0	0
Cobra Raid	Nia	Cobra Bardiche	Physical	130/160/190/220/250/264	One Target	11/11/10/10/9/8	0/910/4100/9120/22800	Back attack	10	0	14	0	0
Merciless Twister	Nia	Cobra Bardiche	Ether	375/430/480/530/580/625	Circle (User)	14/14/13/13/12/11	0/680/3080/6840/17100	AOE / HP down / Evasion	10	2	10	0	0
Blunt Force	Mrag	Cobra Bardiche	Physical	240/290/340/390/440/500	One Target	11/11/10/10/9/8	0/860/3890/8640/21600	Smash	10	0	14	0	0
Heaven's Valor	Mrag	Cobra Bardiche	Physical	130/160/190/220/250/264	One Target	11/11/10/10/9/8	0/790/3560/7920/19800	Back attack	10	0	14	0	0
Lunar Salutation	Mrag	Cobra Bardiche	Physical	200/240/280/320/360/420	One Target	9/9/8/8/7/6	0/650/2920/6480/16200	Low HP	10	0	14	0	0
Twisted Thistle	Mrag	Cobra Bardiche	Physical	375/430/480/530/580/625	Ahead	14/14/13/13/12/11	0/580/2590/5760/14400	AOE / HP down / Evasion	10	2	14	0	0
Grudge Blow	Zeke	Cobra Bardiche	Physical	120/140/160/180/200/240	One Target	8/8/7/7/6/5	0/610/2740/6080/15200	Side attack	10	0	14	0	0
Heaven's Revenge	Zeke	Cobra Bardiche	Ether	130/160/190/220/250/264	Ahead	12/12/11/11/10/9	0/840/3760/8360/20900	AOE / Back attack	10	2	14	0	0
Takedown Smash	Zeke	Cobra Bardiche	Physical	200/240/280/320/360/400	One Target	11/11/10/10/9/8	0/910/4100/9120/22800	Smash	10	0	14	0	0
Whirlwind of Passion	Zeke	Cobra Bardiche	Ether	375/430/480/530/580/625	Ahead	14/14/13/13/12/11	0/680/3080/6840/17100	AOE / HP down / Evasion	10	2	10	0	0
Opened Fan	Rex	Infinity Fans	Physical	200/240/280/320/360/400	One Target	8/8/7/7/6/5	0/840/3760/8360/20900	Front attack	8	0	20	0	0
Screw Cutter	Rex	Infinity Fans	Ether	100/130/160/190/220/240	One Target	11/11/10/10/9/8	0/910/4100/9120/22800	Aggroed	8	0	22	0	0
Cross Edge	Rex	Infinity Fans	Physical	240/290/340/390/440/500	One Target	8/8/7/7/6/5	0/680/3080/6840/17100	Beasts	8	0	20	0	0
Brave Wing	Rex	Infinity Fans	Physical	300/340/380/420/460/500	Circle (User)	14/14/13/13/12/11	0/610/2740/6080/15200	AOE / Aggro up	8	2	20	0	0
Swallowtail	Nia	Infinity Fans	Physical	240/280/320/360/400/450	One Target	14/14/13/13/12/11	0/750/3370/7480/18700	Break	8	0	20	0	0
Scarecrow	Nia	Infinity Fans	Ether	100/130/160/190/220/240	One Target	11/11/10/10/9/8	0/540/2450/5440/13600	Aggroed	8	0	22	0	0
Vicious Circle	Nia	Infinity Fans	Ether	200/240/280/320/360/400	Ahead	8/8/7/7/6/5	0/610/2750/6120/15300	AOE / Front attack	8	2	20	0	0
Healing Trick	Nia	Infinity Fans	Recovery	168/180/200/220/240/248	All	14/14/13/13/12/11	0/820/3670/8160/20400	Heal party	200	0	20	0	0
Albatross Cut	Mrag	Infinity Fans	Ether	100/130/160/190/220/240	One Target	11/11/10/10/9/8	0/650/2920/6480/16200	Aggroed	8	0	22	0	0
2,000 Wings	Mrag	Infinity Fans	Physical	200/240/280/320/360/400	One Target	8/8/7/7/6/5	0/580/2590/5760/14400	Beasts	8	0	20	0	0
Black Wing Dance	Mrag	Infinity Fans	Ether	300/340/380/420/460/500	Ahead	14/14/13/13/12/11	0/790/3560/7920/19800	AOE / Front attack	8	2	20	0	0
Stoking the Fire	Mrag	Infinity Fans	Recovery	168/180/200/220/240/248	All	14/14/13/13/12/11	0/860/3890/8640/21600	Heal party	200	0	20	0	0
Twilight Twist	Zeke	Infinity Fans	Physical	210/250/290/330/370/420	One Target	8/8/7/7/6/5	0/720/3240/7200/18000	Beasts	8	0	20	0	0
Bold Division	Zeke	Infinity Fans	Ether	100/130/160/190/220/240	One Target	14/14/13/13/12/11	0/880/3960/8800/22000	Aggroed	8	0	22	0	0
Gutsy Cutter	Zeke	Infinity Fans	Ether	170/210/250/290/330/360	Ahead	11/11/10/10/9/8	0/640/2880/6400/16000	AOE / Aggro up	8	3	20	0	0
Exquisite Spiral	Zeke	Infinity Fans	Physical	220/260/300/340/380/440	Circle (User)	11/11/10/10/9/8	0/960/4320/9600/24000	AOE / Front attack	8	2	20	0	0
Thunderclap	Rex	Brilliant Twinblades	Physical	200/240/280/320/360/400	One Target	8/8/7/7/6/5	0/910/4100/9120/22800	Side attack	8	0	14	0	0
Haphazard Throw	Rex	Brilliant Twinblades	Ether	100/130/160/190/220/240	One Target	11/11/10/10/9/8	0/840/3760/8360/20900	Cancel attack	8	0	14	0	0
Cutting Edge	Rex	Brilliant Twinblades	Physical	240/290/340/390/440/500	One Target	8/8/7/7/6/5	0/680/3080/6840/17100	Critical recharge	8	0	14	0	0
Rebel's Dagger	Rex	Brilliant Twinblades	Physical	300/340/380/420/460/500	Circle (User)	14/14/13/13/12/11	0/610/2740/6080/15200	AOE	8	2	14	0	0
Papillon Dance	Nia	Brilliant Twinblades	Physical	240/280/320/360/400/450	One Target	14/14/13/13/12/11	0/750/3370/7480/18700	Break / Critical recharge	8	0	14	0	0
Cheetah Scratch	Nia	Brilliant Twinblades	Ether	100/130/160/190/220/240	One Target	11/11/10/10/9/8	0/540/2450/5440/13600	Cancel attack	8	0	14	0	0
Tricksy Loop	Nia	Brilliant Twinblades	Ether	200/240/280/320/360/400	Ahead	8/8/7/7/6/5	0/610/2750/6120/15300	AOE / Side attack	8	2	14	0	0
Lustrous Heal	Nia	Brilliant Twinblades	Recovery	168/180/200/220/240/248	All	14/14/13/13/12/11	0/820/3670/8160/20400	Heal party	200	0	18	0	0
Photon Slash	Mrag	Brilliant Twinblades	Ether	100/130/160/190/220/240	One Target	11/11/10/10/9/8	0/650/2920/6480/16200	Cancel attack	8	0	14	0	0
Marigold in Bloom	Mrag	Brilliant Twinblades	Physical	200/240/280/320/360/400	One Target	8/8/7/7/6/5	0/790/3560/7920/19800	Critical recharge	8	0	14	0	0
Flowing Shadow	Mrag	Brilliant Twinblades	Ether	300/340/380/420/460/500	Ahead	14/14/13/13/12/11	0/580/2590/5760/14400	AOE	8	2	14	0	0
Mastery of Sky Sparks	Mrag	Brilliant Twinblades	Recovery	168/180/200/220/240/248	All	14/14/13/13/12/11	0/860/3890/8640/21600	Heal party	200	0	18	0	0
Electroshade Twist	Zeke	Brilliant Twinblades	Physical	210/250/290/330/370/420	One Target	8/8/7/7/6/5	0/880/3960/8800/22000	Critical recharge	8	0	14	0	0
Bewitching Divide	Zeke	Brilliant Twinblades	Ether	100/130/160/190/220/240	One Target	14/14/13/13/12/11	0/720/3240/7200/18000	Cancel attack	8	0	14	0	0
Thunderslam	Zeke	Brilliant Twinblades	Ether	170/210/250/290/330/360	Ahead	11/11/10/10/9/8	0/640/2880/6400/16000	AOE / Flying	8	3	14	0	0
Florid Spiral	Zeke	Brilliant Twinblades	Physical	220/260/300/340/380/440	Circle (User)	11/11/10/10/9/8	0/960/4320/9600/24000	AOE / Back attack	8	2	14	0	0
Critical Trigger	Rex	Decimation Cannon	Ether	108/130/150/170/190/216	One Target	8/8/7/7/6/5	0/680/3080/6840/17100	High HP	20	0	14	0	0
Mighty Missile	Rex	Decimation Cannon	Ether	220/260/300/340/380/440	One Target	11/11/10/10/9/8	0/610/2740/6080/15200	Launched / Pierce	20	0	14	0	0
Grenade Burst	Rex	Decimation Cannon	Ether	300/340/380/420/460/500	Circle (Target)	14/14/13/13/12/11	0/840/3760/8360/20900	AOE / Blowdown	20	4	14	0	0
Flamecaster	Rex	Decimation Cannon	Ether	180/220/260/300/340/360	Ahead	11/11/10/10/9/8	0/910/4100/9120/22800	AOE / Front attack	20	4	14	0	0
Surprise Shot	Nia	Decimation Cannon	Ether	180/220/260/300/340/360	One Target	11/11/10/10/9/8	0/650/2920/6480/16200	Front attack	20	0	14	0	0
Porcupine Blow	Nia	Decimation Cannon	Ether	300/340/380/420/460/500	One Target	14/14/13/13/12/11	0/860/3890/8640/21600	Break / Pierce	20	0	14	0	0
Mayfly	Nia	Decimation Cannon	Ether	220/260/300/340/380/440	Ahead	11/11/10/10/9/8	0/580/2590/5760/14400	AOE / Launched	20	6	14	0	0
Phosphorescent Flare	Nia	Decimation Cannon	Ether	108/130/150/170/190/216	Ahead	8/8/7/7/6/5	0/790/3560/7920/19800	AOE / High HP	20	10	14	0	0
Cruel Musket	Mrag	Decimation Cannon	Ether	300/340/380/420/460/500	One Target	14/14/13/13/12/11	0/820/3670/8160/20400	Break / Pierce	20	0	14	0	0
Thorn Assault	Mrag	Decimation Cannon	Ether	108/130/150/170/190/216	Ahead	8/8/7/7/6/5	0/750/3370/7480/18700	AOE / High HP	20	2	14	0	0
Rhododendron	Mrag	Decimation Cannon	Ether	330/370/410/450/490/550	Ahead	12/12/11/11/10/9	0/610/2750/6120/15300	AOE	20	6	14	0	0
Chimera Drop	Mrag	Decimation Cannon	Ether	220/260/300/340/380/440	One Target	11/11/10/10/9/8	0/540/2450/5440/13600	Launched	20	0	14	0	0
Breakthrough Cannon	Zeke	Decimation Cannon	Ether	300/340/380/420/460/500	One Target	14/14/13/13/12/11	0/960/4320/9600/24000	Break / Pierce	20	0	14	0	0
Frenzied Fire	Zeke	Decimation Cannon	Ether	108/130/150/170/190/216	One Target	8/8/7/7/6/5	0/880/3960/8800/22000	Front attack	20	0	14	0	0
Stark Artillery	Zeke	Decimation Cannon	Ether	300/340/380/420/460/500	Circle (Target)	14/14/13/13/12/11	0/720/3240/7200/18000	AOE / Knockback	20	4	14	0	0
Crazed Bazooka	Zeke	Decimation Cannon	Ether	220/260/300/340/380/440	Ahead	11/11/10/10/9/8	0/640/2880/6400/16000	AOE / Launched	20	2	14	0	0
Wild Slugger	Rex	Rockrending Gauntlets	Physical	300/340/380/420/460/500	One Target	14/14/13/13/12/11	0/910/4100/9120/22800	Blowdown / Front attack	8	0	22	0	0
Terror Smash	Rex	Rockrending Gauntlets	Ether	110/140/170/200/230/240	One Target	11/11/10/10/9/8	0/840/3760/8360/20900	Aggroed	8	0	22	0	0
Rock Bullet	Rex	Rockrending Gauntlets	Physical	200/240/280/320/360/400	Ahead	11/11/10/10/9/8	0/610/2740/6080/15200	AOE / Aggro up	8	2	22	0	0
Giant Straight	Rex	Rockrending Gauntlets	Physical	120/140/160/180/200/240	One Target	8/8/7/7/6/5	0/680/3080/6840/17100	Knockback	8	0	22	0	0
Lion Claw	Nia	Rockrending Gauntlets	Physical	120/150/180/210/240/288	One Target	8/8/7/7/6/5	0/610/2750/6120/15300	Front attack	8	0	22	0	0
Meteor Punch	Nia	Rockrending Gauntlets	Ether	180/220/260/300/340/360	Circle (User)	14/14/13/13/12/11	0/820/3670/8160/20400	AOE / Launch	8	3	22	0	0
Raging Screw	Nia	Rockrending Gauntlets	Ether	110/140/170/200/230/240	Circle (User)	11/11/10/10/9/8	0/750/3370/7480/18700	AOE / Aggroed	8	2	22	0	0
Buffalo Beat	Nia	Rockrending Gauntlets	Physical	255/290/320/350/380/425	One Target	12/12/11/11/10/9	0/540/2450/5440/13600	Knockback / Aggro up	8	0	22	0	0
Armor Breaker	Mrag	Rockrending Gauntlets	Physical	120/150/180/210/240/288	One Target	8/8/7/7/6/5	0/880/3960/8800/22000	Break / Front attack	8	0	22	0	0
Bear Twist	Mrag	Rockrending Gauntlets	Physical	300/350/400/450/500/545	One Target	14/14/13/13/12/11	0/720/3240/7200/18000	Blowdown	8	0	22	0	0
Devastating Tremor	Mrag	Rockrending Gauntlets	Physical	110/140/170/200/230/240	Ahead	11/11/10/10/9/8	0/960/4320/9600/24000	AOE / Aggroed	8	2	22	0	0
Earth Mover	Mrag	Rockrending Gauntlets	Physical	120/140/160/180/200/240	One Target	8/8/7/7/6/5	0/640/2880/6400/16000	Aggro up	8	0	22	0	0
Sublime Lariat	Zeke	Rockrending Gauntlets	Physical	180/220/260/300/340/360	One Target	14/14/13/13/12/11	0/860/3890/8640/21600	Topple	8	0	22	0	0
Falling Dropkick	Zeke	Rockrending Gauntlets	Physical	270/310/350/390/430/450	One Target	14/14/13/13/12/11	0/790/3560/7920/19800	Blowdown / Front attack	8	0	22	0	0
Decisive Knuckle	Zeke	Rockrending Gauntlets	Ether	110/140/170/200/230/240	Circle (User)	11/11/10/10/9/8	0/650/2920/6480/16200	AOE / Aggroed	8	2	22	0	0
Sacrificial Chop	Zeke	Rockrending Gauntlets	Physical	160/200/240/280/320/340	Ahead	11/11/10/10/9/8	0/580/2590/5760/14400	AOE / Aggro up	8	2	22	0	0
Gale Upper	Rex	Sword Tonfa	Physical	300/340/380/420/460/500	One Target	14/14/13/13/12/11	0/910/4100/9120/22800	Blowdown / Low HP	8	0	22	0	0
Wind Smash	Rex	Sword Tonfa	Ether	110/140/170/200/230/240	One Target	11/11/10/10/9/8	0/840/3760/8360/20900	Aggroed	8	0	22	0	0
Stormstarter	Rex	Sword Tonfa	Physical	200/240/280/320/360/400	Ahead	11/11/10/10/9/8	0/610/2740/6080/15200	AOE / Aggro up	8	2	22	0	0
Hurricane Punch	Rex	Sword Tonfa	Physical	120/140/160/180/200/240	One Target	8/8/7/7/6/5	0/680/3080/6840/17100	Knockback	8	0	22	0	0
Sabertooth Slash	Nia	Sword Tonfa	Physical	120/150/180/210/240/288	One Target	8/8/7/7/6/5	0/540/2450/5440/13600	Low HP	8	0	22	0	0
Updraft	Nia	Sword Tonfa	Ether	180/220/260/300/340/360	Circle (User)	14/14/13/13/12/11	0/820/3670/8160/20400	AOE / Launch	8	3	22	0	0
Whirlwind	Nia	Sword Tonfa	Ether	110/140/170/200/230/240	Circle (User)	11/11/10/10/9/8	0/750/3370/7480/18700	AOE / Aggroed	8	2	22	0	0
Universal Beat	Nia	Sword Tonfa	Physical	255/290/320/350/380/425	One Target	12/12/11/11/10/9	0/610/2750/6120/15300	Knockback / Aggro up	8	0	22	0	0
Blade of the Abyss	Mrag	Sword Tonfa	Physical	120/150/180/210/240/288	One Target	8/8/7/7/6/5	0/880/3960/8800/22000	Break / Low HP	8	0	22	0	0
Blunt Aggression	Mrag	Sword Tonfa	Physical	300/350/400/450/500/545	One Target	14/14/13/13/12/11	0/720/3240/7200/18000	Blowdown	8	0	22	0	0
Galeforce Blow	Mrag	Sword Tonfa	Physical	110/140/170/200/230/240	Ahead	11/11/10/10/9/8	0/960/4320/9600/24000	AOE / Aggroed	8	2	22	0	0
No Love Lost	Mrag	Sword Tonfa	Physical	120/140/160/180/200/240	One Target	8/8/7/7/6/5	0/640/2880/6400/16000	Aggro up	8	0	22	0	0
Menacing Lariat	Zeke	Sword Tonfa	Physical	180/220/260/300/340/360	One Target	14/14/13/13/12/11	0/860/3890/8640/21600	Topple	8	0	22	0	0
Hurricane Dropkick	Zeke	Sword Tonfa	Physical	270/310/350/390/430/450	One Target	14/14/13/13/12/11	0/790/3560/7920/19800	Blowdown / Low HP	8	0	22	0	0
Shuddering Tonfa	Zeke	Sword Tonfa	Ether	110/140/170/200/230/240	Circle (User)	11/11/10/10/9/8	0/650/2920/6480/16200	AOE / Aggroed	8	2	22	0	0
Wind Dragon Chop	Zeke	Sword Tonfa	Physical	160/200/240/280/320/340	Ahead	11/11/10/10/9/8	0/580/2590/5760/14400	AOE / Aggro up	8	2	22	0	0
Monado Shield (Rex)	Rex	Monado	Defensive	270/270/360/360/360/450	One Target	12/12/11/11/10/9	0/360/1620/3600/9000	Defense	8	0	14	0	0
Monado Storm	Rex	Monado	Physical	270/310/350/390/430/450	Ahead	11/11/10/10/9/8	0/320/1440/3200/8000	AOE / Aggro down	8	2	10	0	0
Monado Burst	Rex	Monado	Physical	160/190/220/250/280/320	One Target	7/7/6/6/5/4	0/480/2160/4800/12000	Back attack	8	0	18	0	0
Monado Beat	Rex	Monado	Ether	300/340/380/420/460/500	Circle (User)	9/9/8/8/7/6	0/440/1980/4400/11000	AOE / Toppled	8	3	14	0	0
Lightning Smash	Nia	Monado	Physical	230/280/330/380/430/460	One Target	8/8/7/7/6/5	0/580/2590/5760/14400	Machines	8	0	14	0	0
Monado Striker	Nia	Monado	Physical	270/310/350/390/430/450	Circle (User)	11/11/10/10/9/8	0/380/1730/3840/9600	AOE / Aggro down	8	3	10	0	0
Lucent Glance	Nia	Monado	Ether	330/370/410/450/490/550	Circle (User)	11/11/10/10/9/8	0/530/2380/5280/13200	AOE / Toppled	8	3	14	0	0
Beam Thrust	Nia	Monado	Physical	160/190/220/250/280/320	One Target	7/7/6/6/5/4	0/430/1940/4320/10800	Back attack/ Knockback	8	0	18	0	0
Steel Brand	Mrag	Monado	Ether	200/240/280/320/360/400	One Target	8/8/7/7/6/5	0/530/2380/5280/13200	Topple	8	0	18	0	0
Blade Masquerade	Mrag	Monado	Physical	270/310/350/390/430/450	Circle (User)	11/11/10/10/9/8	0/350/1580/3520/8800	AOE / Aggro down	8	3	10	0	0
Echo Edge	Mrag	Monado	Ether	200/240/280/320/360/400	One Target	8/8/7/7/6/5	0/480/2180/4840/12100	Toppled	8	0	14	0	0
Sudden Smite	Mrag	Monado	Physical	345/390/440/490/540/575	One Target	10/10/9/9/8/7	0/400/1780/3960/9900	Machines	8	0	14	0	0
Monado Shield (Zeke)	Zeke	Monado	Defensive	270/270/360/360/360/450	One Target	11/11/10/10/9/8	0/320/1460/3240/8100	Defense	8	0	14	0	0
Helios Circle	Zeke	Monado	Ether	270/310/350/390/430/450	Circle (User)	11/11/10/10/9/8	0/290/1300/2880/7200	AOE / Aggro down	8	3	10	0	0
Ragnarok Slash	Zeke	Monado	Physical	220/260/300/340/380/440	One Target	8/8/7/7/6/5	0/430/1940/4320/10800	Launch	8	0	18	0	0
Nemesis Beat	Zeke	Monado	Physical	345/390/440/490/540/575	One Target	10/10/9/9/8/7	0/400/1780/3960/9900	Machines / Knockback	8	0	14	0	0
Wind Slicer	Rex	Knives	Physical	180/220/260/300/340/360	One Target	9/9/8/8/7/6	0/480/2180/4840/12100	High HP	8	0	10	0	0
Skyward Edge	Rex	Knives	Ether	100/130/160/190/220/240	One Target	11/11/10/10/9/8	0/530/2380/5280/13200	HP Potion	8	0	18	0	0
Infinity Wing	Rex	Knives	Physical	120/140/160/180/200/240	One Target	8/8/7/7/6/5	0/350/1580/3520/8800	Cancel attack	8	0	10	0	0
Screw Edge	Rex	Knives	Physical	300/340/380/420/460/500	Circle (User)	12/12/11/11/10/9	0/400/1780/3960/9900	AOE / Critical recharge	8	2	10	0	0
Air Slash	Nia	Knives	Physical	240/280/320/360/400/450	One Target	14/14/13/13/12/11	0/400/1780/3960/9900	Break / High HP	8	0	10	0	0
Avian Spin	Nia	Knives	Ether	100/130/160/190/220/240	One Target	11/11/10/10/9/8	0/320/1460/3240/8100	HP Potion	8	0	18	0	0
Whirling Edge	Nia	Knives	Ether	180/220/260/300/340/360	Ahead	9/9/8/8/7/6	0/290/1300/2880/7200	AOE / Critical recharge	8	2	10	0	0
Soothing Breeze	Nia	Knives	Recovery	210/230/250/270/290/300	All	14/14/13/13/12/11	0/430/1940/4320/10800	Heal party	200	0	18	0	0
Draconic Lunge	Mrag	Knives	Ether	100/130/160/190/220/240	One Target	11/11/10/10/9/8	0/440/1980/4400/11000	HP Potion	8	0	18	0	0
Phoenix Dance	Mrag	Knives	Physical	160/190/220/250/280/320	One Target	9/9/8/8/7/6	0/320/1440/3200/8000	Cancel attack	8	0	10	0	0
Universe Flicker	Mrag	Knives	Ether	300/340/380/420/460/500	Ahead	12/12/11/11/10/9	0/360/1620/3600/9000	AOE / Critical recharge	8	2	10	0	0
Moongale Waltz	Mrag	Knives	Recovery	200/220/240/260/280/300	All	14/14/13/13/12/11	0/480/2160/4800/12000	Heal party	200	0	18	0	0
Tempest Twist	Zeke	Knives	Physical	120/140/160/180/200/240	One Target	8/8/7/7/6/5	0/380/1730/3840/9600	Cancel attack	8	0	10	0	0
Flareflash Divide	Zeke	Knives	Ether	100/130/160/190/220/240	One Target	14/14/13/13/12/11	0/580/2590/5760/14400	HP Potion	8	0	18	0	0
Windmill Cutter	Zeke	Knives	Ether	300/340/380/420/460/500	Ahead	12/12/11/11/10/9	0/430/1940/4320/10800	AOE / Critical recharge	8	3	10	0	0
Typhoon Spin	Zeke	Knives	Physical	180/220/260/300/340/360	Circle (User)	8/8/7/7/6/5	0/530/2380/5280/13200	AOE / High HP	8	2	10	0	0
Stunned Swallow (Challenge Mode)	Jin	Nodachi	Ether	0/0/0/0/0/0	One Target	9/11/10/10/9/8	0/480/2160/4800/12000	Evasion / Counter / Launch	8	0	10	0	0
Empty Moment (Challenge Mode)	Jin	Nodachi	Ether	500/480/460/440/420/400	Circle (Target)	6/14/13/13/12/11	0/360/1620/3600/9000	AOE / Pierce / Blowdown	8	6	10	100	0
Heavenly Disrupt (Challenge Mode)	Jin	Nodachi	Physical	900/1300/1300/1300/1400/1500	Ahead	15/24/23/23/22/21	0/400/1800/4000/10000	Driver Combo	10	3	10	100	0
Dark Edge	Rex	Dual Swords	Physical	100/130/160/190/220/240	One Target	7/7/6/6/5/4	0/440/1980/4400/11000	Back attack	8	0	14	0	0
Trickshot	Rex	Dual Swords	Ether	200/240/280/320/360/400	One Target	10/10/9/9/8/7	0/400/1780/3960/9900	Cancel attack	8	0	14	0	0
Mystic Slice	Rex	Dual Swords	Physical	180/220/260/300/340/360	One Target	7/7/6/6/5/4	0/310/1390/3080/7700	Side attack	8	0	14	0	0
Shadow Twist	Rex	Dual Swords	Physical	300/340/380/420/460/500	Circle (User)	13/13/12/12/11/10	0/260/1190/2640/6600	AOE / Evasion	8	2	14	0	0
Panther Edge	Nia	Dual Swords	Physical	240/280/320/360/400/450	One Target	13/13/12/12/11/10	0/320/1460/3240/8100	Break / Evasion	8	0	14	0	0
Sword Slap	Nia	Dual Swords	Ether	100/130/160/190/220/240	One Target	10/10/9/9/8/7	0/220/970/2160/5400	Cancel attack	8	0	14	0	0
Bat Tango	Nia	Dual Swords	Ether	200/240/280/320/360/400	Ahead	7/7/6/6/5/4	0/250/1130/2520/6300	AOE / Back attack	8	2	14	0	0
Soothing Twilight	Nia	Dual Swords	Recovery	168/180/200/220/240/248	All	13/13/12/12/11/10	0/360/1620/3600/9000	Heal party	200	0	18	0	0
Phantom Pivot	Mrag	Dual Swords	Ether	100/130/160/190/220/240	One Target	10/10/9/9/8/7	0/280/1260/2800/7000	Cancel attack	8	0	14	0	0
Gloomwheel	Mrag	Dual Swords	Physical	200/240/280/320/360/400	One Target	7/7/6/6/5/4	0/360/1620/3600/9000	Evasion	8	0	14	0	0
Fogcutter	Mrag	Dual Swords	Ether	300/340/380/420/460/500	Ahead	13/13/12/12/11/10	0/240/1080/2400/6000	AOE / Back attack	8	2	14	0	0
Nightfire	Mrag	Dual Swords	Recovery	168/180/200/220/240/248	All	13/13/12/12/11/10	0/400/1800/4000/10000	Heal party	200	0	18	0	0
Calamity Feint	Zeke	Dual Swords	Physical	100/130/160/190/220/240	One Target	7/7/6/6/5/4	0/430/1940/4320/10800	Back attack	8	0	14	0	0
Astonishing Slash	Zeke	Dual Swords	Ether	200/240/280/320/360/400	One Target	13/13/12/12/11/10	0/340/1510/3360/8400	Cancel attack	8	0	14	0	0
Supremacy Spin	Zeke	Dual Swords	Ether	170/210/250/290/330/360	Ahead	10/10/9/9/8/7	0/290/1300/2880/7200	Side attack	8	3	14	0	0
Profundity Grace	Zeke	Dual Swords	Physical	220/260/300/340/380/440	Circle (User)	10/10/9/9/8/7	0/480/2160/4800/12000	AOE / Evasion	8	2	14	0	0
Flash Uppercut	Rex	Uchigatana	Physical	200/250/300/350/400/440	One Target	14/14/13/13/12/11	0/580/2590/5760/14400	Front attack	8	0	20	0	0
Night Breaker	Rex	Uchigatana	Ether	120/150/180/210/240/264	Ahead	8/8/7/7/6/5	0/380/1730/3840/9600	AOE / Aggro up	8	2	20	0	0
Starfall	Rex	Uchigatana	Physical	160/200/240/280/320/360	One Target	11/11/10/10/9/8	0/530/2380/5280/13200	Aggroed/ Smash	8	0	20	0	0
Victory Slash	Rex	Uchigatana	Physical	200/250/300/350/400/440	One Target	11/11/10/10/9/8	0/430/1940/4320/10800	Evasion	8	0	20	0	0
Regal Hunter	Nia	Uchigatana	Physical	200/250/300/350/400/440	One Target	11/11/10/10/9/8	0/360/1620/3600/9000	Front attack	8	0	20	0	0
Tiger Tail	Nia	Uchigatana	Physical	285/330/370/410/450/500	One Target	14/14/13/13/12/11	0/440/1980/4400/11000	Evasion / Smash	8	0	20	0	0
Dragon Fang	Nia	Uchigatana	Physical	160/200/240/280/320/360	One Target	11/11/10/10/9/8	0/480/2160/4800/12000	Aggroed	8	0	20	0	0
Dazzling Rush	Nia	Uchigatana	Physical	120/150/180/210/240/264	Ahead	8/8/7/7/6/5	0/320/1440/3200/8000	AOE / Aggro up	8	2	20	0	0
Lightsplitter	Mrag	Uchigatana	Physical	300/350/400/450/500/550	One Target	14/14/13/13/12/11	0/430/1940/4320/10800	Front attack/ Smash	8	0	20	0	0
New Moon	Mrag	Uchigatana	Physical	170/220/270/320/370/420	One Target	13/13/12/12/11/10	0/400/1780/3960/9900	Evasion	8	0	20	0	0
Sirius	Mrag	Uchigatana	Physical	160/200/240/280/320/360	One Target	11/11/10/10/9/8	0/320/1460/3240/8100	Aggroed	8	0	20	0	0
Binary Star	Mrag	Uchigatana	Physical	120/150/180/210/240/264	One Target	8/8/7/7/6/5	0/290/1300/2880/7200	Aggro up	8	0	20	0	0
Galactic Strike	Zeke	Uchigatana	Ether	200/250/300/350/400/440	Circle (User)	11/11/10/10/9/8	0/360/1620/3600/9000	AOE / Evasion / Smash	8	4	20	0	0
Dark Matter Assault	Zeke	Uchigatana	Physical	315/380/440/500/560/625	One Target	14/14/13/13/12/11	0/440/1980/4400/11000	Front attack	8	0	20	0	0
Dynasty Sweep	Zeke	Uchigatana	Physical	120/150/180/210/240/264	Circle (User)	8/8/7/7/6/5	0/320/1440/3200/8000	AOE / Aggro up	8	4	20	0	0
Sovereign Approach	Zeke	Uchigatana	Physical	200/250/300/350/400/440	Ahead	11/11/10/10/9/8	0/480/2160/4800/12000	AOE / Aggroed	8	2	20	0	0
\.


--
-- Data for Name: battle_skills; Type: TABLE DATA; Schema: xeno2; Owner: poppi
--

COPY xeno2.battle_skills (name) FROM stdin;
Purifying Flames
Resplendence
Flaming Edge
Foresight
Lightspeed Flurry
Glint
A Dream of the Future
The Chosen One
The Aegis
Celestial Gift
River's Blessing
Howl of Calm
Noponic Iron
Guard Shift
Emergency Mode
Velocity Gear
Flash Counter
Flash Boot
Reflection
Nanomachine Repair
Overclock
Sickle
Storm and Stress
Swoop
War Pyre
Firewalker
Dance of the Flames
Quickest Purple
Thunderblast
Sudden Spark
Sea of Plenty
Instant Regen
Cellular Stimulus
Serene Heart
Like Water
Enlightenment
Got the Guts
Fierce Fervor
Light of Justice
The Preternatural
Power Unleashed
Critical Strike
Eater of Men
Soulsucker
Brandish
Violence Machine
Void Lance
Overture of Blood
Razor-Sharp Iolite
Tanzanite Pursuer
Tiger's Eye Wrecker
FTL
IMD
FAS
Tasty Snack
Look Out!
Twang!
Kaiser Zone (Weak)
Regal Presence (Weak)
Gold Effect (Weak)
Kaiser Zone
Regal Presence
Gold Effect
Calamity
Fortune
Stability
The Awakened (Power)
The Awakened (Skill)
Brimming Pep
Aerial Flashdance
Conviction
Steadfast
Defender
Silent Spear
Battle Plans
Stop Thinking
Walking Joy
Potion Hoarder
All For Love
Pain of Longing
Vendetta
Snow Charm
Beary Healing
Hide and Seek
Tranquil Guard
Last Line of Defense
Flowers of War
Restorative Fusion
Synthesis Lore
Wild Familiars
Economicanimal
Entitled Entourage
Financial Settlement
Space-Tea-Time
Sympathy
Not Part of the Plan
Element Wisdom
Battle Wisdom
Treasure Wisdom
Sparky Girl
Zappy Girl
Clangy Girl
Carnage
The Indomitable
Greatest Warrior
Did I Do That?
Doesn't Ring a Bell
Surprise!
The Coming of Spring
Blossomfall
White Lilies
Phase Transition Tech
Hyperclock
Encephalon
Dissolve Seal
Taboo
Unlimited Output
Spotlight
Fireworks
Opportunist
Armor Piercing
Nullify Defense
Heartless Kill
Transmigration
Dead Zone
Endless Cycle
Fatal Blow
Fury
Sanguine Steel
Gravity Pinwheel
Dimensional Fold
Dimensional Wrinkle
Swift Kitty
Now You See Me...
Quick Prep
Doublestrike
Stay True
Bushido
Senton
Double Team
Trespass
Persevering Strength
Mad Warrior
Life Absorb
Rage
Resist Fire
Resist Water
Resist Wind
Resist Earth
Resist Electric
Resist Ice
Resist Light
Resist Dark
Elemental Mastery
Acute Focus
Streamlined Step
Back Attack
Healing Wind
Challenger
High-Speed Preparation
Counter
Pinpoint Weakness
Unrelenting Spirit
Vital Charge
Damage Spike
Into the Ground
Treasure Sensor
Accelerated Growth
Beast Hunter
Insect Hunter
Aerial Hunter
Aquatic Hunter
Humanoid Hunter
Machine Hunter
Titan Hunter
Beast Slayer
Insect Slayer
Aerial Slayer
Aquatic Slayer
Humanoid Slayer
Machine Slayer
Titan Slayer
Front Attack
Gold Rush
Emergency Guard
Pierce
Smooth Action
Gentle Touch
Cloud Conceal
Flash
Insulting Flourish
Attention Grabber
Glittering Stars
Prolonged Fight
Rapid Regen
Movement Recovery
Potion Keeper
Tight Space
Natural Guard
Encourage
Evasion Aura
Attack Aura
Barrier Aura
Precision Aura
Into the Air
Open Space
Grandarbor's Roots
Good Balance
Never Fall
Immovable
Ultra Heavy
Ukemi
Avenger
Side Attack
Swift Strike
Target Weakness
Ether Barrier
Solid
Physical Barrier
Silent Strike
Vendetta (Common)
Ultimate Combo
Weaponsmaster
Slamdown
Orb Master
Heaven's Tracker
Heartbreaker
Hardware Acceleration
Hyperaffinity Circuit
Reconstitute
Vision
Monado Enchant
Monado Speed
Warrior Valkyrie
Explosion of Energy
Unwavering Courage
Ensis Lucis
Alae Custodiae
Ictus
Pyrotechnics
Gathering Sparks
Alchemy Adept
Overdrive
Crisis Catalyst
Background Noise
\.


--
-- Data for Name: blade_battle_skills; Type: TABLE DATA; Schema: xeno2; Owner: poppi
--

COPY xeno2.blade_battle_skills (blade, skill) FROM stdin;
Pyra	Purifying Flames
Pyra	Resplendence
Pyra	Flaming Edge
Mythra	Foresight
Mythra	Lightspeed Flurry
Mythra	Glint
Pneuma	A Dream of the Future
Pneuma	The Chosen One
Pneuma	The Aegis
Dromarch	Celestial Gift
Dromarch	River's Blessing
Dromarch	Howl of Calm
Poppi 	Noponic Iron
Poppi 	Guard Shift
Poppi 	Emergency Mode
Poppi QT	Velocity Gear
Poppi QT	Flash Counter
Poppi QT	Flash Boot
Poppi QT	Reflection
Poppi QT	Nanomachine Repair
Poppi QT	Overclock
Roc	Sickle
Roc	Storm and Stress
Roc	Swoop
Brighid	War Pyre
Brighid	Firewalker
Brighid	Dance of the Flames
Pandoria	Quickest Purple
Pandoria	Thunderblast
Pandoria	Sudden Spark
Nia	Sea of Plenty
Nia	Instant Regen
Nia	Cellular Stimulus
Aegaeon	Serene Heart
Aegaeon	Like Water
Aegaeon	Enlightenment
Godfrey	Got the Guts
Godfrey	Fierce Fervor
Godfrey	Light of Justice
Wulfric	The Preternatural
Wulfric	Power Unleashed
Wulfric	Critical Strike
Perceval	Eater of Men
Perceval	Soulsucker
Perceval	Brandish
Vale	Violence Machine
Vale	Void Lance
Vale	Overture of Blood
Agate	Razor-Sharp Iolite
Agate	Tanzanite Pursuer
Agate	Tiger's Eye Wrecker
Gorg	FTL
Gorg	IMD
Gorg	FAS
Boreas	Tasty Snack
Boreas	Look Out!
Boreas	Twang!
Dagas	Kaiser Zone
Dagas	Regal Presence
Dagas	Gold Effect
Dagas (Weak)	Kaiser Zone (Weak)
Dagas (Weak)	Regal Presence (Weak)
Dagas (Weak)	Gold Effect (Weak)
Kasandra	Calamity
Kasandra	Fortune
Kasandra	Stability
Praxis	The Awakened (Power)
Praxis	The Awakened (Skill)
Praxis	Brimming Pep
Theory	Aerial Flashdance
Theory	Conviction
Theory	Steadfast
Perun	Defender
Perun	Silent Spear
Perun	Battle Plans
Kora	Stop Thinking
Kora	Walking Joy
Kora	Potion Hoarder
Azami	All For Love
Azami	Pain of Longing
Azami	Vendetta
Ursula	Snow Charm
Ursula	Beary Healing
Ursula	Hide and Seek
Newt	Tranquil Guard
Newt	Last Line of Defense
Newt	Flowers of War
Nim	Restorative Fusion
Nim	Synthesis Lore
Nim	Wild Familiars
Sheba	Economicanimal
Sheba	Entitled Entourage
Sheba	Financial Settlement
Vess	Space-Tea-Time
Vess	Sympathy
Vess	Not Part of the Plan
Adenine	Element Wisdom
Adenine	Battle Wisdom
Adenine	Treasure Wisdom
Electra	Sparky Girl
Electra	Zappy Girl
Electra	Clangy Girl
Zenobia	Carnage
Zenobia	The Indomitable
Zenobia	Greatest Warrior
Finch	Did I Do That?
Finch	Doesn't Ring a Bell
Finch	Surprise!
Floren	The Coming of Spring
Floren	Blossomfall
Floren	White Lilies
KOS-MOS	Phase Transition Tech
KOS-MOS	Hyperclock
KOS-MOS	Encephalon
Herald	Dissolve Seal
Herald	Taboo
Herald	Unlimited Output
Dahlia	Spotlight
Dahlia	Fireworks
Dahlia	Opportunist
Sever	Armor Piercing
Sever	Nullify Defense
Sever	Heartless Kill
Akhos	Transmigration
Akhos	Dead Zone
Akhos	Endless Cycle
Patroka	Fatal Blow
Patroka	Fury
Patroka	Sanguine Steel
Mikhail	Gravity Pinwheel
Mikhail	Dimensional Fold
Mikhail	Dimensional Wrinkle
Obrona	Swift Kitty
Obrona	Now You See Me...
Obrona	Quick Prep
Perdido	Doublestrike
Perdido	Stay True
Perdido	Bushido
Cressidus	Senton
Cressidus	Double Team
Cressidus	Trespass
T-elos	Phase Transition Tech
T-elos	Heaven's Tracker
T-elos	Heartbreaker
Poppibuster	Hyperaffinity Circuit
Poppibuster	Hardware Acceleration
Poppibuster	Reconstitute
Shulk	Vision
Shulk	Monado Enchant
Shulk	Monado Speed
Fiora	Warrior Valkyrie
Fiora	Explosion of Energy
Fiora	Unwavering Courage
Corvin	Ensis Lucis
Corvin	Alae Custodiae
Corvin	Ictus
Crossette	Pyrotechnics
Crossette	Gathering Sparks
Crossette	Alchemy Adept
Elma	Overdrive
Elma	Crisis Catalyst
Elma	Background Noise
\.


--
-- Data for Name: blade_blade_arts; Type: TABLE DATA; Schema: xeno2; Owner: poppi
--

COPY xeno2.blade_blade_arts (blade, blade_art, recast) FROM stdin;
Pyra	Accuracy Up	75
Pyra	Arts Plus	125
Mythra	Critical Up	75
Mythra	Recharge Boost	100
Pneuma	Recharge Boost	50
Pneuma	Critical Up	50
Pneuma	Arts Plus	50
Dromarch	Debuff Cancel	75
Dromarch	Accuracy Up	100
Roc	Back Attack Up	75
Roc	Arts Plus	100
Brighid	Absorb Damage	75
Brighid	Draw Aggro	75
Pandoria	Arts Plus	75
Pandoria	Recharge Boost	125
Nia	Debuff Cancel	50
Nia	Absorb Damage	150
Aegaeon	Accuracy Up	75
Aegaeon	Nullify Reaction	150
Godfrey	Arts Plus	125
Godfrey	Draw Aggro	100
Wulfric	Critical Up	75
Wulfric	Arts Plus	75
Perceval	Critical Up	50
Vale	Back Attack Up	75
Vale	Critical Up	100
Vale	Arts Plus	100
Agate	Critical Up	75
Agate	Accuracy Up	75
Gorg	Absorb Damage	75
Gorg	Nullify Reaction	75
Boreas	Accuracy Up	100
Boreas	Recharge Boost	150
Dagas	Arts Plus	75
Dagas	Critical Up	75
Dagas (Weak)	Arts Plus	150
Dagas (Weak)	Critical Up	150
Kasandra	Draw Aggro	125
Kasandra	Arts Plus	125
Praxis	Accuracy Up	75
Praxis	Critical Up	100
Theory	Accuracy Up	75
Theory	Nullify Reaction	125
Perun	Accuracy Up	125
Perun	Nullify Reaction	125
Perun	Debuff Cancel	125
Kora	Back Attack Up	50
Azami	Arts Plus	75
Azami	Accuracy Up	125
Ursula	Debuff Cancel	50
Newt	Absorb Damage	125
Newt	Nullify Reaction	125
Newt	Draw Aggro	150
Nim	Accuracy Up	75
Nim	Back Attack Up	100
Sheba	Critical Up	75
Sheba	Back Attack Up	100
Sheba	Arts Plus	100
Vess	Absorb Damage	100
Adenine	Accuracy Up	75
Adenine	Debuff Cancel	100
Electra	Absorb Damage	100
Electra	Draw Aggro	150
Zenobia	Recharge Boost	125
Zenobia	Arts Plus	100
Zenobia	Critical Up	100
Finch	Nullify Reaction	100
Finch	Debuff Cancel	100
Finch	Draw Aggro	150
Floren	Debuff Cancel	100
Floren	Back Attack Up	100
KOS-MOS	Recharge Boost	75
KOS-MOS	Arts Plus	75
KOS-MOS	Critical Up	75
Herald	Arts Plus	50
Herald	Critical Up	50
Dahlia	Arts Plus	100
Dahlia	Accuracy Up	125
Sever	Recharge Boost	75
Sever	Critical Up	75
Akhos	Debuff Cancel	75
Akhos	Absorb Damage	75
Patroka	Arts Plus	75
Patroka	Critical Up	75
Mikhail	Nullify Reaction	75
Mikhail	Debuff Cancel	75
Mikhail	Arts Plus	75
Obrona	Recharge Boost	50
Perdido	Critical Up	50
Perdido	Accuracy Up	100
Cressidus	Draw Aggro	50
Cressidus	Arts Plus	75
T-elos	Arts Plus	75
T-elos	Critical Up	100
Poppibuster	Recharge Boost	75
Poppibuster	Draw Aggro	100
Poppibuster	Nullify Reaction	100
Shulk	Accuracy Up	75
Shulk	Debuff Cancel	100
Shulk	Back Attack Up	100
Fiora	Critical Up	75
Fiora	Arts Plus	100
Fiora	Recharge Boost	100
Corvin	Recharge Boost	75
Corvin	Accuracy Up	75
Corvin	Debuff Cancel	75
Crossette	Critical Up	75
Crossette	Arts Plus	75
Elma	Critical Up	75
Elma	Recharge Boost	75
Elma	Arts Plus	100
\.


--
-- Data for Name: blade_chances; Type: TABLE DATA; Schema: xeno2; Owner: poppi
--

COPY xeno2.blade_chances (blade, seed, probability, assure) FROM stdin;
Godfrey	1	0.63	t
Godfrey	2	0.63	f
Godfrey	3	1.25	f
Godfrey	4	1.56	f
Godfrey	5	2.19	f
Perceval	1	1.50	f
Perceval	2	0.25	t
Perceval	3	0.50	f
Perceval	4	1.00	f
Perceval	5	1.75	f
Vale	1	0.75	f
Vale	2	0.25	f
Vale	3	0.25	f
Vale	4	0.25	f
Vale	5	0.25	t
Agate	1	0.25	t
Agate	2	0.38	f
Agate	3	0.75	f
Agate	4	0.75	f
Agate	5	0.13	f
Gorg	1	1.00	f
Gorg	2	1.00	f
Gorg	3	0.50	t
Gorg	4	1.50	f
Gorg	5	1.00	f
Boreas	1	0.25	t
Boreas	2	2.13	f
Boreas	3	2.13	f
Boreas	4	0.56	f
Boreas	5	1.19	f
Dagas	1	0.50	f
Dagas	2	0.75	f
Dagas	3	0.50	f
Dagas	4	1.25	f
Dagas	5	0.50	f
Perun	1	2.44	f
Perun	2	0.25	f
Perun	3	0.63	t
Perun	4	1.88	f
Perun	5	1.06	f
Kora	1	0.63	f
Kora	2	1.88	f
Kora	3	1.88	f
Kora	4	0.31	t
Kora	5	1.56	f
Azami	1	0.31	f
Azami	2	1.88	t
Azami	3	1.25	f
Azami	4	0.63	f
Azami	5	2.19	f
Ursula	1	2.25	f
Ursula	2	0.63	f
Ursula	3	1.25	f
Ursula	4	1.88	f
Ursula	5	0.25	t
Newt	1	0.25	f
Newt	2	0.25	f
Newt	3	0.25	f
Newt	4	0.25	f
Newt	5	0.75	f
Nim	1	1.00	f
Nim	2	1.00	f
Nim	3	1.75	f
Nim	4	0.25	t
Nim	5	1.00	f
Adenine	1	1.50	f
Adenine	2	0.25	t
Adenine	3	1.00	f
Adenine	4	1.75	f
Adenine	5	0.50	f
Electra	1	1.88	f
Electra	2	2.25	f
Electra	3	0.63	t
Electra	4	1.25	f
Electra	5	0.25	f
Zenobia	1	0.25	f
Zenobia	2	0.75	f
Zenobia	3	0.25	f
Zenobia	4	0.25	f
Zenobia	5	0.25	f
Finch	1	0.50	f
Finch	2	1.00	f
Finch	3	1.75	f
Finch	4	0.25	t
Finch	5	1.50	f
Floren	1	1.75	f
Floren	2	1.50	f
Floren	3	1.00	f
Floren	4	0.50	f
Floren	5	0.25	t
KOS-MOS	1	0.10	f
KOS-MOS	2	0.10	f
KOS-MOS	3	0.10	f
KOS-MOS	4	0.10	f
KOS-MOS	5	0.10	f
Dahlia	1	0.13	f
Dahlia	2	0.50	f
Dahlia	3	0.25	f
Dahlia	4	0.88	f
Dahlia	5	0.75	f
Akhos	1	0.25	f
Akhos	2	0.25	f
Akhos	3	0.25	f
Akhos	4	0.25	f
Akhos	5	0.25	f
Patroka	1	0.25	f
Patroka	2	0.25	f
Patroka	3	0.25	f
Patroka	4	0.25	f
Patroka	5	0.25	f
Obrona	1	0.50	f
Obrona	2	0.50	f
Obrona	3	0.50	f
Obrona	4	0.50	f
Obrona	5	0.50	f
Perdido	1	0.50	f
Perdido	2	0.50	f
Perdido	3	0.50	f
Perdido	4	0.50	f
Perdido	5	0.50	f
Cressidus	1	0.50	f
Cressidus	2	0.50	f
Cressidus	3	0.50	f
Cressidus	4	0.50	f
Cressidus	5	0.50	f
Sever	1	0.50	f
Sever	2	0.50	f
Sever	3	0.50	f
Sever	4	0.50	f
Sever	5	0.50	f
Kasandra	1	1.00	f
Kasandra	2	1.00	f
Kasandra	3	1.00	f
Kasandra	4	1.00	f
Kasandra	5	1.00	f
Sheba	1	1.00	f
Sheba	2	1.00	f
Sheba	3	1.00	f
Sheba	4	1.00	f
Sheba	5	1.00	f
Herald	1	1.00	f
Herald	2	1.00	f
Herald	3	1.00	f
Herald	4	1.00	f
Herald	5	1.00	f
Aegaeon	1	1.00	f
Aegaeon	2	1.00	f
Aegaeon	3	1.00	f
Aegaeon	4	1.00	f
Aegaeon	5	1.00	f
Praxis	1	1.00	f
Praxis	2	1.00	f
Praxis	3	1.00	f
Praxis	4	1.00	f
Praxis	5	1.00	f
Theory	1	1.00	f
Theory	2	1.00	f
Theory	3	1.00	f
Theory	4	1.00	f
Theory	5	1.00	f
Vess	1	1.00	f
Vess	2	1.00	f
Vess	3	1.00	f
Vess	4	1.00	f
Vess	5	1.00	f
Wulfric	1	1.00	f
Wulfric	2	1.00	f
Wulfric	3	1.00	f
Wulfric	4	1.00	f
Wulfric	5	1.00	f
T-elos	1	5.00	f
T-elos	2	5.00	f
T-elos	3	5.00	f
T-elos	4	5.00	f
T-elos	5	5.00	f
\.


--
-- Data for Name: blade_favorite_pouch_categories; Type: TABLE DATA; Schema: xeno2; Owner: poppi
--

COPY xeno2.blade_favorite_pouch_categories (blade, pouch_category) FROM stdin;
Pyra	Vegetables
Pyra	Literature
Mythra	Desserts
Mythra	Arts
Dromarch	Meat
Dromarch	Board Games
Poppi 	Staple Foods
Poppi 	Instruments
Poppi QT	Vegetables
Poppi QT	Arts
Poppi QT	Staple Foods
Poppi QT	Textiles
Roc	Seafood
Roc	Board Games
Brighid	Desserts
Brighid	Cosmetics
Pandoria	Meat
Pandoria	Literature
Nia	Seafood
Nia	Instruments
Aegaeon	Desserts
Aegaeon	Arts
Godfrey	Meat
Godfrey	Instruments
Wulfric	Staple Foods
Wulfric	Literature
Perceval	Drinks
Perceval	Arts
Vale	Desserts
Vale	Textiles
Agate	Drinks
Agate	Arts
Gorg	Desserts
Gorg	Textiles
Boreas	Staple Foods
Boreas	Cosmetics
Dagas	Seafood
Dagas	Arts
Dagas (Weak)	Seafood
Dagas (Weak)	Arts
Kasandra	Staple Foods
Kasandra	Cosmetics
Praxis	Desserts
Praxis	Literature
Theory	Vegetables
Theory	Board Games
Perun	Seafood
Perun	Textiles
Kora	Drinks
Kora	Cosmetics
Azami	Drinks
Azami	Literature
Ursula	Desserts
Ursula	Cosmetics
Newt	Meat
Newt	Instruments
Nim	Seafood
Nim	Instruments
Sheba	Desserts
Sheba	Textiles
Vess	Seafood
Vess	Cosmetics
Adenine	Vegetables
Adenine	Literature
Electra	Meat
Electra	Instruments
Zenobia	Meat
Zenobia	Literature
Finch	Vegetables
Finch	Cosmetics
Floren	Vegetables
Floren	Arts
KOS-MOS	Staple Foods
KOS-MOS	Board Games
Herald	Drinks
Herald	Board Games
Dahlia	Vegetables
Dahlia	Cosmetics
Sever	Meat
Sever	Instruments
Akhos	Staple Foods
Akhos	Board Games
Patroka	Vegetables
Patroka	Cosmetics
Mikhail	Drinks
Mikhail	Literature
Obrona	Seafood
Obrona	Instruments
Perdido	Drinks
Perdido	Arts
Cressidus	Meat
Cressidus	Textiles
T-elos	Instruments
T-elos	Literature
Poppibuster	Meat
Poppibuster	Board Games
Shulk	Vegetables
Shulk	Literature
Fiora	Seafood
Fiora	Cosmetics
Corvin	Drinks
Corvin	Board Games
Crossette	Staple Foods
Crossette	Desserts
Elma	Seafood
Elma	Arts
\.


--
-- Data for Name: blade_favorite_pouch_items; Type: TABLE DATA; Schema: xeno2; Owner: poppi
--

COPY xeno2.blade_favorite_pouch_items (blade, pouch_item) FROM stdin;
Pyra	40112
Pyra	40067
Mythra	40155
Mythra	40121
Dromarch	40098
Dromarch	40068
Poppi 	40016
Poppi 	40021
Poppi QT	40161
Poppi QT	40256
Poppi QT	40010
Poppi QT	40077
Roc	40082
Roc	40226
Brighid	40230
Brighid	40135
Pandoria	40301
Pandoria	40251
Nia	40190
Nia	40034
Aegaeon	40217
Aegaeon	40208
Godfrey	40054
Godfrey	40030
Wulfric	40009
Wulfric	40247
Perceval	40223
Perceval	40115
Vale	40224
Vale	40311
Agate	40157
Agate	40177
Gorg	40110
Gorg	40176
Boreas	40004
Boreas	40204
Dagas	40225
Dagas	40072
Dagas (Weak)	40225
Dagas (Weak)	40072
Kasandra	40172
Kasandra	40243
Praxis	40232
Praxis	40041
Theory	40221
Theory	40079
Perun	40111
Perun	40116
Kora	40103
Kora	40078
Azami	40148
Azami	40134
Ursula	40066
Ursula	40165
Newt	40180
Newt	40194
Nim	40261
Nim	40244
Sheba	40203
Sheba	40171
Vess	40013
Vess	40259
Adenine	40050
Adenine	40037
Electra	40019
Electra	40167
Zenobia	40097
Zenobia	40237
Finch	40051
Finch	40079
Floren	40084
Floren	40234
KOS-MOS	40129
KOS-MOS	40303
Herald	40061
Herald	40248
Dahlia	40219
Dahlia	40293
Sever	40181
Sever	40096
Akhos	40200
Akhos	40240
Patroka	40162
Patroka	40308
Mikhail	40188
Mikhail	40254
Obrona	40126
Obrona	40218
Perdido	40206
Perdido	40123
Cressidus	40057
Cressidus	40242
T-elos	40166
T-elos	40027
Poppibuster	40055
Poppibuster	40132
Shulk	40263
Shulk	40174
Fiora	40228
Fiora	40039
Corvin	40015
Corvin	40033
Crossette	40267
Crossette	40273
Elma	40213
Elma	40205
\.


--
-- Data for Name: blade_field_skills; Type: TABLE DATA; Schema: xeno2; Owner: poppi
--

COPY xeno2.blade_field_skills (blade, skill) FROM stdin;
Pyra	Fire Mastery
Pyra	Focus
Pyra	Cooking
Mythra	Light Mastery
Mythra	Focus
Mythra	Girls' Talk
Dromarch	Water Mastery
Dromarch	Botany
Dromarch	Ancient Wisdom
Poppi 	Leaping
Poppi 	Nopon Wisdom
Poppi 	Superstrength
Poppi QT	Lockpicking
Poppi QT	Fortitude
Poppi QT	Agronomy
Poppi QT	Keen Eye
Poppi QT	Ancient Wisdom
Poppi QT	Forestry
Roc	Wind Mastery
Roc	Miasma Dispersal
Roc	Lockpicking
Brighid	Fire Mastery
Brighid	Keen Eye
Brighid	Mineralogy
Pandoria	Electric Mastery
Pandoria	Lockpicking
Pandoria	Ichthyology
Nia	Water Mastery
Nia	Forestry
Nia	Fortitude
Aegaeon	Water Mastery
Aegaeon	Ancient Wisdom
Aegaeon	Leaping
Godfrey	Passionate Soul
Godfrey	Justice-Loving Soul
Godfrey	Kind Soul
Wulfric	Superstrength
Wulfric	Earth Mastery
Wulfric	Focus
Perceval	Dark Mastery
Perceval	Leaping
Perceval	Assassination
Vale	Dark Mastery
Vale	Weaving
Vale	Girls' Talk
Agate	Prospecting
Agate	Mineralogy
Agate	Keen Eye
Gorg	Keen Eye
Gorg	Fortitude
Gorg	Patissier
Boreas	Nopon Wisdom
Boreas	Salvaging Mastery
Boreas	Fleet of Foot
Dagas	Nopon Wisdom
Dagas	Mineralogy
Dagas	Ancient Wisdom
Dagas (Weak)	Cavalier Attitude
Kasandra	Nopon Wisdom
Kasandra	Agronomy
Kasandra	One Lucky Gal
Praxis	Girls' Talk
Praxis	Water Mastery
Praxis	Salvaging Mastery
Theory	Ice Mastery
Theory	Focus
Theory	Nopon Wisdom
Perun	Ice Mastery
Perun	Ancient Wisdom
Perun	Chivalry
Kora	Girls' Talk
Kora	Electric Mastery
Kora	Lockpicking
Azami	Dark Mastery
Azami	Botany
Azami	Clairvoyant Eye
Ursula	Harmony
Ursula	Ichthyology
Ursula	Fortitude
Newt	Superstrength
Newt	Salvaging Mastery
Newt	Titan Weapon Wisdom
Nim	Earth Mastery
Nim	Ichthyology
Nim	Phonex Linguistics
Sheba	Girls' Talk
Sheba	Lockpicking
Sheba	Eye for Beauty
Vess	Forestry
Vess	Fortitude
Vess	Dumpling Pro
Adenine	Wind Mastery
Adenine	Keen Eye
Adenine	Extra-Ancient Wisdom
Electra	Electric Mastery
Electra	Focus
Electra	Mastery of Thunder
Zenobia	Wind Mastery
Zenobia	Superstrength
Zenobia	Leaping
Finch	Entomology
Finch	Leaping
Finch	Birdbrain
Floren	Botany
Floren	Earth Mastery
Floren	Beguiling Charms
KOS-MOS	Light Mastery
KOS-MOS	Lockpicking
KOS-MOS	Mental Arithmetic
Herald	Electric Mastery
Herald	Superstrength
Herald	Rampage
Dahlia	Forestry
Dahlia	Ice Mastery
Dahlia	Icecraft
Sever	Wind Mastery
Sever	Superstrength
Sever	Entomology
Akhos	Electric Mastery
Akhos	Agronomy
Akhos	Keen Eye
Patroka	Earth Mastery
Patroka	Lockpicking
Patroka	Focus
Mikhail	Dark Mastery
Mikhail	Salvaging Mastery
Mikhail	Ancient Wisdom
Obrona	Electric Mastery
Obrona	Leaping
Obrona	Ichthyology
Perdido	Fire Mastery
Perdido	Mineralogy
Perdido	Fortitude
Cressidus	Earth Mastery
Cressidus	Nopon Wisdom
Cressidus	Botany
T-elos	Dark Mastery
T-elos	Salvaging Mastery
T-elos	Leaping
Poppibuster	Entomology
Poppibuster	Salvaging Mastery
Poppibuster	Superstrength
Shulk	Salvaging Mastery
Shulk	Keen Eye
Shulk	Ancient Wisdom
Fiora	Ichthyology
Fiora	Fortitude
Fiora	Nopon Wisdom
Corvin	Light Mastery
Corvin	Forestry
Corvin	Ancient Wisdom
Crossette	Ardent Cooking
Crossette	Agronomy
Crossette	Fortitude
Elma	Keen Eye
Elma	Focus
Elma	Lockpicking
\.


--
-- Data for Name: blade_skill_enhance; Type: TABLE DATA; Schema: xeno2; Owner: poppi
--

COPY xeno2.blade_skill_enhance (skill, level, caption) FROM stdin;
Purifying Flames	1	1541
Purifying Flames	2	1542
Purifying Flames	3	1543
Purifying Flames	4	1544
Purifying Flames	5	1545
Resplendence	1	1546
Resplendence	2	1547
Resplendence	3	1548
Resplendence	4	1549
Resplendence	5	1550
Flaming Edge	1	1551
Flaming Edge	2	1552
Flaming Edge	3	1553
Flaming Edge	4	1554
Flaming Edge	5	1555
Foresight	1	1556
Foresight	2	1557
Foresight	3	1558
Foresight	4	1559
Foresight	5	1560
Lightspeed Flurry	1	1561
Lightspeed Flurry	2	1562
Lightspeed Flurry	3	1563
Lightspeed Flurry	4	1564
Lightspeed Flurry	5	1565
Glint	1	1566
Glint	2	1567
Glint	3	1568
Glint	4	1569
Glint	5	1570
A Dream of the Future	1	1571
A Dream of the Future	2	1572
A Dream of the Future	3	1573
A Dream of the Future	4	1574
A Dream of the Future	5	1575
The Chosen One	1	1576
The Chosen One	2	1577
The Chosen One	3	1578
The Chosen One	4	1579
The Chosen One	5	1580
The Aegis	1	1581
The Aegis	2	1582
The Aegis	3	1583
The Aegis	4	1584
The Aegis	5	1585
Celestial Gift	1	1586
Celestial Gift	2	1587
Celestial Gift	3	1588
Celestial Gift	4	1589
Celestial Gift	5	1590
River's Blessing	1	1591
River's Blessing	2	1592
River's Blessing	3	1593
River's Blessing	4	1594
River's Blessing	5	1595
Howl of Calm	1	1596
Howl of Calm	2	1597
Howl of Calm	3	1598
Howl of Calm	4	1599
Howl of Calm	5	1600
Noponic Iron	1	1601
Noponic Iron	2	1602
Noponic Iron	3	1603
Noponic Iron	4	1604
Noponic Iron	5	1605
Guard Shift	1	1606
Guard Shift	2	1607
Guard Shift	3	1608
Guard Shift	4	1609
Guard Shift	5	1610
Emergency Mode	1	1611
Emergency Mode	2	1612
Emergency Mode	3	1613
Emergency Mode	4	1614
Emergency Mode	5	1615
Velocity Gear	1	1616
Velocity Gear	2	1617
Velocity Gear	3	1618
Velocity Gear	4	1619
Velocity Gear	5	1620
Flash Counter	1	1621
Flash Counter	2	1622
Flash Counter	3	1623
Flash Counter	4	1624
Flash Counter	5	1625
Flash Boot	1	1626
Flash Boot	2	1627
Flash Boot	3	1628
Flash Boot	4	1629
Flash Boot	5	1630
Reflection	1	1631
Reflection	2	1632
Reflection	3	1633
Reflection	4	1634
Reflection	5	1635
Nanomachine Repair	1	1636
Nanomachine Repair	2	1637
Nanomachine Repair	3	1638
Nanomachine Repair	4	1639
Nanomachine Repair	5	1640
Overclock	1	1641
Overclock	2	1642
Overclock	3	1643
Overclock	4	1644
Overclock	5	1645
Sickle	1	1646
Sickle	2	1647
Sickle	3	1648
Sickle	4	1649
Sickle	5	1650
Storm and Stress	1	1651
Storm and Stress	2	1652
Storm and Stress	3	1653
Storm and Stress	4	1654
Storm and Stress	5	1655
Swoop	1	1656
Swoop	2	1657
Swoop	3	1658
Swoop	4	1659
Swoop	5	1660
War Pyre	1	1661
War Pyre	2	1662
War Pyre	3	1663
War Pyre	4	1664
War Pyre	5	1665
Firewalker	1	1666
Firewalker	2	1667
Firewalker	3	1668
Firewalker	4	1669
Firewalker	5	1670
Dance of the Flames	1	1671
Dance of the Flames	2	1672
Dance of the Flames	3	1673
Dance of the Flames	4	1674
Dance of the Flames	5	1675
Quickest Purple	1	1676
Quickest Purple	2	1677
Quickest Purple	3	1678
Quickest Purple	4	1679
Quickest Purple	5	1680
Thunderblast	1	1681
Thunderblast	2	1682
Thunderblast	3	1683
Thunderblast	4	1684
Thunderblast	5	1685
Sudden Spark	1	1686
Sudden Spark	2	1687
Sudden Spark	3	1688
Sudden Spark	4	1689
Sudden Spark	5	1690
Sea of Plenty	1	1691
Sea of Plenty	2	1692
Sea of Plenty	3	1693
Sea of Plenty	4	1694
Sea of Plenty	5	1695
Instant Regen	1	1696
Instant Regen	2	1697
Instant Regen	3	1698
Instant Regen	4	1699
Instant Regen	5	1700
Cellular Stimulus	1	1701
Cellular Stimulus	2	1702
Cellular Stimulus	3	1703
Cellular Stimulus	4	1704
Cellular Stimulus	5	1705
Serene Heart	1	1706
Serene Heart	2	1707
Serene Heart	3	1708
Serene Heart	4	1709
Serene Heart	5	1710
Like Water	1	1711
Like Water	2	1712
Like Water	3	1713
Like Water	4	1714
Like Water	5	1715
Enlightenment	1	1716
Enlightenment	2	1717
Enlightenment	3	1718
Enlightenment	4	1719
Enlightenment	5	1720
Got the Guts	1	1721
Got the Guts	2	1722
Got the Guts	3	1723
Got the Guts	4	1724
Got the Guts	5	1725
Fierce Fervor	1	1726
Fierce Fervor	2	1727
Fierce Fervor	3	1728
Fierce Fervor	4	1729
Fierce Fervor	5	1730
Light of Justice	1	1731
Light of Justice	2	1732
Light of Justice	3	1733
Light of Justice	4	1734
Light of Justice	5	1735
The Preternatural	1	1736
The Preternatural	2	1737
The Preternatural	3	1738
The Preternatural	4	1739
The Preternatural	5	1740
Power Unleashed	1	1741
Power Unleashed	2	1742
Power Unleashed	3	1743
Power Unleashed	4	1744
Power Unleashed	5	1745
Critical Strike	1	1746
Critical Strike	2	1747
Critical Strike	3	1748
Critical Strike	4	1749
Critical Strike	5	1750
Eater of Men	1	1751
Eater of Men	2	1752
Eater of Men	3	1753
Eater of Men	4	1754
Eater of Men	5	1755
Soulsucker	1	1756
Soulsucker	2	1757
Soulsucker	3	1758
Soulsucker	4	1759
Soulsucker	5	1760
Brandish	1	1761
Brandish	2	1762
Brandish	3	1763
Brandish	4	1764
Brandish	5	1765
Violence Machine	1	1766
Violence Machine	2	1767
Violence Machine	3	1768
Violence Machine	4	1769
Violence Machine	5	1770
Void Lance	1	1771
Void Lance	2	1772
Void Lance	3	1773
Void Lance	4	1774
Void Lance	5	1775
Overture of Blood	1	1776
Overture of Blood	2	1777
Overture of Blood	3	1778
Overture of Blood	4	1779
Overture of Blood	5	1780
Razor-Sharp Iolite	1	1781
Razor-Sharp Iolite	2	1782
Razor-Sharp Iolite	3	1783
Razor-Sharp Iolite	4	1784
Razor-Sharp Iolite	5	1785
Tanzanite Pursuer	1	1786
Tanzanite Pursuer	2	1787
Tanzanite Pursuer	3	1788
Tanzanite Pursuer	4	1789
Tanzanite Pursuer	5	1790
Tiger's Eye Wrecker	1	1791
Tiger's Eye Wrecker	2	1792
Tiger's Eye Wrecker	3	1793
Tiger's Eye Wrecker	4	1794
Tiger's Eye Wrecker	5	1795
FTL	1	1796
FTL	2	1797
FTL	3	1798
FTL	4	1799
FTL	5	1800
IMD	1	1801
IMD	2	1802
IMD	3	1803
IMD	4	1804
IMD	5	1805
FAS	1	1806
FAS	2	1807
FAS	3	1808
FAS	4	1809
FAS	5	1810
Tasty Snack	1	1811
Tasty Snack	2	1812
Tasty Snack	3	1813
Tasty Snack	4	1814
Tasty Snack	5	1815
Look Out!	1	1816
Look Out!	2	1817
Look Out!	3	1818
Look Out!	4	1819
Look Out!	5	1820
Twang!	1	1821
Twang!	2	1822
Twang!	3	1823
Twang!	4	1824
Twang!	5	1825
Kaiser Zone (Weak)	1	1826
Kaiser Zone (Weak)	2	1827
Kaiser Zone (Weak)	3	1828
Kaiser Zone (Weak)	4	1829
Kaiser Zone (Weak)	5	1830
Regal Presence (Weak)	1	1831
Regal Presence (Weak)	2	1832
Regal Presence (Weak)	3	1833
Regal Presence (Weak)	4	1834
Regal Presence (Weak)	5	1835
Gold Effect (Weak)	1	1836
Gold Effect (Weak)	2	1837
Gold Effect (Weak)	3	1838
Gold Effect (Weak)	4	1839
Gold Effect (Weak)	5	1840
Kaiser Zone	1	1841
Kaiser Zone	2	1842
Kaiser Zone	3	1843
Kaiser Zone	4	1844
Kaiser Zone	5	1845
Regal Presence	1	1846
Regal Presence	2	1847
Regal Presence	3	1848
Regal Presence	4	1849
Regal Presence	5	1850
Gold Effect	1	1851
Gold Effect	2	1852
Gold Effect	3	1853
Gold Effect	4	1854
Gold Effect	5	1855
Calamity	1	1856
Calamity	2	1857
Calamity	3	1858
Calamity	4	1859
Calamity	5	1860
Fortune	1	1861
Fortune	2	1862
Fortune	3	1863
Fortune	4	1864
Fortune	5	1865
Stability	1	1866
Stability	2	1867
Stability	3	1868
Stability	4	1869
Stability	5	1870
The Awakened (Power)	1	1871
The Awakened (Power)	2	1872
The Awakened (Power)	3	1873
The Awakened (Power)	4	1874
The Awakened (Power)	5	1875
The Awakened (Skill)	1	1876
The Awakened (Skill)	2	1877
The Awakened (Skill)	3	1878
The Awakened (Skill)	4	1879
The Awakened (Skill)	5	1880
Brimming Pep	1	1881
Brimming Pep	2	1882
Brimming Pep	3	1883
Brimming Pep	4	1884
Brimming Pep	5	1885
Aerial Flashdance	1	1886
Aerial Flashdance	2	1887
Aerial Flashdance	3	1888
Aerial Flashdance	4	1889
Aerial Flashdance	5	1890
Conviction	1	1891
Conviction	2	1892
Conviction	3	1893
Conviction	4	1894
Conviction	5	1895
Steadfast	1	1896
Steadfast	2	1897
Steadfast	3	1898
Steadfast	4	1899
Steadfast	5	1900
Defender	1	1901
Defender	2	1902
Defender	3	1903
Defender	4	1904
Defender	5	1905
Silent Spear	1	1906
Silent Spear	2	1907
Silent Spear	3	1908
Silent Spear	4	1909
Silent Spear	5	1910
Battle Plans	1	1911
Battle Plans	2	1912
Battle Plans	3	1913
Battle Plans	4	1914
Battle Plans	5	1915
Stop Thinking	1	1916
Stop Thinking	2	1917
Stop Thinking	3	1918
Stop Thinking	4	1919
Stop Thinking	5	1920
Walking Joy	1	1921
Walking Joy	2	1922
Walking Joy	3	1923
Walking Joy	4	1924
Walking Joy	5	1925
Potion Hoarder	1	1926
Potion Hoarder	2	1927
Potion Hoarder	3	1928
Potion Hoarder	4	1929
Potion Hoarder	5	1930
All For Love	1	1931
All For Love	2	1932
All For Love	3	1933
All For Love	4	1934
All For Love	5	1935
Pain of Longing	1	1936
Pain of Longing	2	1937
Pain of Longing	3	1938
Pain of Longing	4	1939
Pain of Longing	5	1940
Vendetta	1	1941
Vendetta	2	1942
Vendetta	3	1943
Vendetta	4	1944
Vendetta	5	1945
Snow Charm	1	1946
Snow Charm	2	1947
Snow Charm	3	1948
Snow Charm	4	1949
Snow Charm	5	1950
Beary Healing	1	1951
Beary Healing	2	1952
Beary Healing	3	1953
Beary Healing	4	1954
Beary Healing	5	1955
Hide and Seek	1	1956
Hide and Seek	2	1957
Hide and Seek	3	1958
Hide and Seek	4	1959
Hide and Seek	5	1960
Tranquil Guard	1	1961
Tranquil Guard	2	1962
Tranquil Guard	3	1963
Tranquil Guard	4	1964
Tranquil Guard	5	1965
Last Line of Defense	1	1966
Last Line of Defense	2	1967
Last Line of Defense	3	1968
Last Line of Defense	4	1969
Last Line of Defense	5	1970
Flowers of War	1	1971
Flowers of War	2	1972
Flowers of War	3	1973
Flowers of War	4	1974
Flowers of War	5	1975
Restorative Fusion	1	1976
Restorative Fusion	2	1977
Restorative Fusion	3	1978
Restorative Fusion	4	1979
Restorative Fusion	5	1980
Synthesis Lore	1	1981
Synthesis Lore	2	1982
Synthesis Lore	3	1983
Synthesis Lore	4	1984
Synthesis Lore	5	1985
Wild Familiars	1	1986
Wild Familiars	2	1987
Wild Familiars	3	1988
Wild Familiars	4	1989
Wild Familiars	5	1990
Economicanimal	1	1991
Economicanimal	2	1992
Economicanimal	3	1993
Economicanimal	4	1994
Economicanimal	5	1995
Entitled Entourage	1	1996
Entitled Entourage	2	1997
Entitled Entourage	3	1998
Entitled Entourage	4	1999
Entitled Entourage	5	2000
Financial Settlement	1	2001
Financial Settlement	2	2002
Financial Settlement	3	2003
Financial Settlement	4	2004
Financial Settlement	5	2005
Space-Tea-Time	1	2006
Space-Tea-Time	2	2007
Space-Tea-Time	3	2008
Space-Tea-Time	4	2009
Space-Tea-Time	5	2010
Sympathy	1	2011
Sympathy	2	2012
Sympathy	3	2013
Sympathy	4	2014
Sympathy	5	2015
Not Part of the Plan	1	2016
Not Part of the Plan	2	2017
Not Part of the Plan	3	2018
Not Part of the Plan	4	2019
Not Part of the Plan	5	2020
Element Wisdom	1	2021
Element Wisdom	2	2022
Element Wisdom	3	2023
Element Wisdom	4	2024
Element Wisdom	5	2025
Battle Wisdom	1	2026
Battle Wisdom	2	2027
Battle Wisdom	3	2028
Battle Wisdom	4	2029
Battle Wisdom	5	2030
Treasure Wisdom	1	2031
Treasure Wisdom	2	2032
Treasure Wisdom	3	2033
Treasure Wisdom	4	2034
Treasure Wisdom	5	2035
Sparky Girl	1	2036
Sparky Girl	2	2037
Sparky Girl	3	2038
Sparky Girl	4	2039
Sparky Girl	5	2040
Zappy Girl	1	2041
Zappy Girl	2	2042
Zappy Girl	3	2043
Zappy Girl	4	2044
Zappy Girl	5	2045
Clangy Girl	1	2046
Clangy Girl	2	2047
Clangy Girl	3	2048
Clangy Girl	4	2049
Clangy Girl	5	2050
Carnage	1	2051
Carnage	2	2052
Carnage	3	2053
Carnage	4	2054
Carnage	5	2055
The Indomitable	1	2056
The Indomitable	2	2057
The Indomitable	3	2058
The Indomitable	4	2059
The Indomitable	5	2060
Greatest Warrior	1	2061
Greatest Warrior	2	2062
Greatest Warrior	3	2063
Greatest Warrior	4	2064
Greatest Warrior	5	2065
Did I Do That?	1	2066
Did I Do That?	2	2067
Did I Do That?	3	2068
Did I Do That?	4	2069
Did I Do That?	5	2070
Doesn't Ring a Bell	1	2071
Doesn't Ring a Bell	2	2072
Doesn't Ring a Bell	3	2073
Doesn't Ring a Bell	4	2074
Doesn't Ring a Bell	5	2075
Surprise!	1	2076
Surprise!	2	2077
Surprise!	3	2078
Surprise!	4	2079
Surprise!	5	2080
The Coming of Spring	1	2081
The Coming of Spring	2	2082
The Coming of Spring	3	2083
The Coming of Spring	4	2084
The Coming of Spring	5	2085
Blossomfall	1	2086
Blossomfall	2	2087
Blossomfall	3	2088
Blossomfall	4	2089
Blossomfall	5	2090
White Lilies	1	2091
White Lilies	2	2092
White Lilies	3	2093
White Lilies	4	2094
White Lilies	5	2095
Phase Transition Tech	1	2096
Phase Transition Tech	2	2097
Phase Transition Tech	3	2098
Phase Transition Tech	4	2099
Phase Transition Tech	5	2100
Hyperclock	1	2101
Hyperclock	2	2102
Hyperclock	3	2103
Hyperclock	4	2104
Hyperclock	5	2105
Encephalon	1	2106
Encephalon	2	2107
Encephalon	3	2108
Encephalon	4	2109
Encephalon	5	2110
Dissolve Seal	1	2111
Dissolve Seal	2	2112
Dissolve Seal	3	2113
Dissolve Seal	4	2114
Dissolve Seal	5	2115
Taboo	1	2116
Taboo	2	2117
Taboo	3	2118
Taboo	4	2119
Taboo	5	2120
Unlimited Output	1	2121
Unlimited Output	2	2122
Unlimited Output	3	2123
Unlimited Output	4	2124
Unlimited Output	5	2125
Spotlight	1	2126
Spotlight	2	2127
Spotlight	3	2128
Spotlight	4	2129
Spotlight	5	2130
Fireworks	1	2131
Fireworks	2	2132
Fireworks	3	2133
Fireworks	4	2134
Fireworks	5	2135
Opportunist	1	2136
Opportunist	2	2137
Opportunist	3	2138
Opportunist	4	2139
Opportunist	5	2140
Armor Piercing	1	2141
Armor Piercing	2	2142
Armor Piercing	3	2143
Armor Piercing	4	2144
Armor Piercing	5	2145
Nullify Defense	1	2146
Nullify Defense	2	2147
Nullify Defense	3	2148
Nullify Defense	4	2149
Nullify Defense	5	2150
Heartless Kill	1	2151
Heartless Kill	2	2152
Heartless Kill	3	2153
Heartless Kill	4	2154
Heartless Kill	5	2155
Transmigration	1	2156
Transmigration	2	2157
Transmigration	3	2158
Transmigration	4	2159
Transmigration	5	2160
Dead Zone	1	2161
Dead Zone	2	2162
Dead Zone	3	2163
Dead Zone	4	2164
Dead Zone	5	2165
Endless Cycle	1	2166
Endless Cycle	2	2167
Endless Cycle	3	2168
Endless Cycle	4	2169
Endless Cycle	5	2170
Fatal Blow	1	2171
Fatal Blow	2	2172
Fatal Blow	3	2173
Fatal Blow	4	2174
Fatal Blow	5	2175
Fury	1	2176
Fury	2	2177
Fury	3	2178
Fury	4	2179
Fury	5	2180
Sanguine Steel	1	2181
Sanguine Steel	2	2182
Sanguine Steel	3	2183
Sanguine Steel	4	2184
Sanguine Steel	5	2185
Gravity Pinwheel	1	2186
Gravity Pinwheel	2	2187
Gravity Pinwheel	3	2188
Gravity Pinwheel	4	2189
Gravity Pinwheel	5	2190
Dimensional Fold	1	2191
Dimensional Fold	2	2192
Dimensional Fold	3	2193
Dimensional Fold	4	2194
Dimensional Fold	5	2195
Dimensional Wrinkle	1	2196
Dimensional Wrinkle	2	2197
Dimensional Wrinkle	3	2198
Dimensional Wrinkle	4	2199
Dimensional Wrinkle	5	2200
Swift Kitty	1	2201
Swift Kitty	2	2202
Swift Kitty	3	2203
Swift Kitty	4	2204
Swift Kitty	5	2205
Now You See Me...	1	2206
Now You See Me...	2	2207
Now You See Me...	3	2208
Now You See Me...	4	2209
Now You See Me...	5	2210
Quick Prep	1	2211
Quick Prep	2	2212
Quick Prep	3	2213
Quick Prep	4	2214
Quick Prep	5	2215
Doublestrike	1	2216
Doublestrike	2	2217
Doublestrike	3	2218
Doublestrike	4	2219
Doublestrike	5	2220
Stay True	1	2221
Stay True	2	2222
Stay True	3	2223
Stay True	4	2224
Stay True	5	2225
Bushido	1	2226
Bushido	2	2227
Bushido	3	2228
Bushido	4	2229
Bushido	5	2230
Senton	1	2231
Senton	2	2232
Senton	3	2233
Senton	4	2234
Senton	5	2235
Double Team	1	2236
Double Team	2	2237
Double Team	3	2238
Double Team	4	2239
Double Team	5	2240
Trespass	1	2241
Trespass	2	2242
Trespass	3	2243
Trespass	4	2244
Trespass	5	2245
Persevering Strength	1	2250
Persevering Strength	2	2251
Persevering Strength	3	2252
Persevering Strength	4	2253
Persevering Strength	5	2254
Mad Warrior	1	2255
Mad Warrior	2	2256
Mad Warrior	3	2257
Mad Warrior	4	2258
Mad Warrior	5	2259
Life Absorb	1	2260
Life Absorb	2	2261
Life Absorb	3	2262
Life Absorb	4	2263
Life Absorb	5	2264
Rage	1	2265
Rage	2	2266
Rage	3	2267
Rage	4	2268
Rage	5	2269
Resist Fire	1	2270
Resist Fire	2	2271
Resist Fire	3	2272
Resist Fire	4	2273
Resist Fire	5	2274
Resist Water	1	2275
Resist Water	2	2276
Resist Water	3	2277
Resist Water	4	2278
Resist Water	5	2279
Resist Wind	1	2280
Resist Wind	2	2281
Resist Wind	3	2282
Resist Wind	4	2283
Resist Wind	5	2284
Resist Earth	1	2285
Resist Earth	2	2286
Resist Earth	3	2287
Resist Earth	4	2288
Resist Earth	5	2289
Resist Electric	1	2290
Resist Electric	2	2291
Resist Electric	3	2292
Resist Electric	4	2293
Resist Electric	5	2294
Resist Ice	1	2295
Resist Ice	2	2296
Resist Ice	3	2297
Resist Ice	4	2298
Resist Ice	5	2299
Resist Light	1	2300
Resist Light	2	2301
Resist Light	3	2302
Resist Light	4	2303
Resist Light	5	2304
Resist Dark	1	2305
Resist Dark	2	2306
Resist Dark	3	2307
Resist Dark	4	2308
Resist Dark	5	2309
Elemental Mastery	1	2310
Elemental Mastery	2	2311
Elemental Mastery	3	2312
Elemental Mastery	4	2313
Elemental Mastery	5	2314
Acute Focus	1	2315
Acute Focus	2	2316
Acute Focus	3	2317
Acute Focus	4	2318
Acute Focus	5	2319
Streamlined Step	1	2320
Streamlined Step	2	2321
Streamlined Step	3	2322
Streamlined Step	4	2323
Streamlined Step	5	2324
Back Attack	1	2325
Back Attack	2	2326
Back Attack	3	2327
Back Attack	4	2328
Back Attack	5	2329
Healing Wind	1	2330
Healing Wind	2	2331
Healing Wind	3	2332
Healing Wind	4	2333
Healing Wind	5	2334
Challenger	1	2335
Challenger	2	2336
Challenger	3	2337
Challenger	4	2338
Challenger	5	2339
High-Speed Preparation	1	2340
High-Speed Preparation	2	2341
High-Speed Preparation	3	2342
High-Speed Preparation	4	2343
High-Speed Preparation	5	2344
Counter	1	2345
Counter	2	2346
Counter	3	2347
Counter	4	2348
Counter	5	2349
Pinpoint Weakness	1	2350
Pinpoint Weakness	2	2351
Pinpoint Weakness	3	2352
Pinpoint Weakness	4	2353
Pinpoint Weakness	5	2354
Unrelenting Spirit	1	2355
Unrelenting Spirit	2	2356
Unrelenting Spirit	3	2357
Unrelenting Spirit	4	2358
Unrelenting Spirit	5	2359
Vital Charge	1	2360
Vital Charge	2	2361
Vital Charge	3	2362
Vital Charge	4	2363
Vital Charge	5	2364
Damage Spike	1	2365
Damage Spike	2	2366
Damage Spike	3	2367
Damage Spike	4	2368
Damage Spike	5	2369
Into the Ground	1	2370
Into the Ground	2	2371
Into the Ground	3	2372
Into the Ground	4	2373
Into the Ground	5	2374
Treasure Sensor	1	2375
Treasure Sensor	2	2376
Treasure Sensor	3	2377
Treasure Sensor	4	2378
Treasure Sensor	5	2379
Accelerated Growth	1	2380
Accelerated Growth	2	2381
Accelerated Growth	3	2382
Accelerated Growth	4	2383
Accelerated Growth	5	2384
Beast Hunter	1	2385
Beast Hunter	2	2386
Beast Hunter	3	2387
Beast Hunter	4	2388
Beast Hunter	5	2389
Insect Hunter	1	2390
Insect Hunter	2	2391
Insect Hunter	3	2392
Insect Hunter	4	2393
Insect Hunter	5	2394
Aerial Hunter	1	2395
Aerial Hunter	2	2396
Aerial Hunter	3	2397
Aerial Hunter	4	2398
Aerial Hunter	5	2399
Aquatic Hunter	1	2400
Aquatic Hunter	2	2401
Aquatic Hunter	3	2402
Aquatic Hunter	4	2403
Aquatic Hunter	5	2404
Humanoid Hunter	1	2405
Humanoid Hunter	2	2406
Humanoid Hunter	3	2407
Humanoid Hunter	4	2408
Humanoid Hunter	5	2409
Machine Hunter	1	2410
Machine Hunter	2	2411
Machine Hunter	3	2412
Machine Hunter	4	2413
Machine Hunter	5	2414
Titan Hunter	1	2415
Titan Hunter	2	2416
Titan Hunter	3	2417
Titan Hunter	4	2418
Titan Hunter	5	2419
Beast Slayer	1	2420
Beast Slayer	2	2421
Beast Slayer	3	2422
Beast Slayer	4	2423
Beast Slayer	5	2424
Insect Slayer	1	2425
Insect Slayer	2	2426
Insect Slayer	3	2427
Insect Slayer	4	2428
Insect Slayer	5	2429
Aerial Slayer	1	2430
Aerial Slayer	2	2431
Aerial Slayer	3	2432
Aerial Slayer	4	2433
Aerial Slayer	5	2434
Aquatic Slayer	1	2435
Aquatic Slayer	2	2436
Aquatic Slayer	3	2437
Aquatic Slayer	4	2438
Aquatic Slayer	5	2439
Humanoid Slayer	1	2440
Humanoid Slayer	2	2441
Humanoid Slayer	3	2442
Humanoid Slayer	4	2443
Humanoid Slayer	5	2444
Machine Slayer	1	2445
Machine Slayer	2	2446
Machine Slayer	3	2447
Machine Slayer	4	2448
Machine Slayer	5	2449
Titan Slayer	1	2450
Titan Slayer	2	2451
Titan Slayer	3	2452
Titan Slayer	4	2453
Titan Slayer	5	2454
Front Attack	1	2455
Front Attack	2	2456
Front Attack	3	2457
Front Attack	4	2458
Front Attack	5	2459
Gold Rush	1	2460
Gold Rush	2	2461
Gold Rush	3	2462
Gold Rush	4	2463
Gold Rush	5	2464
Emergency Guard	1	2465
Emergency Guard	2	2466
Emergency Guard	3	2467
Emergency Guard	4	2468
Emergency Guard	5	2469
Pierce	1	2470
Pierce	2	2471
Pierce	3	2472
Pierce	4	2473
Pierce	5	2474
Smooth Action	1	2475
Smooth Action	2	2476
Smooth Action	3	2477
Smooth Action	4	2478
Smooth Action	5	2479
Gentle Touch	1	2480
Gentle Touch	2	2481
Gentle Touch	3	2482
Gentle Touch	4	2483
Gentle Touch	5	2484
Cloud Conceal	1	2485
Cloud Conceal	2	2486
Cloud Conceal	3	2487
Cloud Conceal	4	2488
Cloud Conceal	5	2489
Flash	1	2490
Flash	2	2491
Flash	3	2492
Flash	4	2493
Flash	5	2494
Insulting Flourish	1	2495
Insulting Flourish	2	2496
Insulting Flourish	3	2497
Insulting Flourish	4	2498
Insulting Flourish	5	2499
Attention Grabber	1	2500
Attention Grabber	2	2501
Attention Grabber	3	2502
Attention Grabber	4	2503
Attention Grabber	5	2504
Glittering Stars	1	2505
Glittering Stars	2	2506
Glittering Stars	3	2507
Glittering Stars	4	2508
Glittering Stars	5	2509
Prolonged Fight	1	2510
Prolonged Fight	2	2511
Prolonged Fight	3	2512
Prolonged Fight	4	2513
Prolonged Fight	5	2514
Rapid Regen	1	2515
Rapid Regen	2	2516
Rapid Regen	3	2517
Rapid Regen	4	2518
Rapid Regen	5	2519
Movement Recovery	1	2520
Movement Recovery	2	2521
Movement Recovery	3	2522
Movement Recovery	4	2523
Movement Recovery	5	2524
Potion Keeper	1	2525
Potion Keeper	2	2526
Potion Keeper	3	2527
Potion Keeper	4	2528
Potion Keeper	5	2529
Tight Space	1	2530
Tight Space	2	2531
Tight Space	3	2532
Tight Space	4	2533
Tight Space	5	2534
Natural Guard	1	2535
Natural Guard	2	2536
Natural Guard	3	2537
Natural Guard	4	2538
Natural Guard	5	2539
Encourage	1	2540
Encourage	2	2541
Encourage	3	2542
Encourage	4	2543
Encourage	5	2544
Evasion Aura	1	2545
Evasion Aura	2	2546
Evasion Aura	3	2547
Evasion Aura	4	2548
Evasion Aura	5	2549
Attack Aura	1	2550
Attack Aura	2	2551
Attack Aura	3	2552
Attack Aura	4	2553
Attack Aura	5	2554
Barrier Aura	1	2555
Barrier Aura	2	2556
Barrier Aura	3	2557
Barrier Aura	4	2558
Barrier Aura	5	2559
Precision Aura	1	2560
Precision Aura	2	2561
Precision Aura	3	2562
Precision Aura	4	2563
Precision Aura	5	2564
Into the Air	1	2565
Into the Air	2	2566
Into the Air	3	2567
Into the Air	4	2568
Into the Air	5	2569
Open Space	1	2570
Open Space	2	2571
Open Space	3	2572
Open Space	4	2573
Open Space	5	2574
Grandarbor's Roots	1	2575
Grandarbor's Roots	2	2576
Grandarbor's Roots	3	2577
Grandarbor's Roots	4	2578
Grandarbor's Roots	5	2579
Good Balance	1	2580
Good Balance	2	2581
Good Balance	3	2582
Good Balance	4	2583
Good Balance	5	2584
Never Fall	1	2585
Never Fall	2	2586
Never Fall	3	2587
Never Fall	4	2588
Never Fall	5	2589
Immovable	1	2590
Immovable	2	2591
Immovable	3	2592
Immovable	4	2593
Immovable	5	2594
Ultra Heavy	1	2595
Ultra Heavy	2	2596
Ultra Heavy	3	2597
Ultra Heavy	4	2598
Ultra Heavy	5	2599
Ukemi	1	2605
Ukemi	2	2606
Ukemi	3	2607
Ukemi	4	2608
Ukemi	5	2609
Avenger	1	2610
Avenger	2	2611
Avenger	3	2612
Avenger	4	2613
Avenger	5	2614
Side Attack	1	2615
Side Attack	2	2616
Side Attack	3	2617
Side Attack	4	2618
Side Attack	5	2619
Swift Strike	1	2620
Swift Strike	2	2621
Swift Strike	3	2622
Swift Strike	4	2623
Swift Strike	5	2624
Target Weakness	1	2625
Target Weakness	2	2626
Target Weakness	3	2627
Target Weakness	4	2628
Target Weakness	5	2629
Ether Barrier	1	2630
Ether Barrier	2	2631
Ether Barrier	3	2632
Ether Barrier	4	2633
Ether Barrier	5	2634
Solid	1	2635
Solid	2	2636
Solid	3	2637
Solid	4	2638
Solid	5	2639
Physical Barrier	1	2640
Physical Barrier	2	2641
Physical Barrier	3	2642
Physical Barrier	4	2643
Physical Barrier	5	2644
Silent Strike	1	2645
Silent Strike	2	2646
Silent Strike	3	2647
Silent Strike	4	2648
Silent Strike	5	2649
Vendetta (Common)	1	2650
Vendetta (Common)	2	2651
Vendetta (Common)	3	2652
Vendetta (Common)	4	2653
Vendetta (Common)	5	2654
Ultimate Combo	1	2655
Ultimate Combo	2	2656
Ultimate Combo	3	2657
Ultimate Combo	4	2658
Ultimate Combo	5	2659
Weaponsmaster	1	2660
Weaponsmaster	2	2661
Weaponsmaster	3	2662
Weaponsmaster	4	2663
Weaponsmaster	5	2664
Slamdown	1	2665
Slamdown	2	2666
Slamdown	3	2667
Slamdown	4	2668
Slamdown	5	2669
Orb Master	1	2670
Orb Master	2	2671
Orb Master	3	2672
Orb Master	4	2673
Orb Master	5	2674
Heaven's Tracker	1	3608
Heaven's Tracker	2	3609
Heaven's Tracker	3	3610
Heaven's Tracker	4	3611
Heaven's Tracker	5	3612
Heartbreaker	1	3613
Heartbreaker	2	3614
Heartbreaker	3	3615
Heartbreaker	4	3616
Heartbreaker	5	3617
Hardware Acceleration	1	3618
Hardware Acceleration	2	3619
Hardware Acceleration	3	3620
Hardware Acceleration	4	3621
Hardware Acceleration	5	3622
Hyperaffinity Circuit	1	3623
Hyperaffinity Circuit	2	3624
Hyperaffinity Circuit	3	3625
Hyperaffinity Circuit	4	3626
Hyperaffinity Circuit	5	3627
Reconstitute	1	3628
Reconstitute	2	3629
Reconstitute	3	3630
Reconstitute	4	3631
Reconstitute	5	3632
Vision	1	3633
Vision	2	3634
Vision	3	3635
Vision	4	3636
Vision	5	3637
Monado Enchant	1	3638
Monado Enchant	2	3639
Monado Enchant	3	3640
Monado Enchant	4	3641
Monado Enchant	5	3642
Monado Speed	1	3643
Monado Speed	2	3644
Monado Speed	3	3645
Monado Speed	4	3646
Monado Speed	5	3647
Warrior Valkyrie	1	3648
Warrior Valkyrie	2	3649
Warrior Valkyrie	3	3650
Warrior Valkyrie	4	3651
Warrior Valkyrie	5	3652
Explosion of Energy	1	3653
Explosion of Energy	2	3654
Explosion of Energy	3	3655
Explosion of Energy	4	3656
Explosion of Energy	5	3657
Unwavering Courage	1	3658
Unwavering Courage	2	3659
Unwavering Courage	3	3660
Unwavering Courage	4	3661
Unwavering Courage	5	3662
Ensis Lucis	1	3663
Ensis Lucis	2	3664
Ensis Lucis	3	3665
Ensis Lucis	4	3666
Ensis Lucis	5	3667
Alae Custodiae	1	3668
Alae Custodiae	2	3669
Alae Custodiae	3	3670
Alae Custodiae	4	3671
Alae Custodiae	5	3672
Ictus	1	3673
Ictus	2	3674
Ictus	3	3675
Ictus	4	3676
Ictus	5	3677
Pyrotechnics	1	3678
Pyrotechnics	2	3679
Pyrotechnics	3	3680
Pyrotechnics	4	3681
Pyrotechnics	5	3682
Gathering Sparks	1	3683
Gathering Sparks	2	3684
Gathering Sparks	3	3685
Gathering Sparks	4	3686
Gathering Sparks	5	3687
Alchemy Adept	1	3688
Alchemy Adept	2	3689
Alchemy Adept	3	3690
Alchemy Adept	4	3691
Alchemy Adept	5	3692
Overdrive	1	3693
Overdrive	2	3694
Overdrive	3	3695
Overdrive	4	3696
Overdrive	5	3697
Crisis Catalyst	1	3698
Crisis Catalyst	2	3699
Crisis Catalyst	3	3700
Crisis Catalyst	4	3701
Crisis Catalyst	5	3702
Background Noise	1	3703
Background Noise	2	3704
Background Noise	3	3705
Background Noise	4	3706
Background Noise	5	3707
\.


--
-- Data for Name: blade_specials; Type: TABLE DATA; Schema: xeno2; Owner: poppi
--

COPY xeno2.blade_specials (blade, level, special) FROM stdin;
Pyra	1	Flame Nova
Pyra	2	Prominence Revolt
Pyra	3	Blazing End
Mythra	1	Ray of Punishment
Mythra	2	Photon Edge
Mythra	3	Lightning Buster
Pneuma	1	Starburst
Pneuma	2	Radiant Flare
Pneuma	3	Genesis Saber
Dromarch	1	Raging Tiger
Dromarch	2	Aqua Wave
Dromarch	3	Wild Roar
Poppi 	1	Poppi Spinning Slash
Poppi 	2	Noponic Storm
Poppi 	3	Poppi Drill
Poppi QT	1	Poppi Missile
Poppi QT	2	Poppi Crushing Blow
Poppi QT	3	Noponic Destruction
Poppi QT	1	Poppi Ignition
Poppi QT	2	Noponic Axion
Poppi QT	3	Poppi Unlimited
Roc	1	Death Wing
Roc	2	Crushing Twister
Roc	3	Feather Typhoon
Brighid	1	Heat Haze
Brighid	2	Will-o'-the-Wisp
Brighid	3	Swirling Dragon
Pandoria	1	Lightning Force
Pandoria	2	Electric Circus
Pandoria	3	Thunder Doom
Nia	1	Last Hope
Nia	2	Merciful Heart
Nia	3	Redeeming Strike
Aegaeon	1	Water Moon
Aegaeon	2	Breaking Wave
Aegaeon	3	Midnight Mist
Godfrey	1	Tough Break
Godfrey	2	Cold Judgment
Godfrey	3	Justice Blizzard
Wulfric	1	Brutal Lance
Wulfric	2	Termination Blast
Wulfric	3	Hellbound
Perceval	1	Dark Serpent
Perceval	2	Blade Vortex
Perceval	3	Grim Moon
Vale	1	Blood Altar
Vale	2	Tainted Palace
Vale	3	Accursed Prison
Agate	1	Heliodor Passion
Agate	2	Star Beryl Courage
Agate	3	Rhodochrosite Might
Gorg	1	Innocent Teardrop
Gorg	2	Bittersweet Dreams
Gorg	3	Leave Me Alone
Boreas	1	Open Wide!
Boreas	2	Snack On This!
Boreas	3	Gobble 'em Up!
Dagas	1	Flame Crown
Dagas	2	Tyrant Crush
Dagas	3	Kaiser Flare
Dagas (Weak)	1	Flame Crown (Weak)
Dagas (Weak)	2	Tyrant Crush (Weak)
Dagas (Weak)	3	Kaiser Flare (Weak)
Kasandra	1	Sentimental Burst
Kasandra	2	Hidden Emotion
Kasandra	3	Secret Desire
Praxis	1	Foam Blast
Praxis	2	Geyser Spring
Praxis	3	Fierce Deluge
Theory	1	Ice Slash
Theory	2	Frost Banish
Theory	3	Rebel Sister
Perun	1	Cold Sever
Perun	2	Punishment Strike
Perun	3	Extinction Icicle
Kora	1	Electric Pompom
Kora	2	Vivid Love
Kora	3	Angelic Drop
Azami	1	Nightmare Rondeau
Azami	2	Shadow Rhapsody
Azami	3	Decadent Finale
Ursula	1	Beary Strong
Ursula	2	Beary Helpful
Ursula	3	Beary-Go-Round
Newt	1	Flaming Slashwave
Newt	2	Immolating Cleave
Newt	3	Extreme Gutsy Spirit
Nim	1	Fierce Healer
Nim	2	Wild Grappler
Nim	3	Organic Automata
Sheba	1	Dessert Bomb
Sheba	2	Tea Leaves
Sheba	3	Golden Font
Vess	1	Healing Bolt
Vess	2	Ball Lightning
Vess	3	Thunderstrike
Adenine	1	Harness the Wind
Adenine	2	Slipstream
Adenine	3	Mortal Storm
Electra	1	Bang-Bang Bound
Electra	2	Shocking Assault
Electra	3	Rolling Thunder
Zenobia	1	Diabolic Zephyr
Zenobia	2	Adamantine Axe
Zenobia	3	Ascension Blade
Finch	1	Blast of Fresh Air
Finch	2	Whoopsie Crazy
Finch	3	Wake-Up Whirl
Floren	1	Lavender Drive
Floren	2	Lilium Dance
Floren	3	Physalis Judgment
KOS-MOS	1	R-Blade
KOS-MOS	2	H-Effect R
KOS-MOS	3	F-G-Shot
Herald	1	Empyrean Salvo
Herald	2	The Heavens Open
Herald	3	Final Retribution
Dahlia	1	Crystal Blizzard
Dahlia	2	Snowblind
Dahlia	3	Frost Queen
Sever	1	Storm Edge
Sever	2	Engrave
Sever	3	Death Match
Akhos	1	White Wave
Akhos	2	Sacred Wyrm
Akhos	3	Dark Judgment
Patroka	1	Swallow's Flight
Patroka	2	Great Garland
Patroka	3	Dragonfly Slash
Mikhail	1	Crow Beat
Mikhail	2	Crow Feather
Mikhail	3	Final Crow
Obrona	1	Shred
Obrona	2	Skewer
Obrona	3	Cruel World
Perdido	1	Diamond Crash
Perdido	2	Diamond Flight
Perdido	3	Diamond Hands
Cressidus	1	Dead Ball
Cressidus	2	Berserk March
Cressidus	3	Earth Breath
T-elos	1	ECHIDNA
T-elos	2	MAGDALENE 16
T-elos	3	T-SKYLLA
Poppibuster	1	Buster Cyclone
Poppibuster	2	Buster Cannon
Poppibuster	3	Buster Mirage
Shulk	1	Monado Purge
Shulk	2	Monado Cyclone
Shulk	3	Monado Buster
Fiora	1	Hidden Thorn
Fiora	2	Power Smash
Fiora	3	Lacerate
Corvin	1	Fuga Daemonum
Corvin	2	Lacerna Noctis
Corvin	3	Ex Tenebris Lux
Crossette	1	Go! Great Star!
Crossette	2	Go! Shooting Star!
Crossette	3	Go! Lucky Star!
Elma	1	Sliding Slinger
Elma	2	Hundred Shells
Elma	3	Violent Streak
\.


--
-- Data for Name: blade_stat_mods; Type: TABLE DATA; Schema: xeno2; Owner: poppi
--

COPY xeno2.blade_stat_mods (blade, stat, mod) FROM stdin;
Pyra	Strength	10
Mythra	Ether	10
Dromarch	Ether	10
Roc	Dexterity	15
Brighid	Agility	15
Pandoria	Strength	10
Nia	Max HP	15
Aegaeon	Agility	15
Godfrey	Max HP	15
Wulfric	Strength	15
Perceval	Agility	10
Vale	Ether	15
Agate	Dexterity	10
Gorg	Max HP	15
Boreas	Max HP	15
Dagas	Strength	10
Dagas (Weak)	Strength	5
Kasandra	Max HP	15
Praxis	Dexterity	10
Theory	Agility	15
Perun	Dexterity	10
Kora	Ether	10
Azami	Ether	15
Ursula	Agility	10
Newt	Max HP	20
Nim	Dexterity	10
Sheba	Ether	15
Vess	Max HP	10
Adenine	Dexterity	15
Electra	Max HP	15
Zenobia	Strength	15
Finch	Agility	15
Floren	Ether	10
KOS-MOS	Ether	20
Herald	Strength	15
Dahlia	Dexterity	10
Sever	Strength	15
Akhos	Ether	15
Patroka	Strength	15
Mikhail	Agility	15
Obrona	Agility	20
Perdido	Strength	10
Cressidus	Max HP	20
T-elos	Strength	15
Poppibuster	Agility	15
Shulk	Ether	20
Fiora	Strength	15
Corvin	Agility	20
Crossette	Ether	20
Elma	Ether	20
\.


--
-- Data for Name: blades; Type: TABLE DATA; Schema: xeno2; Owner: poppi
--

COPY xeno2.blades (name, gender, race, weapon, element, aux_cores, phys_def, ether_def, voice_actor, illustrator, merc_name) FROM stdin;
Pyra	Female	Humanoid	Aegis Sword	Fire	2	5	10	Skye Bennett\nShino Shimoji	Masatsugu Saito	Inflammables
Mythra	Female	Humanoid	Aegis Sword	Light	2	5	10	Skye Bennett\nShino Shimoji	Masatsugu Saito	Mythra's Mynions
Pneuma	Female	Humanoid	Aegis Sword	Light	0	60	60	Skye Bennett\nShino Shimoji	Masatsugu Saito	N/A
Dromarch	Male	Animal	Twin Rings	Water	2	5	35	William Roberts\nTetsu Inada	Masatsugu Saito	Dromarch's Dragoons
Poppi 	Female	Humanoid	Drill Shields	Earth	0	30	25	Arina Ii\nMisaki Kuno	Masatsugu Saito	Poppi Seeds
Poppi QT	Female	Humanoid	Mech Arms	Earth	0	20	30	Arina Ii\nMisaki Kuno	Masatsugu Saito	QT Corps
Poppi QT	Female	Humanoid	Variable Saber	Wind	0	20	30	Arina Ii\nMisaki Kuno	Masatsugu Saito	QT Pirates
Roc	4	Humanoid	Dual Scythes	Wind	2	5	5	Todd Kramer\nTakahiro Fujimoto	Masatsugu Saito	Roc & the Roquettes
Brighid	Female	Humanoid	Whipsword	Fire	2	25	30	Jules de Jongh\nShizuka Itoh	Masatsugu Saito	Firebrands
Pandoria	Female	Humanoid	Big Bang Edge	Electric	3	5	10	Becca Stewart\nRyo Hirohashi	Masatsugu Saito	Team Zeke 4eva
Nia	Female	Humanoid	Catalyst Scimitar	Water	3	10	35	Catrin-Mai Huw\nHitomi Ohwada	Masatsugu Saito	Katty Kompany
Aegaeon	Male	Humanoid	Chroma Katana	Water	2	25	25	Chris Ragland\nShuichi Ikeda	Yusuke Kozaki	Hecatonics
Godfrey	Male	Humanoid	Shield Hammer	Ice	2	30	25	Julian Kostov\nToru Furuya	Minoru Iwamoto	Bravest of the Brave
Wulfric	Male	Humanoid	Megalance	Earth	2	5	5	Ronan Summers\nShunsuke Takeuchi	Ryosuke Aiba	Gungnir Wardens
Perceval	Male	Humanoid	Chroma Katana	Dark	1	20	30	Kerry Shale\nKENN	Yasushi Suzuki	Banners of Flame
Vale	Female	Humanoid	Megalance	Dark	3	5	10	Jessica Preddy\nSayaka Sembongi	UMETSU YASUOMI	Slayswords
Agate	Female	Humanoid	Greataxe	Earth	2	20	20	Laila Pyne\nAtsumi Tanezaki	Yusuke Kozaki	Frontier Falcons
Gorg	Male	Humanoid	Greataxe	Water	2	20	20	Mikey O'Connor\nTomoaki Maeno	Soraya Saga	Flying Merfolk
Boreas	Male	Humanoid	Bitball	Wind	1	20	30	Jules de Jongh\nAya Hirano	I-	Voracious Vanguard
Dagas	Male	Humanoid	Greataxe	Fire	3	15	15	Dar Dash\nMamoru Miyano	hakus	6th Royal Legion
Dagas (Weak)	Male	Humanoid	Greataxe	Fire	1	5	5	Dar Dash\nMamoru Miyano	hakus	6th Royal Legion
Kasandra	Female	Humanoid	Shield Hammer	Dark	2	30	25	Kosha Engler\nInori Minase	Shirabii	Arrowroot Company
Praxis	Female	Humanoid	Megalance	Water	1	5	5	Rebecca Kiser\nAyane Sakura	MUGITANI KOICHI (CHOCO)	Gutsy Glaives
Theory	Female	Humanoid	Chroma Katana	Ice	2	20	30	Sarah Borges\nAyako Kawasumi	MUGITANI KOICHI (CHOCO)	Purificators
Perun	Female	Humanoid	Megalance	Ice	1	10	15	Ria Lina\nAmi Koshimizu	Takahiro Kimura & RICCA	Ardent Lancers
Kora	Female	Humanoid	Knuckle Claws	Electric	2	10	30	Nikki Hartung\nChinatsu Akasaki	Shunya Yamashita	Breeze Shooters
Azami	Female	Humanoid	Ether Cannon	Dark	2	0	15	Teresa Gallagher\nChiwa Saito	hakus	Shadow Puppets
Ursula	Female	Humanoid	Knuckle Claws	Ice	1	10	30	Phillipa Alexander\nRina Hidaka	Risa Ebata	Ursula's New Groove
Newt	Female	Humanoid	Chroma Katana	Fire	2	30	25	Janine Harouni\nYoko Hikasa	Takeshi Nogami	Battle Cruisers
Nim	Female	Humanoid	Knuckle Claws	Earth	2	5	35	Caitlin Thorburn\nMAO	Nakaba Higurashi	Dandy Lions
Sheba	Female	Humanoid	Ether Cannon	Water	3	5	15	Naomi McDonald\nAri Ozawa	PARSLEY	Royal Teas
Vess	Female	Humanoid	Bitball	Electric	2	0	25	Lucy Newman-Williams\nMiki Takahashi	Kia Asamiya	Ting-a-Ling Troupe
Adenine	Female	Humanoid	Knuckle Claws	Wind	2	10	30	Laurel Lefkow\nMamiko Noto	Kouji Ogata	Contrarians
Electra	Female	Humanoid	Shield Hammer	Electric	1	30	25	Clare Corbett\nHimika Akaneya	mizuasato	Zapmeisters
Zenobia	Female	Humanoid	Greataxe	Wind	3	15	15	Jessica Preddy\nAyana Taketatsu	Minoru Iwamoto	Boss Buster Band
Finch	Female	Humanoid	Shield Hammer	Wind	1	20	30	Jules de Jongh\nAoi Yuki	Kunihiko Tanaka	The Albatrojans
Floren	Male	Humanoid	Bitball	Earth	2	5	35	Clare Corbett\nKaori Ishihara	Taiki	Florentrancers
KOS-MOS	Female	Humanoid	Ether Cannon	Light	3	20	20	Caitlin Thorburn\nMariko Suzuki	Kunihiko Tanaka	Erde Kaiser
Herald	Female	Humanoid	Ether Cannon	Electric	3	20	15	Laila Pyne\nAya Endo	Hideo Minaba	Valkyr Legion
Dahlia	Female	Humanoid	Bitball	Ice	2	5	35	Kelly Burke\nNaomi Shindo	Risa Ebata	Perennial Beauties
Sever	Male	Humanoid	Sword Tonfa	Wind	2	20	30	Eric Meyers\nAnri Katsu	MONOLITHSOFT	Severe Burns
Akhos	Male	Humanoid	Calamity Scythe	Electric	3	10	35	Hugo Harold-Harrison\nNobunaga Shimazaki	Tetsuya Nomura	Akhoss Akholytes
Patroka	Female	Humanoid	Cobra Bardiche	Earth	3	10	10	Laila Pyne\nYuri Noguchi	Tetsuya Nomura	Whatever Brigade
Mikhail	Male	Humanoid	Infinity Fans	Dark	3	25	30	Todd Kramer\nDaisuke Namikawa	Tetsuya Nomura	We Happy Few
Obrona	Female	Humanoid	Brilliant Twinblades	Electric	2	5	5	Naomi McDonald\nYuri Yamaoka	MONOLITHSOFT	Team Nasty
Perdido	Male	Humanoid	Decimation Cannon	Fire	2	5	5	Joseph May\nKeiji Hirai	MONOLITHSOFT	Indomitable Brigade
Cressidus	Male	Humanoid	Rockrending Gauntlets	Earth	2	40	20	Kerry Shale\nKentaro Tone	MONOLITHSOFT	Atom Splitters
T-elos	Female	Humanoid	Greataxe	Dark	3	20	20	Caitlin Thorburn\nMariko Suzuki	MUGITANI KOICHI (CHOCO)	Heaven's Trackers
Poppibuster	4	Humanoid	Shield Hammer	Light	3	40	35	Arina Ii / Nicholas Rowe\nMisaki Kuno / Yasuyuki Kase	Masatsugu Saito	Buster Battalion
Shulk	Male	Humanoid	Monado	Light	3	20	20	Adam Howden\nShintaro Asanuma	Kunihiko Tanaka	Monado Busters
Fiora	Female	Humanoid	Knives	Wind	3	10	15	Carina Reeves\nEri Nakao	Kunihiko Tanaka	Colony Nine Irregulars
Corvin	Male	Human	Uchigatana	Light	3	35	45	Freddie Fox\nAyumu Murase	Shingo Adachi	Hrafnagud
Crossette	Female	Human	Bitball	Fire	3	25	25	Morgan Cambs\nNatsumi Takamori	Atto	Starmine Squad
Elma	Female	Human	Dual Swords	Dark	3	30	25	Caitlin Glass\nHouko Kuwashima	Kunihiko Tanaka	Team Elma
\.


--
-- Data for Name: challenge_mode_drops; Type: TABLE DATA; Schema: xeno2; Owner: poppi
--

COPY xeno2.challenge_mode_drops (challenge_id, challenge_name, chest, item_id, item_name, probability) FROM stdin;
1	Grazing Flock	Common	15007	Physical Defense Up II	0.0178571437
1	Grazing Flock	Common	15027	Insect Hunter II	0.0178571437
1	Grazing Flock	Common	15037	Aquatic Hunter II	0.0178571437
1	Grazing Flock	Common	15047	Machine Hunter II	0.0178571437
1	Grazing Flock	Common	15052	Titan Hunter II	0.0178571437
1	Grazing Flock	Common	15063	Fusion Combo Up II	0.0178571437
1	Grazing Flock	Common	15073	Reflect Immunity	0.0178571437
1	Grazing Flock	Common	15083	Indoor Attack Up II	0.0178571437
1	Grazing Flock	Common	15093	Fire Def Up II	0.0178571437
1	Grazing Flock	Common	15098	Water Def Up II	0.0178571437
1	Grazing Flock	Common	15103	Earth Def Up II	0.0178571437
1	Grazing Flock	Common	15108	Wind Def Up II	0.0178571437
1	Grazing Flock	Common	15113	Electric Def Up II	0.0178571437
1	Grazing Flock	Common	15118	Ice Def Up II	0.0178571437
1	Grazing Flock	Common	15123	Dark Def Up II	0.0178571437
1	Grazing Flock	Common	15128	Light Def Up II	0.0178571437
1	Grazing Flock	Common	15150	Evasion Focus II	0.0178571437
1	Grazing Flock	Common	15160	Emergency Guard II	0.0178571437
1	Grazing Flock	Common	15170	HP Attack Boost II	0.0178571437
1	Grazing Flock	Common	15180	Break Resist II	0.0178571437
1	Grazing Flock	Common	15190	Launch Resist II	0.0178571437
1	Grazing Flock	Common	15200	Blowdown Resist II	0.0178571437
1	Grazing Flock	Common	15220	Auto-Attack Stealth II	0.0178571437
1	Grazing Flock	Common	15230	Arts Stealth II	0.0178571437
1	Grazing Flock	Common	15240	Arts Heal II	0.0178571437
1	Grazing Flock	Common	15250	Damage Heal II	0.0178571437
1	Grazing Flock	Common	15260	Sunlight Eye II	0.0178571437
1	Grazing Flock	Common	15270	Range Boost Up II	0.0178571437
1	Grazing Flock	Common	15275	Opening Art II	0.0178571437
1	Grazing Flock	Common	15285	Helping Hand II	0.0178571437
1	Grazing Flock	Common	15295	Affinity MAX Atk II	0.0178571437
1	Grazing Flock	Common	15305	Hunter's Chemistry II	0.0178571437
1	Grazing Flock	Common	15315	Fast Blade Switch II	0.0178571437
1	Grazing Flock	Common	15346	Jamming II	0.0178571437
1	Grazing Flock	Common	15351	Element Orb Prioritizer	0.0178571437
1	Grazing Flock	Common	298	Gear Vest (Legendary)	0.0178571437
1	Grazing Flock	Common	301	Steam Belt (Legendary)	0.0178571437
1	Grazing Flock	Common	304	Bolt Hat (Legendary)	0.0178571437
1	Grazing Flock	Common	323	Smithy Gloves (Legendary)	0.0178571437
1	Grazing Flock	Common	325	Spring Shoes (Legendary)	0.0178571437
1	Grazing Flock	Common	327	Gold Gear Choker (Legendary)	0.0178571437
1	Grazing Flock	Common	331	Classic Medal (Legendary)	0.0178571437
1	Grazing Flock	Common	334	Iron Headband (Legendary)	0.0178571437
1	Grazing Flock	Common	340	Mechanized Greaves (Legendary)	0.0178571437
1	Grazing Flock	Common	343	Swordfighting Banner (Legendary)	0.0178571437
1	Grazing Flock	Common	349	Apprentice Vambraces (Legendary)	0.0178571437
1	Grazing Flock	Common	355	Chrome Scarf (Legendary)	0.0178571437
1	Grazing Flock	Common	361	Soldier Ring (Legendary)	0.0178571437
1	Grazing Flock	Common	365	Assault Stone (Legendary)	0.0178571437
1	Grazing Flock	Common	373	Camo Hood (Legendary)	0.0178571437
1	Grazing Flock	Common	376	Metal Nopon Mask (Legendary)	0.0178571437
1	Grazing Flock	Common	400	Silver Earrings (Legendary)	0.0178571437
1	Grazing Flock	Common	421	Katana Attachment (Legendary)	0.0178571437
1	Grazing Flock	Common	422	Ball Attachment (Legendary)	0.0178571437
1	Grazing Flock	Common	10027	Magnet Chip	0.0357142873
1	Grazing Flock	Rare	15007	Physical Defense Up II	0.005509642
1	Grazing Flock	Rare	15027	Insect Hunter II	0.005509642
1	Grazing Flock	Rare	15037	Aquatic Hunter II	0.005509642
1	Grazing Flock	Rare	15047	Machine Hunter II	0.005509642
1	Grazing Flock	Rare	15052	Titan Hunter II	0.005509642
1	Grazing Flock	Rare	15063	Fusion Combo Up II	0.005509642
1	Grazing Flock	Rare	15073	Reflect Immunity	0.005509642
1	Grazing Flock	Rare	15083	Indoor Attack Up II	0.005509642
1	Grazing Flock	Rare	15093	Fire Def Up II	0.005509642
1	Grazing Flock	Rare	15098	Water Def Up II	0.005509642
1	Grazing Flock	Rare	15103	Earth Def Up II	0.005509642
1	Grazing Flock	Rare	15108	Wind Def Up II	0.005509642
1	Grazing Flock	Rare	15113	Electric Def Up II	0.005509642
1	Grazing Flock	Rare	15118	Ice Def Up II	0.005509642
1	Grazing Flock	Rare	15123	Dark Def Up II	0.005509642
1	Grazing Flock	Rare	15128	Light Def Up II	0.005509642
1	Grazing Flock	Rare	15150	Evasion Focus II	0.005509642
1	Grazing Flock	Rare	15160	Emergency Guard II	0.005509642
1	Grazing Flock	Rare	15170	HP Attack Boost II	0.005509642
1	Grazing Flock	Rare	15180	Break Resist II	0.005509642
1	Grazing Flock	Rare	15190	Launch Resist II	0.005509642
1	Grazing Flock	Rare	15200	Blowdown Resist II	0.005509642
1	Grazing Flock	Rare	15220	Auto-Attack Stealth II	0.005509642
1	Grazing Flock	Rare	15230	Arts Stealth II	0.005509642
1	Grazing Flock	Rare	15240	Arts Heal II	0.005509642
1	Grazing Flock	Rare	15250	Damage Heal II	0.005509642
1	Grazing Flock	Rare	15260	Sunlight Eye II	0.005509642
1	Grazing Flock	Rare	15270	Range Boost Up II	0.005509642
1	Grazing Flock	Rare	15275	Opening Art II	0.005509642
1	Grazing Flock	Rare	15285	Helping Hand II	0.005509642
1	Grazing Flock	Rare	15295	Affinity MAX Atk II	0.005509642
1	Grazing Flock	Rare	15305	Hunter's Chemistry II	0.005509642
1	Grazing Flock	Rare	15315	Fast Blade Switch II	0.005509642
1	Grazing Flock	Rare	15346	Jamming II	0.005509642
1	Grazing Flock	Rare	15351	Element Orb Prioritizer	0.005509642
1	Grazing Flock	Rare	298	Gear Vest (Legendary)	0.005509642
1	Grazing Flock	Rare	301	Steam Belt (Legendary)	0.005509642
1	Grazing Flock	Rare	304	Bolt Hat (Legendary)	0.005509642
1	Grazing Flock	Rare	323	Smithy Gloves (Legendary)	0.005509642
1	Grazing Flock	Rare	325	Spring Shoes (Legendary)	0.005509642
1	Grazing Flock	Rare	327	Gold Gear Choker (Legendary)	0.005509642
1	Grazing Flock	Rare	331	Classic Medal (Legendary)	0.005509642
1	Grazing Flock	Rare	334	Iron Headband (Legendary)	0.005509642
1	Grazing Flock	Rare	340	Mechanized Greaves (Legendary)	0.005509642
1	Grazing Flock	Rare	343	Swordfighting Banner (Legendary)	0.005509642
1	Grazing Flock	Rare	349	Apprentice Vambraces (Legendary)	0.005509642
1	Grazing Flock	Rare	355	Chrome Scarf (Legendary)	0.005509642
1	Grazing Flock	Rare	361	Soldier Ring (Legendary)	0.005509642
1	Grazing Flock	Rare	365	Assault Stone (Legendary)	0.005509642
1	Grazing Flock	Rare	373	Camo Hood (Legendary)	0.005509642
1	Grazing Flock	Rare	376	Metal Nopon Mask (Legendary)	0.005509642
1	Grazing Flock	Rare	400	Silver Earrings (Legendary)	0.005509642
1	Grazing Flock	Rare	421	Katana Attachment (Legendary)	0.005509642
1	Grazing Flock	Rare	422	Ball Attachment (Legendary)	0.005509642
1	Grazing Flock	Rare	10027	Magnet Chip	0.0110192839
1	Grazing Flock	Rare	15002	Critical Up II	0.0110192839
1	Grazing Flock	Rare	15012	Ether Defense Up II	0.0110192839
1	Grazing Flock	Rare	15017	Block Rate Up II	0.0110192839
1	Grazing Flock	Rare	15022	Beast Hunter II	0.0110192839
1	Grazing Flock	Rare	15032	Aerial Hunter II	0.0110192839
1	Grazing Flock	Rare	15042	Humanoid Hunter II	0.0110192839
1	Grazing Flock	Rare	15057	Blade Combo Boost II	0.0110192839
1	Grazing Flock	Rare	15068	Ambush Boost II	0.0110192839
1	Grazing Flock	Rare	15078	Aggro Attack Up II	0.0110192839
1	Grazing Flock	Rare	15088	Outdoor Attack Up II	0.0110192839
1	Grazing Flock	Rare	15155	Swift Evasion II	0.0110192839
1	Grazing Flock	Rare	15165	Endurance II	0.0110192839
1	Grazing Flock	Rare	15175	Spike Defense II	0.0110192839
1	Grazing Flock	Rare	15185	Topple Resist II	0.0110192839
1	Grazing Flock	Rare	15195	Smash Resist II	0.0110192839
1	Grazing Flock	Rare	15205	Knockback Resist II	0.0110192839
1	Grazing Flock	Rare	15215	Shackle Blade Resist II	0.0110192839
1	Grazing Flock	Rare	15225	Aggro Boost II	0.0110192839
1	Grazing Flock	Rare	15235	Arts Aggro Boost II	0.0110192839
1	Grazing Flock	Rare	15245	Movement Heal II	0.0110192839
1	Grazing Flock	Rare	15255	Night Vision II	0.0110192839
1	Grazing Flock	Rare	15265	Reflect Damage Up II	0.0110192839
1	Grazing Flock	Rare	15280	Telepathy II	0.0110192839
1	Grazing Flock	Rare	15290	Affinity MAX Barrier II	0.0110192839
1	Grazing Flock	Rare	15300	Affinity MAX Evade II	0.0110192839
1	Grazing Flock	Rare	15310	Shoulder to Shoulder II	0.0110192839
1	Grazing Flock	Rare	15321	Specials Lv 1 Plus II	0.0110192839
1	Grazing Flock	Rare	15326	Specials Lv 2 Plus II	0.0110192839
1	Grazing Flock	Rare	15331	Specials Lv 3 Plus II	0.0110192839
1	Grazing Flock	Rare	15336	Specials Lv 4 Plus II	0.0110192839
1	Grazing Flock	Rare	15341	Affinity MAX Acc II	0.0110192839
1	Grazing Flock	Rare	15350	Element Orb Ender	0.0110192839
1	Grazing Flock	Rare	307	Rainbow Gloves (Legendary)	0.0110192839
1	Grazing Flock	Rare	310	Shell Shoes (Legendary)	0.0110192839
1	Grazing Flock	Rare	313	Nacre Choker (Legendary)	0.0110192839
1	Grazing Flock	Rare	328	Garnet (Legendary)	0.0110192839
1	Grazing Flock	Rare	337	Moon Cube (Legendary)	0.0110192839
1	Grazing Flock	Rare	346	Spiked Pauldrons (Legendary)	0.0110192839
1	Grazing Flock	Rare	358	White Belt (Legendary)	0.0110192839
1	Grazing Flock	Rare	379	Silver Feather (Legendary)	0.0110192839
1	Grazing Flock	Rare	382	Spirit Tree Ward (Legendary)	0.0110192839
1	Grazing Flock	Rare	386	Promise Ring (Legendary)	0.0110192839
1	Grazing Flock	Rare	391	Chivalric Medal (Legendary)	0.0110192839
1	Grazing Flock	Rare	394	Gauntlet (Legendary)	0.0110192839
1	Grazing Flock	Rare	423	Knuckle Attachment (Legendary)	0.0110192839
1	Grazing Flock	Rare	427	Love Thread (Legendary)	0.0110192839
1	Grazing Flock	Rare	435	Overclocking Bangle (Legendary)	0.0110192839
1	Grazing Flock	Rare	437	Lavender Potpourri (Legendary)	0.0110192839
1	Grazing Flock	Rare	439	Sage's Auspices (Legendary)	0.0110192839
1	Grazing Flock	Rare	440	Incense of Calm (Legendary)	0.0110192839
1	Grazing Flock	Rare	10015	Glass Chip	0.0220385678
1	Grazing Flock	Rare	10035	Pentagon Chip	0.0220385678
1	Grazing Flock	Rare	462	Night-vision Kit (Common)	0.0137741044
1	Grazing Flock	Rare	570	Marble Cameo (Common)	0.0275482088
1	Grazing Flock	Rare	463	Night-vision Kit (Rare)	0.0137741044
1	Grazing Flock	Rare	571	Marble Cameo (Rare)	0.0137741044
1	Grazing Flock	Rare	464	Night-vision Kit (Legendary)	0.0137741044
1	Grazing Flock	Rare	572	Marble Cameo (Legendary)	0.0137741044
1	Grazing Flock	Legendary	15002	Critical Up II	0.010416667
1	Grazing Flock	Legendary	15012	Ether Defense Up II	0.010416667
1	Grazing Flock	Legendary	15017	Block Rate Up II	0.010416667
1	Grazing Flock	Legendary	15022	Beast Hunter II	0.010416667
1	Grazing Flock	Legendary	15032	Aerial Hunter II	0.010416667
1	Grazing Flock	Legendary	15042	Humanoid Hunter II	0.010416667
1	Grazing Flock	Legendary	15057	Blade Combo Boost II	0.010416667
1	Grazing Flock	Legendary	15068	Ambush Boost II	0.010416667
1	Grazing Flock	Legendary	15078	Aggro Attack Up II	0.010416667
1	Grazing Flock	Legendary	15088	Outdoor Attack Up II	0.010416667
1	Grazing Flock	Legendary	15155	Swift Evasion II	0.010416667
1	Grazing Flock	Legendary	15165	Endurance II	0.010416667
1	Grazing Flock	Legendary	15175	Spike Defense II	0.010416667
1	Grazing Flock	Legendary	15185	Topple Resist II	0.010416667
1	Grazing Flock	Legendary	15195	Smash Resist II	0.010416667
1	Grazing Flock	Legendary	15205	Knockback Resist II	0.010416667
1	Grazing Flock	Legendary	15215	Shackle Blade Resist II	0.010416667
1	Grazing Flock	Legendary	15225	Aggro Boost II	0.010416667
1	Grazing Flock	Legendary	15235	Arts Aggro Boost II	0.010416667
1	Grazing Flock	Legendary	15245	Movement Heal II	0.010416667
1	Grazing Flock	Legendary	15255	Night Vision II	0.010416667
1	Grazing Flock	Legendary	15265	Reflect Damage Up II	0.010416667
1	Grazing Flock	Legendary	15280	Telepathy II	0.010416667
1	Grazing Flock	Legendary	15290	Affinity MAX Barrier II	0.010416667
1	Grazing Flock	Legendary	15300	Affinity MAX Evade II	0.010416667
1	Grazing Flock	Legendary	15310	Shoulder to Shoulder II	0.010416667
1	Grazing Flock	Legendary	15321	Specials Lv 1 Plus II	0.010416667
1	Grazing Flock	Legendary	15326	Specials Lv 2 Plus II	0.010416667
1	Grazing Flock	Legendary	15331	Specials Lv 3 Plus II	0.010416667
1	Grazing Flock	Legendary	15336	Specials Lv 4 Plus II	0.010416667
1	Grazing Flock	Legendary	15341	Affinity MAX Acc II	0.010416667
1	Grazing Flock	Legendary	15350	Element Orb Ender	0.010416667
1	Grazing Flock	Legendary	307	Rainbow Gloves (Legendary)	0.010416667
1	Grazing Flock	Legendary	310	Shell Shoes (Legendary)	0.010416667
1	Grazing Flock	Legendary	313	Nacre Choker (Legendary)	0.010416667
1	Grazing Flock	Legendary	328	Garnet (Legendary)	0.010416667
1	Grazing Flock	Legendary	337	Moon Cube (Legendary)	0.010416667
1	Grazing Flock	Legendary	346	Spiked Pauldrons (Legendary)	0.010416667
1	Grazing Flock	Legendary	358	White Belt (Legendary)	0.010416667
1	Grazing Flock	Legendary	379	Silver Feather (Legendary)	0.010416667
1	Grazing Flock	Legendary	382	Spirit Tree Ward (Legendary)	0.010416667
1	Grazing Flock	Legendary	386	Promise Ring (Legendary)	0.010416667
1	Grazing Flock	Legendary	391	Chivalric Medal (Legendary)	0.010416667
1	Grazing Flock	Legendary	394	Gauntlet (Legendary)	0.010416667
1	Grazing Flock	Legendary	423	Knuckle Attachment (Legendary)	0.010416667
1	Grazing Flock	Legendary	427	Love Thread (Legendary)	0.010416667
1	Grazing Flock	Legendary	435	Overclocking Bangle (Legendary)	0.010416667
1	Grazing Flock	Legendary	437	Lavender Potpourri (Legendary)	0.010416667
1	Grazing Flock	Legendary	439	Sage's Auspices (Legendary)	0.010416667
1	Grazing Flock	Legendary	440	Incense of Calm (Legendary)	0.010416667
1	Grazing Flock	Legendary	10015	Glass Chip	0.020833334
1	Grazing Flock	Legendary	10035	Pentagon Chip	0.020833334
1	Grazing Flock	Legendary	462	Night-vision Kit (Common)	0.013020833
1	Grazing Flock	Legendary	570	Marble Cameo (Common)	0.013020833
1	Grazing Flock	Legendary	463	Night-vision Kit (Rare)	0.013020833
1	Grazing Flock	Legendary	571	Marble Cameo (Rare)	0.013020833
1	Grazing Flock	Legendary	464	Night-vision Kit (Legendary)	0.013020833
1	Grazing Flock	Legendary	572	Marble Cameo (Legendary)	0.013020833
1	Grazing Flock	Legendary	15008	Physical Defense Up III	0.00520833349
1	Grazing Flock	Legendary	15028	Insect Hunter III	0.00520833349
1	Grazing Flock	Legendary	15038	Aquatic Hunter III	0.00520833349
1	Grazing Flock	Legendary	15048	Machine Hunter III	0.00520833349
1	Grazing Flock	Legendary	15053	Titan Hunter III	0.00520833349
1	Grazing Flock	Legendary	15064	Fusion Combo Up III	0.00520833349
1	Grazing Flock	Legendary	15074	Reflect Immunity	0.00520833349
1	Grazing Flock	Legendary	15084	Indoor Attack Up III	0.00520833349
1	Grazing Flock	Legendary	15094	Fire Def Up III	0.00520833349
1	Grazing Flock	Legendary	15099	Water Def Up III	0.00520833349
1	Grazing Flock	Legendary	15104	Earth Def Up III	0.00520833349
1	Grazing Flock	Legendary	15109	Wind Def Up III	0.00520833349
1	Grazing Flock	Legendary	15114	Electric Def Up III	0.00520833349
1	Grazing Flock	Legendary	15119	Ice Def Up III	0.00520833349
1	Grazing Flock	Legendary	15124	Dark Def Up III	0.00520833349
1	Grazing Flock	Legendary	15129	Light Def Up III	0.00520833349
1	Grazing Flock	Legendary	15151	Evasion Focus III	0.00520833349
1	Grazing Flock	Legendary	15161	Emergency Guard III	0.00520833349
1	Grazing Flock	Legendary	15171	HP Attack Boost III	0.00520833349
1	Grazing Flock	Legendary	15181	Break Resist III	0.00520833349
1	Grazing Flock	Legendary	15191	Launch Resist III	0.00520833349
1	Grazing Flock	Legendary	15201	Blowdown Resist III	0.00520833349
1	Grazing Flock	Legendary	15221	Auto-Attack Stealth III	0.00520833349
1	Grazing Flock	Legendary	15231	Arts Stealth III	0.00520833349
1	Grazing Flock	Legendary	15241	Arts Heal III	0.00520833349
1	Grazing Flock	Legendary	15251	Damage Heal III	0.00520833349
1	Grazing Flock	Legendary	15261	Sunlight Eye III	0.00520833349
1	Grazing Flock	Legendary	15271	Range Boost Up III	0.00520833349
1	Grazing Flock	Legendary	15276	Opening Art III	0.00520833349
1	Grazing Flock	Legendary	15286	Helping Hand III	0.00520833349
1	Grazing Flock	Legendary	15296	Affinity MAX Atk III	0.00520833349
1	Grazing Flock	Legendary	15306	Hunter's Chemistry III	0.00520833349
1	Grazing Flock	Legendary	15316	Fast Blade Switch III	0.00520833349
1	Grazing Flock	Legendary	15347	Jamming III	0.00520833349
1	Grazing Flock	Legendary	299	Jade Vest (Legendary)	0.00520833349
1	Grazing Flock	Legendary	302	Silver Belt (Legendary)	0.00520833349
1	Grazing Flock	Legendary	305	Pearl Hat (Legendary)	0.00520833349
1	Grazing Flock	Legendary	332	Modern Medal (Legendary)	0.00520833349
1	Grazing Flock	Legendary	335	Ice Headband (Legendary)	0.00520833349
1	Grazing Flock	Legendary	341	Crystal Greaves (Legendary)	0.00520833349
1	Grazing Flock	Legendary	344	Goddess Banner (Legendary)	0.00520833349
1	Grazing Flock	Legendary	353	Eraser Orb (Legendary)	0.00520833349
1	Grazing Flock	Legendary	356	Unicorn Scarf (Legendary)	0.00520833349
1	Grazing Flock	Legendary	362	Berserk Ring (Legendary)	0.00520833349
1	Grazing Flock	Legendary	374	Skeleton Hood (Legendary)	0.00520833349
1	Grazing Flock	Legendary	377	Gold Nopon Mask (Legendary)	0.00520833349
1	Grazing Flock	Legendary	388	Affection Necklace (Legendary)	0.00520833349
1	Grazing Flock	Legendary	398	Leader's Eyepatch (Legendary)	0.00520833349
1	Grazing Flock	Legendary	404	Burst Symbol (Legendary)	0.00520833349
1	Grazing Flock	Legendary	407	Infinity Symbol (Legendary)	0.00520833349
1	Grazing Flock	Legendary	410	Ring Attachment (Legendary)	0.00520833349
1	Grazing Flock	Legendary	414	Whip Attachment (Legendary)	0.00520833349
1	Grazing Flock	Legendary	415	Edge Attachment (Legendary)	0.00520833349
1	Grazing Flock	Legendary	425	Cheer Treat (Legendary)	0.00520833349
1	Grazing Flock	Legendary	430	Healing Amulet (Legendary)	0.00520833349
1	Grazing Flock	Legendary	10031	Motor Chip	0.010416667
1	Grazing Flock	Legendary	10043	Ureilite Chip	0.010416667
1	Grazing Flock	Legendary	486	Terror Masque (Common)	0.0078125
1	Grazing Flock	Legendary	492	Envoy's Footgear (Common)	0.0078125
1	Grazing Flock	Legendary	487	Terror Masque (Rare)	0.0078125
1	Grazing Flock	Legendary	493	Envoy's Footgear (Rare)	0.0078125
1	Grazing Flock	Legendary	488	Terror Masque (Legendary)	0.0078125
1	Grazing Flock	Legendary	494	Envoy's Footgear (Legendary)	0.0078125
1	Grazing Flock	Legendary	25405	Weaponry for Noobs	0.00520833349
2	Pest Control	Common	15007	Physical Defense Up II	0.00884955749
2	Pest Control	Common	15027	Insect Hunter II	0.00884955749
2	Pest Control	Common	15037	Aquatic Hunter II	0.00884955749
2	Pest Control	Common	15047	Machine Hunter II	0.00884955749
2	Pest Control	Common	15052	Titan Hunter II	0.00884955749
2	Pest Control	Common	15063	Fusion Combo Up II	0.00884955749
2	Pest Control	Common	15073	Reflect Immunity	0.00884955749
2	Pest Control	Common	15083	Indoor Attack Up II	0.00884955749
2	Pest Control	Common	15093	Fire Def Up II	0.00884955749
2	Pest Control	Common	15098	Water Def Up II	0.00884955749
2	Pest Control	Common	15103	Earth Def Up II	0.00884955749
2	Pest Control	Common	15108	Wind Def Up II	0.00884955749
2	Pest Control	Common	15113	Electric Def Up II	0.00884955749
2	Pest Control	Common	15118	Ice Def Up II	0.00884955749
2	Pest Control	Common	15123	Dark Def Up II	0.00884955749
2	Pest Control	Common	15128	Light Def Up II	0.00884955749
2	Pest Control	Common	15150	Evasion Focus II	0.00884955749
2	Pest Control	Common	15160	Emergency Guard II	0.00884955749
2	Pest Control	Common	15170	HP Attack Boost II	0.00884955749
2	Pest Control	Common	15180	Break Resist II	0.00884955749
2	Pest Control	Common	15190	Launch Resist II	0.00884955749
2	Pest Control	Common	15200	Blowdown Resist II	0.00884955749
2	Pest Control	Common	15220	Auto-Attack Stealth II	0.00884955749
2	Pest Control	Common	15230	Arts Stealth II	0.00884955749
2	Pest Control	Common	15240	Arts Heal II	0.00884955749
2	Pest Control	Common	15250	Damage Heal II	0.00884955749
2	Pest Control	Common	15260	Sunlight Eye II	0.00884955749
2	Pest Control	Common	15270	Range Boost Up II	0.00884955749
2	Pest Control	Common	15275	Opening Art II	0.00884955749
2	Pest Control	Common	15285	Helping Hand II	0.00884955749
2	Pest Control	Common	15295	Affinity MAX Atk II	0.00884955749
2	Pest Control	Common	15305	Hunter's Chemistry II	0.00884955749
2	Pest Control	Common	15315	Fast Blade Switch II	0.00884955749
2	Pest Control	Common	15346	Jamming II	0.00884955749
2	Pest Control	Common	15351	Element Orb Prioritizer	0.00884955749
2	Pest Control	Common	298	Gear Vest (Legendary)	0.03539823
2	Pest Control	Common	301	Steam Belt (Legendary)	0.03539823
2	Pest Control	Common	304	Bolt Hat (Legendary)	0.03539823
2	Pest Control	Common	323	Smithy Gloves (Legendary)	0.03539823
2	Pest Control	Common	325	Spring Shoes (Legendary)	0.03539823
2	Pest Control	Common	327	Gold Gear Choker (Legendary)	0.03539823
2	Pest Control	Common	331	Classic Medal (Legendary)	0.03539823
2	Pest Control	Common	334	Iron Headband (Legendary)	0.03539823
2	Pest Control	Common	340	Mechanized Greaves (Legendary)	0.03539823
2	Pest Control	Common	343	Swordfighting Banner (Legendary)	0.03539823
2	Pest Control	Common	349	Apprentice Vambraces (Legendary)	0.03539823
2	Pest Control	Common	355	Chrome Scarf (Legendary)	0.03539823
2	Pest Control	Common	361	Soldier Ring (Legendary)	0.03539823
2	Pest Control	Common	365	Assault Stone (Legendary)	0.03539823
2	Pest Control	Common	373	Camo Hood (Legendary)	0.03539823
2	Pest Control	Common	376	Metal Nopon Mask (Legendary)	0.03539823
2	Pest Control	Common	400	Silver Earrings (Legendary)	0.03539823
2	Pest Control	Common	421	Katana Attachment (Legendary)	0.03539823
2	Pest Control	Common	422	Ball Attachment (Legendary)	0.03539823
2	Pest Control	Common	10027	Magnet Chip	0.017699115
2	Pest Control	Rare	15007	Physical Defense Up II	0.00250626565
2	Pest Control	Rare	15027	Insect Hunter II	0.00250626565
2	Pest Control	Rare	15037	Aquatic Hunter II	0.00250626565
2	Pest Control	Rare	15047	Machine Hunter II	0.00250626565
2	Pest Control	Rare	15052	Titan Hunter II	0.00250626565
2	Pest Control	Rare	15063	Fusion Combo Up II	0.00250626565
2	Pest Control	Rare	15073	Reflect Immunity	0.00250626565
2	Pest Control	Rare	15083	Indoor Attack Up II	0.00250626565
2	Pest Control	Rare	15093	Fire Def Up II	0.00250626565
2	Pest Control	Rare	15098	Water Def Up II	0.00250626565
2	Pest Control	Rare	15103	Earth Def Up II	0.00250626565
2	Pest Control	Rare	15108	Wind Def Up II	0.00250626565
2	Pest Control	Rare	15113	Electric Def Up II	0.00250626565
2	Pest Control	Rare	15118	Ice Def Up II	0.00250626565
2	Pest Control	Rare	15123	Dark Def Up II	0.00250626565
2	Pest Control	Rare	15128	Light Def Up II	0.00250626565
2	Pest Control	Rare	15150	Evasion Focus II	0.00250626565
2	Pest Control	Rare	15160	Emergency Guard II	0.00250626565
2	Pest Control	Rare	15170	HP Attack Boost II	0.00250626565
2	Pest Control	Rare	15180	Break Resist II	0.00250626565
2	Pest Control	Rare	15190	Launch Resist II	0.00250626565
2	Pest Control	Rare	15200	Blowdown Resist II	0.00250626565
2	Pest Control	Rare	15220	Auto-Attack Stealth II	0.00250626565
2	Pest Control	Rare	15230	Arts Stealth II	0.00250626565
2	Pest Control	Rare	15240	Arts Heal II	0.00250626565
2	Pest Control	Rare	15250	Damage Heal II	0.00250626565
2	Pest Control	Rare	15260	Sunlight Eye II	0.00250626565
2	Pest Control	Rare	15270	Range Boost Up II	0.00250626565
2	Pest Control	Rare	15275	Opening Art II	0.00250626565
2	Pest Control	Rare	15285	Helping Hand II	0.00250626565
2	Pest Control	Rare	15295	Affinity MAX Atk II	0.00250626565
2	Pest Control	Rare	15305	Hunter's Chemistry II	0.00250626565
2	Pest Control	Rare	15315	Fast Blade Switch II	0.00250626565
2	Pest Control	Rare	15346	Jamming II	0.00250626565
2	Pest Control	Rare	15351	Element Orb Prioritizer	0.00250626565
2	Pest Control	Rare	298	Gear Vest (Legendary)	0.0100250626
2	Pest Control	Rare	301	Steam Belt (Legendary)	0.0100250626
2	Pest Control	Rare	304	Bolt Hat (Legendary)	0.0100250626
2	Pest Control	Rare	323	Smithy Gloves (Legendary)	0.0100250626
2	Pest Control	Rare	325	Spring Shoes (Legendary)	0.0100250626
2	Pest Control	Rare	327	Gold Gear Choker (Legendary)	0.0100250626
2	Pest Control	Rare	331	Classic Medal (Legendary)	0.0100250626
2	Pest Control	Rare	334	Iron Headband (Legendary)	0.0100250626
2	Pest Control	Rare	340	Mechanized Greaves (Legendary)	0.0100250626
2	Pest Control	Rare	343	Swordfighting Banner (Legendary)	0.0100250626
2	Pest Control	Rare	349	Apprentice Vambraces (Legendary)	0.0100250626
2	Pest Control	Rare	355	Chrome Scarf (Legendary)	0.0100250626
2	Pest Control	Rare	361	Soldier Ring (Legendary)	0.0100250626
2	Pest Control	Rare	365	Assault Stone (Legendary)	0.0100250626
2	Pest Control	Rare	373	Camo Hood (Legendary)	0.0100250626
2	Pest Control	Rare	376	Metal Nopon Mask (Legendary)	0.0100250626
2	Pest Control	Rare	400	Silver Earrings (Legendary)	0.0100250626
2	Pest Control	Rare	421	Katana Attachment (Legendary)	0.0100250626
2	Pest Control	Rare	422	Ball Attachment (Legendary)	0.0100250626
2	Pest Control	Rare	10027	Magnet Chip	0.0050125313
2	Pest Control	Rare	15002	Critical Up II	0.0050125313
2	Pest Control	Rare	15012	Ether Defense Up II	0.0050125313
2	Pest Control	Rare	15017	Block Rate Up II	0.0050125313
2	Pest Control	Rare	15022	Beast Hunter II	0.0050125313
2	Pest Control	Rare	15032	Aerial Hunter II	0.0050125313
2	Pest Control	Rare	15042	Humanoid Hunter II	0.0050125313
2	Pest Control	Rare	15057	Blade Combo Boost II	0.0050125313
2	Pest Control	Rare	15068	Ambush Boost II	0.0050125313
2	Pest Control	Rare	15078	Aggro Attack Up II	0.0050125313
2	Pest Control	Rare	15088	Outdoor Attack Up II	0.0050125313
2	Pest Control	Rare	15155	Swift Evasion II	0.0050125313
2	Pest Control	Rare	15165	Endurance II	0.0050125313
2	Pest Control	Rare	15175	Spike Defense II	0.0050125313
2	Pest Control	Rare	15185	Topple Resist II	0.0050125313
2	Pest Control	Rare	15195	Smash Resist II	0.0050125313
2	Pest Control	Rare	15205	Knockback Resist II	0.0050125313
2	Pest Control	Rare	15215	Shackle Blade Resist II	0.0050125313
2	Pest Control	Rare	15225	Aggro Boost II	0.0050125313
2	Pest Control	Rare	15235	Arts Aggro Boost II	0.0050125313
2	Pest Control	Rare	15245	Movement Heal II	0.0050125313
2	Pest Control	Rare	15255	Night Vision II	0.0050125313
2	Pest Control	Rare	15265	Reflect Damage Up II	0.0050125313
2	Pest Control	Rare	15280	Telepathy II	0.0050125313
2	Pest Control	Rare	15290	Affinity MAX Barrier II	0.0050125313
2	Pest Control	Rare	15300	Affinity MAX Evade II	0.0050125313
2	Pest Control	Rare	15310	Shoulder to Shoulder II	0.0050125313
2	Pest Control	Rare	15321	Specials Lv 1 Plus II	0.0050125313
2	Pest Control	Rare	15326	Specials Lv 2 Plus II	0.0050125313
2	Pest Control	Rare	15331	Specials Lv 3 Plus II	0.0050125313
2	Pest Control	Rare	15336	Specials Lv 4 Plus II	0.0050125313
2	Pest Control	Rare	15341	Affinity MAX Acc II	0.0050125313
2	Pest Control	Rare	15350	Element Orb Ender	0.0050125313
2	Pest Control	Rare	307	Rainbow Gloves (Legendary)	0.0200501252
2	Pest Control	Rare	310	Shell Shoes (Legendary)	0.0200501252
2	Pest Control	Rare	313	Nacre Choker (Legendary)	0.0200501252
2	Pest Control	Rare	328	Garnet (Legendary)	0.0200501252
2	Pest Control	Rare	337	Moon Cube (Legendary)	0.0200501252
2	Pest Control	Rare	346	Spiked Pauldrons (Legendary)	0.0200501252
2	Pest Control	Rare	358	White Belt (Legendary)	0.0200501252
2	Pest Control	Rare	379	Silver Feather (Legendary)	0.0200501252
2	Pest Control	Rare	382	Spirit Tree Ward (Legendary)	0.0200501252
2	Pest Control	Rare	386	Promise Ring (Legendary)	0.0200501252
2	Pest Control	Rare	391	Chivalric Medal (Legendary)	0.0200501252
2	Pest Control	Rare	394	Gauntlet (Legendary)	0.0200501252
2	Pest Control	Rare	423	Knuckle Attachment (Legendary)	0.0200501252
2	Pest Control	Rare	427	Love Thread (Legendary)	0.0200501252
2	Pest Control	Rare	435	Overclocking Bangle (Legendary)	0.0200501252
2	Pest Control	Rare	437	Lavender Potpourri (Legendary)	0.0200501252
2	Pest Control	Rare	439	Sage's Auspices (Legendary)	0.0200501252
2	Pest Control	Rare	440	Incense of Calm (Legendary)	0.0200501252
2	Pest Control	Rare	10015	Glass Chip	0.0100250626
2	Pest Control	Rare	10035	Pentagon Chip	0.0100250626
2	Pest Control	Rare	462	Night-vision Kit (Common)	0.0501253121
2	Pest Control	Rare	570	Marble Cameo (Common)	0.025062656
2	Pest Control	Rare	463	Night-vision Kit (Rare)	0.025062656
2	Pest Control	Rare	571	Marble Cameo (Rare)	0.025062656
2	Pest Control	Rare	464	Night-vision Kit (Legendary)	0.025062656
2	Pest Control	Rare	572	Marble Cameo (Legendary)	0.025062656
2	Pest Control	Legendary	15002	Critical Up II	0.00458715577
2	Pest Control	Legendary	15012	Ether Defense Up II	0.00458715577
2	Pest Control	Legendary	15017	Block Rate Up II	0.00458715577
2	Pest Control	Legendary	15022	Beast Hunter II	0.00458715577
2	Pest Control	Legendary	15032	Aerial Hunter II	0.00458715577
2	Pest Control	Legendary	15042	Humanoid Hunter II	0.00458715577
2	Pest Control	Legendary	15057	Blade Combo Boost II	0.00458715577
2	Pest Control	Legendary	15068	Ambush Boost II	0.00458715577
2	Pest Control	Legendary	15078	Aggro Attack Up II	0.00458715577
2	Pest Control	Legendary	15088	Outdoor Attack Up II	0.00458715577
2	Pest Control	Legendary	15155	Swift Evasion II	0.00458715577
2	Pest Control	Legendary	15165	Endurance II	0.00458715577
2	Pest Control	Legendary	15175	Spike Defense II	0.00458715577
2	Pest Control	Legendary	15185	Topple Resist II	0.00458715577
2	Pest Control	Legendary	15195	Smash Resist II	0.00458715577
2	Pest Control	Legendary	15205	Knockback Resist II	0.00458715577
2	Pest Control	Legendary	15215	Shackle Blade Resist II	0.00458715577
2	Pest Control	Legendary	15225	Aggro Boost II	0.00458715577
2	Pest Control	Legendary	15235	Arts Aggro Boost II	0.00458715577
2	Pest Control	Legendary	15245	Movement Heal II	0.00458715577
2	Pest Control	Legendary	15255	Night Vision II	0.00458715577
2	Pest Control	Legendary	15265	Reflect Damage Up II	0.00458715577
2	Pest Control	Legendary	15280	Telepathy II	0.00458715577
2	Pest Control	Legendary	15290	Affinity MAX Barrier II	0.00458715577
2	Pest Control	Legendary	15300	Affinity MAX Evade II	0.00458715577
2	Pest Control	Legendary	15310	Shoulder to Shoulder II	0.00458715577
2	Pest Control	Legendary	15321	Specials Lv 1 Plus II	0.00458715577
2	Pest Control	Legendary	15326	Specials Lv 2 Plus II	0.00458715577
2	Pest Control	Legendary	15331	Specials Lv 3 Plus II	0.00458715577
2	Pest Control	Legendary	15336	Specials Lv 4 Plus II	0.00458715577
2	Pest Control	Legendary	15341	Affinity MAX Acc II	0.00458715577
2	Pest Control	Legendary	15350	Element Orb Ender	0.00458715577
2	Pest Control	Legendary	307	Rainbow Gloves (Legendary)	0.0183486231
2	Pest Control	Legendary	310	Shell Shoes (Legendary)	0.0183486231
2	Pest Control	Legendary	313	Nacre Choker (Legendary)	0.0183486231
2	Pest Control	Legendary	328	Garnet (Legendary)	0.0183486231
2	Pest Control	Legendary	337	Moon Cube (Legendary)	0.0183486231
2	Pest Control	Legendary	346	Spiked Pauldrons (Legendary)	0.0183486231
2	Pest Control	Legendary	358	White Belt (Legendary)	0.0183486231
2	Pest Control	Legendary	379	Silver Feather (Legendary)	0.0183486231
2	Pest Control	Legendary	382	Spirit Tree Ward (Legendary)	0.0183486231
2	Pest Control	Legendary	386	Promise Ring (Legendary)	0.0183486231
2	Pest Control	Legendary	391	Chivalric Medal (Legendary)	0.0183486231
2	Pest Control	Legendary	394	Gauntlet (Legendary)	0.0183486231
2	Pest Control	Legendary	423	Knuckle Attachment (Legendary)	0.0183486231
2	Pest Control	Legendary	427	Love Thread (Legendary)	0.0183486231
2	Pest Control	Legendary	435	Overclocking Bangle (Legendary)	0.0183486231
2	Pest Control	Legendary	437	Lavender Potpourri (Legendary)	0.0183486231
2	Pest Control	Legendary	439	Sage's Auspices (Legendary)	0.0183486231
2	Pest Control	Legendary	440	Incense of Calm (Legendary)	0.0183486231
2	Pest Control	Legendary	10015	Glass Chip	0.00917431153
2	Pest Control	Legendary	10035	Pentagon Chip	0.00917431153
2	Pest Control	Legendary	462	Night-vision Kit (Common)	0.02293578
2	Pest Control	Legendary	570	Marble Cameo (Common)	0.02293578
2	Pest Control	Legendary	463	Night-vision Kit (Rare)	0.02293578
2	Pest Control	Legendary	571	Marble Cameo (Rare)	0.02293578
2	Pest Control	Legendary	464	Night-vision Kit (Legendary)	0.02293578
2	Pest Control	Legendary	572	Marble Cameo (Legendary)	0.02293578
2	Pest Control	Legendary	15008	Physical Defense Up III	0.00229357788
2	Pest Control	Legendary	15028	Insect Hunter III	0.00229357788
2	Pest Control	Legendary	15038	Aquatic Hunter III	0.00229357788
2	Pest Control	Legendary	15048	Machine Hunter III	0.00229357788
2	Pest Control	Legendary	15053	Titan Hunter III	0.00229357788
2	Pest Control	Legendary	15064	Fusion Combo Up III	0.00229357788
2	Pest Control	Legendary	15074	Reflect Immunity	0.00229357788
2	Pest Control	Legendary	15084	Indoor Attack Up III	0.00229357788
2	Pest Control	Legendary	15094	Fire Def Up III	0.00229357788
2	Pest Control	Legendary	15099	Water Def Up III	0.00229357788
2	Pest Control	Legendary	15104	Earth Def Up III	0.00229357788
2	Pest Control	Legendary	15109	Wind Def Up III	0.00229357788
2	Pest Control	Legendary	15114	Electric Def Up III	0.00229357788
2	Pest Control	Legendary	15119	Ice Def Up III	0.00229357788
2	Pest Control	Legendary	15124	Dark Def Up III	0.00229357788
2	Pest Control	Legendary	15129	Light Def Up III	0.00229357788
2	Pest Control	Legendary	15151	Evasion Focus III	0.00229357788
2	Pest Control	Legendary	15161	Emergency Guard III	0.00229357788
2	Pest Control	Legendary	15171	HP Attack Boost III	0.00229357788
2	Pest Control	Legendary	15181	Break Resist III	0.00229357788
2	Pest Control	Legendary	15191	Launch Resist III	0.00229357788
2	Pest Control	Legendary	15201	Blowdown Resist III	0.00229357788
2	Pest Control	Legendary	15221	Auto-Attack Stealth III	0.00229357788
2	Pest Control	Legendary	15231	Arts Stealth III	0.00229357788
2	Pest Control	Legendary	15241	Arts Heal III	0.00229357788
2	Pest Control	Legendary	15251	Damage Heal III	0.00229357788
2	Pest Control	Legendary	15261	Sunlight Eye III	0.00229357788
2	Pest Control	Legendary	15271	Range Boost Up III	0.00229357788
2	Pest Control	Legendary	15276	Opening Art III	0.00229357788
2	Pest Control	Legendary	15286	Helping Hand III	0.00229357788
2	Pest Control	Legendary	15296	Affinity MAX Atk III	0.00229357788
2	Pest Control	Legendary	15306	Hunter's Chemistry III	0.00229357788
2	Pest Control	Legendary	15316	Fast Blade Switch III	0.00229357788
2	Pest Control	Legendary	15347	Jamming III	0.00229357788
2	Pest Control	Legendary	299	Jade Vest (Legendary)	0.00917431153
2	Pest Control	Legendary	302	Silver Belt (Legendary)	0.00917431153
2	Pest Control	Legendary	305	Pearl Hat (Legendary)	0.00917431153
2	Pest Control	Legendary	332	Modern Medal (Legendary)	0.00917431153
2	Pest Control	Legendary	335	Ice Headband (Legendary)	0.00917431153
2	Pest Control	Legendary	341	Crystal Greaves (Legendary)	0.00917431153
2	Pest Control	Legendary	344	Goddess Banner (Legendary)	0.00917431153
2	Pest Control	Legendary	353	Eraser Orb (Legendary)	0.00917431153
2	Pest Control	Legendary	356	Unicorn Scarf (Legendary)	0.00917431153
2	Pest Control	Legendary	362	Berserk Ring (Legendary)	0.00917431153
2	Pest Control	Legendary	374	Skeleton Hood (Legendary)	0.00917431153
2	Pest Control	Legendary	377	Gold Nopon Mask (Legendary)	0.00917431153
2	Pest Control	Legendary	388	Affection Necklace (Legendary)	0.00917431153
2	Pest Control	Legendary	398	Leader's Eyepatch (Legendary)	0.00917431153
2	Pest Control	Legendary	404	Burst Symbol (Legendary)	0.00917431153
2	Pest Control	Legendary	407	Infinity Symbol (Legendary)	0.00917431153
2	Pest Control	Legendary	410	Ring Attachment (Legendary)	0.00917431153
2	Pest Control	Legendary	414	Whip Attachment (Legendary)	0.00917431153
2	Pest Control	Legendary	415	Edge Attachment (Legendary)	0.00917431153
2	Pest Control	Legendary	425	Cheer Treat (Legendary)	0.00917431153
2	Pest Control	Legendary	430	Healing Amulet (Legendary)	0.00917431153
2	Pest Control	Legendary	10031	Motor Chip	0.00458715577
2	Pest Control	Legendary	10043	Ureilite Chip	0.00458715577
2	Pest Control	Legendary	486	Terror Masque (Common)	0.0137614682
2	Pest Control	Legendary	492	Envoy's Footgear (Common)	0.0137614682
2	Pest Control	Legendary	487	Terror Masque (Rare)	0.0137614682
2	Pest Control	Legendary	493	Envoy's Footgear (Rare)	0.0137614682
2	Pest Control	Legendary	488	Terror Masque (Legendary)	0.0137614682
2	Pest Control	Legendary	494	Envoy's Footgear (Legendary)	0.0137614682
2	Pest Control	Legendary	25405	Weaponry for Noobs	0.00458715577
3	Think of the Soldiers	Common	15007	Physical Defense Up II	0.024844721
3	Think of the Soldiers	Common	15027	Insect Hunter II	0.024844721
3	Think of the Soldiers	Common	15037	Aquatic Hunter II	0.024844721
3	Think of the Soldiers	Common	15047	Machine Hunter II	0.024844721
3	Think of the Soldiers	Common	15052	Titan Hunter II	0.024844721
3	Think of the Soldiers	Common	15063	Fusion Combo Up II	0.024844721
3	Think of the Soldiers	Common	15073	Reflect Immunity	0.024844721
3	Think of the Soldiers	Common	15083	Indoor Attack Up II	0.024844721
3	Think of the Soldiers	Common	15093	Fire Def Up II	0.024844721
3	Think of the Soldiers	Common	15098	Water Def Up II	0.024844721
3	Think of the Soldiers	Common	15103	Earth Def Up II	0.024844721
3	Think of the Soldiers	Common	15108	Wind Def Up II	0.024844721
3	Think of the Soldiers	Common	15113	Electric Def Up II	0.024844721
3	Think of the Soldiers	Common	15118	Ice Def Up II	0.024844721
3	Think of the Soldiers	Common	15123	Dark Def Up II	0.024844721
3	Think of the Soldiers	Common	15128	Light Def Up II	0.024844721
3	Think of the Soldiers	Common	15150	Evasion Focus II	0.024844721
3	Think of the Soldiers	Common	15160	Emergency Guard II	0.024844721
3	Think of the Soldiers	Common	15170	HP Attack Boost II	0.024844721
3	Think of the Soldiers	Common	15180	Break Resist II	0.024844721
3	Think of the Soldiers	Common	15190	Launch Resist II	0.024844721
3	Think of the Soldiers	Common	15200	Blowdown Resist II	0.024844721
3	Think of the Soldiers	Common	15220	Auto-Attack Stealth II	0.024844721
3	Think of the Soldiers	Common	15230	Arts Stealth II	0.024844721
3	Think of the Soldiers	Common	15240	Arts Heal II	0.024844721
3	Think of the Soldiers	Common	15250	Damage Heal II	0.024844721
3	Think of the Soldiers	Common	15260	Sunlight Eye II	0.024844721
3	Think of the Soldiers	Common	15270	Range Boost Up II	0.024844721
3	Think of the Soldiers	Common	15275	Opening Art II	0.024844721
3	Think of the Soldiers	Common	15285	Helping Hand II	0.024844721
3	Think of the Soldiers	Common	15295	Affinity MAX Atk II	0.024844721
3	Think of the Soldiers	Common	15305	Hunter's Chemistry II	0.024844721
3	Think of the Soldiers	Common	15315	Fast Blade Switch II	0.024844721
3	Think of the Soldiers	Common	15346	Jamming II	0.024844721
3	Think of the Soldiers	Common	15351	Element Orb Prioritizer	0.024844721
3	Think of the Soldiers	Common	298	Gear Vest (Legendary)	0.00621118024
3	Think of the Soldiers	Common	301	Steam Belt (Legendary)	0.00621118024
3	Think of the Soldiers	Common	304	Bolt Hat (Legendary)	0.00621118024
3	Think of the Soldiers	Common	323	Smithy Gloves (Legendary)	0.00621118024
3	Think of the Soldiers	Common	325	Spring Shoes (Legendary)	0.00621118024
3	Think of the Soldiers	Common	327	Gold Gear Choker (Legendary)	0.00621118024
3	Think of the Soldiers	Common	331	Classic Medal (Legendary)	0.00621118024
3	Think of the Soldiers	Common	334	Iron Headband (Legendary)	0.00621118024
3	Think of the Soldiers	Common	340	Mechanized Greaves (Legendary)	0.00621118024
3	Think of the Soldiers	Common	343	Swordfighting Banner (Legendary)	0.00621118024
3	Think of the Soldiers	Common	349	Apprentice Vambraces (Legendary)	0.00621118024
3	Think of the Soldiers	Common	355	Chrome Scarf (Legendary)	0.00621118024
3	Think of the Soldiers	Common	361	Soldier Ring (Legendary)	0.00621118024
3	Think of the Soldiers	Common	365	Assault Stone (Legendary)	0.00621118024
3	Think of the Soldiers	Common	373	Camo Hood (Legendary)	0.00621118024
3	Think of the Soldiers	Common	376	Metal Nopon Mask (Legendary)	0.00621118024
3	Think of the Soldiers	Common	400	Silver Earrings (Legendary)	0.00621118024
3	Think of the Soldiers	Common	421	Katana Attachment (Legendary)	0.00621118024
3	Think of the Soldiers	Common	422	Ball Attachment (Legendary)	0.00621118024
3	Think of the Soldiers	Common	10027	Magnet Chip	0.0124223605
3	Think of the Soldiers	Rare	15007	Physical Defense Up II	0.008413967
3	Think of the Soldiers	Rare	15027	Insect Hunter II	0.008413967
3	Think of the Soldiers	Rare	15037	Aquatic Hunter II	0.008413967
3	Think of the Soldiers	Rare	15047	Machine Hunter II	0.008413967
3	Think of the Soldiers	Rare	15052	Titan Hunter II	0.008413967
3	Think of the Soldiers	Rare	15063	Fusion Combo Up II	0.008413967
3	Think of the Soldiers	Rare	15073	Reflect Immunity	0.008413967
3	Think of the Soldiers	Rare	15083	Indoor Attack Up II	0.008413967
3	Think of the Soldiers	Rare	15093	Fire Def Up II	0.008413967
3	Think of the Soldiers	Rare	15098	Water Def Up II	0.008413967
3	Think of the Soldiers	Rare	15103	Earth Def Up II	0.008413967
3	Think of the Soldiers	Rare	15108	Wind Def Up II	0.008413967
3	Think of the Soldiers	Rare	15113	Electric Def Up II	0.008413967
3	Think of the Soldiers	Rare	15118	Ice Def Up II	0.008413967
3	Think of the Soldiers	Rare	15123	Dark Def Up II	0.008413967
3	Think of the Soldiers	Rare	15128	Light Def Up II	0.008413967
3	Think of the Soldiers	Rare	15150	Evasion Focus II	0.008413967
3	Think of the Soldiers	Rare	15160	Emergency Guard II	0.008413967
3	Think of the Soldiers	Rare	15170	HP Attack Boost II	0.008413967
3	Think of the Soldiers	Rare	15180	Break Resist II	0.008413967
3	Think of the Soldiers	Rare	15190	Launch Resist II	0.008413967
3	Think of the Soldiers	Rare	15200	Blowdown Resist II	0.008413967
3	Think of the Soldiers	Rare	15220	Auto-Attack Stealth II	0.008413967
3	Think of the Soldiers	Rare	15230	Arts Stealth II	0.008413967
3	Think of the Soldiers	Rare	15240	Arts Heal II	0.008413967
3	Think of the Soldiers	Rare	15250	Damage Heal II	0.008413967
3	Think of the Soldiers	Rare	15260	Sunlight Eye II	0.008413967
3	Think of the Soldiers	Rare	15270	Range Boost Up II	0.008413967
3	Think of the Soldiers	Rare	15275	Opening Art II	0.008413967
3	Think of the Soldiers	Rare	15285	Helping Hand II	0.008413967
3	Think of the Soldiers	Rare	15295	Affinity MAX Atk II	0.008413967
3	Think of the Soldiers	Rare	15305	Hunter's Chemistry II	0.008413967
3	Think of the Soldiers	Rare	15315	Fast Blade Switch II	0.008413967
3	Think of the Soldiers	Rare	15346	Jamming II	0.008413967
3	Think of the Soldiers	Rare	15351	Element Orb Prioritizer	0.008413967
3	Think of the Soldiers	Rare	298	Gear Vest (Legendary)	0.00210349169
3	Think of the Soldiers	Rare	301	Steam Belt (Legendary)	0.00210349169
3	Think of the Soldiers	Rare	304	Bolt Hat (Legendary)	0.00210349169
3	Think of the Soldiers	Rare	323	Smithy Gloves (Legendary)	0.00210349169
3	Think of the Soldiers	Rare	325	Spring Shoes (Legendary)	0.00210349169
3	Think of the Soldiers	Rare	327	Gold Gear Choker (Legendary)	0.00210349169
3	Think of the Soldiers	Rare	331	Classic Medal (Legendary)	0.00210349169
3	Think of the Soldiers	Rare	334	Iron Headband (Legendary)	0.00210349169
3	Think of the Soldiers	Rare	340	Mechanized Greaves (Legendary)	0.00210349169
3	Think of the Soldiers	Rare	343	Swordfighting Banner (Legendary)	0.00210349169
3	Think of the Soldiers	Rare	349	Apprentice Vambraces (Legendary)	0.00210349169
3	Think of the Soldiers	Rare	355	Chrome Scarf (Legendary)	0.00210349169
3	Think of the Soldiers	Rare	361	Soldier Ring (Legendary)	0.00210349169
3	Think of the Soldiers	Rare	365	Assault Stone (Legendary)	0.00210349169
3	Think of the Soldiers	Rare	373	Camo Hood (Legendary)	0.00210349169
3	Think of the Soldiers	Rare	376	Metal Nopon Mask (Legendary)	0.00210349169
3	Think of the Soldiers	Rare	400	Silver Earrings (Legendary)	0.00210349169
3	Think of the Soldiers	Rare	421	Katana Attachment (Legendary)	0.00210349169
3	Think of the Soldiers	Rare	422	Ball Attachment (Legendary)	0.00210349169
3	Think of the Soldiers	Rare	10027	Magnet Chip	0.00420698337
3	Think of the Soldiers	Rare	15002	Critical Up II	0.0168279335
3	Think of the Soldiers	Rare	15012	Ether Defense Up II	0.0168279335
3	Think of the Soldiers	Rare	15017	Block Rate Up II	0.0168279335
3	Think of the Soldiers	Rare	15022	Beast Hunter II	0.0168279335
3	Think of the Soldiers	Rare	15032	Aerial Hunter II	0.0168279335
3	Think of the Soldiers	Rare	15042	Humanoid Hunter II	0.0168279335
3	Think of the Soldiers	Rare	15057	Blade Combo Boost II	0.0168279335
3	Think of the Soldiers	Rare	15068	Ambush Boost II	0.0168279335
3	Think of the Soldiers	Rare	15078	Aggro Attack Up II	0.0168279335
3	Think of the Soldiers	Rare	15088	Outdoor Attack Up II	0.0168279335
3	Think of the Soldiers	Rare	15155	Swift Evasion II	0.0168279335
3	Think of the Soldiers	Rare	15165	Endurance II	0.0168279335
3	Think of the Soldiers	Rare	15175	Spike Defense II	0.0168279335
3	Think of the Soldiers	Rare	15185	Topple Resist II	0.0168279335
3	Think of the Soldiers	Rare	15195	Smash Resist II	0.0168279335
3	Think of the Soldiers	Rare	15205	Knockback Resist II	0.0168279335
3	Think of the Soldiers	Rare	15215	Shackle Blade Resist II	0.0168279335
3	Think of the Soldiers	Rare	15225	Aggro Boost II	0.0168279335
3	Think of the Soldiers	Rare	15235	Arts Aggro Boost II	0.0168279335
3	Think of the Soldiers	Rare	15245	Movement Heal II	0.0168279335
3	Think of the Soldiers	Rare	15255	Night Vision II	0.0168279335
3	Think of the Soldiers	Rare	15265	Reflect Damage Up II	0.0168279335
3	Think of the Soldiers	Rare	15280	Telepathy II	0.0168279335
3	Think of the Soldiers	Rare	15290	Affinity MAX Barrier II	0.0168279335
3	Think of the Soldiers	Rare	15300	Affinity MAX Evade II	0.0168279335
3	Think of the Soldiers	Rare	15310	Shoulder to Shoulder II	0.0168279335
3	Think of the Soldiers	Rare	15321	Specials Lv 1 Plus II	0.0168279335
3	Think of the Soldiers	Rare	15326	Specials Lv 2 Plus II	0.0168279335
3	Think of the Soldiers	Rare	15331	Specials Lv 3 Plus II	0.0168279335
3	Think of the Soldiers	Rare	15336	Specials Lv 4 Plus II	0.0168279335
3	Think of the Soldiers	Rare	15341	Affinity MAX Acc II	0.0168279335
3	Think of the Soldiers	Rare	15350	Element Orb Ender	0.0168279335
3	Think of the Soldiers	Rare	307	Rainbow Gloves (Legendary)	0.00420698337
3	Think of the Soldiers	Rare	310	Shell Shoes (Legendary)	0.00420698337
3	Think of the Soldiers	Rare	313	Nacre Choker (Legendary)	0.00420698337
3	Think of the Soldiers	Rare	328	Garnet (Legendary)	0.00420698337
3	Think of the Soldiers	Rare	337	Moon Cube (Legendary)	0.00420698337
3	Think of the Soldiers	Rare	346	Spiked Pauldrons (Legendary)	0.00420698337
3	Think of the Soldiers	Rare	358	White Belt (Legendary)	0.00420698337
3	Think of the Soldiers	Rare	379	Silver Feather (Legendary)	0.00420698337
3	Think of the Soldiers	Rare	382	Spirit Tree Ward (Legendary)	0.00420698337
3	Think of the Soldiers	Rare	386	Promise Ring (Legendary)	0.00420698337
3	Think of the Soldiers	Rare	391	Chivalric Medal (Legendary)	0.00420698337
3	Think of the Soldiers	Rare	394	Gauntlet (Legendary)	0.00420698337
3	Think of the Soldiers	Rare	423	Knuckle Attachment (Legendary)	0.00420698337
3	Think of the Soldiers	Rare	427	Love Thread (Legendary)	0.00420698337
3	Think of the Soldiers	Rare	435	Overclocking Bangle (Legendary)	0.00420698337
3	Think of the Soldiers	Rare	437	Lavender Potpourri (Legendary)	0.00420698337
3	Think of the Soldiers	Rare	439	Sage's Auspices (Legendary)	0.00420698337
3	Think of the Soldiers	Rare	440	Incense of Calm (Legendary)	0.00420698337
3	Think of the Soldiers	Rare	10015	Glass Chip	0.008413967
3	Think of the Soldiers	Rare	10035	Pentagon Chip	0.008413967
3	Think of the Soldiers	Rare	462	Night-vision Kit (Common)	0.00504838023
3	Think of the Soldiers	Rare	570	Marble Cameo (Common)	0.00504838023
3	Think of the Soldiers	Rare	463	Night-vision Kit (Rare)	0.00504838023
3	Think of the Soldiers	Rare	571	Marble Cameo (Rare)	0.00504838023
3	Think of the Soldiers	Rare	464	Night-vision Kit (Legendary)	0.00504838023
3	Think of the Soldiers	Rare	572	Marble Cameo (Legendary)	0.00504838023
3	Think of the Soldiers	Legendary	15002	Critical Up II	0.01642036
3	Think of the Soldiers	Legendary	15012	Ether Defense Up II	0.01642036
3	Think of the Soldiers	Legendary	15017	Block Rate Up II	0.01642036
3	Think of the Soldiers	Legendary	15022	Beast Hunter II	0.01642036
3	Think of the Soldiers	Legendary	15032	Aerial Hunter II	0.01642036
3	Think of the Soldiers	Legendary	15042	Humanoid Hunter II	0.01642036
3	Think of the Soldiers	Legendary	15057	Blade Combo Boost II	0.01642036
3	Think of the Soldiers	Legendary	15068	Ambush Boost II	0.01642036
3	Think of the Soldiers	Legendary	15078	Aggro Attack Up II	0.01642036
3	Think of the Soldiers	Legendary	15088	Outdoor Attack Up II	0.01642036
3	Think of the Soldiers	Legendary	15155	Swift Evasion II	0.01642036
3	Think of the Soldiers	Legendary	15165	Endurance II	0.01642036
3	Think of the Soldiers	Legendary	15175	Spike Defense II	0.01642036
3	Think of the Soldiers	Legendary	15185	Topple Resist II	0.01642036
3	Think of the Soldiers	Legendary	15195	Smash Resist II	0.01642036
3	Think of the Soldiers	Legendary	15205	Knockback Resist II	0.01642036
3	Think of the Soldiers	Legendary	15215	Shackle Blade Resist II	0.01642036
3	Think of the Soldiers	Legendary	15225	Aggro Boost II	0.01642036
3	Think of the Soldiers	Legendary	15235	Arts Aggro Boost II	0.01642036
3	Think of the Soldiers	Legendary	15245	Movement Heal II	0.01642036
3	Think of the Soldiers	Legendary	15255	Night Vision II	0.01642036
3	Think of the Soldiers	Legendary	15265	Reflect Damage Up II	0.01642036
3	Think of the Soldiers	Legendary	15280	Telepathy II	0.01642036
3	Think of the Soldiers	Legendary	15290	Affinity MAX Barrier II	0.01642036
3	Think of the Soldiers	Legendary	15300	Affinity MAX Evade II	0.01642036
3	Think of the Soldiers	Legendary	15310	Shoulder to Shoulder II	0.01642036
3	Think of the Soldiers	Legendary	15321	Specials Lv 1 Plus II	0.01642036
3	Think of the Soldiers	Legendary	15326	Specials Lv 2 Plus II	0.01642036
3	Think of the Soldiers	Legendary	15331	Specials Lv 3 Plus II	0.01642036
3	Think of the Soldiers	Legendary	15336	Specials Lv 4 Plus II	0.01642036
3	Think of the Soldiers	Legendary	15341	Affinity MAX Acc II	0.01642036
3	Think of the Soldiers	Legendary	15350	Element Orb Ender	0.01642036
3	Think of the Soldiers	Legendary	307	Rainbow Gloves (Legendary)	0.00410509
3	Think of the Soldiers	Legendary	310	Shell Shoes (Legendary)	0.00410509
3	Think of the Soldiers	Legendary	313	Nacre Choker (Legendary)	0.00410509
3	Think of the Soldiers	Legendary	328	Garnet (Legendary)	0.00410509
3	Think of the Soldiers	Legendary	337	Moon Cube (Legendary)	0.00410509
3	Think of the Soldiers	Legendary	346	Spiked Pauldrons (Legendary)	0.00410509
3	Think of the Soldiers	Legendary	358	White Belt (Legendary)	0.00410509
3	Think of the Soldiers	Legendary	379	Silver Feather (Legendary)	0.00410509
3	Think of the Soldiers	Legendary	382	Spirit Tree Ward (Legendary)	0.00410509
3	Think of the Soldiers	Legendary	386	Promise Ring (Legendary)	0.00410509
3	Think of the Soldiers	Legendary	391	Chivalric Medal (Legendary)	0.00410509
3	Think of the Soldiers	Legendary	394	Gauntlet (Legendary)	0.00410509
3	Think of the Soldiers	Legendary	423	Knuckle Attachment (Legendary)	0.00410509
3	Think of the Soldiers	Legendary	427	Love Thread (Legendary)	0.00410509
3	Think of the Soldiers	Legendary	435	Overclocking Bangle (Legendary)	0.00410509
3	Think of the Soldiers	Legendary	437	Lavender Potpourri (Legendary)	0.00410509
3	Think of the Soldiers	Legendary	439	Sage's Auspices (Legendary)	0.00410509
3	Think of the Soldiers	Legendary	440	Incense of Calm (Legendary)	0.00410509
3	Think of the Soldiers	Legendary	10015	Glass Chip	0.00821018
3	Think of the Soldiers	Legendary	10035	Pentagon Chip	0.00821018
3	Think of the Soldiers	Legendary	462	Night-vision Kit (Common)	0.00492610829
3	Think of the Soldiers	Legendary	570	Marble Cameo (Common)	0.00492610829
3	Think of the Soldiers	Legendary	463	Night-vision Kit (Rare)	0.00492610829
3	Think of the Soldiers	Legendary	571	Marble Cameo (Rare)	0.00492610829
3	Think of the Soldiers	Legendary	464	Night-vision Kit (Legendary)	0.00492610829
3	Think of the Soldiers	Legendary	572	Marble Cameo (Legendary)	0.00492610829
3	Think of the Soldiers	Legendary	15008	Physical Defense Up III	0.00821018
3	Think of the Soldiers	Legendary	15028	Insect Hunter III	0.00821018
3	Think of the Soldiers	Legendary	15038	Aquatic Hunter III	0.00821018
3	Think of the Soldiers	Legendary	15048	Machine Hunter III	0.00821018
3	Think of the Soldiers	Legendary	15053	Titan Hunter III	0.00821018
3	Think of the Soldiers	Legendary	15064	Fusion Combo Up III	0.00821018
3	Think of the Soldiers	Legendary	15074	Reflect Immunity	0.00821018
3	Think of the Soldiers	Legendary	15084	Indoor Attack Up III	0.00821018
3	Think of the Soldiers	Legendary	15094	Fire Def Up III	0.00821018
3	Think of the Soldiers	Legendary	15099	Water Def Up III	0.00821018
3	Think of the Soldiers	Legendary	15104	Earth Def Up III	0.00821018
3	Think of the Soldiers	Legendary	15109	Wind Def Up III	0.00821018
3	Think of the Soldiers	Legendary	15114	Electric Def Up III	0.00821018
3	Think of the Soldiers	Legendary	15119	Ice Def Up III	0.00821018
3	Think of the Soldiers	Legendary	15124	Dark Def Up III	0.00821018
3	Think of the Soldiers	Legendary	15129	Light Def Up III	0.00821018
3	Think of the Soldiers	Legendary	15151	Evasion Focus III	0.00821018
3	Think of the Soldiers	Legendary	15161	Emergency Guard III	0.00821018
3	Think of the Soldiers	Legendary	15171	HP Attack Boost III	0.00821018
3	Think of the Soldiers	Legendary	15181	Break Resist III	0.00821018
3	Think of the Soldiers	Legendary	15191	Launch Resist III	0.00821018
3	Think of the Soldiers	Legendary	15201	Blowdown Resist III	0.00821018
3	Think of the Soldiers	Legendary	15221	Auto-Attack Stealth III	0.00821018
3	Think of the Soldiers	Legendary	15231	Arts Stealth III	0.00821018
3	Think of the Soldiers	Legendary	15241	Arts Heal III	0.00821018
3	Think of the Soldiers	Legendary	15251	Damage Heal III	0.00821018
3	Think of the Soldiers	Legendary	15261	Sunlight Eye III	0.00821018
3	Think of the Soldiers	Legendary	15271	Range Boost Up III	0.00821018
3	Think of the Soldiers	Legendary	15276	Opening Art III	0.00821018
3	Think of the Soldiers	Legendary	15286	Helping Hand III	0.00821018
3	Think of the Soldiers	Legendary	15296	Affinity MAX Atk III	0.00821018
3	Think of the Soldiers	Legendary	15306	Hunter's Chemistry III	0.00821018
3	Think of the Soldiers	Legendary	15316	Fast Blade Switch III	0.00821018
3	Think of the Soldiers	Legendary	15347	Jamming III	0.00821018
3	Think of the Soldiers	Legendary	299	Jade Vest (Legendary)	0.002052545
3	Think of the Soldiers	Legendary	302	Silver Belt (Legendary)	0.002052545
3	Think of the Soldiers	Legendary	305	Pearl Hat (Legendary)	0.002052545
3	Think of the Soldiers	Legendary	332	Modern Medal (Legendary)	0.002052545
3	Think of the Soldiers	Legendary	335	Ice Headband (Legendary)	0.002052545
3	Think of the Soldiers	Legendary	341	Crystal Greaves (Legendary)	0.002052545
3	Think of the Soldiers	Legendary	344	Goddess Banner (Legendary)	0.002052545
3	Think of the Soldiers	Legendary	353	Eraser Orb (Legendary)	0.002052545
3	Think of the Soldiers	Legendary	356	Unicorn Scarf (Legendary)	0.002052545
3	Think of the Soldiers	Legendary	362	Berserk Ring (Legendary)	0.002052545
3	Think of the Soldiers	Legendary	374	Skeleton Hood (Legendary)	0.002052545
3	Think of the Soldiers	Legendary	377	Gold Nopon Mask (Legendary)	0.002052545
3	Think of the Soldiers	Legendary	388	Affection Necklace (Legendary)	0.002052545
3	Think of the Soldiers	Legendary	398	Leader's Eyepatch (Legendary)	0.002052545
3	Think of the Soldiers	Legendary	404	Burst Symbol (Legendary)	0.002052545
3	Think of the Soldiers	Legendary	407	Infinity Symbol (Legendary)	0.002052545
3	Think of the Soldiers	Legendary	410	Ring Attachment (Legendary)	0.002052545
3	Think of the Soldiers	Legendary	414	Whip Attachment (Legendary)	0.002052545
3	Think of the Soldiers	Legendary	415	Edge Attachment (Legendary)	0.002052545
3	Think of the Soldiers	Legendary	425	Cheer Treat (Legendary)	0.002052545
3	Think of the Soldiers	Legendary	430	Healing Amulet (Legendary)	0.002052545
3	Think of the Soldiers	Legendary	10031	Motor Chip	0.00410509
3	Think of the Soldiers	Legendary	10043	Ureilite Chip	0.00410509
3	Think of the Soldiers	Legendary	486	Terror Masque (Common)	0.00574712642
3	Think of the Soldiers	Legendary	492	Envoy's Footgear (Common)	0.00287356321
3	Think of the Soldiers	Legendary	487	Terror Masque (Rare)	0.00287356321
3	Think of the Soldiers	Legendary	493	Envoy's Footgear (Rare)	0.00287356321
3	Think of the Soldiers	Legendary	488	Terror Masque (Legendary)	0.00287356321
3	Think of the Soldiers	Legendary	494	Envoy's Footgear (Legendary)	0.00287356321
3	Think of the Soldiers	Legendary	25405	Weaponry for Noobs	0.00410509
4	Bewitching Dance	Common	15007	Physical Defense Up II	0.0135135138
4	Bewitching Dance	Common	15027	Insect Hunter II	0.0135135138
4	Bewitching Dance	Common	15037	Aquatic Hunter II	0.0135135138
4	Bewitching Dance	Common	15047	Machine Hunter II	0.0135135138
4	Bewitching Dance	Common	15052	Titan Hunter II	0.0135135138
4	Bewitching Dance	Common	15063	Fusion Combo Up II	0.0135135138
4	Bewitching Dance	Common	15073	Reflect Immunity	0.0135135138
4	Bewitching Dance	Common	15083	Indoor Attack Up II	0.0135135138
4	Bewitching Dance	Common	15093	Fire Def Up II	0.0135135138
4	Bewitching Dance	Common	15098	Water Def Up II	0.0135135138
4	Bewitching Dance	Common	15103	Earth Def Up II	0.0135135138
4	Bewitching Dance	Common	15108	Wind Def Up II	0.0135135138
4	Bewitching Dance	Common	15113	Electric Def Up II	0.0135135138
4	Bewitching Dance	Common	15118	Ice Def Up II	0.0135135138
4	Bewitching Dance	Common	15123	Dark Def Up II	0.0135135138
4	Bewitching Dance	Common	15128	Light Def Up II	0.0135135138
4	Bewitching Dance	Common	15150	Evasion Focus II	0.0135135138
4	Bewitching Dance	Common	15160	Emergency Guard II	0.0135135138
4	Bewitching Dance	Common	15170	HP Attack Boost II	0.0135135138
4	Bewitching Dance	Common	15180	Break Resist II	0.0135135138
4	Bewitching Dance	Common	15190	Launch Resist II	0.0135135138
4	Bewitching Dance	Common	15200	Blowdown Resist II	0.0135135138
4	Bewitching Dance	Common	15220	Auto-Attack Stealth II	0.0135135138
4	Bewitching Dance	Common	15230	Arts Stealth II	0.0135135138
4	Bewitching Dance	Common	15240	Arts Heal II	0.0135135138
4	Bewitching Dance	Common	15250	Damage Heal II	0.0135135138
4	Bewitching Dance	Common	15260	Sunlight Eye II	0.0135135138
4	Bewitching Dance	Common	15270	Range Boost Up II	0.0135135138
4	Bewitching Dance	Common	15275	Opening Art II	0.0135135138
4	Bewitching Dance	Common	15285	Helping Hand II	0.0135135138
4	Bewitching Dance	Common	15295	Affinity MAX Atk II	0.0135135138
4	Bewitching Dance	Common	15305	Hunter's Chemistry II	0.0135135138
4	Bewitching Dance	Common	15315	Fast Blade Switch II	0.0135135138
4	Bewitching Dance	Common	15346	Jamming II	0.0135135138
4	Bewitching Dance	Common	15351	Element Orb Prioritizer	0.0135135138
4	Bewitching Dance	Common	298	Gear Vest (Legendary)	0.0270270277
4	Bewitching Dance	Common	301	Steam Belt (Legendary)	0.0270270277
4	Bewitching Dance	Common	304	Bolt Hat (Legendary)	0.0270270277
4	Bewitching Dance	Common	323	Smithy Gloves (Legendary)	0.0270270277
4	Bewitching Dance	Common	325	Spring Shoes (Legendary)	0.0270270277
4	Bewitching Dance	Common	327	Gold Gear Choker (Legendary)	0.0270270277
4	Bewitching Dance	Common	331	Classic Medal (Legendary)	0.0270270277
4	Bewitching Dance	Common	334	Iron Headband (Legendary)	0.0270270277
4	Bewitching Dance	Common	340	Mechanized Greaves (Legendary)	0.0270270277
4	Bewitching Dance	Common	343	Swordfighting Banner (Legendary)	0.0270270277
4	Bewitching Dance	Common	349	Apprentice Vambraces (Legendary)	0.0270270277
4	Bewitching Dance	Common	355	Chrome Scarf (Legendary)	0.0270270277
4	Bewitching Dance	Common	361	Soldier Ring (Legendary)	0.0270270277
4	Bewitching Dance	Common	365	Assault Stone (Legendary)	0.0270270277
4	Bewitching Dance	Common	373	Camo Hood (Legendary)	0.0270270277
4	Bewitching Dance	Common	376	Metal Nopon Mask (Legendary)	0.0270270277
4	Bewitching Dance	Common	400	Silver Earrings (Legendary)	0.0270270277
4	Bewitching Dance	Common	421	Katana Attachment (Legendary)	0.0270270277
4	Bewitching Dance	Common	422	Ball Attachment (Legendary)	0.0270270277
4	Bewitching Dance	Common	10027	Magnet Chip	0.0135135138
4	Bewitching Dance	Rare	15007	Physical Defense Up II	0.00409836043
4	Bewitching Dance	Rare	15027	Insect Hunter II	0.00409836043
4	Bewitching Dance	Rare	15037	Aquatic Hunter II	0.00409836043
4	Bewitching Dance	Rare	15047	Machine Hunter II	0.00409836043
4	Bewitching Dance	Rare	15052	Titan Hunter II	0.00409836043
4	Bewitching Dance	Rare	15063	Fusion Combo Up II	0.00409836043
4	Bewitching Dance	Rare	15073	Reflect Immunity	0.00409836043
4	Bewitching Dance	Rare	15083	Indoor Attack Up II	0.00409836043
4	Bewitching Dance	Rare	15093	Fire Def Up II	0.00409836043
4	Bewitching Dance	Rare	15098	Water Def Up II	0.00409836043
4	Bewitching Dance	Rare	15103	Earth Def Up II	0.00409836043
4	Bewitching Dance	Rare	15108	Wind Def Up II	0.00409836043
4	Bewitching Dance	Rare	15113	Electric Def Up II	0.00409836043
4	Bewitching Dance	Rare	15118	Ice Def Up II	0.00409836043
4	Bewitching Dance	Rare	15123	Dark Def Up II	0.00409836043
4	Bewitching Dance	Rare	15128	Light Def Up II	0.00409836043
4	Bewitching Dance	Rare	15150	Evasion Focus II	0.00409836043
4	Bewitching Dance	Rare	15160	Emergency Guard II	0.00409836043
4	Bewitching Dance	Rare	15170	HP Attack Boost II	0.00409836043
4	Bewitching Dance	Rare	15180	Break Resist II	0.00409836043
4	Bewitching Dance	Rare	15190	Launch Resist II	0.00409836043
4	Bewitching Dance	Rare	15200	Blowdown Resist II	0.00409836043
4	Bewitching Dance	Rare	15220	Auto-Attack Stealth II	0.00409836043
4	Bewitching Dance	Rare	15230	Arts Stealth II	0.00409836043
4	Bewitching Dance	Rare	15240	Arts Heal II	0.00409836043
4	Bewitching Dance	Rare	15250	Damage Heal II	0.00409836043
4	Bewitching Dance	Rare	15260	Sunlight Eye II	0.00409836043
4	Bewitching Dance	Rare	15270	Range Boost Up II	0.00409836043
4	Bewitching Dance	Rare	15275	Opening Art II	0.00409836043
4	Bewitching Dance	Rare	15285	Helping Hand II	0.00409836043
4	Bewitching Dance	Rare	15295	Affinity MAX Atk II	0.00409836043
4	Bewitching Dance	Rare	15305	Hunter's Chemistry II	0.00409836043
4	Bewitching Dance	Rare	15315	Fast Blade Switch II	0.00409836043
4	Bewitching Dance	Rare	15346	Jamming II	0.00409836043
4	Bewitching Dance	Rare	15351	Element Orb Prioritizer	0.00409836043
4	Bewitching Dance	Rare	298	Gear Vest (Legendary)	0.008196721
4	Bewitching Dance	Rare	301	Steam Belt (Legendary)	0.008196721
4	Bewitching Dance	Rare	304	Bolt Hat (Legendary)	0.008196721
4	Bewitching Dance	Rare	323	Smithy Gloves (Legendary)	0.008196721
4	Bewitching Dance	Rare	325	Spring Shoes (Legendary)	0.008196721
4	Bewitching Dance	Rare	327	Gold Gear Choker (Legendary)	0.008196721
4	Bewitching Dance	Rare	331	Classic Medal (Legendary)	0.008196721
4	Bewitching Dance	Rare	334	Iron Headband (Legendary)	0.008196721
4	Bewitching Dance	Rare	340	Mechanized Greaves (Legendary)	0.008196721
4	Bewitching Dance	Rare	343	Swordfighting Banner (Legendary)	0.008196721
4	Bewitching Dance	Rare	349	Apprentice Vambraces (Legendary)	0.008196721
4	Bewitching Dance	Rare	355	Chrome Scarf (Legendary)	0.008196721
4	Bewitching Dance	Rare	361	Soldier Ring (Legendary)	0.008196721
4	Bewitching Dance	Rare	365	Assault Stone (Legendary)	0.008196721
4	Bewitching Dance	Rare	373	Camo Hood (Legendary)	0.008196721
4	Bewitching Dance	Rare	376	Metal Nopon Mask (Legendary)	0.008196721
4	Bewitching Dance	Rare	400	Silver Earrings (Legendary)	0.008196721
4	Bewitching Dance	Rare	421	Katana Attachment (Legendary)	0.008196721
4	Bewitching Dance	Rare	422	Ball Attachment (Legendary)	0.008196721
4	Bewitching Dance	Rare	10027	Magnet Chip	0.00409836043
4	Bewitching Dance	Rare	15002	Critical Up II	0.008196721
4	Bewitching Dance	Rare	15012	Ether Defense Up II	0.008196721
4	Bewitching Dance	Rare	15017	Block Rate Up II	0.008196721
4	Bewitching Dance	Rare	15022	Beast Hunter II	0.008196721
4	Bewitching Dance	Rare	15032	Aerial Hunter II	0.008196721
4	Bewitching Dance	Rare	15042	Humanoid Hunter II	0.008196721
4	Bewitching Dance	Rare	15057	Blade Combo Boost II	0.008196721
4	Bewitching Dance	Rare	15068	Ambush Boost II	0.008196721
4	Bewitching Dance	Rare	15078	Aggro Attack Up II	0.008196721
4	Bewitching Dance	Rare	15088	Outdoor Attack Up II	0.008196721
4	Bewitching Dance	Rare	15155	Swift Evasion II	0.008196721
4	Bewitching Dance	Rare	15165	Endurance II	0.008196721
4	Bewitching Dance	Rare	15175	Spike Defense II	0.008196721
4	Bewitching Dance	Rare	15185	Topple Resist II	0.008196721
4	Bewitching Dance	Rare	15195	Smash Resist II	0.008196721
4	Bewitching Dance	Rare	15205	Knockback Resist II	0.008196721
4	Bewitching Dance	Rare	15215	Shackle Blade Resist II	0.008196721
4	Bewitching Dance	Rare	15225	Aggro Boost II	0.008196721
4	Bewitching Dance	Rare	15235	Arts Aggro Boost II	0.008196721
4	Bewitching Dance	Rare	15245	Movement Heal II	0.008196721
4	Bewitching Dance	Rare	15255	Night Vision II	0.008196721
4	Bewitching Dance	Rare	15265	Reflect Damage Up II	0.008196721
4	Bewitching Dance	Rare	15280	Telepathy II	0.008196721
4	Bewitching Dance	Rare	15290	Affinity MAX Barrier II	0.008196721
4	Bewitching Dance	Rare	15300	Affinity MAX Evade II	0.008196721
4	Bewitching Dance	Rare	15310	Shoulder to Shoulder II	0.008196721
4	Bewitching Dance	Rare	15321	Specials Lv 1 Plus II	0.008196721
4	Bewitching Dance	Rare	15326	Specials Lv 2 Plus II	0.008196721
4	Bewitching Dance	Rare	15331	Specials Lv 3 Plus II	0.008196721
4	Bewitching Dance	Rare	15336	Specials Lv 4 Plus II	0.008196721
4	Bewitching Dance	Rare	15341	Affinity MAX Acc II	0.008196721
4	Bewitching Dance	Rare	15350	Element Orb Ender	0.008196721
4	Bewitching Dance	Rare	307	Rainbow Gloves (Legendary)	0.0163934417
4	Bewitching Dance	Rare	310	Shell Shoes (Legendary)	0.0163934417
4	Bewitching Dance	Rare	313	Nacre Choker (Legendary)	0.0163934417
4	Bewitching Dance	Rare	328	Garnet (Legendary)	0.0163934417
4	Bewitching Dance	Rare	337	Moon Cube (Legendary)	0.0163934417
4	Bewitching Dance	Rare	346	Spiked Pauldrons (Legendary)	0.0163934417
4	Bewitching Dance	Rare	358	White Belt (Legendary)	0.0163934417
4	Bewitching Dance	Rare	379	Silver Feather (Legendary)	0.0163934417
4	Bewitching Dance	Rare	382	Spirit Tree Ward (Legendary)	0.0163934417
4	Bewitching Dance	Rare	386	Promise Ring (Legendary)	0.0163934417
4	Bewitching Dance	Rare	391	Chivalric Medal (Legendary)	0.0163934417
4	Bewitching Dance	Rare	394	Gauntlet (Legendary)	0.0163934417
4	Bewitching Dance	Rare	423	Knuckle Attachment (Legendary)	0.0163934417
4	Bewitching Dance	Rare	427	Love Thread (Legendary)	0.0163934417
4	Bewitching Dance	Rare	435	Overclocking Bangle (Legendary)	0.0163934417
4	Bewitching Dance	Rare	437	Lavender Potpourri (Legendary)	0.0163934417
4	Bewitching Dance	Rare	439	Sage's Auspices (Legendary)	0.0163934417
4	Bewitching Dance	Rare	440	Incense of Calm (Legendary)	0.0163934417
4	Bewitching Dance	Rare	10015	Glass Chip	0.008196721
4	Bewitching Dance	Rare	10035	Pentagon Chip	0.008196721
4	Bewitching Dance	Rare	462	Night-vision Kit (Common)	0.0204918031
4	Bewitching Dance	Rare	570	Marble Cameo (Common)	0.0204918031
4	Bewitching Dance	Rare	463	Night-vision Kit (Rare)	0.0204918031
4	Bewitching Dance	Rare	571	Marble Cameo (Rare)	0.0204918031
4	Bewitching Dance	Rare	464	Night-vision Kit (Legendary)	0.0204918031
4	Bewitching Dance	Rare	572	Marble Cameo (Legendary)	0.0204918031
4	Bewitching Dance	Legendary	15002	Critical Up II	0.007380074
4	Bewitching Dance	Legendary	15012	Ether Defense Up II	0.007380074
4	Bewitching Dance	Legendary	15017	Block Rate Up II	0.007380074
4	Bewitching Dance	Legendary	15022	Beast Hunter II	0.007380074
4	Bewitching Dance	Legendary	15032	Aerial Hunter II	0.007380074
4	Bewitching Dance	Legendary	15042	Humanoid Hunter II	0.007380074
4	Bewitching Dance	Legendary	15057	Blade Combo Boost II	0.007380074
4	Bewitching Dance	Legendary	15068	Ambush Boost II	0.007380074
4	Bewitching Dance	Legendary	15078	Aggro Attack Up II	0.007380074
4	Bewitching Dance	Legendary	15088	Outdoor Attack Up II	0.007380074
4	Bewitching Dance	Legendary	15155	Swift Evasion II	0.007380074
4	Bewitching Dance	Legendary	15165	Endurance II	0.007380074
4	Bewitching Dance	Legendary	15175	Spike Defense II	0.007380074
4	Bewitching Dance	Legendary	15185	Topple Resist II	0.007380074
4	Bewitching Dance	Legendary	15195	Smash Resist II	0.007380074
4	Bewitching Dance	Legendary	15205	Knockback Resist II	0.007380074
4	Bewitching Dance	Legendary	15215	Shackle Blade Resist II	0.007380074
4	Bewitching Dance	Legendary	15225	Aggro Boost II	0.007380074
4	Bewitching Dance	Legendary	15235	Arts Aggro Boost II	0.007380074
4	Bewitching Dance	Legendary	15245	Movement Heal II	0.007380074
4	Bewitching Dance	Legendary	15255	Night Vision II	0.007380074
4	Bewitching Dance	Legendary	15265	Reflect Damage Up II	0.007380074
4	Bewitching Dance	Legendary	15280	Telepathy II	0.007380074
4	Bewitching Dance	Legendary	15290	Affinity MAX Barrier II	0.007380074
4	Bewitching Dance	Legendary	15300	Affinity MAX Evade II	0.007380074
4	Bewitching Dance	Legendary	15310	Shoulder to Shoulder II	0.007380074
4	Bewitching Dance	Legendary	15321	Specials Lv 1 Plus II	0.007380074
4	Bewitching Dance	Legendary	15326	Specials Lv 2 Plus II	0.007380074
4	Bewitching Dance	Legendary	15331	Specials Lv 3 Plus II	0.007380074
4	Bewitching Dance	Legendary	15336	Specials Lv 4 Plus II	0.007380074
4	Bewitching Dance	Legendary	15341	Affinity MAX Acc II	0.007380074
4	Bewitching Dance	Legendary	15350	Element Orb Ender	0.007380074
4	Bewitching Dance	Legendary	307	Rainbow Gloves (Legendary)	0.0147601478
4	Bewitching Dance	Legendary	310	Shell Shoes (Legendary)	0.0147601478
4	Bewitching Dance	Legendary	313	Nacre Choker (Legendary)	0.0147601478
4	Bewitching Dance	Legendary	328	Garnet (Legendary)	0.0147601478
4	Bewitching Dance	Legendary	337	Moon Cube (Legendary)	0.0147601478
4	Bewitching Dance	Legendary	346	Spiked Pauldrons (Legendary)	0.0147601478
4	Bewitching Dance	Legendary	358	White Belt (Legendary)	0.0147601478
4	Bewitching Dance	Legendary	379	Silver Feather (Legendary)	0.0147601478
4	Bewitching Dance	Legendary	382	Spirit Tree Ward (Legendary)	0.0147601478
4	Bewitching Dance	Legendary	386	Promise Ring (Legendary)	0.0147601478
4	Bewitching Dance	Legendary	391	Chivalric Medal (Legendary)	0.0147601478
4	Bewitching Dance	Legendary	394	Gauntlet (Legendary)	0.0147601478
4	Bewitching Dance	Legendary	423	Knuckle Attachment (Legendary)	0.0147601478
4	Bewitching Dance	Legendary	427	Love Thread (Legendary)	0.0147601478
4	Bewitching Dance	Legendary	435	Overclocking Bangle (Legendary)	0.0147601478
4	Bewitching Dance	Legendary	437	Lavender Potpourri (Legendary)	0.0147601478
4	Bewitching Dance	Legendary	439	Sage's Auspices (Legendary)	0.0147601478
4	Bewitching Dance	Legendary	440	Incense of Calm (Legendary)	0.0147601478
4	Bewitching Dance	Legendary	10015	Glass Chip	0.007380074
4	Bewitching Dance	Legendary	10035	Pentagon Chip	0.007380074
4	Bewitching Dance	Legendary	462	Night-vision Kit (Common)	0.0184501838
4	Bewitching Dance	Legendary	570	Marble Cameo (Common)	0.0184501838
4	Bewitching Dance	Legendary	463	Night-vision Kit (Rare)	0.0184501838
4	Bewitching Dance	Legendary	571	Marble Cameo (Rare)	0.0184501838
4	Bewitching Dance	Legendary	464	Night-vision Kit (Legendary)	0.0184501838
4	Bewitching Dance	Legendary	572	Marble Cameo (Legendary)	0.0184501838
4	Bewitching Dance	Legendary	15008	Physical Defense Up III	0.003690037
4	Bewitching Dance	Legendary	15028	Insect Hunter III	0.003690037
4	Bewitching Dance	Legendary	15038	Aquatic Hunter III	0.003690037
4	Bewitching Dance	Legendary	15048	Machine Hunter III	0.003690037
4	Bewitching Dance	Legendary	15053	Titan Hunter III	0.003690037
4	Bewitching Dance	Legendary	15064	Fusion Combo Up III	0.003690037
4	Bewitching Dance	Legendary	15074	Reflect Immunity	0.003690037
4	Bewitching Dance	Legendary	15084	Indoor Attack Up III	0.003690037
4	Bewitching Dance	Legendary	15094	Fire Def Up III	0.003690037
4	Bewitching Dance	Legendary	15099	Water Def Up III	0.003690037
4	Bewitching Dance	Legendary	15104	Earth Def Up III	0.003690037
4	Bewitching Dance	Legendary	15109	Wind Def Up III	0.003690037
4	Bewitching Dance	Legendary	15114	Electric Def Up III	0.003690037
4	Bewitching Dance	Legendary	15119	Ice Def Up III	0.003690037
4	Bewitching Dance	Legendary	15124	Dark Def Up III	0.003690037
4	Bewitching Dance	Legendary	15129	Light Def Up III	0.003690037
4	Bewitching Dance	Legendary	15151	Evasion Focus III	0.003690037
4	Bewitching Dance	Legendary	15161	Emergency Guard III	0.003690037
4	Bewitching Dance	Legendary	15171	HP Attack Boost III	0.003690037
4	Bewitching Dance	Legendary	15181	Break Resist III	0.003690037
4	Bewitching Dance	Legendary	15191	Launch Resist III	0.003690037
4	Bewitching Dance	Legendary	15201	Blowdown Resist III	0.003690037
4	Bewitching Dance	Legendary	15221	Auto-Attack Stealth III	0.003690037
4	Bewitching Dance	Legendary	15231	Arts Stealth III	0.003690037
4	Bewitching Dance	Legendary	15241	Arts Heal III	0.003690037
4	Bewitching Dance	Legendary	15251	Damage Heal III	0.003690037
4	Bewitching Dance	Legendary	15261	Sunlight Eye III	0.003690037
4	Bewitching Dance	Legendary	15271	Range Boost Up III	0.003690037
4	Bewitching Dance	Legendary	15276	Opening Art III	0.003690037
4	Bewitching Dance	Legendary	15286	Helping Hand III	0.003690037
4	Bewitching Dance	Legendary	15296	Affinity MAX Atk III	0.003690037
4	Bewitching Dance	Legendary	15306	Hunter's Chemistry III	0.003690037
4	Bewitching Dance	Legendary	15316	Fast Blade Switch III	0.003690037
4	Bewitching Dance	Legendary	15347	Jamming III	0.003690037
4	Bewitching Dance	Legendary	299	Jade Vest (Legendary)	0.007380074
4	Bewitching Dance	Legendary	302	Silver Belt (Legendary)	0.007380074
4	Bewitching Dance	Legendary	305	Pearl Hat (Legendary)	0.007380074
4	Bewitching Dance	Legendary	332	Modern Medal (Legendary)	0.007380074
4	Bewitching Dance	Legendary	335	Ice Headband (Legendary)	0.007380074
4	Bewitching Dance	Legendary	341	Crystal Greaves (Legendary)	0.007380074
4	Bewitching Dance	Legendary	344	Goddess Banner (Legendary)	0.007380074
4	Bewitching Dance	Legendary	353	Eraser Orb (Legendary)	0.007380074
4	Bewitching Dance	Legendary	356	Unicorn Scarf (Legendary)	0.007380074
4	Bewitching Dance	Legendary	362	Berserk Ring (Legendary)	0.007380074
4	Bewitching Dance	Legendary	374	Skeleton Hood (Legendary)	0.007380074
4	Bewitching Dance	Legendary	377	Gold Nopon Mask (Legendary)	0.007380074
4	Bewitching Dance	Legendary	388	Affection Necklace (Legendary)	0.007380074
4	Bewitching Dance	Legendary	398	Leader's Eyepatch (Legendary)	0.007380074
4	Bewitching Dance	Legendary	404	Burst Symbol (Legendary)	0.007380074
4	Bewitching Dance	Legendary	407	Infinity Symbol (Legendary)	0.007380074
4	Bewitching Dance	Legendary	410	Ring Attachment (Legendary)	0.007380074
4	Bewitching Dance	Legendary	414	Whip Attachment (Legendary)	0.007380074
4	Bewitching Dance	Legendary	415	Edge Attachment (Legendary)	0.007380074
4	Bewitching Dance	Legendary	425	Cheer Treat (Legendary)	0.007380074
4	Bewitching Dance	Legendary	430	Healing Amulet (Legendary)	0.007380074
4	Bewitching Dance	Legendary	10031	Motor Chip	0.003690037
4	Bewitching Dance	Legendary	10043	Ureilite Chip	0.003690037
4	Bewitching Dance	Legendary	486	Terror Masque (Common)	0.0110701108
4	Bewitching Dance	Legendary	492	Envoy's Footgear (Common)	0.0221402217
4	Bewitching Dance	Legendary	487	Terror Masque (Rare)	0.0110701108
4	Bewitching Dance	Legendary	493	Envoy's Footgear (Rare)	0.0110701108
4	Bewitching Dance	Legendary	488	Terror Masque (Legendary)	0.0110701108
4	Bewitching Dance	Legendary	494	Envoy's Footgear (Legendary)	0.0110701108
4	Bewitching Dance	Legendary	25405	Weaponry for Noobs	0.007380074
5	Darkening Skies	Common	15030	Insect Hunter V	0.0109289614
5	Darkening Skies	Common	15040	Aquatic Hunter V	0.0109289614
5	Darkening Skies	Common	15025	Beast Hunter V	0.0109289614
5	Darkening Skies	Common	15035	Aerial Hunter V	0.0109289614
5	Darkening Skies	Common	15045	Humanoid Hunter V	0.0109289614
5	Darkening Skies	Common	15055	Titan Hunter V	0.0109289614
5	Darkening Skies	Common	15050	Machine Hunter V	0.0109289614
5	Darkening Skies	Common	15071	Ambush Boost V	0.0109289614
5	Darkening Skies	Common	15081	Aggro Attack Up V	0.0109289614
5	Darkening Skies	Common	15086	Indoor Attack Up V	0.0109289614
5	Darkening Skies	Common	15096	Fire Def Up V	0.0109289614
5	Darkening Skies	Common	15101	Water Def Up V	0.0109289614
5	Darkening Skies	Common	15106	Earth Def Up V	0.0109289614
5	Darkening Skies	Common	15111	Wind Def Up V	0.0109289614
5	Darkening Skies	Common	15116	Electric Def Up V	0.0109289614
5	Darkening Skies	Common	15121	Ice Def Up V	0.0109289614
5	Darkening Skies	Common	15126	Dark Def Up V	0.0109289614
5	Darkening Skies	Common	15131	Light Def Up V	0.0109289614
5	Darkening Skies	Common	15163	Emergency Guard V	0.0109289614
5	Darkening Skies	Common	15173	HP Attack Boost V	0.0109289614
5	Darkening Skies	Common	15178	Spike Defense V	0.0109289614
5	Darkening Skies	Common	15188	Topple Resist V	0.0109289614
5	Darkening Skies	Common	15193	Launch Resist V	0.0109289614
5	Darkening Skies	Common	15203	Blowdown Resist V	0.0109289614
5	Darkening Skies	Common	15218	Shackle Blade Resist V	0.0109289614
5	Darkening Skies	Common	15223	Auto-Attack Stealth V	0.0109289614
5	Darkening Skies	Common	15228	Aggro Boost V	0.0109289614
5	Darkening Skies	Common	15243	Arts Heal V	0.0109289614
5	Darkening Skies	Common	15258	Night Vision V	0.0109289614
5	Darkening Skies	Common	15268	Reflect Damage Up V	0.0109289614
5	Darkening Skies	Common	15278	Opening Art V	0.0109289614
5	Darkening Skies	Common	15283	Telepathy V	0.0109289614
5	Darkening Skies	Common	15293	Affinity MAX Barrier V	0.0109289614
5	Darkening Skies	Common	15298	Affinity MAX Atk V	0.0109289614
5	Darkening Skies	Common	15313	Shoulder to Shoulder V	0.0109289614
5	Darkening Skies	Common	15324	Specials Lv 1 Plus V	0.0109289614
5	Darkening Skies	Common	15329	Specials Lv 2 Plus V	0.0109289614
5	Darkening Skies	Common	15349	Jamming V	0.0109289614
5	Darkening Skies	Common	333	Avant-Garde Medal (Legendary)	0.0109289614
5	Darkening Skies	Common	345	Ancient Banner (Legendary)	0.0109289614
5	Darkening Skies	Common	354	Bloody Orb (Legendary)	0.0109289614
5	Darkening Skies	Common	405	Critical Symbol (Legendary)	0.0109289614
5	Darkening Skies	Common	116	Resurrection Symbol (Legendary)	0.0109289614
5	Darkening Skies	Common	408	Sword Attachment (Legendary)	0.0109289614
5	Darkening Skies	Common	409	Scimitar Attachment (Legendary)	0.0109289614
5	Darkening Skies	Common	416	Scythe Attachment (Legendary)	0.0109289614
5	Darkening Skies	Common	431	Rebirth Amulet (Legendary)	0.0109289614
5	Darkening Skies	Common	432	Beta Scope (Legendary)	0.0109289614
5	Darkening Skies	Common	10046	Howardite Chip	0.0218579229
5	Darkening Skies	Common	10047	Aubrite Chip	0.0218579229
5	Darkening Skies	Common	10050	Axion Chip	0.0218579229
5	Darkening Skies	Common	10051	Mirror Matter Chip	0.0218579229
5	Darkening Skies	Common	15364	Ambush Boost VI	0.0109289614
5	Darkening Skies	Common	15383	Launch Resist VI	0.0163934417
5	Darkening Skies	Common	15384	Smash Resist VI	0.0163934417
5	Darkening Skies	Common	15385	Blowdown Resist VI	0.0163934417
5	Darkening Skies	Common	15386	Knockback Resist VI	0.0163934417
5	Darkening Skies	Common	15396	Reflect Damage Up VI	0.0163934417
5	Darkening Skies	Common	15397	Opening Art VI	0.0163934417
5	Darkening Skies	Common	528	War God Banner (Common)	0.0163934417
5	Darkening Skies	Common	537	Demon Orb (Common)	0.0163934417
5	Darkening Skies	Common	549	Violent Stone (Common)	0.0163934417
5	Darkening Skies	Common	564	Gargantuan Feather (Common)	0.0163934417
5	Darkening Skies	Common	579	Noise Dampener (Common)	0.0163934417
5	Darkening Skies	Common	529	War God Banner (Rare)	0.0163934417
5	Darkening Skies	Common	538	Demon Orb (Rare)	0.0163934417
5	Darkening Skies	Common	550	Violent Stone (Rare)	0.0163934417
5	Darkening Skies	Common	565	Gargantuan Feather (Rare)	0.0163934417
5	Darkening Skies	Common	580	Noise Dampener (Rare)	0.0163934417
5	Darkening Skies	Common	530	War God Banner (Legendary)	0.0163934417
5	Darkening Skies	Common	539	Demon Orb (Legendary)	0.0163934417
5	Darkening Skies	Common	551	Violent Stone (Legendary)	0.0163934417
5	Darkening Skies	Common	566	Gargantuan Feather (Legendary)	0.0163934417
5	Darkening Skies	Common	581	Noise Dampener (Legendary)	0.0163934417
5	Darkening Skies	Common	488	Terror Masque (Legendary)	0.0163934417
5	Darkening Skies	Common	494	Envoy's Footgear (Legendary)	0.0163934417
5	Darkening Skies	Rare	15030	Insect Hunter V	0.00539083546
5	Darkening Skies	Rare	15040	Aquatic Hunter V	0.00539083546
5	Darkening Skies	Rare	15025	Beast Hunter V	0.00539083546
5	Darkening Skies	Rare	15035	Aerial Hunter V	0.00539083546
5	Darkening Skies	Rare	15045	Humanoid Hunter V	0.00539083546
5	Darkening Skies	Rare	15055	Titan Hunter V	0.00539083546
5	Darkening Skies	Rare	15050	Machine Hunter V	0.00539083546
5	Darkening Skies	Rare	15071	Ambush Boost V	0.00539083546
5	Darkening Skies	Rare	15081	Aggro Attack Up V	0.00539083546
5	Darkening Skies	Rare	15086	Indoor Attack Up V	0.00539083546
5	Darkening Skies	Rare	15096	Fire Def Up V	0.00539083546
5	Darkening Skies	Rare	15101	Water Def Up V	0.00539083546
5	Darkening Skies	Rare	15106	Earth Def Up V	0.00539083546
5	Darkening Skies	Rare	15111	Wind Def Up V	0.00539083546
5	Darkening Skies	Rare	15116	Electric Def Up V	0.00539083546
5	Darkening Skies	Rare	15121	Ice Def Up V	0.00539083546
5	Darkening Skies	Rare	15126	Dark Def Up V	0.00539083546
5	Darkening Skies	Rare	15131	Light Def Up V	0.00539083546
5	Darkening Skies	Rare	15163	Emergency Guard V	0.00539083546
5	Darkening Skies	Rare	15173	HP Attack Boost V	0.00539083546
5	Darkening Skies	Rare	15178	Spike Defense V	0.00539083546
5	Darkening Skies	Rare	15188	Topple Resist V	0.00539083546
5	Darkening Skies	Rare	15193	Launch Resist V	0.00539083546
5	Darkening Skies	Rare	15203	Blowdown Resist V	0.00539083546
5	Darkening Skies	Rare	15218	Shackle Blade Resist V	0.00539083546
5	Darkening Skies	Rare	15223	Auto-Attack Stealth V	0.00539083546
5	Darkening Skies	Rare	15228	Aggro Boost V	0.00539083546
5	Darkening Skies	Rare	15243	Arts Heal V	0.00539083546
5	Darkening Skies	Rare	15258	Night Vision V	0.00539083546
5	Darkening Skies	Rare	15268	Reflect Damage Up V	0.00539083546
5	Darkening Skies	Rare	15278	Opening Art V	0.00539083546
5	Darkening Skies	Rare	15283	Telepathy V	0.00539083546
5	Darkening Skies	Rare	15293	Affinity MAX Barrier V	0.00539083546
5	Darkening Skies	Rare	15298	Affinity MAX Atk V	0.00539083546
5	Darkening Skies	Rare	15313	Shoulder to Shoulder V	0.00539083546
5	Darkening Skies	Rare	15324	Specials Lv 1 Plus V	0.00539083546
5	Darkening Skies	Rare	15329	Specials Lv 2 Plus V	0.00539083546
5	Darkening Skies	Rare	15349	Jamming V	0.00539083546
5	Darkening Skies	Rare	333	Avant-Garde Medal (Legendary)	0.00539083546
5	Darkening Skies	Rare	345	Ancient Banner (Legendary)	0.00539083546
5	Darkening Skies	Rare	354	Bloody Orb (Legendary)	0.00539083546
5	Darkening Skies	Rare	405	Critical Symbol (Legendary)	0.00539083546
5	Darkening Skies	Rare	116	Resurrection Symbol (Legendary)	0.00539083546
5	Darkening Skies	Rare	408	Sword Attachment (Legendary)	0.00539083546
5	Darkening Skies	Rare	409	Scimitar Attachment (Legendary)	0.00539083546
5	Darkening Skies	Rare	416	Scythe Attachment (Legendary)	0.00539083546
5	Darkening Skies	Rare	431	Rebirth Amulet (Legendary)	0.00539083546
5	Darkening Skies	Rare	432	Beta Scope (Legendary)	0.00539083546
5	Darkening Skies	Rare	10046	Howardite Chip	0.0107816709
5	Darkening Skies	Rare	10047	Aubrite Chip	0.0107816709
5	Darkening Skies	Rare	10050	Axion Chip	0.0107816709
5	Darkening Skies	Rare	10051	Mirror Matter Chip	0.0107816709
5	Darkening Skies	Rare	15364	Ambush Boost VI	0.00539083546
5	Darkening Skies	Rare	15383	Launch Resist VI	0.008086253
5	Darkening Skies	Rare	15384	Smash Resist VI	0.008086253
5	Darkening Skies	Rare	15385	Blowdown Resist VI	0.008086253
5	Darkening Skies	Rare	15386	Knockback Resist VI	0.008086253
5	Darkening Skies	Rare	15396	Reflect Damage Up VI	0.008086253
5	Darkening Skies	Rare	15397	Opening Art VI	0.008086253
5	Darkening Skies	Rare	528	War God Banner (Common)	0.008086253
5	Darkening Skies	Rare	537	Demon Orb (Common)	0.008086253
5	Darkening Skies	Rare	549	Violent Stone (Common)	0.008086253
5	Darkening Skies	Rare	564	Gargantuan Feather (Common)	0.008086253
5	Darkening Skies	Rare	579	Noise Dampener (Common)	0.008086253
5	Darkening Skies	Rare	529	War God Banner (Rare)	0.008086253
5	Darkening Skies	Rare	538	Demon Orb (Rare)	0.008086253
5	Darkening Skies	Rare	550	Violent Stone (Rare)	0.008086253
5	Darkening Skies	Rare	565	Gargantuan Feather (Rare)	0.008086253
5	Darkening Skies	Rare	580	Noise Dampener (Rare)	0.008086253
5	Darkening Skies	Rare	530	War God Banner (Legendary)	0.008086253
5	Darkening Skies	Rare	539	Demon Orb (Legendary)	0.008086253
5	Darkening Skies	Rare	551	Violent Stone (Legendary)	0.008086253
5	Darkening Skies	Rare	566	Gargantuan Feather (Legendary)	0.008086253
5	Darkening Skies	Rare	581	Noise Dampener (Legendary)	0.008086253
5	Darkening Skies	Rare	488	Terror Masque (Legendary)	0.008086253
5	Darkening Skies	Rare	494	Envoy's Footgear (Legendary)	0.008086253
5	Darkening Skies	Rare	15010	Physical Defense Up V	0.00539083546
5	Darkening Skies	Rare	15020	Block Rate Up V	0.00539083546
5	Darkening Skies	Rare	15066	Fusion Combo Up V	0.00539083546
5	Darkening Skies	Rare	15076	Reflect Immunity	0.00539083546
5	Darkening Skies	Rare	15091	Outdoor Attack Up V	0.00539083546
5	Darkening Skies	Rare	15153	Evasion Focus V	0.00539083546
5	Darkening Skies	Rare	15183	Break Resist V	0.00539083546
5	Darkening Skies	Rare	15198	Smash Resist V	0.00539083546
5	Darkening Skies	Rare	15208	Knockback Resist V	0.00539083546
5	Darkening Skies	Rare	15238	Arts Aggro Boost V	0.00539083546
5	Darkening Skies	Rare	15263	Sunlight Eye V	0.00539083546
5	Darkening Skies	Rare	15273	Range Boost Up V	0.00539083546
5	Darkening Skies	Rare	15288	Helping Hand V	0.00539083546
5	Darkening Skies	Rare	15308	Hunter's Chemistry V	0.00539083546
5	Darkening Skies	Rare	15318	Fast Blade Switch V	0.00539083546
5	Darkening Skies	Rare	15334	Specials Lv 3 Plus V	0.00539083546
5	Darkening Skies	Rare	15339	Specials Lv 4 Plus V	0.00539083546
5	Darkening Skies	Rare	15344	Affinity MAX Acc V	0.00539083546
5	Darkening Skies	Rare	300	Titanium Vest (Legendary)	0.00539083546
5	Darkening Skies	Rare	303	Ceramic Belt (Legendary)	0.00539083546
5	Darkening Skies	Rare	306	Fiber Hat (Legendary)	0.00539083546
5	Darkening Skies	Rare	309	Carbon Gloves (Legendary)	0.00539083546
5	Darkening Skies	Rare	312	Ester Shoes (Legendary)	0.00539083546
5	Darkening Skies	Rare	315	Comet Choker (Legendary)	0.00539083546
5	Darkening Skies	Rare	336	Optical Headband (Legendary)	0.00539083546
5	Darkening Skies	Rare	342	Graphite Greaves (Legendary)	0.00539083546
5	Darkening Skies	Rare	348	Jet Pauldrons (Legendary)	0.00539083546
5	Darkening Skies	Rare	351	Hero Vambraces (Legendary)	0.00539083546
5	Darkening Skies	Rare	357	Quantum Scarf (Legendary)	0.00539083546
5	Darkening Skies	Rare	383	World Tree Ward (Legendary)	0.00539083546
5	Darkening Skies	Rare	389	Holy Necklace (Legendary)	0.00539083546
5	Darkening Skies	Rare	393	Round Table Medal (Legendary)	0.00539083546
5	Darkening Skies	Rare	396	Nano-Metal Gauntlet (Legendary)	0.00539083546
5	Darkening Skies	Rare	399	Hi-Tech Eyepatch (Legendary)	0.00539083546
5	Darkening Skies	Rare	10056	Positron Chip	0.0107816709
5	Darkening Skies	Rare	15356	Beast Hunter VI	0.00539083546
5	Darkening Skies	Rare	15357	Insect Hunter VI	0.00539083546
5	Darkening Skies	Rare	15358	Aerial Hunter VI	0.0107816709
5	Darkening Skies	Rare	15359	Aquatic Hunter VI	0.00539083546
5	Darkening Skies	Rare	15360	Humanoid Hunter VI	0.00539083546
5	Darkening Skies	Rare	15361	Machine Hunter VI	0.00539083546
5	Darkening Skies	Rare	15362	Titan Hunter VI	0.00539083546
5	Darkening Skies	Rare	15382	Topple Resist VI	0.00539083546
5	Darkening Skies	Rare	15387	Auto-Attack Stealth VI	0.00539083546
5	Darkening Skies	Rare	15388	Aggro Boost VI	0.00539083546
5	Darkening Skies	Rare	15389	Arts Stealth VI	0.00539083546
5	Darkening Skies	Rare	15390	Arts Aggro Boost VI	0.00539083546
5	Darkening Skies	Rare	15394	Night Vision VI	0.00539083546
5	Darkening Skies	Rare	15395	Sunlight Eye VI	0.00539083546
5	Darkening Skies	Rare	15401	Specials Lv 1 Plus VI	0.00539083546
5	Darkening Skies	Rare	15402	Specials Lv 2 Plus VI	0.00539083546
5	Darkening Skies	Rare	15403	Specials Lv 3 Plus VI	0.00539083546
5	Darkening Skies	Rare	15404	Specials Lv 4 Plus VI	0.00539083546
5	Darkening Skies	Rare	465	Augmented Vision Kit (Common)	0.00539083546
5	Darkening Skies	Rare	468	Charm Bangle (Common)	0.00539083546
5	Darkening Skies	Rare	474	Seven-League Circlet (Common)	0.00539083546
5	Darkening Skies	Rare	498	Twin Trunks Vest (Common)	0.00539083546
5	Darkening Skies	Rare	507	Vivid Mitts (Common)	0.00539083546
5	Darkening Skies	Rare	510	Dauntless Boots (Common)	0.00539083546
5	Darkening Skies	Rare	513	Sunlight Choker (Common)	0.00539083546
5	Darkening Skies	Rare	525	Staunch Boots (Common)	0.00539083546
5	Darkening Skies	Rare	552	Enlightened Loincloth (Common)	0.00539083546
5	Darkening Skies	Rare	555	Glamorous Swimsuit (Common)	0.00539083546
5	Darkening Skies	Rare	558	Vanish Hood (Common)	0.00539083546
5	Darkening Skies	Rare	561	Platinum Nopon Mask (Common)	0.00539083546
5	Darkening Skies	Rare	573	Beatific Medal (Common)	0.00539083546
5	Darkening Skies	Rare	466	Augmented Vision Kit (Rare)	0.00539083546
5	Darkening Skies	Rare	469	Charm Bangle (Rare)	0.00539083546
5	Darkening Skies	Rare	475	Seven-League Circlet (Rare)	0.00539083546
5	Darkening Skies	Rare	499	Twin Trunks Vest (Rare)	0.00539083546
5	Darkening Skies	Rare	508	Vivid Mitts (Rare)	0.00539083546
5	Darkening Skies	Rare	511	Dauntless Boots (Rare)	0.00539083546
5	Darkening Skies	Rare	514	Sunlight Choker (Rare)	0.00539083546
5	Darkening Skies	Rare	526	Staunch Boots (Rare)	0.00539083546
5	Darkening Skies	Rare	553	Enlightened Loincloth (Rare)	0.00539083546
5	Darkening Skies	Rare	556	Glamorous Swimsuit (Rare)	0.00539083546
5	Darkening Skies	Rare	559	Vanish Hood (Rare)	0.00539083546
5	Darkening Skies	Rare	562	Platinum Nopon Mask (Rare)	0.00539083546
5	Darkening Skies	Rare	574	Beatific Medal (Rare)	0.00539083546
5	Darkening Skies	Rare	467	Augmented Vision Kit (Legendary)	0.00539083546
5	Darkening Skies	Rare	470	Charm Bangle (Legendary)	0.00539083546
5	Darkening Skies	Rare	476	Seven-League Circlet (Legendary)	0.00539083546
5	Darkening Skies	Rare	500	Twin Trunks Vest (Legendary)	0.00539083546
5	Darkening Skies	Rare	509	Vivid Mitts (Legendary)	0.00539083546
5	Darkening Skies	Rare	512	Dauntless Boots (Legendary)	0.00539083546
5	Darkening Skies	Rare	515	Sunlight Choker (Legendary)	0.00539083546
5	Darkening Skies	Rare	527	Staunch Boots (Legendary)	0.00539083546
5	Darkening Skies	Rare	554	Enlightened Loincloth (Legendary)	0.00539083546
5	Darkening Skies	Rare	557	Glamorous Swimsuit (Legendary)	0.00539083546
5	Darkening Skies	Rare	560	Vanish Hood (Legendary)	0.00539083546
5	Darkening Skies	Rare	563	Platinum Nopon Mask (Legendary)	0.00539083546
5	Darkening Skies	Rare	575	Beatific Medal (Legendary)	0.00539083546
5	Darkening Skies	Legendary	15010	Physical Defense Up V	0.00657894742
5	Darkening Skies	Legendary	15020	Block Rate Up V	0.00657894742
5	Darkening Skies	Legendary	15066	Fusion Combo Up V	0.00657894742
5	Darkening Skies	Legendary	15076	Reflect Immunity	0.00657894742
5	Darkening Skies	Legendary	15091	Outdoor Attack Up V	0.00657894742
5	Darkening Skies	Legendary	15153	Evasion Focus V	0.00657894742
5	Darkening Skies	Legendary	15183	Break Resist V	0.00657894742
5	Darkening Skies	Legendary	15198	Smash Resist V	0.00657894742
5	Darkening Skies	Legendary	15208	Knockback Resist V	0.00657894742
5	Darkening Skies	Legendary	15238	Arts Aggro Boost V	0.00657894742
5	Darkening Skies	Legendary	15263	Sunlight Eye V	0.00657894742
5	Darkening Skies	Legendary	15273	Range Boost Up V	0.00657894742
5	Darkening Skies	Legendary	15288	Helping Hand V	0.00657894742
5	Darkening Skies	Legendary	15308	Hunter's Chemistry V	0.00657894742
5	Darkening Skies	Legendary	15318	Fast Blade Switch V	0.00657894742
5	Darkening Skies	Legendary	15334	Specials Lv 3 Plus V	0.00657894742
5	Darkening Skies	Legendary	15339	Specials Lv 4 Plus V	0.00657894742
5	Darkening Skies	Legendary	15344	Affinity MAX Acc V	0.00657894742
5	Darkening Skies	Legendary	300	Titanium Vest (Legendary)	0.00657894742
5	Darkening Skies	Legendary	303	Ceramic Belt (Legendary)	0.00657894742
5	Darkening Skies	Legendary	306	Fiber Hat (Legendary)	0.00657894742
5	Darkening Skies	Legendary	309	Carbon Gloves (Legendary)	0.00657894742
5	Darkening Skies	Legendary	312	Ester Shoes (Legendary)	0.00657894742
5	Darkening Skies	Legendary	315	Comet Choker (Legendary)	0.00657894742
5	Darkening Skies	Legendary	336	Optical Headband (Legendary)	0.00657894742
5	Darkening Skies	Legendary	342	Graphite Greaves (Legendary)	0.00657894742
5	Darkening Skies	Legendary	348	Jet Pauldrons (Legendary)	0.00657894742
5	Darkening Skies	Legendary	351	Hero Vambraces (Legendary)	0.00657894742
5	Darkening Skies	Legendary	357	Quantum Scarf (Legendary)	0.00657894742
5	Darkening Skies	Legendary	383	World Tree Ward (Legendary)	0.00657894742
5	Darkening Skies	Legendary	389	Holy Necklace (Legendary)	0.00657894742
5	Darkening Skies	Legendary	393	Round Table Medal (Legendary)	0.00657894742
5	Darkening Skies	Legendary	396	Nano-Metal Gauntlet (Legendary)	0.00657894742
5	Darkening Skies	Legendary	399	Hi-Tech Eyepatch (Legendary)	0.00657894742
5	Darkening Skies	Legendary	10056	Positron Chip	0.0131578948
5	Darkening Skies	Legendary	15356	Beast Hunter VI	0.00657894742
5	Darkening Skies	Legendary	15357	Insect Hunter VI	0.00657894742
5	Darkening Skies	Legendary	15358	Aerial Hunter VI	0.00657894742
5	Darkening Skies	Legendary	15359	Aquatic Hunter VI	0.00657894742
5	Darkening Skies	Legendary	15360	Humanoid Hunter VI	0.00657894742
5	Darkening Skies	Legendary	15361	Machine Hunter VI	0.00657894742
5	Darkening Skies	Legendary	15362	Titan Hunter VI	0.00657894742
5	Darkening Skies	Legendary	15382	Topple Resist VI	0.00657894742
5	Darkening Skies	Legendary	15387	Auto-Attack Stealth VI	0.00657894742
5	Darkening Skies	Legendary	15388	Aggro Boost VI	0.00657894742
5	Darkening Skies	Legendary	15389	Arts Stealth VI	0.00657894742
5	Darkening Skies	Legendary	15390	Arts Aggro Boost VI	0.00657894742
5	Darkening Skies	Legendary	15394	Night Vision VI	0.00657894742
5	Darkening Skies	Legendary	15395	Sunlight Eye VI	0.00657894742
5	Darkening Skies	Legendary	15401	Specials Lv 1 Plus VI	0.00657894742
5	Darkening Skies	Legendary	15402	Specials Lv 2 Plus VI	0.00657894742
5	Darkening Skies	Legendary	15403	Specials Lv 3 Plus VI	0.00657894742
5	Darkening Skies	Legendary	15404	Specials Lv 4 Plus VI	0.00657894742
5	Darkening Skies	Legendary	465	Augmented Vision Kit (Common)	0.00657894742
5	Darkening Skies	Legendary	468	Charm Bangle (Common)	0.00657894742
5	Darkening Skies	Legendary	474	Seven-League Circlet (Common)	0.00657894742
5	Darkening Skies	Legendary	498	Twin Trunks Vest (Common)	0.00657894742
5	Darkening Skies	Legendary	507	Vivid Mitts (Common)	0.00657894742
5	Darkening Skies	Legendary	510	Dauntless Boots (Common)	0.00657894742
5	Darkening Skies	Legendary	513	Sunlight Choker (Common)	0.00657894742
5	Darkening Skies	Legendary	525	Staunch Boots (Common)	0.00657894742
5	Darkening Skies	Legendary	552	Enlightened Loincloth (Common)	0.00657894742
5	Darkening Skies	Legendary	555	Glamorous Swimsuit (Common)	0.00657894742
5	Darkening Skies	Legendary	558	Vanish Hood (Common)	0.00657894742
5	Darkening Skies	Legendary	561	Platinum Nopon Mask (Common)	0.00657894742
5	Darkening Skies	Legendary	573	Beatific Medal (Common)	0.00657894742
5	Darkening Skies	Legendary	466	Augmented Vision Kit (Rare)	0.00657894742
5	Darkening Skies	Legendary	469	Charm Bangle (Rare)	0.00657894742
5	Darkening Skies	Legendary	475	Seven-League Circlet (Rare)	0.00657894742
5	Darkening Skies	Legendary	499	Twin Trunks Vest (Rare)	0.00657894742
5	Darkening Skies	Legendary	508	Vivid Mitts (Rare)	0.00657894742
5	Darkening Skies	Legendary	511	Dauntless Boots (Rare)	0.00657894742
5	Darkening Skies	Legendary	514	Sunlight Choker (Rare)	0.00657894742
5	Darkening Skies	Legendary	526	Staunch Boots (Rare)	0.00657894742
5	Darkening Skies	Legendary	553	Enlightened Loincloth (Rare)	0.00657894742
5	Darkening Skies	Legendary	556	Glamorous Swimsuit (Rare)	0.00657894742
5	Darkening Skies	Legendary	559	Vanish Hood (Rare)	0.00657894742
5	Darkening Skies	Legendary	562	Platinum Nopon Mask (Rare)	0.00657894742
5	Darkening Skies	Legendary	574	Beatific Medal (Rare)	0.00657894742
5	Darkening Skies	Legendary	467	Augmented Vision Kit (Legendary)	0.00657894742
5	Darkening Skies	Legendary	470	Charm Bangle (Legendary)	0.00657894742
5	Darkening Skies	Legendary	476	Seven-League Circlet (Legendary)	0.00657894742
5	Darkening Skies	Legendary	500	Twin Trunks Vest (Legendary)	0.00657894742
5	Darkening Skies	Legendary	509	Vivid Mitts (Legendary)	0.00657894742
5	Darkening Skies	Legendary	512	Dauntless Boots (Legendary)	0.00657894742
5	Darkening Skies	Legendary	515	Sunlight Choker (Legendary)	0.00657894742
5	Darkening Skies	Legendary	527	Staunch Boots (Legendary)	0.00657894742
5	Darkening Skies	Legendary	554	Enlightened Loincloth (Legendary)	0.00657894742
5	Darkening Skies	Legendary	557	Glamorous Swimsuit (Legendary)	0.00657894742
5	Darkening Skies	Legendary	560	Vanish Hood (Legendary)	0.00657894742
5	Darkening Skies	Legendary	563	Platinum Nopon Mask (Legendary)	0.00657894742
5	Darkening Skies	Legendary	575	Beatific Medal (Legendary)	0.00657894742
5	Darkening Skies	Legendary	15005	Critical Up V	0.00657894742
5	Darkening Skies	Legendary	15015	Ether Defense Up V	0.00657894742
5	Darkening Skies	Legendary	15060	Blade Combo Boost V	0.00657894742
5	Darkening Skies	Legendary	15158	Swift Evasion V	0.00657894742
5	Darkening Skies	Legendary	15168	Endurance V	0.00657894742
5	Darkening Skies	Legendary	15233	Arts Stealth V	0.00657894742
5	Darkening Skies	Legendary	15248	Movement Heal V	0.00657894742
5	Darkening Skies	Legendary	15253	Damage Heal V	0.00657894742
5	Darkening Skies	Legendary	15303	Affinity MAX Evade V	0.00657894742
5	Darkening Skies	Legendary	10057	Hadron Chip	0.0131578948
5	Darkening Skies	Legendary	15353	Physical Defense Up VI	0.00657894742
5	Darkening Skies	Legendary	15354	Ether Defense Up VI	0.00657894742
5	Darkening Skies	Legendary	15368	Fire Def Up VI	0.009868421
5	Darkening Skies	Legendary	15369	Water Def Up VI	0.009868421
5	Darkening Skies	Legendary	15370	Wind Def Up VI	0.009868421
5	Darkening Skies	Legendary	15371	Earth Def Up VI	0.009868421
5	Darkening Skies	Legendary	15372	Electric Def Up VI	0.009868421
5	Darkening Skies	Legendary	15373	Ice Def Up VI	0.009868421
5	Darkening Skies	Legendary	15374	Light Def Up VI	0.009868421
5	Darkening Skies	Legendary	15375	Dark Def Up VI	0.009868421
5	Darkening Skies	Legendary	15381	Break Resist VI	0.00657894742
5	Darkening Skies	Legendary	15405	Affinity MAX Acc VI	0.00657894742
5	Darkening Skies	Legendary	456	Consul Greaves (Common)	0.00657894742
5	Darkening Skies	Legendary	489	Abyss Masque (Common)	0.00657894742
5	Darkening Skies	Legendary	495	Survivor's Footgear (Common)	0.00657894742
5	Darkening Skies	Legendary	501	Beast-Hide Vest (Common)	0.00657894742
5	Darkening Skies	Legendary	504	Prairie Cap (Common)	0.00657894742
5	Darkening Skies	Legendary	519	Crimson Headband (Common)	0.00657894742
5	Darkening Skies	Legendary	531	Consul Pauldrons (Common)	0.0131578948
5	Darkening Skies	Legendary	534	Divine Vambraces (Common)	0.00657894742
5	Darkening Skies	Legendary	540	Tachyon Scarf (Common)	0.00657894742
5	Darkening Skies	Legendary	576	Carbon Gauntlet (Common)	0.00657894742
5	Darkening Skies	Legendary	457	Consul Greaves (Rare)	0.00657894742
5	Darkening Skies	Legendary	490	Abyss Masque (Rare)	0.00657894742
5	Darkening Skies	Legendary	496	Survivor's Footgear (Rare)	0.00657894742
5	Darkening Skies	Legendary	502	Beast-Hide Vest (Rare)	0.00657894742
5	Darkening Skies	Legendary	505	Prairie Cap (Rare)	0.00657894742
5	Darkening Skies	Legendary	520	Crimson Headband (Rare)	0.00657894742
5	Darkening Skies	Legendary	532	Consul Pauldrons (Rare)	0.00657894742
5	Darkening Skies	Legendary	535	Divine Vambraces (Rare)	0.00657894742
5	Darkening Skies	Legendary	541	Tachyon Scarf (Rare)	0.00657894742
5	Darkening Skies	Legendary	577	Carbon Gauntlet (Rare)	0.00657894742
5	Darkening Skies	Legendary	458	Consul Greaves (Legendary)	0.00657894742
5	Darkening Skies	Legendary	491	Abyss Masque (Legendary)	0.00657894742
5	Darkening Skies	Legendary	497	Survivor's Footgear (Legendary)	0.00657894742
5	Darkening Skies	Legendary	503	Beast-Hide Vest (Legendary)	0.00657894742
5	Darkening Skies	Legendary	506	Prairie Cap (Legendary)	0.00657894742
5	Darkening Skies	Legendary	521	Crimson Headband (Legendary)	0.00657894742
5	Darkening Skies	Legendary	533	Consul Pauldrons (Legendary)	0.00657894742
5	Darkening Skies	Legendary	536	Divine Vambraces (Legendary)	0.00657894742
5	Darkening Skies	Legendary	542	Tachyon Scarf (Legendary)	0.00657894742
5	Darkening Skies	Legendary	578	Carbon Gauntlet (Legendary)	0.00657894742
5	Darkening Skies	Legendary	25406	Intermediate Weaponry	0.00657894742
6	Sacred Wood	Common	15030	Insect Hunter V	0.01710864
6	Sacred Wood	Common	15040	Aquatic Hunter V	0.01710864
6	Sacred Wood	Common	15025	Beast Hunter V	0.01710864
6	Sacred Wood	Common	15035	Aerial Hunter V	0.01710864
6	Sacred Wood	Common	15045	Humanoid Hunter V	0.01710864
6	Sacred Wood	Common	15055	Titan Hunter V	0.01710864
6	Sacred Wood	Common	15050	Machine Hunter V	0.01710864
6	Sacred Wood	Common	15071	Ambush Boost V	0.01710864
6	Sacred Wood	Common	15081	Aggro Attack Up V	0.01710864
6	Sacred Wood	Common	15086	Indoor Attack Up V	0.01710864
6	Sacred Wood	Common	15096	Fire Def Up V	0.01710864
6	Sacred Wood	Common	15101	Water Def Up V	0.01710864
6	Sacred Wood	Common	15106	Earth Def Up V	0.01710864
6	Sacred Wood	Common	15111	Wind Def Up V	0.01710864
6	Sacred Wood	Common	15116	Electric Def Up V	0.01710864
6	Sacred Wood	Common	15121	Ice Def Up V	0.01710864
6	Sacred Wood	Common	15126	Dark Def Up V	0.01710864
6	Sacred Wood	Common	15131	Light Def Up V	0.01710864
6	Sacred Wood	Common	15163	Emergency Guard V	0.01710864
6	Sacred Wood	Common	15173	HP Attack Boost V	0.01710864
6	Sacred Wood	Common	15178	Spike Defense V	0.01710864
6	Sacred Wood	Common	15188	Topple Resist V	0.01710864
6	Sacred Wood	Common	15193	Launch Resist V	0.01710864
6	Sacred Wood	Common	15203	Blowdown Resist V	0.01710864
6	Sacred Wood	Common	15218	Shackle Blade Resist V	0.01710864
6	Sacred Wood	Common	15223	Auto-Attack Stealth V	0.01710864
6	Sacred Wood	Common	15228	Aggro Boost V	0.01710864
6	Sacred Wood	Common	15243	Arts Heal V	0.01710864
6	Sacred Wood	Common	15258	Night Vision V	0.01710864
6	Sacred Wood	Common	15268	Reflect Damage Up V	0.01710864
6	Sacred Wood	Common	15278	Opening Art V	0.01710864
6	Sacred Wood	Common	15283	Telepathy V	0.01710864
6	Sacred Wood	Common	15293	Affinity MAX Barrier V	0.01710864
6	Sacred Wood	Common	15298	Affinity MAX Atk V	0.01710864
6	Sacred Wood	Common	15313	Shoulder to Shoulder V	0.01710864
6	Sacred Wood	Common	15324	Specials Lv 1 Plus V	0.01710864
6	Sacred Wood	Common	15329	Specials Lv 2 Plus V	0.01710864
6	Sacred Wood	Common	15349	Jamming V	0.01710864
6	Sacred Wood	Common	333	Avant-Garde Medal (Legendary)	0.00427716
6	Sacred Wood	Common	345	Ancient Banner (Legendary)	0.00427716
6	Sacred Wood	Common	354	Bloody Orb (Legendary)	0.00427716
6	Sacred Wood	Common	405	Critical Symbol (Legendary)	0.00427716
6	Sacred Wood	Common	116	Resurrection Symbol (Legendary)	0.00427716
6	Sacred Wood	Common	408	Sword Attachment (Legendary)	0.00427716
6	Sacred Wood	Common	409	Scimitar Attachment (Legendary)	0.00427716
6	Sacred Wood	Common	416	Scythe Attachment (Legendary)	0.00427716
6	Sacred Wood	Common	431	Rebirth Amulet (Legendary)	0.00427716
6	Sacred Wood	Common	432	Beta Scope (Legendary)	0.00427716
6	Sacred Wood	Common	10046	Howardite Chip	0.00855432
6	Sacred Wood	Common	10047	Aubrite Chip	0.00855432
6	Sacred Wood	Common	10050	Axion Chip	0.00855432
6	Sacred Wood	Common	10051	Mirror Matter Chip	0.00855432
6	Sacred Wood	Common	15364	Ambush Boost VI	0.01710864
6	Sacred Wood	Common	15383	Launch Resist VI	0.02566296
6	Sacred Wood	Common	15384	Smash Resist VI	0.02566296
6	Sacred Wood	Common	15385	Blowdown Resist VI	0.02566296
6	Sacred Wood	Common	15386	Knockback Resist VI	0.02566296
6	Sacred Wood	Common	15396	Reflect Damage Up VI	0.02566296
6	Sacred Wood	Common	15397	Opening Art VI	0.02566296
6	Sacred Wood	Common	528	War God Banner (Common)	0.005988024
6	Sacred Wood	Common	537	Demon Orb (Common)	0.005988024
6	Sacred Wood	Common	549	Violent Stone (Common)	0.005988024
6	Sacred Wood	Common	564	Gargantuan Feather (Common)	0.005988024
6	Sacred Wood	Common	579	Noise Dampener (Common)	0.005988024
6	Sacred Wood	Common	529	War God Banner (Rare)	0.005988024
6	Sacred Wood	Common	538	Demon Orb (Rare)	0.005988024
6	Sacred Wood	Common	550	Violent Stone (Rare)	0.005988024
6	Sacred Wood	Common	565	Gargantuan Feather (Rare)	0.005988024
6	Sacred Wood	Common	580	Noise Dampener (Rare)	0.005988024
6	Sacred Wood	Common	530	War God Banner (Legendary)	0.005988024
6	Sacred Wood	Common	539	Demon Orb (Legendary)	0.005988024
6	Sacred Wood	Common	551	Violent Stone (Legendary)	0.005988024
6	Sacred Wood	Common	566	Gargantuan Feather (Legendary)	0.005988024
6	Sacred Wood	Common	581	Noise Dampener (Legendary)	0.005988024
6	Sacred Wood	Common	488	Terror Masque (Legendary)	0.005988024
6	Sacred Wood	Common	494	Envoy's Footgear (Legendary)	0.005988024
6	Sacred Wood	Rare	15030	Insect Hunter V	0.008992806
6	Sacred Wood	Rare	15040	Aquatic Hunter V	0.008992806
6	Sacred Wood	Rare	15025	Beast Hunter V	0.008992806
6	Sacred Wood	Rare	15035	Aerial Hunter V	0.008992806
6	Sacred Wood	Rare	15045	Humanoid Hunter V	0.008992806
6	Sacred Wood	Rare	15055	Titan Hunter V	0.008992806
6	Sacred Wood	Rare	15050	Machine Hunter V	0.008992806
6	Sacred Wood	Rare	15071	Ambush Boost V	0.008992806
6	Sacred Wood	Rare	15081	Aggro Attack Up V	0.008992806
6	Sacred Wood	Rare	15086	Indoor Attack Up V	0.008992806
6	Sacred Wood	Rare	15096	Fire Def Up V	0.008992806
6	Sacred Wood	Rare	15101	Water Def Up V	0.008992806
6	Sacred Wood	Rare	15106	Earth Def Up V	0.008992806
6	Sacred Wood	Rare	15111	Wind Def Up V	0.008992806
6	Sacred Wood	Rare	15116	Electric Def Up V	0.008992806
6	Sacred Wood	Rare	15121	Ice Def Up V	0.008992806
6	Sacred Wood	Rare	15126	Dark Def Up V	0.008992806
6	Sacred Wood	Rare	15131	Light Def Up V	0.008992806
6	Sacred Wood	Rare	15163	Emergency Guard V	0.008992806
6	Sacred Wood	Rare	15173	HP Attack Boost V	0.008992806
6	Sacred Wood	Rare	15178	Spike Defense V	0.008992806
6	Sacred Wood	Rare	15188	Topple Resist V	0.008992806
6	Sacred Wood	Rare	15193	Launch Resist V	0.008992806
6	Sacred Wood	Rare	15203	Blowdown Resist V	0.008992806
6	Sacred Wood	Rare	15218	Shackle Blade Resist V	0.008992806
6	Sacred Wood	Rare	15223	Auto-Attack Stealth V	0.008992806
6	Sacred Wood	Rare	15228	Aggro Boost V	0.008992806
6	Sacred Wood	Rare	15243	Arts Heal V	0.008992806
6	Sacred Wood	Rare	15258	Night Vision V	0.008992806
6	Sacred Wood	Rare	15268	Reflect Damage Up V	0.008992806
6	Sacred Wood	Rare	15278	Opening Art V	0.008992806
6	Sacred Wood	Rare	15283	Telepathy V	0.008992806
6	Sacred Wood	Rare	15293	Affinity MAX Barrier V	0.008992806
6	Sacred Wood	Rare	15298	Affinity MAX Atk V	0.008992806
6	Sacred Wood	Rare	15313	Shoulder to Shoulder V	0.008992806
6	Sacred Wood	Rare	15324	Specials Lv 1 Plus V	0.008992806
6	Sacred Wood	Rare	15329	Specials Lv 2 Plus V	0.008992806
6	Sacred Wood	Rare	15349	Jamming V	0.008992806
6	Sacred Wood	Rare	333	Avant-Garde Medal (Legendary)	0.00224820152
6	Sacred Wood	Rare	345	Ancient Banner (Legendary)	0.00224820152
6	Sacred Wood	Rare	354	Bloody Orb (Legendary)	0.00224820152
6	Sacred Wood	Rare	405	Critical Symbol (Legendary)	0.00224820152
6	Sacred Wood	Rare	116	Resurrection Symbol (Legendary)	0.00224820152
6	Sacred Wood	Rare	408	Sword Attachment (Legendary)	0.00224820152
6	Sacred Wood	Rare	409	Scimitar Attachment (Legendary)	0.00224820152
6	Sacred Wood	Rare	416	Scythe Attachment (Legendary)	0.00224820152
6	Sacred Wood	Rare	431	Rebirth Amulet (Legendary)	0.00224820152
6	Sacred Wood	Rare	432	Beta Scope (Legendary)	0.00224820152
6	Sacred Wood	Rare	10046	Howardite Chip	0.004496403
6	Sacred Wood	Rare	10047	Aubrite Chip	0.004496403
6	Sacred Wood	Rare	10050	Axion Chip	0.004496403
6	Sacred Wood	Rare	10051	Mirror Matter Chip	0.004496403
6	Sacred Wood	Rare	15364	Ambush Boost VI	0.008992806
6	Sacred Wood	Rare	15383	Launch Resist VI	0.0134892082
6	Sacred Wood	Rare	15384	Smash Resist VI	0.0134892082
6	Sacred Wood	Rare	15385	Blowdown Resist VI	0.0134892082
6	Sacred Wood	Rare	15386	Knockback Resist VI	0.0134892082
6	Sacred Wood	Rare	15396	Reflect Damage Up VI	0.0134892082
6	Sacred Wood	Rare	15397	Opening Art VI	0.0134892082
6	Sacred Wood	Rare	528	War God Banner (Common)	0.003147482
6	Sacred Wood	Rare	537	Demon Orb (Common)	0.003147482
6	Sacred Wood	Rare	549	Violent Stone (Common)	0.003147482
6	Sacred Wood	Rare	564	Gargantuan Feather (Common)	0.003147482
6	Sacred Wood	Rare	579	Noise Dampener (Common)	0.003147482
6	Sacred Wood	Rare	529	War God Banner (Rare)	0.003147482
6	Sacred Wood	Rare	538	Demon Orb (Rare)	0.003147482
6	Sacred Wood	Rare	550	Violent Stone (Rare)	0.003147482
6	Sacred Wood	Rare	565	Gargantuan Feather (Rare)	0.003147482
6	Sacred Wood	Rare	580	Noise Dampener (Rare)	0.003147482
6	Sacred Wood	Rare	530	War God Banner (Legendary)	0.003147482
6	Sacred Wood	Rare	539	Demon Orb (Legendary)	0.003147482
6	Sacred Wood	Rare	551	Violent Stone (Legendary)	0.003147482
6	Sacred Wood	Rare	566	Gargantuan Feather (Legendary)	0.003147482
6	Sacred Wood	Rare	581	Noise Dampener (Legendary)	0.003147482
6	Sacred Wood	Rare	488	Terror Masque (Legendary)	0.003147482
6	Sacred Wood	Rare	494	Envoy's Footgear (Legendary)	0.003147482
6	Sacred Wood	Rare	15010	Physical Defense Up V	0.008992806
6	Sacred Wood	Rare	15020	Block Rate Up V	0.008992806
6	Sacred Wood	Rare	15066	Fusion Combo Up V	0.008992806
6	Sacred Wood	Rare	15076	Reflect Immunity	0.008992806
6	Sacred Wood	Rare	15091	Outdoor Attack Up V	0.008992806
6	Sacred Wood	Rare	15153	Evasion Focus V	0.008992806
6	Sacred Wood	Rare	15183	Break Resist V	0.008992806
6	Sacred Wood	Rare	15198	Smash Resist V	0.008992806
6	Sacred Wood	Rare	15208	Knockback Resist V	0.008992806
6	Sacred Wood	Rare	15238	Arts Aggro Boost V	0.008992806
6	Sacred Wood	Rare	15263	Sunlight Eye V	0.008992806
6	Sacred Wood	Rare	15273	Range Boost Up V	0.008992806
6	Sacred Wood	Rare	15288	Helping Hand V	0.008992806
6	Sacred Wood	Rare	15308	Hunter's Chemistry V	0.008992806
6	Sacred Wood	Rare	15318	Fast Blade Switch V	0.008992806
6	Sacred Wood	Rare	15334	Specials Lv 3 Plus V	0.008992806
6	Sacred Wood	Rare	15339	Specials Lv 4 Plus V	0.008992806
6	Sacred Wood	Rare	15344	Affinity MAX Acc V	0.008992806
6	Sacred Wood	Rare	300	Titanium Vest (Legendary)	0.00224820152
6	Sacred Wood	Rare	303	Ceramic Belt (Legendary)	0.00224820152
6	Sacred Wood	Rare	306	Fiber Hat (Legendary)	0.00224820152
6	Sacred Wood	Rare	309	Carbon Gloves (Legendary)	0.00224820152
6	Sacred Wood	Rare	312	Ester Shoes (Legendary)	0.00224820152
6	Sacred Wood	Rare	315	Comet Choker (Legendary)	0.00224820152
6	Sacred Wood	Rare	336	Optical Headband (Legendary)	0.00224820152
6	Sacred Wood	Rare	342	Graphite Greaves (Legendary)	0.00224820152
6	Sacred Wood	Rare	348	Jet Pauldrons (Legendary)	0.00224820152
6	Sacred Wood	Rare	351	Hero Vambraces (Legendary)	0.00224820152
6	Sacred Wood	Rare	357	Quantum Scarf (Legendary)	0.00224820152
6	Sacred Wood	Rare	383	World Tree Ward (Legendary)	0.00224820152
6	Sacred Wood	Rare	389	Holy Necklace (Legendary)	0.00224820152
6	Sacred Wood	Rare	393	Round Table Medal (Legendary)	0.00224820152
6	Sacred Wood	Rare	396	Nano-Metal Gauntlet (Legendary)	0.00224820152
6	Sacred Wood	Rare	399	Hi-Tech Eyepatch (Legendary)	0.00224820152
6	Sacred Wood	Rare	10056	Positron Chip	0.004496403
6	Sacred Wood	Rare	15356	Beast Hunter VI	0.008992806
6	Sacred Wood	Rare	15357	Insect Hunter VI	0.008992806
6	Sacred Wood	Rare	15358	Aerial Hunter VI	0.008992806
6	Sacred Wood	Rare	15359	Aquatic Hunter VI	0.008992806
6	Sacred Wood	Rare	15360	Humanoid Hunter VI	0.0179856122
6	Sacred Wood	Rare	15361	Machine Hunter VI	0.008992806
6	Sacred Wood	Rare	15362	Titan Hunter VI	0.008992806
6	Sacred Wood	Rare	15382	Topple Resist VI	0.008992806
6	Sacred Wood	Rare	15387	Auto-Attack Stealth VI	0.008992806
6	Sacred Wood	Rare	15388	Aggro Boost VI	0.008992806
6	Sacred Wood	Rare	15389	Arts Stealth VI	0.008992806
6	Sacred Wood	Rare	15390	Arts Aggro Boost VI	0.008992806
6	Sacred Wood	Rare	15394	Night Vision VI	0.0179856122
6	Sacred Wood	Rare	15395	Sunlight Eye VI	0.008992806
6	Sacred Wood	Rare	15401	Specials Lv 1 Plus VI	0.008992806
6	Sacred Wood	Rare	15402	Specials Lv 2 Plus VI	0.008992806
6	Sacred Wood	Rare	15403	Specials Lv 3 Plus VI	0.008992806
6	Sacred Wood	Rare	15404	Specials Lv 4 Plus VI	0.008992806
6	Sacred Wood	Rare	465	Augmented Vision Kit (Common)	0.00224820152
6	Sacred Wood	Rare	468	Charm Bangle (Common)	0.00224820152
6	Sacred Wood	Rare	474	Seven-League Circlet (Common)	0.00224820152
6	Sacred Wood	Rare	498	Twin Trunks Vest (Common)	0.00224820152
6	Sacred Wood	Rare	507	Vivid Mitts (Common)	0.00224820152
6	Sacred Wood	Rare	510	Dauntless Boots (Common)	0.00224820152
6	Sacred Wood	Rare	513	Sunlight Choker (Common)	0.00224820152
6	Sacred Wood	Rare	525	Staunch Boots (Common)	0.00224820152
6	Sacred Wood	Rare	552	Enlightened Loincloth (Common)	0.004496403
6	Sacred Wood	Rare	555	Glamorous Swimsuit (Common)	0.004496403
6	Sacred Wood	Rare	558	Vanish Hood (Common)	0.00224820152
6	Sacred Wood	Rare	561	Platinum Nopon Mask (Common)	0.00224820152
6	Sacred Wood	Rare	573	Beatific Medal (Common)	0.00224820152
6	Sacred Wood	Rare	466	Augmented Vision Kit (Rare)	0.00224820152
6	Sacred Wood	Rare	469	Charm Bangle (Rare)	0.00224820152
6	Sacred Wood	Rare	475	Seven-League Circlet (Rare)	0.00224820152
6	Sacred Wood	Rare	499	Twin Trunks Vest (Rare)	0.00224820152
6	Sacred Wood	Rare	508	Vivid Mitts (Rare)	0.00224820152
6	Sacred Wood	Rare	511	Dauntless Boots (Rare)	0.00224820152
6	Sacred Wood	Rare	514	Sunlight Choker (Rare)	0.00224820152
6	Sacred Wood	Rare	526	Staunch Boots (Rare)	0.00224820152
6	Sacred Wood	Rare	553	Enlightened Loincloth (Rare)	0.00224820152
6	Sacred Wood	Rare	556	Glamorous Swimsuit (Rare)	0.00224820152
6	Sacred Wood	Rare	559	Vanish Hood (Rare)	0.00224820152
6	Sacred Wood	Rare	562	Platinum Nopon Mask (Rare)	0.00224820152
6	Sacred Wood	Rare	574	Beatific Medal (Rare)	0.00224820152
6	Sacred Wood	Rare	467	Augmented Vision Kit (Legendary)	0.00224820152
6	Sacred Wood	Rare	470	Charm Bangle (Legendary)	0.00224820152
6	Sacred Wood	Rare	476	Seven-League Circlet (Legendary)	0.00224820152
6	Sacred Wood	Rare	500	Twin Trunks Vest (Legendary)	0.00224820152
6	Sacred Wood	Rare	509	Vivid Mitts (Legendary)	0.00224820152
6	Sacred Wood	Rare	512	Dauntless Boots (Legendary)	0.00224820152
6	Sacred Wood	Rare	515	Sunlight Choker (Legendary)	0.00224820152
6	Sacred Wood	Rare	527	Staunch Boots (Legendary)	0.00224820152
6	Sacred Wood	Rare	554	Enlightened Loincloth (Legendary)	0.00224820152
6	Sacred Wood	Rare	557	Glamorous Swimsuit (Legendary)	0.00224820152
6	Sacred Wood	Rare	560	Vanish Hood (Legendary)	0.00224820152
6	Sacred Wood	Rare	563	Platinum Nopon Mask (Legendary)	0.00224820152
6	Sacred Wood	Rare	575	Beatific Medal (Legendary)	0.00224820152
6	Sacred Wood	Legendary	15010	Physical Defense Up V	0.0119402986
6	Sacred Wood	Legendary	15020	Block Rate Up V	0.0119402986
6	Sacred Wood	Legendary	15066	Fusion Combo Up V	0.0119402986
6	Sacred Wood	Legendary	15076	Reflect Immunity	0.0119402986
6	Sacred Wood	Legendary	15091	Outdoor Attack Up V	0.0119402986
6	Sacred Wood	Legendary	15153	Evasion Focus V	0.0119402986
6	Sacred Wood	Legendary	15183	Break Resist V	0.0119402986
6	Sacred Wood	Legendary	15198	Smash Resist V	0.0119402986
6	Sacred Wood	Legendary	15208	Knockback Resist V	0.0119402986
6	Sacred Wood	Legendary	15238	Arts Aggro Boost V	0.0119402986
6	Sacred Wood	Legendary	15263	Sunlight Eye V	0.0119402986
6	Sacred Wood	Legendary	15273	Range Boost Up V	0.0119402986
6	Sacred Wood	Legendary	15288	Helping Hand V	0.0119402986
6	Sacred Wood	Legendary	15308	Hunter's Chemistry V	0.0119402986
6	Sacred Wood	Legendary	15318	Fast Blade Switch V	0.0119402986
6	Sacred Wood	Legendary	15334	Specials Lv 3 Plus V	0.0119402986
6	Sacred Wood	Legendary	15339	Specials Lv 4 Plus V	0.0119402986
6	Sacred Wood	Legendary	15344	Affinity MAX Acc V	0.0119402986
6	Sacred Wood	Legendary	300	Titanium Vest (Legendary)	0.00298507465
6	Sacred Wood	Legendary	303	Ceramic Belt (Legendary)	0.00298507465
6	Sacred Wood	Legendary	306	Fiber Hat (Legendary)	0.00298507465
6	Sacred Wood	Legendary	309	Carbon Gloves (Legendary)	0.00298507465
6	Sacred Wood	Legendary	312	Ester Shoes (Legendary)	0.00298507465
6	Sacred Wood	Legendary	315	Comet Choker (Legendary)	0.00298507465
6	Sacred Wood	Legendary	336	Optical Headband (Legendary)	0.00298507465
6	Sacred Wood	Legendary	342	Graphite Greaves (Legendary)	0.00298507465
6	Sacred Wood	Legendary	348	Jet Pauldrons (Legendary)	0.00298507465
6	Sacred Wood	Legendary	351	Hero Vambraces (Legendary)	0.00298507465
6	Sacred Wood	Legendary	357	Quantum Scarf (Legendary)	0.00298507465
6	Sacred Wood	Legendary	383	World Tree Ward (Legendary)	0.00298507465
6	Sacred Wood	Legendary	389	Holy Necklace (Legendary)	0.00298507465
6	Sacred Wood	Legendary	393	Round Table Medal (Legendary)	0.00298507465
6	Sacred Wood	Legendary	396	Nano-Metal Gauntlet (Legendary)	0.00298507465
6	Sacred Wood	Legendary	399	Hi-Tech Eyepatch (Legendary)	0.00298507465
6	Sacred Wood	Legendary	10056	Positron Chip	0.0059701493
6	Sacred Wood	Legendary	15356	Beast Hunter VI	0.0119402986
6	Sacred Wood	Legendary	15357	Insect Hunter VI	0.0119402986
6	Sacred Wood	Legendary	15358	Aerial Hunter VI	0.0119402986
6	Sacred Wood	Legendary	15359	Aquatic Hunter VI	0.0119402986
6	Sacred Wood	Legendary	15360	Humanoid Hunter VI	0.0119402986
6	Sacred Wood	Legendary	15361	Machine Hunter VI	0.0119402986
6	Sacred Wood	Legendary	15362	Titan Hunter VI	0.0119402986
6	Sacred Wood	Legendary	15382	Topple Resist VI	0.0119402986
6	Sacred Wood	Legendary	15387	Auto-Attack Stealth VI	0.0119402986
6	Sacred Wood	Legendary	15388	Aggro Boost VI	0.0119402986
6	Sacred Wood	Legendary	15389	Arts Stealth VI	0.0119402986
6	Sacred Wood	Legendary	15390	Arts Aggro Boost VI	0.0119402986
6	Sacred Wood	Legendary	15394	Night Vision VI	0.0119402986
6	Sacred Wood	Legendary	15395	Sunlight Eye VI	0.0119402986
6	Sacred Wood	Legendary	15401	Specials Lv 1 Plus VI	0.0119402986
6	Sacred Wood	Legendary	15402	Specials Lv 2 Plus VI	0.0119402986
6	Sacred Wood	Legendary	15403	Specials Lv 3 Plus VI	0.0119402986
6	Sacred Wood	Legendary	15404	Specials Lv 4 Plus VI	0.0119402986
6	Sacred Wood	Legendary	465	Augmented Vision Kit (Common)	0.00298507465
6	Sacred Wood	Legendary	468	Charm Bangle (Common)	0.00298507465
6	Sacred Wood	Legendary	474	Seven-League Circlet (Common)	0.00298507465
6	Sacred Wood	Legendary	498	Twin Trunks Vest (Common)	0.00298507465
6	Sacred Wood	Legendary	507	Vivid Mitts (Common)	0.00298507465
6	Sacred Wood	Legendary	510	Dauntless Boots (Common)	0.00298507465
6	Sacred Wood	Legendary	513	Sunlight Choker (Common)	0.00298507465
6	Sacred Wood	Legendary	525	Staunch Boots (Common)	0.00298507465
6	Sacred Wood	Legendary	552	Enlightened Loincloth (Common)	0.00298507465
6	Sacred Wood	Legendary	555	Glamorous Swimsuit (Common)	0.00298507465
6	Sacred Wood	Legendary	558	Vanish Hood (Common)	0.00298507465
6	Sacred Wood	Legendary	561	Platinum Nopon Mask (Common)	0.00298507465
6	Sacred Wood	Legendary	573	Beatific Medal (Common)	0.00298507465
6	Sacred Wood	Legendary	466	Augmented Vision Kit (Rare)	0.00298507465
6	Sacred Wood	Legendary	469	Charm Bangle (Rare)	0.00298507465
6	Sacred Wood	Legendary	475	Seven-League Circlet (Rare)	0.00298507465
6	Sacred Wood	Legendary	499	Twin Trunks Vest (Rare)	0.00298507465
6	Sacred Wood	Legendary	508	Vivid Mitts (Rare)	0.00298507465
6	Sacred Wood	Legendary	511	Dauntless Boots (Rare)	0.00298507465
6	Sacred Wood	Legendary	514	Sunlight Choker (Rare)	0.00298507465
6	Sacred Wood	Legendary	526	Staunch Boots (Rare)	0.00298507465
6	Sacred Wood	Legendary	553	Enlightened Loincloth (Rare)	0.00298507465
6	Sacred Wood	Legendary	556	Glamorous Swimsuit (Rare)	0.00298507465
6	Sacred Wood	Legendary	559	Vanish Hood (Rare)	0.00298507465
6	Sacred Wood	Legendary	562	Platinum Nopon Mask (Rare)	0.00298507465
6	Sacred Wood	Legendary	574	Beatific Medal (Rare)	0.00298507465
6	Sacred Wood	Legendary	467	Augmented Vision Kit (Legendary)	0.00298507465
6	Sacred Wood	Legendary	470	Charm Bangle (Legendary)	0.00298507465
6	Sacred Wood	Legendary	476	Seven-League Circlet (Legendary)	0.00298507465
6	Sacred Wood	Legendary	500	Twin Trunks Vest (Legendary)	0.00298507465
6	Sacred Wood	Legendary	509	Vivid Mitts (Legendary)	0.00298507465
6	Sacred Wood	Legendary	512	Dauntless Boots (Legendary)	0.00298507465
6	Sacred Wood	Legendary	515	Sunlight Choker (Legendary)	0.00298507465
6	Sacred Wood	Legendary	527	Staunch Boots (Legendary)	0.00298507465
6	Sacred Wood	Legendary	554	Enlightened Loincloth (Legendary)	0.00298507465
6	Sacred Wood	Legendary	557	Glamorous Swimsuit (Legendary)	0.00298507465
6	Sacred Wood	Legendary	560	Vanish Hood (Legendary)	0.00298507465
6	Sacred Wood	Legendary	563	Platinum Nopon Mask (Legendary)	0.00298507465
6	Sacred Wood	Legendary	575	Beatific Medal (Legendary)	0.00298507465
6	Sacred Wood	Legendary	15005	Critical Up V	0.0119402986
6	Sacred Wood	Legendary	15015	Ether Defense Up V	0.0119402986
6	Sacred Wood	Legendary	15060	Blade Combo Boost V	0.0119402986
6	Sacred Wood	Legendary	15158	Swift Evasion V	0.0119402986
6	Sacred Wood	Legendary	15168	Endurance V	0.0119402986
6	Sacred Wood	Legendary	15233	Arts Stealth V	0.0119402986
6	Sacred Wood	Legendary	15248	Movement Heal V	0.0119402986
6	Sacred Wood	Legendary	15253	Damage Heal V	0.0119402986
6	Sacred Wood	Legendary	15303	Affinity MAX Evade V	0.0119402986
6	Sacred Wood	Legendary	10057	Hadron Chip	0.0059701493
6	Sacred Wood	Legendary	15353	Physical Defense Up VI	0.0119402986
6	Sacred Wood	Legendary	15354	Ether Defense Up VI	0.0119402986
6	Sacred Wood	Legendary	15368	Fire Def Up VI	0.017910447
6	Sacred Wood	Legendary	15369	Water Def Up VI	0.017910447
6	Sacred Wood	Legendary	15370	Wind Def Up VI	0.017910447
6	Sacred Wood	Legendary	15371	Earth Def Up VI	0.017910447
6	Sacred Wood	Legendary	15372	Electric Def Up VI	0.017910447
6	Sacred Wood	Legendary	15373	Ice Def Up VI	0.017910447
6	Sacred Wood	Legendary	15374	Light Def Up VI	0.017910447
6	Sacred Wood	Legendary	15375	Dark Def Up VI	0.017910447
6	Sacred Wood	Legendary	15381	Break Resist VI	0.0119402986
6	Sacred Wood	Legendary	15405	Affinity MAX Acc VI	0.0119402986
6	Sacred Wood	Legendary	456	Consul Greaves (Common)	0.00298507465
6	Sacred Wood	Legendary	489	Abyss Masque (Common)	0.00298507465
6	Sacred Wood	Legendary	495	Survivor's Footgear (Common)	0.00298507465
6	Sacred Wood	Legendary	501	Beast-Hide Vest (Common)	0.00298507465
6	Sacred Wood	Legendary	504	Prairie Cap (Common)	0.00298507465
6	Sacred Wood	Legendary	519	Crimson Headband (Common)	0.00298507465
6	Sacred Wood	Legendary	531	Consul Pauldrons (Common)	0.00298507465
6	Sacred Wood	Legendary	534	Divine Vambraces (Common)	0.00298507465
6	Sacred Wood	Legendary	540	Tachyon Scarf (Common)	0.00298507465
6	Sacred Wood	Legendary	576	Carbon Gauntlet (Common)	0.00298507465
6	Sacred Wood	Legendary	457	Consul Greaves (Rare)	0.00298507465
6	Sacred Wood	Legendary	490	Abyss Masque (Rare)	0.00298507465
6	Sacred Wood	Legendary	496	Survivor's Footgear (Rare)	0.00298507465
6	Sacred Wood	Legendary	502	Beast-Hide Vest (Rare)	0.00298507465
6	Sacred Wood	Legendary	505	Prairie Cap (Rare)	0.00298507465
6	Sacred Wood	Legendary	520	Crimson Headband (Rare)	0.00298507465
6	Sacred Wood	Legendary	532	Consul Pauldrons (Rare)	0.00298507465
6	Sacred Wood	Legendary	535	Divine Vambraces (Rare)	0.00298507465
6	Sacred Wood	Legendary	541	Tachyon Scarf (Rare)	0.00298507465
6	Sacred Wood	Legendary	577	Carbon Gauntlet (Rare)	0.00298507465
6	Sacred Wood	Legendary	458	Consul Greaves (Legendary)	0.00298507465
6	Sacred Wood	Legendary	491	Abyss Masque (Legendary)	0.00298507465
6	Sacred Wood	Legendary	497	Survivor's Footgear (Legendary)	0.00298507465
6	Sacred Wood	Legendary	503	Beast-Hide Vest (Legendary)	0.00298507465
6	Sacred Wood	Legendary	506	Prairie Cap (Legendary)	0.00298507465
6	Sacred Wood	Legendary	521	Crimson Headband (Legendary)	0.00298507465
6	Sacred Wood	Legendary	533	Consul Pauldrons (Legendary)	0.00298507465
6	Sacred Wood	Legendary	536	Divine Vambraces (Legendary)	0.00298507465
6	Sacred Wood	Legendary	542	Tachyon Scarf (Legendary)	0.00298507465
6	Sacred Wood	Legendary	578	Carbon Gauntlet (Legendary)	0.00298507465
6	Sacred Wood	Legendary	25406	Intermediate Weaponry	0.0059701493
7	Temperantian Standoff	Common	15030	Insect Hunter V	0.00491642067
7	Temperantian Standoff	Common	15040	Aquatic Hunter V	0.00491642067
7	Temperantian Standoff	Common	15025	Beast Hunter V	0.00491642067
7	Temperantian Standoff	Common	15035	Aerial Hunter V	0.00491642067
7	Temperantian Standoff	Common	15045	Humanoid Hunter V	0.00491642067
7	Temperantian Standoff	Common	15055	Titan Hunter V	0.00491642067
7	Temperantian Standoff	Common	15050	Machine Hunter V	0.00491642067
7	Temperantian Standoff	Common	15071	Ambush Boost V	0.00491642067
7	Temperantian Standoff	Common	15081	Aggro Attack Up V	0.00491642067
7	Temperantian Standoff	Common	15086	Indoor Attack Up V	0.00491642067
7	Temperantian Standoff	Common	15096	Fire Def Up V	0.00491642067
7	Temperantian Standoff	Common	15101	Water Def Up V	0.00491642067
7	Temperantian Standoff	Common	15106	Earth Def Up V	0.00491642067
7	Temperantian Standoff	Common	15111	Wind Def Up V	0.00491642067
7	Temperantian Standoff	Common	15116	Electric Def Up V	0.00491642067
7	Temperantian Standoff	Common	15121	Ice Def Up V	0.00491642067
7	Temperantian Standoff	Common	15126	Dark Def Up V	0.00491642067
7	Temperantian Standoff	Common	15131	Light Def Up V	0.00491642067
7	Temperantian Standoff	Common	15163	Emergency Guard V	0.00491642067
7	Temperantian Standoff	Common	15173	HP Attack Boost V	0.00491642067
7	Temperantian Standoff	Common	15178	Spike Defense V	0.00491642067
7	Temperantian Standoff	Common	15188	Topple Resist V	0.00491642067
7	Temperantian Standoff	Common	15193	Launch Resist V	0.00491642067
7	Temperantian Standoff	Common	15203	Blowdown Resist V	0.00491642067
7	Temperantian Standoff	Common	15218	Shackle Blade Resist V	0.00491642067
7	Temperantian Standoff	Common	15223	Auto-Attack Stealth V	0.00491642067
7	Temperantian Standoff	Common	15228	Aggro Boost V	0.00491642067
7	Temperantian Standoff	Common	15243	Arts Heal V	0.00491642067
7	Temperantian Standoff	Common	15258	Night Vision V	0.00491642067
7	Temperantian Standoff	Common	15268	Reflect Damage Up V	0.00491642067
7	Temperantian Standoff	Common	15278	Opening Art V	0.00491642067
7	Temperantian Standoff	Common	15283	Telepathy V	0.00491642067
7	Temperantian Standoff	Common	15293	Affinity MAX Barrier V	0.00491642067
7	Temperantian Standoff	Common	15298	Affinity MAX Atk V	0.00491642067
7	Temperantian Standoff	Common	15313	Shoulder to Shoulder V	0.00491642067
7	Temperantian Standoff	Common	15324	Specials Lv 1 Plus V	0.00491642067
7	Temperantian Standoff	Common	15329	Specials Lv 2 Plus V	0.00491642067
7	Temperantian Standoff	Common	15349	Jamming V	0.00491642067
7	Temperantian Standoff	Common	333	Avant-Garde Medal (Legendary)	0.0196656827
7	Temperantian Standoff	Common	345	Ancient Banner (Legendary)	0.0196656827
7	Temperantian Standoff	Common	354	Bloody Orb (Legendary)	0.0196656827
7	Temperantian Standoff	Common	405	Critical Symbol (Legendary)	0.0196656827
7	Temperantian Standoff	Common	116	Resurrection Symbol (Legendary)	0.0196656827
7	Temperantian Standoff	Common	408	Sword Attachment (Legendary)	0.0196656827
7	Temperantian Standoff	Common	409	Scimitar Attachment (Legendary)	0.0196656827
7	Temperantian Standoff	Common	416	Scythe Attachment (Legendary)	0.0196656827
7	Temperantian Standoff	Common	431	Rebirth Amulet (Legendary)	0.0196656827
7	Temperantian Standoff	Common	432	Beta Scope (Legendary)	0.0196656827
7	Temperantian Standoff	Common	10046	Howardite Chip	0.009832841
7	Temperantian Standoff	Common	10047	Aubrite Chip	0.009832841
7	Temperantian Standoff	Common	10050	Axion Chip	0.009832841
7	Temperantian Standoff	Common	10051	Mirror Matter Chip	0.009832841
7	Temperantian Standoff	Common	15364	Ambush Boost VI	0.00491642067
7	Temperantian Standoff	Common	15383	Launch Resist VI	0.00688298931
7	Temperantian Standoff	Common	15384	Smash Resist VI	0.00688298931
7	Temperantian Standoff	Common	15385	Blowdown Resist VI	0.00688298931
7	Temperantian Standoff	Common	15386	Knockback Resist VI	0.00688298931
7	Temperantian Standoff	Common	15396	Reflect Damage Up VI	0.00688298931
7	Temperantian Standoff	Common	15397	Opening Art VI	0.00688298931
7	Temperantian Standoff	Common	528	War God Banner (Common)	0.029498525
7	Temperantian Standoff	Common	537	Demon Orb (Common)	0.029498525
7	Temperantian Standoff	Common	549	Violent Stone (Common)	0.029498525
7	Temperantian Standoff	Common	564	Gargantuan Feather (Common)	0.05899705
7	Temperantian Standoff	Common	579	Noise Dampener (Common)	0.029498525
7	Temperantian Standoff	Common	529	War God Banner (Rare)	0.029498525
7	Temperantian Standoff	Common	538	Demon Orb (Rare)	0.029498525
7	Temperantian Standoff	Common	550	Violent Stone (Rare)	0.029498525
7	Temperantian Standoff	Common	565	Gargantuan Feather (Rare)	0.029498525
7	Temperantian Standoff	Common	580	Noise Dampener (Rare)	0.029498525
7	Temperantian Standoff	Common	530	War God Banner (Legendary)	0.029498525
7	Temperantian Standoff	Common	539	Demon Orb (Legendary)	0.029498525
7	Temperantian Standoff	Common	551	Violent Stone (Legendary)	0.029498525
7	Temperantian Standoff	Common	566	Gargantuan Feather (Legendary)	0.029498525
7	Temperantian Standoff	Common	581	Noise Dampener (Legendary)	0.029498525
7	Temperantian Standoff	Common	488	Terror Masque (Legendary)	0.029498525
7	Temperantian Standoff	Common	494	Envoy's Footgear (Legendary)	0.029498525
7	Temperantian Standoff	Rare	15030	Insect Hunter V	0.00219587167
7	Temperantian Standoff	Rare	15040	Aquatic Hunter V	0.00219587167
7	Temperantian Standoff	Rare	15025	Beast Hunter V	0.00219587167
7	Temperantian Standoff	Rare	15035	Aerial Hunter V	0.00219587167
7	Temperantian Standoff	Rare	15045	Humanoid Hunter V	0.00219587167
7	Temperantian Standoff	Rare	15055	Titan Hunter V	0.00219587167
7	Temperantian Standoff	Rare	15050	Machine Hunter V	0.00219587167
7	Temperantian Standoff	Rare	15071	Ambush Boost V	0.00219587167
7	Temperantian Standoff	Rare	15081	Aggro Attack Up V	0.00219587167
7	Temperantian Standoff	Rare	15086	Indoor Attack Up V	0.00219587167
7	Temperantian Standoff	Rare	15096	Fire Def Up V	0.00219587167
7	Temperantian Standoff	Rare	15101	Water Def Up V	0.00219587167
7	Temperantian Standoff	Rare	15106	Earth Def Up V	0.00219587167
7	Temperantian Standoff	Rare	15111	Wind Def Up V	0.00219587167
7	Temperantian Standoff	Rare	15116	Electric Def Up V	0.00219587167
7	Temperantian Standoff	Rare	15121	Ice Def Up V	0.00219587167
7	Temperantian Standoff	Rare	15126	Dark Def Up V	0.00219587167
7	Temperantian Standoff	Rare	15131	Light Def Up V	0.00219587167
7	Temperantian Standoff	Rare	15163	Emergency Guard V	0.00219587167
7	Temperantian Standoff	Rare	15173	HP Attack Boost V	0.00219587167
7	Temperantian Standoff	Rare	15178	Spike Defense V	0.00219587167
7	Temperantian Standoff	Rare	15188	Topple Resist V	0.00219587167
7	Temperantian Standoff	Rare	15193	Launch Resist V	0.00219587167
7	Temperantian Standoff	Rare	15203	Blowdown Resist V	0.00219587167
7	Temperantian Standoff	Rare	15218	Shackle Blade Resist V	0.00219587167
7	Temperantian Standoff	Rare	15223	Auto-Attack Stealth V	0.00219587167
7	Temperantian Standoff	Rare	15228	Aggro Boost V	0.00219587167
7	Temperantian Standoff	Rare	15243	Arts Heal V	0.00219587167
7	Temperantian Standoff	Rare	15258	Night Vision V	0.00219587167
7	Temperantian Standoff	Rare	15268	Reflect Damage Up V	0.00219587167
7	Temperantian Standoff	Rare	15278	Opening Art V	0.00219587167
7	Temperantian Standoff	Rare	15283	Telepathy V	0.00219587167
7	Temperantian Standoff	Rare	15293	Affinity MAX Barrier V	0.00219587167
7	Temperantian Standoff	Rare	15298	Affinity MAX Atk V	0.00219587167
7	Temperantian Standoff	Rare	15313	Shoulder to Shoulder V	0.00219587167
7	Temperantian Standoff	Rare	15324	Specials Lv 1 Plus V	0.00219587167
7	Temperantian Standoff	Rare	15329	Specials Lv 2 Plus V	0.00219587167
7	Temperantian Standoff	Rare	15349	Jamming V	0.00219587167
7	Temperantian Standoff	Rare	333	Avant-Garde Medal (Legendary)	0.008783487
7	Temperantian Standoff	Rare	345	Ancient Banner (Legendary)	0.008783487
7	Temperantian Standoff	Rare	354	Bloody Orb (Legendary)	0.008783487
7	Temperantian Standoff	Rare	405	Critical Symbol (Legendary)	0.008783487
7	Temperantian Standoff	Rare	116	Resurrection Symbol (Legendary)	0.008783487
7	Temperantian Standoff	Rare	408	Sword Attachment (Legendary)	0.008783487
7	Temperantian Standoff	Rare	409	Scimitar Attachment (Legendary)	0.008783487
7	Temperantian Standoff	Rare	416	Scythe Attachment (Legendary)	0.008783487
7	Temperantian Standoff	Rare	431	Rebirth Amulet (Legendary)	0.008783487
7	Temperantian Standoff	Rare	432	Beta Scope (Legendary)	0.008783487
7	Temperantian Standoff	Rare	10046	Howardite Chip	0.00439174334
7	Temperantian Standoff	Rare	10047	Aubrite Chip	0.00439174334
7	Temperantian Standoff	Rare	10050	Axion Chip	0.00439174334
7	Temperantian Standoff	Rare	10051	Mirror Matter Chip	0.00439174334
7	Temperantian Standoff	Rare	15364	Ambush Boost VI	0.00219587167
7	Temperantian Standoff	Rare	15383	Launch Resist VI	0.00307422038
7	Temperantian Standoff	Rare	15384	Smash Resist VI	0.00307422038
7	Temperantian Standoff	Rare	15385	Blowdown Resist VI	0.00307422038
7	Temperantian Standoff	Rare	15386	Knockback Resist VI	0.00307422038
7	Temperantian Standoff	Rare	15396	Reflect Damage Up VI	0.00307422038
7	Temperantian Standoff	Rare	15397	Opening Art VI	0.00307422038
7	Temperantian Standoff	Rare	528	War God Banner (Common)	0.0131752305
7	Temperantian Standoff	Rare	537	Demon Orb (Common)	0.0131752305
7	Temperantian Standoff	Rare	549	Violent Stone (Common)	0.0131752305
7	Temperantian Standoff	Rare	564	Gargantuan Feather (Common)	0.0131752305
7	Temperantian Standoff	Rare	579	Noise Dampener (Common)	0.0131752305
7	Temperantian Standoff	Rare	529	War God Banner (Rare)	0.0131752305
7	Temperantian Standoff	Rare	538	Demon Orb (Rare)	0.0131752305
7	Temperantian Standoff	Rare	550	Violent Stone (Rare)	0.0131752305
7	Temperantian Standoff	Rare	565	Gargantuan Feather (Rare)	0.0131752305
7	Temperantian Standoff	Rare	580	Noise Dampener (Rare)	0.0131752305
7	Temperantian Standoff	Rare	530	War God Banner (Legendary)	0.0131752305
7	Temperantian Standoff	Rare	539	Demon Orb (Legendary)	0.0131752305
7	Temperantian Standoff	Rare	551	Violent Stone (Legendary)	0.0131752305
7	Temperantian Standoff	Rare	566	Gargantuan Feather (Legendary)	0.0131752305
7	Temperantian Standoff	Rare	581	Noise Dampener (Legendary)	0.0131752305
7	Temperantian Standoff	Rare	488	Terror Masque (Legendary)	0.0131752305
7	Temperantian Standoff	Rare	494	Envoy's Footgear (Legendary)	0.0131752305
7	Temperantian Standoff	Rare	15010	Physical Defense Up V	0.00219587167
7	Temperantian Standoff	Rare	15020	Block Rate Up V	0.00219587167
7	Temperantian Standoff	Rare	15066	Fusion Combo Up V	0.00219587167
7	Temperantian Standoff	Rare	15076	Reflect Immunity	0.00219587167
7	Temperantian Standoff	Rare	15091	Outdoor Attack Up V	0.00219587167
7	Temperantian Standoff	Rare	15153	Evasion Focus V	0.00219587167
7	Temperantian Standoff	Rare	15183	Break Resist V	0.00219587167
7	Temperantian Standoff	Rare	15198	Smash Resist V	0.00219587167
7	Temperantian Standoff	Rare	15208	Knockback Resist V	0.00219587167
7	Temperantian Standoff	Rare	15238	Arts Aggro Boost V	0.00219587167
7	Temperantian Standoff	Rare	15263	Sunlight Eye V	0.00219587167
7	Temperantian Standoff	Rare	15273	Range Boost Up V	0.00219587167
7	Temperantian Standoff	Rare	15288	Helping Hand V	0.00219587167
7	Temperantian Standoff	Rare	15308	Hunter's Chemistry V	0.00219587167
7	Temperantian Standoff	Rare	15318	Fast Blade Switch V	0.00219587167
7	Temperantian Standoff	Rare	15334	Specials Lv 3 Plus V	0.00219587167
7	Temperantian Standoff	Rare	15339	Specials Lv 4 Plus V	0.00219587167
7	Temperantian Standoff	Rare	15344	Affinity MAX Acc V	0.00219587167
7	Temperantian Standoff	Rare	300	Titanium Vest (Legendary)	0.008783487
7	Temperantian Standoff	Rare	303	Ceramic Belt (Legendary)	0.008783487
7	Temperantian Standoff	Rare	306	Fiber Hat (Legendary)	0.008783487
7	Temperantian Standoff	Rare	309	Carbon Gloves (Legendary)	0.008783487
7	Temperantian Standoff	Rare	312	Ester Shoes (Legendary)	0.008783487
7	Temperantian Standoff	Rare	315	Comet Choker (Legendary)	0.008783487
7	Temperantian Standoff	Rare	336	Optical Headband (Legendary)	0.008783487
7	Temperantian Standoff	Rare	342	Graphite Greaves (Legendary)	0.008783487
7	Temperantian Standoff	Rare	348	Jet Pauldrons (Legendary)	0.008783487
7	Temperantian Standoff	Rare	351	Hero Vambraces (Legendary)	0.008783487
7	Temperantian Standoff	Rare	357	Quantum Scarf (Legendary)	0.008783487
7	Temperantian Standoff	Rare	383	World Tree Ward (Legendary)	0.008783487
7	Temperantian Standoff	Rare	389	Holy Necklace (Legendary)	0.008783487
7	Temperantian Standoff	Rare	393	Round Table Medal (Legendary)	0.008783487
7	Temperantian Standoff	Rare	396	Nano-Metal Gauntlet (Legendary)	0.008783487
7	Temperantian Standoff	Rare	399	Hi-Tech Eyepatch (Legendary)	0.008783487
7	Temperantian Standoff	Rare	10056	Positron Chip	0.00439174334
7	Temperantian Standoff	Rare	15356	Beast Hunter VI	0.00219587167
7	Temperantian Standoff	Rare	15357	Insect Hunter VI	0.00219587167
7	Temperantian Standoff	Rare	15358	Aerial Hunter VI	0.00219587167
7	Temperantian Standoff	Rare	15359	Aquatic Hunter VI	0.00219587167
7	Temperantian Standoff	Rare	15360	Humanoid Hunter VI	0.00219587167
7	Temperantian Standoff	Rare	15361	Machine Hunter VI	0.00219587167
7	Temperantian Standoff	Rare	15362	Titan Hunter VI	0.00219587167
7	Temperantian Standoff	Rare	15382	Topple Resist VI	0.00219587167
7	Temperantian Standoff	Rare	15387	Auto-Attack Stealth VI	0.00219587167
7	Temperantian Standoff	Rare	15388	Aggro Boost VI	0.00219587167
7	Temperantian Standoff	Rare	15389	Arts Stealth VI	0.00219587167
7	Temperantian Standoff	Rare	15390	Arts Aggro Boost VI	0.00219587167
7	Temperantian Standoff	Rare	15394	Night Vision VI	0.00219587167
7	Temperantian Standoff	Rare	15395	Sunlight Eye VI	0.00219587167
7	Temperantian Standoff	Rare	15401	Specials Lv 1 Plus VI	0.00219587167
7	Temperantian Standoff	Rare	15402	Specials Lv 2 Plus VI	0.00219587167
7	Temperantian Standoff	Rare	15403	Specials Lv 3 Plus VI	0.00219587167
7	Temperantian Standoff	Rare	15404	Specials Lv 4 Plus VI	0.00219587167
7	Temperantian Standoff	Rare	465	Augmented Vision Kit (Common)	0.008783487
7	Temperantian Standoff	Rare	468	Charm Bangle (Common)	0.008783487
7	Temperantian Standoff	Rare	474	Seven-League Circlet (Common)	0.008783487
7	Temperantian Standoff	Rare	498	Twin Trunks Vest (Common)	0.008783487
7	Temperantian Standoff	Rare	507	Vivid Mitts (Common)	0.008783487
7	Temperantian Standoff	Rare	510	Dauntless Boots (Common)	0.008783487
7	Temperantian Standoff	Rare	513	Sunlight Choker (Common)	0.008783487
7	Temperantian Standoff	Rare	525	Staunch Boots (Common)	0.008783487
7	Temperantian Standoff	Rare	552	Enlightened Loincloth (Common)	0.008783487
7	Temperantian Standoff	Rare	555	Glamorous Swimsuit (Common)	0.008783487
7	Temperantian Standoff	Rare	558	Vanish Hood (Common)	0.008783487
7	Temperantian Standoff	Rare	561	Platinum Nopon Mask (Common)	0.008783487
7	Temperantian Standoff	Rare	573	Beatific Medal (Common)	0.008783487
7	Temperantian Standoff	Rare	466	Augmented Vision Kit (Rare)	0.008783487
7	Temperantian Standoff	Rare	469	Charm Bangle (Rare)	0.008783487
7	Temperantian Standoff	Rare	475	Seven-League Circlet (Rare)	0.008783487
7	Temperantian Standoff	Rare	499	Twin Trunks Vest (Rare)	0.008783487
7	Temperantian Standoff	Rare	508	Vivid Mitts (Rare)	0.008783487
7	Temperantian Standoff	Rare	511	Dauntless Boots (Rare)	0.008783487
7	Temperantian Standoff	Rare	514	Sunlight Choker (Rare)	0.008783487
7	Temperantian Standoff	Rare	526	Staunch Boots (Rare)	0.008783487
7	Temperantian Standoff	Rare	553	Enlightened Loincloth (Rare)	0.008783487
7	Temperantian Standoff	Rare	556	Glamorous Swimsuit (Rare)	0.008783487
7	Temperantian Standoff	Rare	559	Vanish Hood (Rare)	0.008783487
7	Temperantian Standoff	Rare	562	Platinum Nopon Mask (Rare)	0.008783487
7	Temperantian Standoff	Rare	574	Beatific Medal (Rare)	0.008783487
7	Temperantian Standoff	Rare	467	Augmented Vision Kit (Legendary)	0.008783487
7	Temperantian Standoff	Rare	470	Charm Bangle (Legendary)	0.008783487
7	Temperantian Standoff	Rare	476	Seven-League Circlet (Legendary)	0.008783487
7	Temperantian Standoff	Rare	500	Twin Trunks Vest (Legendary)	0.008783487
7	Temperantian Standoff	Rare	509	Vivid Mitts (Legendary)	0.008783487
7	Temperantian Standoff	Rare	512	Dauntless Boots (Legendary)	0.008783487
7	Temperantian Standoff	Rare	515	Sunlight Choker (Legendary)	0.008783487
7	Temperantian Standoff	Rare	527	Staunch Boots (Legendary)	0.008783487
7	Temperantian Standoff	Rare	554	Enlightened Loincloth (Legendary)	0.008783487
7	Temperantian Standoff	Rare	557	Glamorous Swimsuit (Legendary)	0.008783487
7	Temperantian Standoff	Rare	560	Vanish Hood (Legendary)	0.008783487
7	Temperantian Standoff	Rare	563	Platinum Nopon Mask (Legendary)	0.008783487
7	Temperantian Standoff	Rare	575	Beatific Medal (Legendary)	0.008783487
7	Temperantian Standoff	Legendary	15010	Physical Defense Up V	0.00245579565
7	Temperantian Standoff	Legendary	15020	Block Rate Up V	0.00245579565
7	Temperantian Standoff	Legendary	15066	Fusion Combo Up V	0.00245579565
7	Temperantian Standoff	Legendary	15076	Reflect Immunity	0.00245579565
7	Temperantian Standoff	Legendary	15091	Outdoor Attack Up V	0.00245579565
7	Temperantian Standoff	Legendary	15153	Evasion Focus V	0.00245579565
7	Temperantian Standoff	Legendary	15183	Break Resist V	0.00245579565
7	Temperantian Standoff	Legendary	15198	Smash Resist V	0.00245579565
7	Temperantian Standoff	Legendary	15208	Knockback Resist V	0.00245579565
7	Temperantian Standoff	Legendary	15238	Arts Aggro Boost V	0.00245579565
7	Temperantian Standoff	Legendary	15263	Sunlight Eye V	0.00245579565
7	Temperantian Standoff	Legendary	15273	Range Boost Up V	0.00245579565
7	Temperantian Standoff	Legendary	15288	Helping Hand V	0.00245579565
7	Temperantian Standoff	Legendary	15308	Hunter's Chemistry V	0.00245579565
7	Temperantian Standoff	Legendary	15318	Fast Blade Switch V	0.00245579565
7	Temperantian Standoff	Legendary	15334	Specials Lv 3 Plus V	0.00245579565
7	Temperantian Standoff	Legendary	15339	Specials Lv 4 Plus V	0.00245579565
7	Temperantian Standoff	Legendary	15344	Affinity MAX Acc V	0.00245579565
7	Temperantian Standoff	Legendary	300	Titanium Vest (Legendary)	0.009823183
7	Temperantian Standoff	Legendary	303	Ceramic Belt (Legendary)	0.009823183
7	Temperantian Standoff	Legendary	306	Fiber Hat (Legendary)	0.009823183
7	Temperantian Standoff	Legendary	309	Carbon Gloves (Legendary)	0.009823183
7	Temperantian Standoff	Legendary	312	Ester Shoes (Legendary)	0.009823183
7	Temperantian Standoff	Legendary	315	Comet Choker (Legendary)	0.009823183
7	Temperantian Standoff	Legendary	336	Optical Headband (Legendary)	0.009823183
7	Temperantian Standoff	Legendary	342	Graphite Greaves (Legendary)	0.009823183
7	Temperantian Standoff	Legendary	348	Jet Pauldrons (Legendary)	0.009823183
7	Temperantian Standoff	Legendary	351	Hero Vambraces (Legendary)	0.009823183
7	Temperantian Standoff	Legendary	357	Quantum Scarf (Legendary)	0.009823183
7	Temperantian Standoff	Legendary	383	World Tree Ward (Legendary)	0.009823183
7	Temperantian Standoff	Legendary	389	Holy Necklace (Legendary)	0.009823183
7	Temperantian Standoff	Legendary	393	Round Table Medal (Legendary)	0.009823183
7	Temperantian Standoff	Legendary	396	Nano-Metal Gauntlet (Legendary)	0.009823183
7	Temperantian Standoff	Legendary	399	Hi-Tech Eyepatch (Legendary)	0.009823183
7	Temperantian Standoff	Legendary	10056	Positron Chip	0.0049115913
7	Temperantian Standoff	Legendary	15356	Beast Hunter VI	0.00245579565
7	Temperantian Standoff	Legendary	15357	Insect Hunter VI	0.00245579565
7	Temperantian Standoff	Legendary	15358	Aerial Hunter VI	0.00245579565
7	Temperantian Standoff	Legendary	15359	Aquatic Hunter VI	0.00245579565
7	Temperantian Standoff	Legendary	15360	Humanoid Hunter VI	0.00245579565
7	Temperantian Standoff	Legendary	15361	Machine Hunter VI	0.00245579565
7	Temperantian Standoff	Legendary	15362	Titan Hunter VI	0.00245579565
7	Temperantian Standoff	Legendary	15382	Topple Resist VI	0.00245579565
7	Temperantian Standoff	Legendary	15387	Auto-Attack Stealth VI	0.00245579565
7	Temperantian Standoff	Legendary	15388	Aggro Boost VI	0.00245579565
7	Temperantian Standoff	Legendary	15389	Arts Stealth VI	0.00245579565
7	Temperantian Standoff	Legendary	15390	Arts Aggro Boost VI	0.00245579565
7	Temperantian Standoff	Legendary	15394	Night Vision VI	0.00245579565
7	Temperantian Standoff	Legendary	15395	Sunlight Eye VI	0.00245579565
7	Temperantian Standoff	Legendary	15401	Specials Lv 1 Plus VI	0.00245579565
7	Temperantian Standoff	Legendary	15402	Specials Lv 2 Plus VI	0.00245579565
7	Temperantian Standoff	Legendary	15403	Specials Lv 3 Plus VI	0.00245579565
7	Temperantian Standoff	Legendary	15404	Specials Lv 4 Plus VI	0.00245579565
7	Temperantian Standoff	Legendary	465	Augmented Vision Kit (Common)	0.009823183
7	Temperantian Standoff	Legendary	468	Charm Bangle (Common)	0.009823183
7	Temperantian Standoff	Legendary	474	Seven-League Circlet (Common)	0.009823183
7	Temperantian Standoff	Legendary	498	Twin Trunks Vest (Common)	0.009823183
7	Temperantian Standoff	Legendary	507	Vivid Mitts (Common)	0.009823183
7	Temperantian Standoff	Legendary	510	Dauntless Boots (Common)	0.009823183
7	Temperantian Standoff	Legendary	513	Sunlight Choker (Common)	0.009823183
7	Temperantian Standoff	Legendary	525	Staunch Boots (Common)	0.009823183
7	Temperantian Standoff	Legendary	552	Enlightened Loincloth (Common)	0.009823183
7	Temperantian Standoff	Legendary	555	Glamorous Swimsuit (Common)	0.009823183
7	Temperantian Standoff	Legendary	558	Vanish Hood (Common)	0.009823183
7	Temperantian Standoff	Legendary	561	Platinum Nopon Mask (Common)	0.009823183
7	Temperantian Standoff	Legendary	573	Beatific Medal (Common)	0.009823183
7	Temperantian Standoff	Legendary	466	Augmented Vision Kit (Rare)	0.009823183
7	Temperantian Standoff	Legendary	469	Charm Bangle (Rare)	0.009823183
7	Temperantian Standoff	Legendary	475	Seven-League Circlet (Rare)	0.009823183
7	Temperantian Standoff	Legendary	499	Twin Trunks Vest (Rare)	0.009823183
7	Temperantian Standoff	Legendary	508	Vivid Mitts (Rare)	0.009823183
7	Temperantian Standoff	Legendary	511	Dauntless Boots (Rare)	0.009823183
7	Temperantian Standoff	Legendary	514	Sunlight Choker (Rare)	0.009823183
7	Temperantian Standoff	Legendary	526	Staunch Boots (Rare)	0.009823183
7	Temperantian Standoff	Legendary	553	Enlightened Loincloth (Rare)	0.009823183
7	Temperantian Standoff	Legendary	556	Glamorous Swimsuit (Rare)	0.009823183
7	Temperantian Standoff	Legendary	559	Vanish Hood (Rare)	0.009823183
7	Temperantian Standoff	Legendary	562	Platinum Nopon Mask (Rare)	0.009823183
7	Temperantian Standoff	Legendary	574	Beatific Medal (Rare)	0.009823183
7	Temperantian Standoff	Legendary	467	Augmented Vision Kit (Legendary)	0.009823183
7	Temperantian Standoff	Legendary	470	Charm Bangle (Legendary)	0.009823183
7	Temperantian Standoff	Legendary	476	Seven-League Circlet (Legendary)	0.009823183
7	Temperantian Standoff	Legendary	500	Twin Trunks Vest (Legendary)	0.009823183
7	Temperantian Standoff	Legendary	509	Vivid Mitts (Legendary)	0.009823183
7	Temperantian Standoff	Legendary	512	Dauntless Boots (Legendary)	0.009823183
7	Temperantian Standoff	Legendary	515	Sunlight Choker (Legendary)	0.009823183
7	Temperantian Standoff	Legendary	527	Staunch Boots (Legendary)	0.009823183
7	Temperantian Standoff	Legendary	554	Enlightened Loincloth (Legendary)	0.009823183
7	Temperantian Standoff	Legendary	557	Glamorous Swimsuit (Legendary)	0.009823183
7	Temperantian Standoff	Legendary	560	Vanish Hood (Legendary)	0.009823183
7	Temperantian Standoff	Legendary	563	Platinum Nopon Mask (Legendary)	0.009823183
7	Temperantian Standoff	Legendary	575	Beatific Medal (Legendary)	0.009823183
7	Temperantian Standoff	Legendary	15005	Critical Up V	0.00245579565
7	Temperantian Standoff	Legendary	15015	Ether Defense Up V	0.00245579565
7	Temperantian Standoff	Legendary	15060	Blade Combo Boost V	0.00245579565
7	Temperantian Standoff	Legendary	15158	Swift Evasion V	0.00245579565
7	Temperantian Standoff	Legendary	15168	Endurance V	0.00245579565
7	Temperantian Standoff	Legendary	15233	Arts Stealth V	0.00245579565
7	Temperantian Standoff	Legendary	15248	Movement Heal V	0.00245579565
7	Temperantian Standoff	Legendary	15253	Damage Heal V	0.00245579565
7	Temperantian Standoff	Legendary	15303	Affinity MAX Evade V	0.00245579565
7	Temperantian Standoff	Legendary	10057	Hadron Chip	0.0049115913
7	Temperantian Standoff	Legendary	15353	Physical Defense Up VI	0.00245579565
7	Temperantian Standoff	Legendary	15354	Ether Defense Up VI	0.00245579565
7	Temperantian Standoff	Legendary	15368	Fire Def Up VI	0.003438114
7	Temperantian Standoff	Legendary	15369	Water Def Up VI	0.003438114
7	Temperantian Standoff	Legendary	15370	Wind Def Up VI	0.003438114
7	Temperantian Standoff	Legendary	15371	Earth Def Up VI	0.003438114
7	Temperantian Standoff	Legendary	15372	Electric Def Up VI	0.003438114
7	Temperantian Standoff	Legendary	15373	Ice Def Up VI	0.003438114
7	Temperantian Standoff	Legendary	15374	Light Def Up VI	0.003438114
7	Temperantian Standoff	Legendary	15375	Dark Def Up VI	0.003438114
7	Temperantian Standoff	Legendary	15381	Break Resist VI	0.0049115913
7	Temperantian Standoff	Legendary	15405	Affinity MAX Acc VI	0.00245579565
7	Temperantian Standoff	Legendary	456	Consul Greaves (Common)	0.009823183
7	Temperantian Standoff	Legendary	489	Abyss Masque (Common)	0.009823183
7	Temperantian Standoff	Legendary	495	Survivor's Footgear (Common)	0.009823183
7	Temperantian Standoff	Legendary	501	Beast-Hide Vest (Common)	0.009823183
7	Temperantian Standoff	Legendary	504	Prairie Cap (Common)	0.009823183
7	Temperantian Standoff	Legendary	519	Crimson Headband (Common)	0.009823183
7	Temperantian Standoff	Legendary	531	Consul Pauldrons (Common)	0.009823183
7	Temperantian Standoff	Legendary	534	Divine Vambraces (Common)	0.009823183
7	Temperantian Standoff	Legendary	540	Tachyon Scarf (Common)	0.009823183
7	Temperantian Standoff	Legendary	576	Carbon Gauntlet (Common)	0.009823183
7	Temperantian Standoff	Legendary	457	Consul Greaves (Rare)	0.009823183
7	Temperantian Standoff	Legendary	490	Abyss Masque (Rare)	0.009823183
7	Temperantian Standoff	Legendary	496	Survivor's Footgear (Rare)	0.009823183
7	Temperantian Standoff	Legendary	502	Beast-Hide Vest (Rare)	0.009823183
7	Temperantian Standoff	Legendary	505	Prairie Cap (Rare)	0.009823183
7	Temperantian Standoff	Legendary	520	Crimson Headband (Rare)	0.009823183
7	Temperantian Standoff	Legendary	532	Consul Pauldrons (Rare)	0.009823183
7	Temperantian Standoff	Legendary	535	Divine Vambraces (Rare)	0.009823183
7	Temperantian Standoff	Legendary	541	Tachyon Scarf (Rare)	0.009823183
7	Temperantian Standoff	Legendary	577	Carbon Gauntlet (Rare)	0.009823183
7	Temperantian Standoff	Legendary	458	Consul Greaves (Legendary)	0.009823183
7	Temperantian Standoff	Legendary	491	Abyss Masque (Legendary)	0.009823183
7	Temperantian Standoff	Legendary	497	Survivor's Footgear (Legendary)	0.009823183
7	Temperantian Standoff	Legendary	503	Beast-Hide Vest (Legendary)	0.009823183
7	Temperantian Standoff	Legendary	506	Prairie Cap (Legendary)	0.009823183
7	Temperantian Standoff	Legendary	521	Crimson Headband (Legendary)	0.009823183
7	Temperantian Standoff	Legendary	533	Consul Pauldrons (Legendary)	0.009823183
7	Temperantian Standoff	Legendary	536	Divine Vambraces (Legendary)	0.009823183
7	Temperantian Standoff	Legendary	542	Tachyon Scarf (Legendary)	0.009823183
7	Temperantian Standoff	Legendary	578	Carbon Gauntlet (Legendary)	0.009823183
7	Temperantian Standoff	Legendary	25406	Intermediate Weaponry	0.0049115913
8	Dread Contagion	Common	15030	Insect Hunter V	0.0147601478
8	Dread Contagion	Common	15040	Aquatic Hunter V	0.0147601478
8	Dread Contagion	Common	15025	Beast Hunter V	0.0147601478
8	Dread Contagion	Common	15035	Aerial Hunter V	0.0147601478
8	Dread Contagion	Common	15045	Humanoid Hunter V	0.0147601478
8	Dread Contagion	Common	15055	Titan Hunter V	0.0147601478
8	Dread Contagion	Common	15050	Machine Hunter V	0.0147601478
8	Dread Contagion	Common	15071	Ambush Boost V	0.0147601478
8	Dread Contagion	Common	15081	Aggro Attack Up V	0.0147601478
8	Dread Contagion	Common	15086	Indoor Attack Up V	0.0147601478
8	Dread Contagion	Common	15096	Fire Def Up V	0.0147601478
8	Dread Contagion	Common	15101	Water Def Up V	0.0147601478
8	Dread Contagion	Common	15106	Earth Def Up V	0.0147601478
8	Dread Contagion	Common	15111	Wind Def Up V	0.0147601478
8	Dread Contagion	Common	15116	Electric Def Up V	0.0147601478
8	Dread Contagion	Common	15121	Ice Def Up V	0.0147601478
8	Dread Contagion	Common	15126	Dark Def Up V	0.0147601478
8	Dread Contagion	Common	15131	Light Def Up V	0.0147601478
8	Dread Contagion	Common	15163	Emergency Guard V	0.0147601478
8	Dread Contagion	Common	15173	HP Attack Boost V	0.0147601478
8	Dread Contagion	Common	15178	Spike Defense V	0.0147601478
8	Dread Contagion	Common	15188	Topple Resist V	0.0147601478
8	Dread Contagion	Common	15193	Launch Resist V	0.0147601478
8	Dread Contagion	Common	15203	Blowdown Resist V	0.0147601478
8	Dread Contagion	Common	15218	Shackle Blade Resist V	0.0147601478
8	Dread Contagion	Common	15223	Auto-Attack Stealth V	0.0147601478
8	Dread Contagion	Common	15228	Aggro Boost V	0.0147601478
8	Dread Contagion	Common	15243	Arts Heal V	0.0147601478
8	Dread Contagion	Common	15258	Night Vision V	0.0147601478
8	Dread Contagion	Common	15268	Reflect Damage Up V	0.0147601478
8	Dread Contagion	Common	15278	Opening Art V	0.0147601478
8	Dread Contagion	Common	15283	Telepathy V	0.0147601478
8	Dread Contagion	Common	15293	Affinity MAX Barrier V	0.0147601478
8	Dread Contagion	Common	15298	Affinity MAX Atk V	0.0147601478
8	Dread Contagion	Common	15313	Shoulder to Shoulder V	0.0147601478
8	Dread Contagion	Common	15324	Specials Lv 1 Plus V	0.0147601478
8	Dread Contagion	Common	15329	Specials Lv 2 Plus V	0.0147601478
8	Dread Contagion	Common	15349	Jamming V	0.0147601478
8	Dread Contagion	Common	333	Avant-Garde Medal (Legendary)	0.007380074
8	Dread Contagion	Common	345	Ancient Banner (Legendary)	0.007380074
8	Dread Contagion	Common	354	Bloody Orb (Legendary)	0.007380074
8	Dread Contagion	Common	405	Critical Symbol (Legendary)	0.007380074
8	Dread Contagion	Common	116	Resurrection Symbol (Legendary)	0.007380074
8	Dread Contagion	Common	408	Sword Attachment (Legendary)	0.007380074
8	Dread Contagion	Common	409	Scimitar Attachment (Legendary)	0.007380074
8	Dread Contagion	Common	416	Scythe Attachment (Legendary)	0.007380074
8	Dread Contagion	Common	431	Rebirth Amulet (Legendary)	0.007380074
8	Dread Contagion	Common	432	Beta Scope (Legendary)	0.007380074
8	Dread Contagion	Common	10046	Howardite Chip	0.007380074
8	Dread Contagion	Common	10047	Aubrite Chip	0.007380074
8	Dread Contagion	Common	10050	Axion Chip	0.007380074
8	Dread Contagion	Common	10051	Mirror Matter Chip	0.007380074
8	Dread Contagion	Common	15364	Ambush Boost VI	0.0147601478
8	Dread Contagion	Common	15383	Launch Resist VI	0.0221402217
8	Dread Contagion	Common	15384	Smash Resist VI	0.0221402217
8	Dread Contagion	Common	15385	Blowdown Resist VI	0.0221402217
8	Dread Contagion	Common	15386	Knockback Resist VI	0.0221402217
8	Dread Contagion	Common	15396	Reflect Damage Up VI	0.0221402217
8	Dread Contagion	Common	15397	Opening Art VI	0.0221402217
8	Dread Contagion	Common	528	War God Banner (Common)	0.0110701108
8	Dread Contagion	Common	537	Demon Orb (Common)	0.0110701108
8	Dread Contagion	Common	549	Violent Stone (Common)	0.0110701108
8	Dread Contagion	Common	564	Gargantuan Feather (Common)	0.0110701108
8	Dread Contagion	Common	579	Noise Dampener (Common)	0.0110701108
8	Dread Contagion	Common	529	War God Banner (Rare)	0.0110701108
8	Dread Contagion	Common	538	Demon Orb (Rare)	0.0110701108
8	Dread Contagion	Common	550	Violent Stone (Rare)	0.0110701108
8	Dread Contagion	Common	565	Gargantuan Feather (Rare)	0.0110701108
8	Dread Contagion	Common	580	Noise Dampener (Rare)	0.0110701108
8	Dread Contagion	Common	530	War God Banner (Legendary)	0.0110701108
8	Dread Contagion	Common	539	Demon Orb (Legendary)	0.0110701108
8	Dread Contagion	Common	551	Violent Stone (Legendary)	0.0110701108
8	Dread Contagion	Common	566	Gargantuan Feather (Legendary)	0.0110701108
8	Dread Contagion	Common	581	Noise Dampener (Legendary)	0.0110701108
8	Dread Contagion	Common	488	Terror Masque (Legendary)	0.0110701108
8	Dread Contagion	Common	494	Envoy's Footgear (Legendary)	0.0110701108
8	Dread Contagion	Rare	15030	Insect Hunter V	0.007561437
8	Dread Contagion	Rare	15040	Aquatic Hunter V	0.007561437
8	Dread Contagion	Rare	15025	Beast Hunter V	0.007561437
8	Dread Contagion	Rare	15035	Aerial Hunter V	0.007561437
8	Dread Contagion	Rare	15045	Humanoid Hunter V	0.007561437
8	Dread Contagion	Rare	15055	Titan Hunter V	0.007561437
8	Dread Contagion	Rare	15050	Machine Hunter V	0.007561437
8	Dread Contagion	Rare	15071	Ambush Boost V	0.007561437
8	Dread Contagion	Rare	15081	Aggro Attack Up V	0.007561437
8	Dread Contagion	Rare	15086	Indoor Attack Up V	0.007561437
8	Dread Contagion	Rare	15096	Fire Def Up V	0.007561437
8	Dread Contagion	Rare	15101	Water Def Up V	0.007561437
8	Dread Contagion	Rare	15106	Earth Def Up V	0.007561437
8	Dread Contagion	Rare	15111	Wind Def Up V	0.007561437
8	Dread Contagion	Rare	15116	Electric Def Up V	0.007561437
8	Dread Contagion	Rare	15121	Ice Def Up V	0.007561437
8	Dread Contagion	Rare	15126	Dark Def Up V	0.007561437
8	Dread Contagion	Rare	15131	Light Def Up V	0.007561437
8	Dread Contagion	Rare	15163	Emergency Guard V	0.007561437
8	Dread Contagion	Rare	15173	HP Attack Boost V	0.007561437
8	Dread Contagion	Rare	15178	Spike Defense V	0.007561437
8	Dread Contagion	Rare	15188	Topple Resist V	0.007561437
8	Dread Contagion	Rare	15193	Launch Resist V	0.007561437
8	Dread Contagion	Rare	15203	Blowdown Resist V	0.007561437
8	Dread Contagion	Rare	15218	Shackle Blade Resist V	0.007561437
8	Dread Contagion	Rare	15223	Auto-Attack Stealth V	0.007561437
8	Dread Contagion	Rare	15228	Aggro Boost V	0.007561437
8	Dread Contagion	Rare	15243	Arts Heal V	0.007561437
8	Dread Contagion	Rare	15258	Night Vision V	0.007561437
8	Dread Contagion	Rare	15268	Reflect Damage Up V	0.007561437
8	Dread Contagion	Rare	15278	Opening Art V	0.007561437
8	Dread Contagion	Rare	15283	Telepathy V	0.007561437
8	Dread Contagion	Rare	15293	Affinity MAX Barrier V	0.007561437
8	Dread Contagion	Rare	15298	Affinity MAX Atk V	0.007561437
8	Dread Contagion	Rare	15313	Shoulder to Shoulder V	0.007561437
8	Dread Contagion	Rare	15324	Specials Lv 1 Plus V	0.007561437
8	Dread Contagion	Rare	15329	Specials Lv 2 Plus V	0.007561437
8	Dread Contagion	Rare	15349	Jamming V	0.007561437
8	Dread Contagion	Rare	333	Avant-Garde Medal (Legendary)	0.00378071843
8	Dread Contagion	Rare	345	Ancient Banner (Legendary)	0.00378071843
8	Dread Contagion	Rare	354	Bloody Orb (Legendary)	0.00378071843
8	Dread Contagion	Rare	405	Critical Symbol (Legendary)	0.00378071843
8	Dread Contagion	Rare	116	Resurrection Symbol (Legendary)	0.00378071843
8	Dread Contagion	Rare	408	Sword Attachment (Legendary)	0.00378071843
8	Dread Contagion	Rare	409	Scimitar Attachment (Legendary)	0.00378071843
8	Dread Contagion	Rare	416	Scythe Attachment (Legendary)	0.00378071843
8	Dread Contagion	Rare	431	Rebirth Amulet (Legendary)	0.00378071843
8	Dread Contagion	Rare	432	Beta Scope (Legendary)	0.00378071843
8	Dread Contagion	Rare	10046	Howardite Chip	0.00378071843
8	Dread Contagion	Rare	10047	Aubrite Chip	0.00378071843
8	Dread Contagion	Rare	10050	Axion Chip	0.00378071843
8	Dread Contagion	Rare	10051	Mirror Matter Chip	0.00378071843
8	Dread Contagion	Rare	15364	Ambush Boost VI	0.007561437
8	Dread Contagion	Rare	15383	Launch Resist VI	0.0113421548
8	Dread Contagion	Rare	15384	Smash Resist VI	0.0113421548
8	Dread Contagion	Rare	15385	Blowdown Resist VI	0.0113421548
8	Dread Contagion	Rare	15386	Knockback Resist VI	0.0113421548
8	Dread Contagion	Rare	15396	Reflect Damage Up VI	0.0113421548
8	Dread Contagion	Rare	15397	Opening Art VI	0.0113421548
8	Dread Contagion	Rare	528	War God Banner (Common)	0.00567107741
8	Dread Contagion	Rare	537	Demon Orb (Common)	0.00567107741
8	Dread Contagion	Rare	549	Violent Stone (Common)	0.00567107741
8	Dread Contagion	Rare	564	Gargantuan Feather (Common)	0.00567107741
8	Dread Contagion	Rare	579	Noise Dampener (Common)	0.00567107741
8	Dread Contagion	Rare	529	War God Banner (Rare)	0.00567107741
8	Dread Contagion	Rare	538	Demon Orb (Rare)	0.00567107741
8	Dread Contagion	Rare	550	Violent Stone (Rare)	0.00567107741
8	Dread Contagion	Rare	565	Gargantuan Feather (Rare)	0.00567107741
8	Dread Contagion	Rare	580	Noise Dampener (Rare)	0.00567107741
8	Dread Contagion	Rare	530	War God Banner (Legendary)	0.00567107741
8	Dread Contagion	Rare	539	Demon Orb (Legendary)	0.00567107741
8	Dread Contagion	Rare	551	Violent Stone (Legendary)	0.00567107741
8	Dread Contagion	Rare	566	Gargantuan Feather (Legendary)	0.00567107741
8	Dread Contagion	Rare	581	Noise Dampener (Legendary)	0.00567107741
8	Dread Contagion	Rare	488	Terror Masque (Legendary)	0.00567107741
8	Dread Contagion	Rare	494	Envoy's Footgear (Legendary)	0.00567107741
8	Dread Contagion	Rare	15010	Physical Defense Up V	0.007561437
8	Dread Contagion	Rare	15020	Block Rate Up V	0.007561437
8	Dread Contagion	Rare	15066	Fusion Combo Up V	0.007561437
8	Dread Contagion	Rare	15076	Reflect Immunity	0.007561437
8	Dread Contagion	Rare	15091	Outdoor Attack Up V	0.007561437
8	Dread Contagion	Rare	15153	Evasion Focus V	0.007561437
8	Dread Contagion	Rare	15183	Break Resist V	0.007561437
8	Dread Contagion	Rare	15198	Smash Resist V	0.007561437
8	Dread Contagion	Rare	15208	Knockback Resist V	0.007561437
8	Dread Contagion	Rare	15238	Arts Aggro Boost V	0.007561437
8	Dread Contagion	Rare	15263	Sunlight Eye V	0.007561437
8	Dread Contagion	Rare	15273	Range Boost Up V	0.007561437
8	Dread Contagion	Rare	15288	Helping Hand V	0.007561437
8	Dread Contagion	Rare	15308	Hunter's Chemistry V	0.007561437
8	Dread Contagion	Rare	15318	Fast Blade Switch V	0.007561437
8	Dread Contagion	Rare	15334	Specials Lv 3 Plus V	0.007561437
8	Dread Contagion	Rare	15339	Specials Lv 4 Plus V	0.007561437
8	Dread Contagion	Rare	15344	Affinity MAX Acc V	0.007561437
8	Dread Contagion	Rare	300	Titanium Vest (Legendary)	0.00378071843
8	Dread Contagion	Rare	303	Ceramic Belt (Legendary)	0.00378071843
8	Dread Contagion	Rare	306	Fiber Hat (Legendary)	0.00378071843
8	Dread Contagion	Rare	309	Carbon Gloves (Legendary)	0.00378071843
8	Dread Contagion	Rare	312	Ester Shoes (Legendary)	0.00378071843
8	Dread Contagion	Rare	315	Comet Choker (Legendary)	0.00378071843
8	Dread Contagion	Rare	336	Optical Headband (Legendary)	0.00378071843
8	Dread Contagion	Rare	342	Graphite Greaves (Legendary)	0.00378071843
8	Dread Contagion	Rare	348	Jet Pauldrons (Legendary)	0.00378071843
8	Dread Contagion	Rare	351	Hero Vambraces (Legendary)	0.00378071843
8	Dread Contagion	Rare	357	Quantum Scarf (Legendary)	0.00378071843
8	Dread Contagion	Rare	383	World Tree Ward (Legendary)	0.00378071843
8	Dread Contagion	Rare	389	Holy Necklace (Legendary)	0.00378071843
8	Dread Contagion	Rare	393	Round Table Medal (Legendary)	0.00378071843
8	Dread Contagion	Rare	396	Nano-Metal Gauntlet (Legendary)	0.00378071843
8	Dread Contagion	Rare	399	Hi-Tech Eyepatch (Legendary)	0.00378071843
8	Dread Contagion	Rare	10056	Positron Chip	0.00378071843
8	Dread Contagion	Rare	15356	Beast Hunter VI	0.007561437
8	Dread Contagion	Rare	15357	Insect Hunter VI	0.007561437
8	Dread Contagion	Rare	15358	Aerial Hunter VI	0.007561437
8	Dread Contagion	Rare	15359	Aquatic Hunter VI	0.007561437
8	Dread Contagion	Rare	15360	Humanoid Hunter VI	0.007561437
8	Dread Contagion	Rare	15361	Machine Hunter VI	0.007561437
8	Dread Contagion	Rare	15362	Titan Hunter VI	0.007561437
8	Dread Contagion	Rare	15382	Topple Resist VI	0.007561437
8	Dread Contagion	Rare	15387	Auto-Attack Stealth VI	0.007561437
8	Dread Contagion	Rare	15388	Aggro Boost VI	0.007561437
8	Dread Contagion	Rare	15389	Arts Stealth VI	0.007561437
8	Dread Contagion	Rare	15390	Arts Aggro Boost VI	0.007561437
8	Dread Contagion	Rare	15394	Night Vision VI	0.007561437
8	Dread Contagion	Rare	15395	Sunlight Eye VI	0.007561437
8	Dread Contagion	Rare	15401	Specials Lv 1 Plus VI	0.007561437
8	Dread Contagion	Rare	15402	Specials Lv 2 Plus VI	0.007561437
8	Dread Contagion	Rare	15403	Specials Lv 3 Plus VI	0.007561437
8	Dread Contagion	Rare	15404	Specials Lv 4 Plus VI	0.007561437
8	Dread Contagion	Rare	465	Augmented Vision Kit (Common)	0.00378071843
8	Dread Contagion	Rare	468	Charm Bangle (Common)	0.00378071843
8	Dread Contagion	Rare	474	Seven-League Circlet (Common)	0.007561437
8	Dread Contagion	Rare	498	Twin Trunks Vest (Common)	0.00378071843
8	Dread Contagion	Rare	507	Vivid Mitts (Common)	0.00378071843
8	Dread Contagion	Rare	510	Dauntless Boots (Common)	0.00378071843
8	Dread Contagion	Rare	513	Sunlight Choker (Common)	0.00378071843
8	Dread Contagion	Rare	525	Staunch Boots (Common)	0.00378071843
8	Dread Contagion	Rare	552	Enlightened Loincloth (Common)	0.00378071843
8	Dread Contagion	Rare	555	Glamorous Swimsuit (Common)	0.00378071843
8	Dread Contagion	Rare	558	Vanish Hood (Common)	0.00378071843
8	Dread Contagion	Rare	561	Platinum Nopon Mask (Common)	0.00378071843
8	Dread Contagion	Rare	573	Beatific Medal (Common)	0.00378071843
8	Dread Contagion	Rare	466	Augmented Vision Kit (Rare)	0.00378071843
8	Dread Contagion	Rare	469	Charm Bangle (Rare)	0.00378071843
8	Dread Contagion	Rare	475	Seven-League Circlet (Rare)	0.00378071843
8	Dread Contagion	Rare	499	Twin Trunks Vest (Rare)	0.00378071843
8	Dread Contagion	Rare	508	Vivid Mitts (Rare)	0.00378071843
8	Dread Contagion	Rare	511	Dauntless Boots (Rare)	0.00378071843
8	Dread Contagion	Rare	514	Sunlight Choker (Rare)	0.00378071843
8	Dread Contagion	Rare	526	Staunch Boots (Rare)	0.00378071843
8	Dread Contagion	Rare	553	Enlightened Loincloth (Rare)	0.00378071843
8	Dread Contagion	Rare	556	Glamorous Swimsuit (Rare)	0.00378071843
8	Dread Contagion	Rare	559	Vanish Hood (Rare)	0.00378071843
8	Dread Contagion	Rare	562	Platinum Nopon Mask (Rare)	0.00378071843
8	Dread Contagion	Rare	574	Beatific Medal (Rare)	0.00378071843
8	Dread Contagion	Rare	467	Augmented Vision Kit (Legendary)	0.00378071843
8	Dread Contagion	Rare	470	Charm Bangle (Legendary)	0.00378071843
8	Dread Contagion	Rare	476	Seven-League Circlet (Legendary)	0.00378071843
8	Dread Contagion	Rare	500	Twin Trunks Vest (Legendary)	0.00378071843
8	Dread Contagion	Rare	509	Vivid Mitts (Legendary)	0.00378071843
8	Dread Contagion	Rare	512	Dauntless Boots (Legendary)	0.00378071843
8	Dread Contagion	Rare	515	Sunlight Choker (Legendary)	0.00378071843
8	Dread Contagion	Rare	527	Staunch Boots (Legendary)	0.00378071843
8	Dread Contagion	Rare	554	Enlightened Loincloth (Legendary)	0.00378071843
8	Dread Contagion	Rare	557	Glamorous Swimsuit (Legendary)	0.00378071843
8	Dread Contagion	Rare	560	Vanish Hood (Legendary)	0.00378071843
8	Dread Contagion	Rare	563	Platinum Nopon Mask (Legendary)	0.00378071843
8	Dread Contagion	Rare	575	Beatific Medal (Legendary)	0.00378071843
8	Dread Contagion	Legendary	15010	Physical Defense Up V	0.009478673
8	Dread Contagion	Legendary	15020	Block Rate Up V	0.009478673
8	Dread Contagion	Legendary	15066	Fusion Combo Up V	0.009478673
8	Dread Contagion	Legendary	15076	Reflect Immunity	0.009478673
8	Dread Contagion	Legendary	15091	Outdoor Attack Up V	0.009478673
8	Dread Contagion	Legendary	15153	Evasion Focus V	0.009478673
8	Dread Contagion	Legendary	15183	Break Resist V	0.009478673
8	Dread Contagion	Legendary	15198	Smash Resist V	0.009478673
8	Dread Contagion	Legendary	15208	Knockback Resist V	0.009478673
8	Dread Contagion	Legendary	15238	Arts Aggro Boost V	0.009478673
8	Dread Contagion	Legendary	15263	Sunlight Eye V	0.009478673
8	Dread Contagion	Legendary	15273	Range Boost Up V	0.009478673
8	Dread Contagion	Legendary	15288	Helping Hand V	0.009478673
8	Dread Contagion	Legendary	15308	Hunter's Chemistry V	0.009478673
8	Dread Contagion	Legendary	15318	Fast Blade Switch V	0.009478673
8	Dread Contagion	Legendary	15334	Specials Lv 3 Plus V	0.009478673
8	Dread Contagion	Legendary	15339	Specials Lv 4 Plus V	0.009478673
8	Dread Contagion	Legendary	15344	Affinity MAX Acc V	0.009478673
8	Dread Contagion	Legendary	300	Titanium Vest (Legendary)	0.00473933667
8	Dread Contagion	Legendary	303	Ceramic Belt (Legendary)	0.00473933667
8	Dread Contagion	Legendary	306	Fiber Hat (Legendary)	0.00473933667
8	Dread Contagion	Legendary	309	Carbon Gloves (Legendary)	0.00473933667
8	Dread Contagion	Legendary	312	Ester Shoes (Legendary)	0.00473933667
8	Dread Contagion	Legendary	315	Comet Choker (Legendary)	0.00473933667
8	Dread Contagion	Legendary	336	Optical Headband (Legendary)	0.00473933667
8	Dread Contagion	Legendary	342	Graphite Greaves (Legendary)	0.00473933667
8	Dread Contagion	Legendary	348	Jet Pauldrons (Legendary)	0.00473933667
8	Dread Contagion	Legendary	351	Hero Vambraces (Legendary)	0.00473933667
8	Dread Contagion	Legendary	357	Quantum Scarf (Legendary)	0.00473933667
8	Dread Contagion	Legendary	383	World Tree Ward (Legendary)	0.00473933667
8	Dread Contagion	Legendary	389	Holy Necklace (Legendary)	0.00473933667
8	Dread Contagion	Legendary	393	Round Table Medal (Legendary)	0.00473933667
8	Dread Contagion	Legendary	396	Nano-Metal Gauntlet (Legendary)	0.00473933667
8	Dread Contagion	Legendary	399	Hi-Tech Eyepatch (Legendary)	0.00473933667
8	Dread Contagion	Legendary	10056	Positron Chip	0.00473933667
8	Dread Contagion	Legendary	15356	Beast Hunter VI	0.009478673
8	Dread Contagion	Legendary	15357	Insect Hunter VI	0.009478673
8	Dread Contagion	Legendary	15358	Aerial Hunter VI	0.009478673
8	Dread Contagion	Legendary	15359	Aquatic Hunter VI	0.009478673
8	Dread Contagion	Legendary	15360	Humanoid Hunter VI	0.009478673
8	Dread Contagion	Legendary	15361	Machine Hunter VI	0.009478673
8	Dread Contagion	Legendary	15362	Titan Hunter VI	0.009478673
8	Dread Contagion	Legendary	15382	Topple Resist VI	0.009478673
8	Dread Contagion	Legendary	15387	Auto-Attack Stealth VI	0.009478673
8	Dread Contagion	Legendary	15388	Aggro Boost VI	0.009478673
8	Dread Contagion	Legendary	15389	Arts Stealth VI	0.009478673
8	Dread Contagion	Legendary	15390	Arts Aggro Boost VI	0.009478673
8	Dread Contagion	Legendary	15394	Night Vision VI	0.009478673
8	Dread Contagion	Legendary	15395	Sunlight Eye VI	0.009478673
8	Dread Contagion	Legendary	15401	Specials Lv 1 Plus VI	0.009478673
8	Dread Contagion	Legendary	15402	Specials Lv 2 Plus VI	0.009478673
8	Dread Contagion	Legendary	15403	Specials Lv 3 Plus VI	0.009478673
8	Dread Contagion	Legendary	15404	Specials Lv 4 Plus VI	0.009478673
8	Dread Contagion	Legendary	465	Augmented Vision Kit (Common)	0.00473933667
8	Dread Contagion	Legendary	468	Charm Bangle (Common)	0.00473933667
8	Dread Contagion	Legendary	474	Seven-League Circlet (Common)	0.00473933667
8	Dread Contagion	Legendary	498	Twin Trunks Vest (Common)	0.00473933667
8	Dread Contagion	Legendary	507	Vivid Mitts (Common)	0.00473933667
8	Dread Contagion	Legendary	510	Dauntless Boots (Common)	0.00473933667
8	Dread Contagion	Legendary	513	Sunlight Choker (Common)	0.00473933667
8	Dread Contagion	Legendary	525	Staunch Boots (Common)	0.00473933667
8	Dread Contagion	Legendary	552	Enlightened Loincloth (Common)	0.00473933667
8	Dread Contagion	Legendary	555	Glamorous Swimsuit (Common)	0.00473933667
8	Dread Contagion	Legendary	558	Vanish Hood (Common)	0.00473933667
8	Dread Contagion	Legendary	561	Platinum Nopon Mask (Common)	0.00473933667
8	Dread Contagion	Legendary	573	Beatific Medal (Common)	0.00473933667
8	Dread Contagion	Legendary	466	Augmented Vision Kit (Rare)	0.00473933667
8	Dread Contagion	Legendary	469	Charm Bangle (Rare)	0.00473933667
8	Dread Contagion	Legendary	475	Seven-League Circlet (Rare)	0.00473933667
8	Dread Contagion	Legendary	499	Twin Trunks Vest (Rare)	0.00473933667
8	Dread Contagion	Legendary	508	Vivid Mitts (Rare)	0.00473933667
8	Dread Contagion	Legendary	511	Dauntless Boots (Rare)	0.00473933667
8	Dread Contagion	Legendary	514	Sunlight Choker (Rare)	0.00473933667
8	Dread Contagion	Legendary	526	Staunch Boots (Rare)	0.00473933667
8	Dread Contagion	Legendary	553	Enlightened Loincloth (Rare)	0.00473933667
8	Dread Contagion	Legendary	556	Glamorous Swimsuit (Rare)	0.00473933667
8	Dread Contagion	Legendary	559	Vanish Hood (Rare)	0.00473933667
8	Dread Contagion	Legendary	562	Platinum Nopon Mask (Rare)	0.00473933667
8	Dread Contagion	Legendary	574	Beatific Medal (Rare)	0.00473933667
8	Dread Contagion	Legendary	467	Augmented Vision Kit (Legendary)	0.00473933667
8	Dread Contagion	Legendary	470	Charm Bangle (Legendary)	0.00473933667
8	Dread Contagion	Legendary	476	Seven-League Circlet (Legendary)	0.00473933667
8	Dread Contagion	Legendary	500	Twin Trunks Vest (Legendary)	0.00473933667
8	Dread Contagion	Legendary	509	Vivid Mitts (Legendary)	0.00473933667
8	Dread Contagion	Legendary	512	Dauntless Boots (Legendary)	0.00473933667
8	Dread Contagion	Legendary	515	Sunlight Choker (Legendary)	0.00473933667
8	Dread Contagion	Legendary	527	Staunch Boots (Legendary)	0.00473933667
8	Dread Contagion	Legendary	554	Enlightened Loincloth (Legendary)	0.00473933667
8	Dread Contagion	Legendary	557	Glamorous Swimsuit (Legendary)	0.00473933667
8	Dread Contagion	Legendary	560	Vanish Hood (Legendary)	0.00473933667
8	Dread Contagion	Legendary	563	Platinum Nopon Mask (Legendary)	0.00473933667
8	Dread Contagion	Legendary	575	Beatific Medal (Legendary)	0.00473933667
8	Dread Contagion	Legendary	15005	Critical Up V	0.009478673
8	Dread Contagion	Legendary	15015	Ether Defense Up V	0.009478673
8	Dread Contagion	Legendary	15060	Blade Combo Boost V	0.009478673
8	Dread Contagion	Legendary	15158	Swift Evasion V	0.009478673
8	Dread Contagion	Legendary	15168	Endurance V	0.009478673
8	Dread Contagion	Legendary	15233	Arts Stealth V	0.009478673
8	Dread Contagion	Legendary	15248	Movement Heal V	0.009478673
8	Dread Contagion	Legendary	15253	Damage Heal V	0.009478673
8	Dread Contagion	Legendary	15303	Affinity MAX Evade V	0.009478673
8	Dread Contagion	Legendary	10057	Hadron Chip	0.00473933667
8	Dread Contagion	Legendary	15353	Physical Defense Up VI	0.009478673
8	Dread Contagion	Legendary	15354	Ether Defense Up VI	0.009478673
8	Dread Contagion	Legendary	15368	Fire Def Up VI	0.0142180091
8	Dread Contagion	Legendary	15369	Water Def Up VI	0.0142180091
8	Dread Contagion	Legendary	15370	Wind Def Up VI	0.0142180091
8	Dread Contagion	Legendary	15371	Earth Def Up VI	0.0142180091
8	Dread Contagion	Legendary	15372	Electric Def Up VI	0.0142180091
8	Dread Contagion	Legendary	15373	Ice Def Up VI	0.0142180091
8	Dread Contagion	Legendary	15374	Light Def Up VI	0.0142180091
8	Dread Contagion	Legendary	15375	Dark Def Up VI	0.0142180091
8	Dread Contagion	Legendary	15381	Break Resist VI	0.009478673
8	Dread Contagion	Legendary	15405	Affinity MAX Acc VI	0.009478673
8	Dread Contagion	Legendary	456	Consul Greaves (Common)	0.00473933667
8	Dread Contagion	Legendary	489	Abyss Masque (Common)	0.00473933667
8	Dread Contagion	Legendary	495	Survivor's Footgear (Common)	0.00473933667
8	Dread Contagion	Legendary	501	Beast-Hide Vest (Common)	0.00473933667
8	Dread Contagion	Legendary	504	Prairie Cap (Common)	0.00473933667
8	Dread Contagion	Legendary	519	Crimson Headband (Common)	0.00473933667
8	Dread Contagion	Legendary	531	Consul Pauldrons (Common)	0.00473933667
8	Dread Contagion	Legendary	534	Divine Vambraces (Common)	0.00473933667
8	Dread Contagion	Legendary	540	Tachyon Scarf (Common)	0.00473933667
8	Dread Contagion	Legendary	576	Carbon Gauntlet (Common)	0.00473933667
8	Dread Contagion	Legendary	457	Consul Greaves (Rare)	0.00473933667
8	Dread Contagion	Legendary	490	Abyss Masque (Rare)	0.00473933667
8	Dread Contagion	Legendary	496	Survivor's Footgear (Rare)	0.00473933667
8	Dread Contagion	Legendary	502	Beast-Hide Vest (Rare)	0.00473933667
8	Dread Contagion	Legendary	505	Prairie Cap (Rare)	0.00473933667
8	Dread Contagion	Legendary	520	Crimson Headband (Rare)	0.00473933667
8	Dread Contagion	Legendary	532	Consul Pauldrons (Rare)	0.00473933667
8	Dread Contagion	Legendary	535	Divine Vambraces (Rare)	0.00473933667
8	Dread Contagion	Legendary	541	Tachyon Scarf (Rare)	0.00473933667
8	Dread Contagion	Legendary	577	Carbon Gauntlet (Rare)	0.00473933667
8	Dread Contagion	Legendary	458	Consul Greaves (Legendary)	0.00473933667
8	Dread Contagion	Legendary	491	Abyss Masque (Legendary)	0.00473933667
8	Dread Contagion	Legendary	497	Survivor's Footgear (Legendary)	0.00473933667
8	Dread Contagion	Legendary	503	Beast-Hide Vest (Legendary)	0.00473933667
8	Dread Contagion	Legendary	506	Prairie Cap (Legendary)	0.00473933667
8	Dread Contagion	Legendary	521	Crimson Headband (Legendary)	0.00473933667
8	Dread Contagion	Legendary	533	Consul Pauldrons (Legendary)	0.00473933667
8	Dread Contagion	Legendary	536	Divine Vambraces (Legendary)	0.00473933667
8	Dread Contagion	Legendary	542	Tachyon Scarf (Legendary)	0.00473933667
8	Dread Contagion	Legendary	578	Carbon Gauntlet (Legendary)	0.00473933667
8	Dread Contagion	Legendary	25406	Intermediate Weaponry	0.009478673
9	Panic at the Seaside	Common	15030	Insect Hunter V	0.005065856
9	Panic at the Seaside	Common	15040	Aquatic Hunter V	0.005065856
9	Panic at the Seaside	Common	15025	Beast Hunter V	0.005065856
9	Panic at the Seaside	Common	15035	Aerial Hunter V	0.005065856
9	Panic at the Seaside	Common	15045	Humanoid Hunter V	0.005065856
9	Panic at the Seaside	Common	15055	Titan Hunter V	0.005065856
9	Panic at the Seaside	Common	15050	Machine Hunter V	0.005065856
9	Panic at the Seaside	Common	15071	Ambush Boost V	0.005065856
9	Panic at the Seaside	Common	15081	Aggro Attack Up V	0.005065856
9	Panic at the Seaside	Common	15086	Indoor Attack Up V	0.005065856
9	Panic at the Seaside	Common	15096	Fire Def Up V	0.005065856
9	Panic at the Seaside	Common	15101	Water Def Up V	0.005065856
9	Panic at the Seaside	Common	15106	Earth Def Up V	0.005065856
9	Panic at the Seaside	Common	15111	Wind Def Up V	0.005065856
9	Panic at the Seaside	Common	15116	Electric Def Up V	0.005065856
9	Panic at the Seaside	Common	15121	Ice Def Up V	0.005065856
9	Panic at the Seaside	Common	15126	Dark Def Up V	0.005065856
9	Panic at the Seaside	Common	15131	Light Def Up V	0.005065856
9	Panic at the Seaside	Common	15163	Emergency Guard V	0.005065856
9	Panic at the Seaside	Common	15173	HP Attack Boost V	0.005065856
9	Panic at the Seaside	Common	15178	Spike Defense V	0.005065856
9	Panic at the Seaside	Common	15188	Topple Resist V	0.005065856
9	Panic at the Seaside	Common	15193	Launch Resist V	0.005065856
9	Panic at the Seaside	Common	15203	Blowdown Resist V	0.005065856
9	Panic at the Seaside	Common	15218	Shackle Blade Resist V	0.005065856
9	Panic at the Seaside	Common	15223	Auto-Attack Stealth V	0.005065856
9	Panic at the Seaside	Common	15228	Aggro Boost V	0.005065856
9	Panic at the Seaside	Common	15243	Arts Heal V	0.005065856
9	Panic at the Seaside	Common	15258	Night Vision V	0.005065856
9	Panic at the Seaside	Common	15268	Reflect Damage Up V	0.005065856
9	Panic at the Seaside	Common	15278	Opening Art V	0.005065856
9	Panic at the Seaside	Common	15283	Telepathy V	0.005065856
9	Panic at the Seaside	Common	15293	Affinity MAX Barrier V	0.005065856
9	Panic at the Seaside	Common	15298	Affinity MAX Atk V	0.005065856
9	Panic at the Seaside	Common	15313	Shoulder to Shoulder V	0.005065856
9	Panic at the Seaside	Common	15324	Specials Lv 1 Plus V	0.005065856
9	Panic at the Seaside	Common	15329	Specials Lv 2 Plus V	0.005065856
9	Panic at the Seaside	Common	15349	Jamming V	0.005065856
9	Panic at the Seaside	Common	333	Avant-Garde Medal (Legendary)	0.0202634241
9	Panic at the Seaside	Common	345	Ancient Banner (Legendary)	0.0202634241
9	Panic at the Seaside	Common	354	Bloody Orb (Legendary)	0.0202634241
9	Panic at the Seaside	Common	405	Critical Symbol (Legendary)	0.0202634241
9	Panic at the Seaside	Common	116	Resurrection Symbol (Legendary)	0.0202634241
9	Panic at the Seaside	Common	408	Sword Attachment (Legendary)	0.0202634241
9	Panic at the Seaside	Common	409	Scimitar Attachment (Legendary)	0.0202634241
9	Panic at the Seaside	Common	416	Scythe Attachment (Legendary)	0.0202634241
9	Panic at the Seaside	Common	431	Rebirth Amulet (Legendary)	0.0202634241
9	Panic at the Seaside	Common	432	Beta Scope (Legendary)	0.0202634241
9	Panic at the Seaside	Common	10046	Howardite Chip	0.0101317121
9	Panic at the Seaside	Common	10047	Aubrite Chip	0.0101317121
9	Panic at the Seaside	Common	10050	Axion Chip	0.0101317121
9	Panic at the Seaside	Common	10051	Mirror Matter Chip	0.0101317121
9	Panic at the Seaside	Common	15364	Ambush Boost VI	0.005065856
9	Panic at the Seaside	Common	15383	Launch Resist VI	0.00709219836
9	Panic at the Seaside	Common	15384	Smash Resist VI	0.00709219836
9	Panic at the Seaside	Common	15385	Blowdown Resist VI	0.00709219836
9	Panic at the Seaside	Common	15386	Knockback Resist VI	0.00709219836
9	Panic at the Seaside	Common	15396	Reflect Damage Up VI	0.00709219836
9	Panic at the Seaside	Common	15397	Opening Art VI	0.00709219836
9	Panic at the Seaside	Common	528	War God Banner (Common)	0.0303951371
9	Panic at the Seaside	Common	537	Demon Orb (Common)	0.0303951371
9	Panic at the Seaside	Common	549	Violent Stone (Common)	0.0303951371
9	Panic at the Seaside	Common	564	Gargantuan Feather (Common)	0.0303951371
9	Panic at the Seaside	Common	579	Noise Dampener (Common)	0.0303951371
9	Panic at the Seaside	Common	529	War God Banner (Rare)	0.0303951371
9	Panic at the Seaside	Common	538	Demon Orb (Rare)	0.0303951371
9	Panic at the Seaside	Common	550	Violent Stone (Rare)	0.0303951371
9	Panic at the Seaside	Common	565	Gargantuan Feather (Rare)	0.0303951371
9	Panic at the Seaside	Common	580	Noise Dampener (Rare)	0.0303951371
9	Panic at the Seaside	Common	530	War God Banner (Legendary)	0.0303951371
9	Panic at the Seaside	Common	539	Demon Orb (Legendary)	0.0303951371
9	Panic at the Seaside	Common	551	Violent Stone (Legendary)	0.0303951371
9	Panic at the Seaside	Common	566	Gargantuan Feather (Legendary)	0.0303951371
9	Panic at the Seaside	Common	581	Noise Dampener (Legendary)	0.0303951371
9	Panic at the Seaside	Common	488	Terror Masque (Legendary)	0.0303951371
9	Panic at the Seaside	Common	494	Envoy's Footgear (Legendary)	0.0303951371
9	Panic at the Seaside	Rare	15030	Insect Hunter V	0.00219106046
9	Panic at the Seaside	Rare	15040	Aquatic Hunter V	0.00219106046
9	Panic at the Seaside	Rare	15025	Beast Hunter V	0.00219106046
9	Panic at the Seaside	Rare	15035	Aerial Hunter V	0.00219106046
9	Panic at the Seaside	Rare	15045	Humanoid Hunter V	0.00219106046
9	Panic at the Seaside	Rare	15055	Titan Hunter V	0.00219106046
9	Panic at the Seaside	Rare	15050	Machine Hunter V	0.00219106046
9	Panic at the Seaside	Rare	15071	Ambush Boost V	0.00219106046
9	Panic at the Seaside	Rare	15081	Aggro Attack Up V	0.00219106046
9	Panic at the Seaside	Rare	15086	Indoor Attack Up V	0.00219106046
9	Panic at the Seaside	Rare	15096	Fire Def Up V	0.00219106046
9	Panic at the Seaside	Rare	15101	Water Def Up V	0.00219106046
9	Panic at the Seaside	Rare	15106	Earth Def Up V	0.00219106046
9	Panic at the Seaside	Rare	15111	Wind Def Up V	0.00219106046
9	Panic at the Seaside	Rare	15116	Electric Def Up V	0.00219106046
9	Panic at the Seaside	Rare	15121	Ice Def Up V	0.00219106046
9	Panic at the Seaside	Rare	15126	Dark Def Up V	0.00219106046
9	Panic at the Seaside	Rare	15131	Light Def Up V	0.00219106046
9	Panic at the Seaside	Rare	15163	Emergency Guard V	0.00219106046
9	Panic at the Seaside	Rare	15173	HP Attack Boost V	0.00219106046
9	Panic at the Seaside	Rare	15178	Spike Defense V	0.00219106046
9	Panic at the Seaside	Rare	15188	Topple Resist V	0.00219106046
9	Panic at the Seaside	Rare	15193	Launch Resist V	0.00219106046
9	Panic at the Seaside	Rare	15203	Blowdown Resist V	0.00219106046
9	Panic at the Seaside	Rare	15218	Shackle Blade Resist V	0.00219106046
9	Panic at the Seaside	Rare	15223	Auto-Attack Stealth V	0.00219106046
9	Panic at the Seaside	Rare	15228	Aggro Boost V	0.00219106046
9	Panic at the Seaside	Rare	15243	Arts Heal V	0.00219106046
9	Panic at the Seaside	Rare	15258	Night Vision V	0.00219106046
9	Panic at the Seaside	Rare	15268	Reflect Damage Up V	0.00219106046
9	Panic at the Seaside	Rare	15278	Opening Art V	0.00219106046
9	Panic at the Seaside	Rare	15283	Telepathy V	0.00219106046
9	Panic at the Seaside	Rare	15293	Affinity MAX Barrier V	0.00219106046
9	Panic at the Seaside	Rare	15298	Affinity MAX Atk V	0.00219106046
9	Panic at the Seaside	Rare	15313	Shoulder to Shoulder V	0.00219106046
9	Panic at the Seaside	Rare	15324	Specials Lv 1 Plus V	0.00219106046
9	Panic at the Seaside	Rare	15329	Specials Lv 2 Plus V	0.00219106046
9	Panic at the Seaside	Rare	15349	Jamming V	0.00219106046
9	Panic at the Seaside	Rare	333	Avant-Garde Medal (Legendary)	0.008764242
9	Panic at the Seaside	Rare	345	Ancient Banner (Legendary)	0.008764242
9	Panic at the Seaside	Rare	354	Bloody Orb (Legendary)	0.008764242
9	Panic at the Seaside	Rare	405	Critical Symbol (Legendary)	0.008764242
9	Panic at the Seaside	Rare	116	Resurrection Symbol (Legendary)	0.008764242
9	Panic at the Seaside	Rare	408	Sword Attachment (Legendary)	0.008764242
9	Panic at the Seaside	Rare	409	Scimitar Attachment (Legendary)	0.008764242
9	Panic at the Seaside	Rare	416	Scythe Attachment (Legendary)	0.008764242
9	Panic at the Seaside	Rare	431	Rebirth Amulet (Legendary)	0.008764242
9	Panic at the Seaside	Rare	432	Beta Scope (Legendary)	0.008764242
9	Panic at the Seaside	Rare	10046	Howardite Chip	0.004382121
9	Panic at the Seaside	Rare	10047	Aubrite Chip	0.004382121
9	Panic at the Seaside	Rare	10050	Axion Chip	0.004382121
9	Panic at the Seaside	Rare	10051	Mirror Matter Chip	0.004382121
9	Panic at the Seaside	Rare	15364	Ambush Boost VI	0.00219106046
9	Panic at the Seaside	Rare	15383	Launch Resist VI	0.00306748459
9	Panic at the Seaside	Rare	15384	Smash Resist VI	0.00306748459
9	Panic at the Seaside	Rare	15385	Blowdown Resist VI	0.00306748459
9	Panic at the Seaside	Rare	15386	Knockback Resist VI	0.00306748459
9	Panic at the Seaside	Rare	15396	Reflect Damage Up VI	0.00306748459
9	Panic at the Seaside	Rare	15397	Opening Art VI	0.00306748459
9	Panic at the Seaside	Rare	528	War God Banner (Common)	0.0131463632
9	Panic at the Seaside	Rare	537	Demon Orb (Common)	0.0131463632
9	Panic at the Seaside	Rare	549	Violent Stone (Common)	0.0131463632
9	Panic at the Seaside	Rare	564	Gargantuan Feather (Common)	0.0131463632
9	Panic at the Seaside	Rare	579	Noise Dampener (Common)	0.0131463632
9	Panic at the Seaside	Rare	529	War God Banner (Rare)	0.0131463632
9	Panic at the Seaside	Rare	538	Demon Orb (Rare)	0.0131463632
9	Panic at the Seaside	Rare	550	Violent Stone (Rare)	0.0131463632
9	Panic at the Seaside	Rare	565	Gargantuan Feather (Rare)	0.0131463632
9	Panic at the Seaside	Rare	580	Noise Dampener (Rare)	0.0131463632
9	Panic at the Seaside	Rare	530	War God Banner (Legendary)	0.0131463632
9	Panic at the Seaside	Rare	539	Demon Orb (Legendary)	0.0131463632
9	Panic at the Seaside	Rare	551	Violent Stone (Legendary)	0.0131463632
9	Panic at the Seaside	Rare	566	Gargantuan Feather (Legendary)	0.0131463632
9	Panic at the Seaside	Rare	581	Noise Dampener (Legendary)	0.0131463632
9	Panic at the Seaside	Rare	488	Terror Masque (Legendary)	0.0131463632
9	Panic at the Seaside	Rare	494	Envoy's Footgear (Legendary)	0.0131463632
9	Panic at the Seaside	Rare	15010	Physical Defense Up V	0.00219106046
9	Panic at the Seaside	Rare	15020	Block Rate Up V	0.00219106046
9	Panic at the Seaside	Rare	15066	Fusion Combo Up V	0.00219106046
9	Panic at the Seaside	Rare	15076	Reflect Immunity	0.00219106046
9	Panic at the Seaside	Rare	15091	Outdoor Attack Up V	0.00219106046
9	Panic at the Seaside	Rare	15153	Evasion Focus V	0.00219106046
9	Panic at the Seaside	Rare	15183	Break Resist V	0.00219106046
9	Panic at the Seaside	Rare	15198	Smash Resist V	0.00219106046
9	Panic at the Seaside	Rare	15208	Knockback Resist V	0.00219106046
9	Panic at the Seaside	Rare	15238	Arts Aggro Boost V	0.00219106046
9	Panic at the Seaside	Rare	15263	Sunlight Eye V	0.00219106046
9	Panic at the Seaside	Rare	15273	Range Boost Up V	0.00219106046
9	Panic at the Seaside	Rare	15288	Helping Hand V	0.00219106046
9	Panic at the Seaside	Rare	15308	Hunter's Chemistry V	0.00219106046
9	Panic at the Seaside	Rare	15318	Fast Blade Switch V	0.00219106046
9	Panic at the Seaside	Rare	15334	Specials Lv 3 Plus V	0.00219106046
9	Panic at the Seaside	Rare	15339	Specials Lv 4 Plus V	0.00219106046
9	Panic at the Seaside	Rare	15344	Affinity MAX Acc V	0.00219106046
9	Panic at the Seaside	Rare	300	Titanium Vest (Legendary)	0.008764242
9	Panic at the Seaside	Rare	303	Ceramic Belt (Legendary)	0.008764242
9	Panic at the Seaside	Rare	306	Fiber Hat (Legendary)	0.008764242
9	Panic at the Seaside	Rare	309	Carbon Gloves (Legendary)	0.008764242
9	Panic at the Seaside	Rare	312	Ester Shoes (Legendary)	0.008764242
9	Panic at the Seaside	Rare	315	Comet Choker (Legendary)	0.008764242
9	Panic at the Seaside	Rare	336	Optical Headband (Legendary)	0.008764242
9	Panic at the Seaside	Rare	342	Graphite Greaves (Legendary)	0.008764242
9	Panic at the Seaside	Rare	348	Jet Pauldrons (Legendary)	0.008764242
9	Panic at the Seaside	Rare	351	Hero Vambraces (Legendary)	0.008764242
9	Panic at the Seaside	Rare	357	Quantum Scarf (Legendary)	0.008764242
9	Panic at the Seaside	Rare	383	World Tree Ward (Legendary)	0.008764242
9	Panic at the Seaside	Rare	389	Holy Necklace (Legendary)	0.008764242
9	Panic at the Seaside	Rare	393	Round Table Medal (Legendary)	0.008764242
9	Panic at the Seaside	Rare	396	Nano-Metal Gauntlet (Legendary)	0.008764242
9	Panic at the Seaside	Rare	399	Hi-Tech Eyepatch (Legendary)	0.008764242
9	Panic at the Seaside	Rare	10056	Positron Chip	0.004382121
9	Panic at the Seaside	Rare	15356	Beast Hunter VI	0.00219106046
9	Panic at the Seaside	Rare	15357	Insect Hunter VI	0.00219106046
9	Panic at the Seaside	Rare	15358	Aerial Hunter VI	0.00219106046
9	Panic at the Seaside	Rare	15359	Aquatic Hunter VI	0.004382121
9	Panic at the Seaside	Rare	15360	Humanoid Hunter VI	0.00219106046
9	Panic at the Seaside	Rare	15361	Machine Hunter VI	0.00219106046
9	Panic at the Seaside	Rare	15362	Titan Hunter VI	0.00219106046
9	Panic at the Seaside	Rare	15382	Topple Resist VI	0.00219106046
9	Panic at the Seaside	Rare	15387	Auto-Attack Stealth VI	0.00219106046
9	Panic at the Seaside	Rare	15388	Aggro Boost VI	0.00219106046
9	Panic at the Seaside	Rare	15389	Arts Stealth VI	0.00219106046
9	Panic at the Seaside	Rare	15390	Arts Aggro Boost VI	0.00219106046
9	Panic at the Seaside	Rare	15394	Night Vision VI	0.00219106046
9	Panic at the Seaside	Rare	15395	Sunlight Eye VI	0.00219106046
9	Panic at the Seaside	Rare	15401	Specials Lv 1 Plus VI	0.00219106046
9	Panic at the Seaside	Rare	15402	Specials Lv 2 Plus VI	0.00219106046
9	Panic at the Seaside	Rare	15403	Specials Lv 3 Plus VI	0.00219106046
9	Panic at the Seaside	Rare	15404	Specials Lv 4 Plus VI	0.00219106046
9	Panic at the Seaside	Rare	465	Augmented Vision Kit (Common)	0.008764242
9	Panic at the Seaside	Rare	468	Charm Bangle (Common)	0.008764242
9	Panic at the Seaside	Rare	474	Seven-League Circlet (Common)	0.008764242
9	Panic at the Seaside	Rare	498	Twin Trunks Vest (Common)	0.008764242
9	Panic at the Seaside	Rare	507	Vivid Mitts (Common)	0.008764242
9	Panic at the Seaside	Rare	510	Dauntless Boots (Common)	0.008764242
9	Panic at the Seaside	Rare	513	Sunlight Choker (Common)	0.008764242
9	Panic at the Seaside	Rare	525	Staunch Boots (Common)	0.008764242
9	Panic at the Seaside	Rare	552	Enlightened Loincloth (Common)	0.008764242
9	Panic at the Seaside	Rare	555	Glamorous Swimsuit (Common)	0.008764242
9	Panic at the Seaside	Rare	558	Vanish Hood (Common)	0.008764242
9	Panic at the Seaside	Rare	561	Platinum Nopon Mask (Common)	0.008764242
9	Panic at the Seaside	Rare	573	Beatific Medal (Common)	0.008764242
9	Panic at the Seaside	Rare	466	Augmented Vision Kit (Rare)	0.008764242
9	Panic at the Seaside	Rare	469	Charm Bangle (Rare)	0.008764242
9	Panic at the Seaside	Rare	475	Seven-League Circlet (Rare)	0.008764242
9	Panic at the Seaside	Rare	499	Twin Trunks Vest (Rare)	0.008764242
9	Panic at the Seaside	Rare	508	Vivid Mitts (Rare)	0.008764242
9	Panic at the Seaside	Rare	511	Dauntless Boots (Rare)	0.008764242
9	Panic at the Seaside	Rare	514	Sunlight Choker (Rare)	0.008764242
9	Panic at the Seaside	Rare	526	Staunch Boots (Rare)	0.008764242
9	Panic at the Seaside	Rare	553	Enlightened Loincloth (Rare)	0.008764242
9	Panic at the Seaside	Rare	556	Glamorous Swimsuit (Rare)	0.008764242
9	Panic at the Seaside	Rare	559	Vanish Hood (Rare)	0.008764242
9	Panic at the Seaside	Rare	562	Platinum Nopon Mask (Rare)	0.008764242
9	Panic at the Seaside	Rare	574	Beatific Medal (Rare)	0.008764242
9	Panic at the Seaside	Rare	467	Augmented Vision Kit (Legendary)	0.008764242
9	Panic at the Seaside	Rare	470	Charm Bangle (Legendary)	0.008764242
9	Panic at the Seaside	Rare	476	Seven-League Circlet (Legendary)	0.008764242
9	Panic at the Seaside	Rare	500	Twin Trunks Vest (Legendary)	0.008764242
9	Panic at the Seaside	Rare	509	Vivid Mitts (Legendary)	0.008764242
9	Panic at the Seaside	Rare	512	Dauntless Boots (Legendary)	0.008764242
9	Panic at the Seaside	Rare	515	Sunlight Choker (Legendary)	0.008764242
9	Panic at the Seaside	Rare	527	Staunch Boots (Legendary)	0.008764242
9	Panic at the Seaside	Rare	554	Enlightened Loincloth (Legendary)	0.008764242
9	Panic at the Seaside	Rare	557	Glamorous Swimsuit (Legendary)	0.008764242
9	Panic at the Seaside	Rare	560	Vanish Hood (Legendary)	0.008764242
9	Panic at the Seaside	Rare	563	Platinum Nopon Mask (Legendary)	0.008764242
9	Panic at the Seaside	Rare	575	Beatific Medal (Legendary)	0.008764242
9	Panic at the Seaside	Legendary	15010	Physical Defense Up V	0.002437835
9	Panic at the Seaside	Legendary	15020	Block Rate Up V	0.002437835
9	Panic at the Seaside	Legendary	15066	Fusion Combo Up V	0.002437835
9	Panic at the Seaside	Legendary	15076	Reflect Immunity	0.002437835
9	Panic at the Seaside	Legendary	15091	Outdoor Attack Up V	0.002437835
9	Panic at the Seaside	Legendary	15153	Evasion Focus V	0.002437835
9	Panic at the Seaside	Legendary	15183	Break Resist V	0.002437835
9	Panic at the Seaside	Legendary	15198	Smash Resist V	0.002437835
9	Panic at the Seaside	Legendary	15208	Knockback Resist V	0.002437835
9	Panic at the Seaside	Legendary	15238	Arts Aggro Boost V	0.002437835
9	Panic at the Seaside	Legendary	15263	Sunlight Eye V	0.002437835
9	Panic at the Seaside	Legendary	15273	Range Boost Up V	0.002437835
9	Panic at the Seaside	Legendary	15288	Helping Hand V	0.002437835
9	Panic at the Seaside	Legendary	15308	Hunter's Chemistry V	0.002437835
9	Panic at the Seaside	Legendary	15318	Fast Blade Switch V	0.002437835
9	Panic at the Seaside	Legendary	15334	Specials Lv 3 Plus V	0.002437835
9	Panic at the Seaside	Legendary	15339	Specials Lv 4 Plus V	0.002437835
9	Panic at the Seaside	Legendary	15344	Affinity MAX Acc V	0.002437835
9	Panic at the Seaside	Legendary	300	Titanium Vest (Legendary)	0.00975134
9	Panic at the Seaside	Legendary	303	Ceramic Belt (Legendary)	0.00975134
9	Panic at the Seaside	Legendary	306	Fiber Hat (Legendary)	0.00975134
9	Panic at the Seaside	Legendary	309	Carbon Gloves (Legendary)	0.00975134
9	Panic at the Seaside	Legendary	312	Ester Shoes (Legendary)	0.00975134
9	Panic at the Seaside	Legendary	315	Comet Choker (Legendary)	0.00975134
9	Panic at the Seaside	Legendary	336	Optical Headband (Legendary)	0.00975134
9	Panic at the Seaside	Legendary	342	Graphite Greaves (Legendary)	0.00975134
9	Panic at the Seaside	Legendary	348	Jet Pauldrons (Legendary)	0.00975134
9	Panic at the Seaside	Legendary	351	Hero Vambraces (Legendary)	0.00975134
9	Panic at the Seaside	Legendary	357	Quantum Scarf (Legendary)	0.00975134
9	Panic at the Seaside	Legendary	383	World Tree Ward (Legendary)	0.00975134
9	Panic at the Seaside	Legendary	389	Holy Necklace (Legendary)	0.00975134
9	Panic at the Seaside	Legendary	393	Round Table Medal (Legendary)	0.00975134
9	Panic at the Seaside	Legendary	396	Nano-Metal Gauntlet (Legendary)	0.00975134
9	Panic at the Seaside	Legendary	399	Hi-Tech Eyepatch (Legendary)	0.00975134
9	Panic at the Seaside	Legendary	10056	Positron Chip	0.00487567
9	Panic at the Seaside	Legendary	15356	Beast Hunter VI	0.002437835
9	Panic at the Seaside	Legendary	15357	Insect Hunter VI	0.002437835
9	Panic at the Seaside	Legendary	15358	Aerial Hunter VI	0.002437835
9	Panic at the Seaside	Legendary	15359	Aquatic Hunter VI	0.002437835
9	Panic at the Seaside	Legendary	15360	Humanoid Hunter VI	0.002437835
9	Panic at the Seaside	Legendary	15361	Machine Hunter VI	0.002437835
9	Panic at the Seaside	Legendary	15362	Titan Hunter VI	0.002437835
9	Panic at the Seaside	Legendary	15382	Topple Resist VI	0.002437835
9	Panic at the Seaside	Legendary	15387	Auto-Attack Stealth VI	0.002437835
9	Panic at the Seaside	Legendary	15388	Aggro Boost VI	0.002437835
9	Panic at the Seaside	Legendary	15389	Arts Stealth VI	0.002437835
9	Panic at the Seaside	Legendary	15390	Arts Aggro Boost VI	0.002437835
9	Panic at the Seaside	Legendary	15394	Night Vision VI	0.002437835
9	Panic at the Seaside	Legendary	15395	Sunlight Eye VI	0.002437835
9	Panic at the Seaside	Legendary	15401	Specials Lv 1 Plus VI	0.002437835
9	Panic at the Seaside	Legendary	15402	Specials Lv 2 Plus VI	0.002437835
9	Panic at the Seaside	Legendary	15403	Specials Lv 3 Plus VI	0.002437835
9	Panic at the Seaside	Legendary	15404	Specials Lv 4 Plus VI	0.002437835
9	Panic at the Seaside	Legendary	465	Augmented Vision Kit (Common)	0.00975134
9	Panic at the Seaside	Legendary	468	Charm Bangle (Common)	0.00975134
9	Panic at the Seaside	Legendary	474	Seven-League Circlet (Common)	0.00975134
9	Panic at the Seaside	Legendary	498	Twin Trunks Vest (Common)	0.00975134
9	Panic at the Seaside	Legendary	507	Vivid Mitts (Common)	0.00975134
9	Panic at the Seaside	Legendary	510	Dauntless Boots (Common)	0.00975134
9	Panic at the Seaside	Legendary	513	Sunlight Choker (Common)	0.00975134
9	Panic at the Seaside	Legendary	525	Staunch Boots (Common)	0.00975134
9	Panic at the Seaside	Legendary	552	Enlightened Loincloth (Common)	0.00975134
9	Panic at the Seaside	Legendary	555	Glamorous Swimsuit (Common)	0.00975134
9	Panic at the Seaside	Legendary	558	Vanish Hood (Common)	0.00975134
9	Panic at the Seaside	Legendary	561	Platinum Nopon Mask (Common)	0.00975134
9	Panic at the Seaside	Legendary	573	Beatific Medal (Common)	0.00975134
9	Panic at the Seaside	Legendary	466	Augmented Vision Kit (Rare)	0.00975134
9	Panic at the Seaside	Legendary	469	Charm Bangle (Rare)	0.00975134
9	Panic at the Seaside	Legendary	475	Seven-League Circlet (Rare)	0.00975134
9	Panic at the Seaside	Legendary	499	Twin Trunks Vest (Rare)	0.00975134
9	Panic at the Seaside	Legendary	508	Vivid Mitts (Rare)	0.00975134
9	Panic at the Seaside	Legendary	511	Dauntless Boots (Rare)	0.00975134
9	Panic at the Seaside	Legendary	514	Sunlight Choker (Rare)	0.00975134
9	Panic at the Seaside	Legendary	526	Staunch Boots (Rare)	0.00975134
9	Panic at the Seaside	Legendary	553	Enlightened Loincloth (Rare)	0.00975134
9	Panic at the Seaside	Legendary	556	Glamorous Swimsuit (Rare)	0.00975134
9	Panic at the Seaside	Legendary	559	Vanish Hood (Rare)	0.00975134
9	Panic at the Seaside	Legendary	562	Platinum Nopon Mask (Rare)	0.00975134
9	Panic at the Seaside	Legendary	574	Beatific Medal (Rare)	0.00975134
9	Panic at the Seaside	Legendary	467	Augmented Vision Kit (Legendary)	0.00975134
9	Panic at the Seaside	Legendary	470	Charm Bangle (Legendary)	0.00975134
9	Panic at the Seaside	Legendary	476	Seven-League Circlet (Legendary)	0.00975134
9	Panic at the Seaside	Legendary	500	Twin Trunks Vest (Legendary)	0.00975134
9	Panic at the Seaside	Legendary	509	Vivid Mitts (Legendary)	0.00975134
9	Panic at the Seaside	Legendary	512	Dauntless Boots (Legendary)	0.00975134
9	Panic at the Seaside	Legendary	515	Sunlight Choker (Legendary)	0.00975134
9	Panic at the Seaside	Legendary	527	Staunch Boots (Legendary)	0.00975134
9	Panic at the Seaside	Legendary	554	Enlightened Loincloth (Legendary)	0.00975134
9	Panic at the Seaside	Legendary	557	Glamorous Swimsuit (Legendary)	0.00975134
9	Panic at the Seaside	Legendary	560	Vanish Hood (Legendary)	0.00975134
9	Panic at the Seaside	Legendary	563	Platinum Nopon Mask (Legendary)	0.00975134
9	Panic at the Seaside	Legendary	575	Beatific Medal (Legendary)	0.00975134
9	Panic at the Seaside	Legendary	15005	Critical Up V	0.002437835
9	Panic at the Seaside	Legendary	15015	Ether Defense Up V	0.002437835
9	Panic at the Seaside	Legendary	15060	Blade Combo Boost V	0.002437835
9	Panic at the Seaside	Legendary	15158	Swift Evasion V	0.002437835
9	Panic at the Seaside	Legendary	15168	Endurance V	0.002437835
9	Panic at the Seaside	Legendary	15233	Arts Stealth V	0.002437835
9	Panic at the Seaside	Legendary	15248	Movement Heal V	0.002437835
9	Panic at the Seaside	Legendary	15253	Damage Heal V	0.002437835
9	Panic at the Seaside	Legendary	15303	Affinity MAX Evade V	0.002437835
9	Panic at the Seaside	Legendary	10057	Hadron Chip	0.00487567
9	Panic at the Seaside	Legendary	15353	Physical Defense Up VI	0.002437835
9	Panic at the Seaside	Legendary	15354	Ether Defense Up VI	0.002437835
9	Panic at the Seaside	Legendary	15368	Fire Def Up VI	0.00341296918
9	Panic at the Seaside	Legendary	15369	Water Def Up VI	0.00341296918
9	Panic at the Seaside	Legendary	15370	Wind Def Up VI	0.00341296918
9	Panic at the Seaside	Legendary	15371	Earth Def Up VI	0.00341296918
9	Panic at the Seaside	Legendary	15372	Electric Def Up VI	0.00341296918
9	Panic at the Seaside	Legendary	15373	Ice Def Up VI	0.00341296918
9	Panic at the Seaside	Legendary	15374	Light Def Up VI	0.00341296918
9	Panic at the Seaside	Legendary	15375	Dark Def Up VI	0.00341296918
9	Panic at the Seaside	Legendary	15381	Break Resist VI	0.002437835
9	Panic at the Seaside	Legendary	15405	Affinity MAX Acc VI	0.002437835
9	Panic at the Seaside	Legendary	456	Consul Greaves (Common)	0.01950268
9	Panic at the Seaside	Legendary	489	Abyss Masque (Common)	0.00975134
9	Panic at the Seaside	Legendary	495	Survivor's Footgear (Common)	0.00975134
9	Panic at the Seaside	Legendary	501	Beast-Hide Vest (Common)	0.00975134
9	Panic at the Seaside	Legendary	504	Prairie Cap (Common)	0.00975134
9	Panic at the Seaside	Legendary	519	Crimson Headband (Common)	0.00975134
9	Panic at the Seaside	Legendary	531	Consul Pauldrons (Common)	0.00975134
9	Panic at the Seaside	Legendary	534	Divine Vambraces (Common)	0.00975134
9	Panic at the Seaside	Legendary	540	Tachyon Scarf (Common)	0.00975134
9	Panic at the Seaside	Legendary	576	Carbon Gauntlet (Common)	0.00975134
9	Panic at the Seaside	Legendary	457	Consul Greaves (Rare)	0.00975134
9	Panic at the Seaside	Legendary	490	Abyss Masque (Rare)	0.00975134
9	Panic at the Seaside	Legendary	496	Survivor's Footgear (Rare)	0.00975134
9	Panic at the Seaside	Legendary	502	Beast-Hide Vest (Rare)	0.00975134
9	Panic at the Seaside	Legendary	505	Prairie Cap (Rare)	0.00975134
9	Panic at the Seaside	Legendary	520	Crimson Headband (Rare)	0.00975134
9	Panic at the Seaside	Legendary	532	Consul Pauldrons (Rare)	0.00975134
9	Panic at the Seaside	Legendary	535	Divine Vambraces (Rare)	0.00975134
9	Panic at the Seaside	Legendary	541	Tachyon Scarf (Rare)	0.00975134
9	Panic at the Seaside	Legendary	577	Carbon Gauntlet (Rare)	0.00975134
9	Panic at the Seaside	Legendary	458	Consul Greaves (Legendary)	0.00975134
9	Panic at the Seaside	Legendary	491	Abyss Masque (Legendary)	0.00975134
9	Panic at the Seaside	Legendary	497	Survivor's Footgear (Legendary)	0.00975134
9	Panic at the Seaside	Legendary	503	Beast-Hide Vest (Legendary)	0.00975134
9	Panic at the Seaside	Legendary	506	Prairie Cap (Legendary)	0.00975134
9	Panic at the Seaside	Legendary	521	Crimson Headband (Legendary)	0.00975134
9	Panic at the Seaside	Legendary	533	Consul Pauldrons (Legendary)	0.00975134
9	Panic at the Seaside	Legendary	536	Divine Vambraces (Legendary)	0.00975134
9	Panic at the Seaside	Legendary	542	Tachyon Scarf (Legendary)	0.00975134
9	Panic at the Seaside	Legendary	578	Carbon Gauntlet (Legendary)	0.00975134
9	Panic at the Seaside	Legendary	25406	Intermediate Weaponry	0.00487567
10	Tiger! Tiger! IRL	Common	15030	Insect Hunter V	0.005065856
10	Tiger! Tiger! IRL	Common	15040	Aquatic Hunter V	0.005065856
10	Tiger! Tiger! IRL	Common	15025	Beast Hunter V	0.005065856
10	Tiger! Tiger! IRL	Common	15035	Aerial Hunter V	0.005065856
10	Tiger! Tiger! IRL	Common	15045	Humanoid Hunter V	0.005065856
10	Tiger! Tiger! IRL	Common	15055	Titan Hunter V	0.005065856
10	Tiger! Tiger! IRL	Common	15050	Machine Hunter V	0.005065856
10	Tiger! Tiger! IRL	Common	15071	Ambush Boost V	0.005065856
10	Tiger! Tiger! IRL	Common	15081	Aggro Attack Up V	0.005065856
10	Tiger! Tiger! IRL	Common	15086	Indoor Attack Up V	0.005065856
10	Tiger! Tiger! IRL	Common	15096	Fire Def Up V	0.005065856
10	Tiger! Tiger! IRL	Common	15101	Water Def Up V	0.005065856
10	Tiger! Tiger! IRL	Common	15106	Earth Def Up V	0.005065856
10	Tiger! Tiger! IRL	Common	15111	Wind Def Up V	0.005065856
10	Tiger! Tiger! IRL	Common	15116	Electric Def Up V	0.005065856
10	Tiger! Tiger! IRL	Common	15121	Ice Def Up V	0.005065856
10	Tiger! Tiger! IRL	Common	15126	Dark Def Up V	0.005065856
10	Tiger! Tiger! IRL	Common	15131	Light Def Up V	0.005065856
10	Tiger! Tiger! IRL	Common	15163	Emergency Guard V	0.005065856
10	Tiger! Tiger! IRL	Common	15173	HP Attack Boost V	0.005065856
10	Tiger! Tiger! IRL	Common	15178	Spike Defense V	0.005065856
10	Tiger! Tiger! IRL	Common	15188	Topple Resist V	0.005065856
10	Tiger! Tiger! IRL	Common	15193	Launch Resist V	0.005065856
10	Tiger! Tiger! IRL	Common	15203	Blowdown Resist V	0.005065856
10	Tiger! Tiger! IRL	Common	15218	Shackle Blade Resist V	0.005065856
10	Tiger! Tiger! IRL	Common	15223	Auto-Attack Stealth V	0.005065856
10	Tiger! Tiger! IRL	Common	15228	Aggro Boost V	0.005065856
10	Tiger! Tiger! IRL	Common	15243	Arts Heal V	0.005065856
10	Tiger! Tiger! IRL	Common	15258	Night Vision V	0.005065856
10	Tiger! Tiger! IRL	Common	15268	Reflect Damage Up V	0.005065856
10	Tiger! Tiger! IRL	Common	15278	Opening Art V	0.005065856
10	Tiger! Tiger! IRL	Common	15283	Telepathy V	0.005065856
10	Tiger! Tiger! IRL	Common	15293	Affinity MAX Barrier V	0.005065856
10	Tiger! Tiger! IRL	Common	15298	Affinity MAX Atk V	0.005065856
10	Tiger! Tiger! IRL	Common	15313	Shoulder to Shoulder V	0.005065856
10	Tiger! Tiger! IRL	Common	15324	Specials Lv 1 Plus V	0.005065856
10	Tiger! Tiger! IRL	Common	15329	Specials Lv 2 Plus V	0.005065856
10	Tiger! Tiger! IRL	Common	15349	Jamming V	0.005065856
10	Tiger! Tiger! IRL	Common	333	Avant-Garde Medal (Legendary)	0.0202634241
10	Tiger! Tiger! IRL	Common	345	Ancient Banner (Legendary)	0.0202634241
10	Tiger! Tiger! IRL	Common	354	Bloody Orb (Legendary)	0.0202634241
10	Tiger! Tiger! IRL	Common	405	Critical Symbol (Legendary)	0.0202634241
10	Tiger! Tiger! IRL	Common	116	Resurrection Symbol (Legendary)	0.0202634241
10	Tiger! Tiger! IRL	Common	408	Sword Attachment (Legendary)	0.0202634241
10	Tiger! Tiger! IRL	Common	409	Scimitar Attachment (Legendary)	0.0202634241
10	Tiger! Tiger! IRL	Common	416	Scythe Attachment (Legendary)	0.0202634241
10	Tiger! Tiger! IRL	Common	431	Rebirth Amulet (Legendary)	0.0202634241
10	Tiger! Tiger! IRL	Common	432	Beta Scope (Legendary)	0.0202634241
10	Tiger! Tiger! IRL	Common	10046	Howardite Chip	0.0101317121
10	Tiger! Tiger! IRL	Common	10047	Aubrite Chip	0.0101317121
10	Tiger! Tiger! IRL	Common	10050	Axion Chip	0.0101317121
10	Tiger! Tiger! IRL	Common	10051	Mirror Matter Chip	0.0101317121
10	Tiger! Tiger! IRL	Common	15364	Ambush Boost VI	0.005065856
10	Tiger! Tiger! IRL	Common	15383	Launch Resist VI	0.00709219836
10	Tiger! Tiger! IRL	Common	15384	Smash Resist VI	0.00709219836
10	Tiger! Tiger! IRL	Common	15385	Blowdown Resist VI	0.00709219836
10	Tiger! Tiger! IRL	Common	15386	Knockback Resist VI	0.00709219836
10	Tiger! Tiger! IRL	Common	15396	Reflect Damage Up VI	0.00709219836
10	Tiger! Tiger! IRL	Common	15397	Opening Art VI	0.00709219836
10	Tiger! Tiger! IRL	Common	528	War God Banner (Common)	0.0303951371
10	Tiger! Tiger! IRL	Common	537	Demon Orb (Common)	0.0303951371
10	Tiger! Tiger! IRL	Common	549	Violent Stone (Common)	0.0303951371
10	Tiger! Tiger! IRL	Common	564	Gargantuan Feather (Common)	0.0303951371
10	Tiger! Tiger! IRL	Common	579	Noise Dampener (Common)	0.0303951371
10	Tiger! Tiger! IRL	Common	529	War God Banner (Rare)	0.0303951371
10	Tiger! Tiger! IRL	Common	538	Demon Orb (Rare)	0.0303951371
10	Tiger! Tiger! IRL	Common	550	Violent Stone (Rare)	0.0303951371
10	Tiger! Tiger! IRL	Common	565	Gargantuan Feather (Rare)	0.0303951371
10	Tiger! Tiger! IRL	Common	580	Noise Dampener (Rare)	0.0303951371
10	Tiger! Tiger! IRL	Common	530	War God Banner (Legendary)	0.0303951371
10	Tiger! Tiger! IRL	Common	539	Demon Orb (Legendary)	0.0303951371
10	Tiger! Tiger! IRL	Common	551	Violent Stone (Legendary)	0.0303951371
10	Tiger! Tiger! IRL	Common	566	Gargantuan Feather (Legendary)	0.0303951371
10	Tiger! Tiger! IRL	Common	581	Noise Dampener (Legendary)	0.0303951371
10	Tiger! Tiger! IRL	Common	488	Terror Masque (Legendary)	0.0303951371
10	Tiger! Tiger! IRL	Common	494	Envoy's Footgear (Legendary)	0.0303951371
10	Tiger! Tiger! IRL	Rare	15030	Insect Hunter V	0.00217675231
10	Tiger! Tiger! IRL	Rare	15040	Aquatic Hunter V	0.00217675231
10	Tiger! Tiger! IRL	Rare	15025	Beast Hunter V	0.00217675231
10	Tiger! Tiger! IRL	Rare	15035	Aerial Hunter V	0.00217675231
10	Tiger! Tiger! IRL	Rare	15045	Humanoid Hunter V	0.00217675231
10	Tiger! Tiger! IRL	Rare	15055	Titan Hunter V	0.00217675231
10	Tiger! Tiger! IRL	Rare	15050	Machine Hunter V	0.00217675231
10	Tiger! Tiger! IRL	Rare	15071	Ambush Boost V	0.00217675231
10	Tiger! Tiger! IRL	Rare	15081	Aggro Attack Up V	0.00217675231
10	Tiger! Tiger! IRL	Rare	15086	Indoor Attack Up V	0.00217675231
10	Tiger! Tiger! IRL	Rare	15096	Fire Def Up V	0.00217675231
10	Tiger! Tiger! IRL	Rare	15101	Water Def Up V	0.00217675231
10	Tiger! Tiger! IRL	Rare	15106	Earth Def Up V	0.00217675231
10	Tiger! Tiger! IRL	Rare	15111	Wind Def Up V	0.00217675231
10	Tiger! Tiger! IRL	Rare	15116	Electric Def Up V	0.00217675231
10	Tiger! Tiger! IRL	Rare	15121	Ice Def Up V	0.00217675231
10	Tiger! Tiger! IRL	Rare	15126	Dark Def Up V	0.00217675231
10	Tiger! Tiger! IRL	Rare	15131	Light Def Up V	0.00217675231
10	Tiger! Tiger! IRL	Rare	15163	Emergency Guard V	0.00217675231
10	Tiger! Tiger! IRL	Rare	15173	HP Attack Boost V	0.00217675231
10	Tiger! Tiger! IRL	Rare	15178	Spike Defense V	0.00217675231
10	Tiger! Tiger! IRL	Rare	15188	Topple Resist V	0.00217675231
10	Tiger! Tiger! IRL	Rare	15193	Launch Resist V	0.00217675231
10	Tiger! Tiger! IRL	Rare	15203	Blowdown Resist V	0.00217675231
10	Tiger! Tiger! IRL	Rare	15218	Shackle Blade Resist V	0.00217675231
10	Tiger! Tiger! IRL	Rare	15223	Auto-Attack Stealth V	0.00217675231
10	Tiger! Tiger! IRL	Rare	15228	Aggro Boost V	0.00217675231
10	Tiger! Tiger! IRL	Rare	15243	Arts Heal V	0.00217675231
10	Tiger! Tiger! IRL	Rare	15258	Night Vision V	0.00217675231
10	Tiger! Tiger! IRL	Rare	15268	Reflect Damage Up V	0.00217675231
10	Tiger! Tiger! IRL	Rare	15278	Opening Art V	0.00217675231
10	Tiger! Tiger! IRL	Rare	15283	Telepathy V	0.00217675231
10	Tiger! Tiger! IRL	Rare	15293	Affinity MAX Barrier V	0.00217675231
10	Tiger! Tiger! IRL	Rare	15298	Affinity MAX Atk V	0.00217675231
10	Tiger! Tiger! IRL	Rare	15313	Shoulder to Shoulder V	0.00217675231
10	Tiger! Tiger! IRL	Rare	15324	Specials Lv 1 Plus V	0.00217675231
10	Tiger! Tiger! IRL	Rare	15329	Specials Lv 2 Plus V	0.00217675231
10	Tiger! Tiger! IRL	Rare	15349	Jamming V	0.00217675231
10	Tiger! Tiger! IRL	Rare	333	Avant-Garde Medal (Legendary)	0.008707009
10	Tiger! Tiger! IRL	Rare	345	Ancient Banner (Legendary)	0.008707009
10	Tiger! Tiger! IRL	Rare	354	Bloody Orb (Legendary)	0.008707009
10	Tiger! Tiger! IRL	Rare	405	Critical Symbol (Legendary)	0.008707009
10	Tiger! Tiger! IRL	Rare	116	Resurrection Symbol (Legendary)	0.008707009
10	Tiger! Tiger! IRL	Rare	408	Sword Attachment (Legendary)	0.008707009
10	Tiger! Tiger! IRL	Rare	409	Scimitar Attachment (Legendary)	0.008707009
10	Tiger! Tiger! IRL	Rare	416	Scythe Attachment (Legendary)	0.008707009
10	Tiger! Tiger! IRL	Rare	431	Rebirth Amulet (Legendary)	0.008707009
10	Tiger! Tiger! IRL	Rare	432	Beta Scope (Legendary)	0.008707009
10	Tiger! Tiger! IRL	Rare	10046	Howardite Chip	0.00435350463
10	Tiger! Tiger! IRL	Rare	10047	Aubrite Chip	0.00435350463
10	Tiger! Tiger! IRL	Rare	10050	Axion Chip	0.00435350463
10	Tiger! Tiger! IRL	Rare	10051	Mirror Matter Chip	0.00435350463
10	Tiger! Tiger! IRL	Rare	15364	Ambush Boost VI	0.00217675231
10	Tiger! Tiger! IRL	Rare	15383	Launch Resist VI	0.00304745324
10	Tiger! Tiger! IRL	Rare	15384	Smash Resist VI	0.00304745324
10	Tiger! Tiger! IRL	Rare	15385	Blowdown Resist VI	0.00304745324
10	Tiger! Tiger! IRL	Rare	15386	Knockback Resist VI	0.00304745324
10	Tiger! Tiger! IRL	Rare	15396	Reflect Damage Up VI	0.00304745324
10	Tiger! Tiger! IRL	Rare	15397	Opening Art VI	0.00304745324
10	Tiger! Tiger! IRL	Rare	528	War God Banner (Common)	0.0130605139
10	Tiger! Tiger! IRL	Rare	537	Demon Orb (Common)	0.0130605139
10	Tiger! Tiger! IRL	Rare	549	Violent Stone (Common)	0.0130605139
10	Tiger! Tiger! IRL	Rare	564	Gargantuan Feather (Common)	0.0130605139
10	Tiger! Tiger! IRL	Rare	579	Noise Dampener (Common)	0.0130605139
10	Tiger! Tiger! IRL	Rare	529	War God Banner (Rare)	0.0130605139
10	Tiger! Tiger! IRL	Rare	538	Demon Orb (Rare)	0.0130605139
10	Tiger! Tiger! IRL	Rare	550	Violent Stone (Rare)	0.0130605139
10	Tiger! Tiger! IRL	Rare	565	Gargantuan Feather (Rare)	0.0130605139
10	Tiger! Tiger! IRL	Rare	580	Noise Dampener (Rare)	0.0130605139
10	Tiger! Tiger! IRL	Rare	530	War God Banner (Legendary)	0.0130605139
10	Tiger! Tiger! IRL	Rare	539	Demon Orb (Legendary)	0.0130605139
10	Tiger! Tiger! IRL	Rare	551	Violent Stone (Legendary)	0.0130605139
10	Tiger! Tiger! IRL	Rare	566	Gargantuan Feather (Legendary)	0.0130605139
10	Tiger! Tiger! IRL	Rare	581	Noise Dampener (Legendary)	0.0130605139
10	Tiger! Tiger! IRL	Rare	488	Terror Masque (Legendary)	0.0130605139
10	Tiger! Tiger! IRL	Rare	494	Envoy's Footgear (Legendary)	0.0130605139
10	Tiger! Tiger! IRL	Rare	15010	Physical Defense Up V	0.00217675231
10	Tiger! Tiger! IRL	Rare	15020	Block Rate Up V	0.00217675231
10	Tiger! Tiger! IRL	Rare	15066	Fusion Combo Up V	0.00217675231
10	Tiger! Tiger! IRL	Rare	15076	Reflect Immunity	0.00217675231
10	Tiger! Tiger! IRL	Rare	15091	Outdoor Attack Up V	0.00217675231
10	Tiger! Tiger! IRL	Rare	15153	Evasion Focus V	0.00217675231
10	Tiger! Tiger! IRL	Rare	15183	Break Resist V	0.00217675231
10	Tiger! Tiger! IRL	Rare	15198	Smash Resist V	0.00217675231
10	Tiger! Tiger! IRL	Rare	15208	Knockback Resist V	0.00217675231
10	Tiger! Tiger! IRL	Rare	15238	Arts Aggro Boost V	0.00217675231
10	Tiger! Tiger! IRL	Rare	15263	Sunlight Eye V	0.00217675231
10	Tiger! Tiger! IRL	Rare	15273	Range Boost Up V	0.00217675231
10	Tiger! Tiger! IRL	Rare	15288	Helping Hand V	0.00217675231
10	Tiger! Tiger! IRL	Rare	15308	Hunter's Chemistry V	0.00217675231
10	Tiger! Tiger! IRL	Rare	15318	Fast Blade Switch V	0.00217675231
10	Tiger! Tiger! IRL	Rare	15334	Specials Lv 3 Plus V	0.00217675231
10	Tiger! Tiger! IRL	Rare	15339	Specials Lv 4 Plus V	0.00217675231
10	Tiger! Tiger! IRL	Rare	15344	Affinity MAX Acc V	0.00217675231
10	Tiger! Tiger! IRL	Rare	300	Titanium Vest (Legendary)	0.008707009
10	Tiger! Tiger! IRL	Rare	303	Ceramic Belt (Legendary)	0.008707009
10	Tiger! Tiger! IRL	Rare	306	Fiber Hat (Legendary)	0.008707009
10	Tiger! Tiger! IRL	Rare	309	Carbon Gloves (Legendary)	0.008707009
10	Tiger! Tiger! IRL	Rare	312	Ester Shoes (Legendary)	0.008707009
10	Tiger! Tiger! IRL	Rare	315	Comet Choker (Legendary)	0.008707009
10	Tiger! Tiger! IRL	Rare	336	Optical Headband (Legendary)	0.008707009
10	Tiger! Tiger! IRL	Rare	342	Graphite Greaves (Legendary)	0.008707009
10	Tiger! Tiger! IRL	Rare	348	Jet Pauldrons (Legendary)	0.008707009
10	Tiger! Tiger! IRL	Rare	351	Hero Vambraces (Legendary)	0.008707009
10	Tiger! Tiger! IRL	Rare	357	Quantum Scarf (Legendary)	0.008707009
10	Tiger! Tiger! IRL	Rare	383	World Tree Ward (Legendary)	0.008707009
10	Tiger! Tiger! IRL	Rare	389	Holy Necklace (Legendary)	0.008707009
10	Tiger! Tiger! IRL	Rare	393	Round Table Medal (Legendary)	0.008707009
10	Tiger! Tiger! IRL	Rare	396	Nano-Metal Gauntlet (Legendary)	0.008707009
10	Tiger! Tiger! IRL	Rare	399	Hi-Tech Eyepatch (Legendary)	0.008707009
10	Tiger! Tiger! IRL	Rare	10056	Positron Chip	0.00435350463
10	Tiger! Tiger! IRL	Rare	15356	Beast Hunter VI	0.00217675231
10	Tiger! Tiger! IRL	Rare	15357	Insect Hunter VI	0.00217675231
10	Tiger! Tiger! IRL	Rare	15358	Aerial Hunter VI	0.00217675231
10	Tiger! Tiger! IRL	Rare	15359	Aquatic Hunter VI	0.00217675231
10	Tiger! Tiger! IRL	Rare	15360	Humanoid Hunter VI	0.00217675231
10	Tiger! Tiger! IRL	Rare	15361	Machine Hunter VI	0.00217675231
10	Tiger! Tiger! IRL	Rare	15362	Titan Hunter VI	0.00217675231
10	Tiger! Tiger! IRL	Rare	15382	Topple Resist VI	0.00217675231
10	Tiger! Tiger! IRL	Rare	15387	Auto-Attack Stealth VI	0.00217675231
10	Tiger! Tiger! IRL	Rare	15388	Aggro Boost VI	0.00217675231
10	Tiger! Tiger! IRL	Rare	15389	Arts Stealth VI	0.00217675231
10	Tiger! Tiger! IRL	Rare	15390	Arts Aggro Boost VI	0.00217675231
10	Tiger! Tiger! IRL	Rare	15394	Night Vision VI	0.00217675231
10	Tiger! Tiger! IRL	Rare	15395	Sunlight Eye VI	0.00217675231
10	Tiger! Tiger! IRL	Rare	15401	Specials Lv 1 Plus VI	0.00217675231
10	Tiger! Tiger! IRL	Rare	15402	Specials Lv 2 Plus VI	0.00217675231
10	Tiger! Tiger! IRL	Rare	15403	Specials Lv 3 Plus VI	0.00217675231
10	Tiger! Tiger! IRL	Rare	15404	Specials Lv 4 Plus VI	0.00217675231
10	Tiger! Tiger! IRL	Rare	465	Augmented Vision Kit (Common)	0.0174140185
10	Tiger! Tiger! IRL	Rare	468	Charm Bangle (Common)	0.008707009
10	Tiger! Tiger! IRL	Rare	474	Seven-League Circlet (Common)	0.008707009
10	Tiger! Tiger! IRL	Rare	498	Twin Trunks Vest (Common)	0.008707009
10	Tiger! Tiger! IRL	Rare	507	Vivid Mitts (Common)	0.008707009
10	Tiger! Tiger! IRL	Rare	510	Dauntless Boots (Common)	0.008707009
10	Tiger! Tiger! IRL	Rare	513	Sunlight Choker (Common)	0.008707009
10	Tiger! Tiger! IRL	Rare	525	Staunch Boots (Common)	0.008707009
10	Tiger! Tiger! IRL	Rare	552	Enlightened Loincloth (Common)	0.008707009
10	Tiger! Tiger! IRL	Rare	555	Glamorous Swimsuit (Common)	0.008707009
10	Tiger! Tiger! IRL	Rare	558	Vanish Hood (Common)	0.008707009
10	Tiger! Tiger! IRL	Rare	561	Platinum Nopon Mask (Common)	0.008707009
10	Tiger! Tiger! IRL	Rare	573	Beatific Medal (Common)	0.008707009
10	Tiger! Tiger! IRL	Rare	466	Augmented Vision Kit (Rare)	0.008707009
10	Tiger! Tiger! IRL	Rare	469	Charm Bangle (Rare)	0.008707009
10	Tiger! Tiger! IRL	Rare	475	Seven-League Circlet (Rare)	0.008707009
10	Tiger! Tiger! IRL	Rare	499	Twin Trunks Vest (Rare)	0.008707009
10	Tiger! Tiger! IRL	Rare	508	Vivid Mitts (Rare)	0.008707009
10	Tiger! Tiger! IRL	Rare	511	Dauntless Boots (Rare)	0.008707009
10	Tiger! Tiger! IRL	Rare	514	Sunlight Choker (Rare)	0.008707009
10	Tiger! Tiger! IRL	Rare	526	Staunch Boots (Rare)	0.008707009
10	Tiger! Tiger! IRL	Rare	553	Enlightened Loincloth (Rare)	0.008707009
10	Tiger! Tiger! IRL	Rare	556	Glamorous Swimsuit (Rare)	0.008707009
10	Tiger! Tiger! IRL	Rare	559	Vanish Hood (Rare)	0.008707009
10	Tiger! Tiger! IRL	Rare	562	Platinum Nopon Mask (Rare)	0.008707009
10	Tiger! Tiger! IRL	Rare	574	Beatific Medal (Rare)	0.008707009
10	Tiger! Tiger! IRL	Rare	467	Augmented Vision Kit (Legendary)	0.008707009
10	Tiger! Tiger! IRL	Rare	470	Charm Bangle (Legendary)	0.008707009
10	Tiger! Tiger! IRL	Rare	476	Seven-League Circlet (Legendary)	0.008707009
10	Tiger! Tiger! IRL	Rare	500	Twin Trunks Vest (Legendary)	0.008707009
10	Tiger! Tiger! IRL	Rare	509	Vivid Mitts (Legendary)	0.008707009
10	Tiger! Tiger! IRL	Rare	512	Dauntless Boots (Legendary)	0.008707009
10	Tiger! Tiger! IRL	Rare	515	Sunlight Choker (Legendary)	0.008707009
10	Tiger! Tiger! IRL	Rare	527	Staunch Boots (Legendary)	0.008707009
10	Tiger! Tiger! IRL	Rare	554	Enlightened Loincloth (Legendary)	0.008707009
10	Tiger! Tiger! IRL	Rare	557	Glamorous Swimsuit (Legendary)	0.008707009
10	Tiger! Tiger! IRL	Rare	560	Vanish Hood (Legendary)	0.008707009
10	Tiger! Tiger! IRL	Rare	563	Platinum Nopon Mask (Legendary)	0.008707009
10	Tiger! Tiger! IRL	Rare	575	Beatific Medal (Legendary)	0.008707009
10	Tiger! Tiger! IRL	Legendary	15010	Physical Defense Up V	0.00244379276
10	Tiger! Tiger! IRL	Legendary	15020	Block Rate Up V	0.00244379276
10	Tiger! Tiger! IRL	Legendary	15066	Fusion Combo Up V	0.00244379276
10	Tiger! Tiger! IRL	Legendary	15076	Reflect Immunity	0.00244379276
10	Tiger! Tiger! IRL	Legendary	15091	Outdoor Attack Up V	0.00244379276
10	Tiger! Tiger! IRL	Legendary	15153	Evasion Focus V	0.00244379276
10	Tiger! Tiger! IRL	Legendary	15183	Break Resist V	0.00244379276
10	Tiger! Tiger! IRL	Legendary	15198	Smash Resist V	0.00244379276
10	Tiger! Tiger! IRL	Legendary	15208	Knockback Resist V	0.00244379276
10	Tiger! Tiger! IRL	Legendary	15238	Arts Aggro Boost V	0.00244379276
10	Tiger! Tiger! IRL	Legendary	15263	Sunlight Eye V	0.00244379276
10	Tiger! Tiger! IRL	Legendary	15273	Range Boost Up V	0.00244379276
10	Tiger! Tiger! IRL	Legendary	15288	Helping Hand V	0.00244379276
10	Tiger! Tiger! IRL	Legendary	15308	Hunter's Chemistry V	0.00244379276
10	Tiger! Tiger! IRL	Legendary	15318	Fast Blade Switch V	0.00244379276
10	Tiger! Tiger! IRL	Legendary	15334	Specials Lv 3 Plus V	0.00244379276
10	Tiger! Tiger! IRL	Legendary	15339	Specials Lv 4 Plus V	0.00244379276
10	Tiger! Tiger! IRL	Legendary	15344	Affinity MAX Acc V	0.00244379276
10	Tiger! Tiger! IRL	Legendary	300	Titanium Vest (Legendary)	0.009775171
10	Tiger! Tiger! IRL	Legendary	303	Ceramic Belt (Legendary)	0.009775171
10	Tiger! Tiger! IRL	Legendary	306	Fiber Hat (Legendary)	0.009775171
10	Tiger! Tiger! IRL	Legendary	309	Carbon Gloves (Legendary)	0.009775171
10	Tiger! Tiger! IRL	Legendary	312	Ester Shoes (Legendary)	0.009775171
10	Tiger! Tiger! IRL	Legendary	315	Comet Choker (Legendary)	0.009775171
10	Tiger! Tiger! IRL	Legendary	336	Optical Headband (Legendary)	0.009775171
10	Tiger! Tiger! IRL	Legendary	342	Graphite Greaves (Legendary)	0.009775171
10	Tiger! Tiger! IRL	Legendary	348	Jet Pauldrons (Legendary)	0.009775171
10	Tiger! Tiger! IRL	Legendary	351	Hero Vambraces (Legendary)	0.009775171
10	Tiger! Tiger! IRL	Legendary	357	Quantum Scarf (Legendary)	0.009775171
10	Tiger! Tiger! IRL	Legendary	383	World Tree Ward (Legendary)	0.009775171
10	Tiger! Tiger! IRL	Legendary	389	Holy Necklace (Legendary)	0.009775171
10	Tiger! Tiger! IRL	Legendary	393	Round Table Medal (Legendary)	0.009775171
10	Tiger! Tiger! IRL	Legendary	396	Nano-Metal Gauntlet (Legendary)	0.009775171
10	Tiger! Tiger! IRL	Legendary	399	Hi-Tech Eyepatch (Legendary)	0.009775171
10	Tiger! Tiger! IRL	Legendary	10056	Positron Chip	0.00488758553
10	Tiger! Tiger! IRL	Legendary	15356	Beast Hunter VI	0.00244379276
10	Tiger! Tiger! IRL	Legendary	15357	Insect Hunter VI	0.00244379276
10	Tiger! Tiger! IRL	Legendary	15358	Aerial Hunter VI	0.00244379276
10	Tiger! Tiger! IRL	Legendary	15359	Aquatic Hunter VI	0.00244379276
10	Tiger! Tiger! IRL	Legendary	15360	Humanoid Hunter VI	0.00244379276
10	Tiger! Tiger! IRL	Legendary	15361	Machine Hunter VI	0.00244379276
10	Tiger! Tiger! IRL	Legendary	15362	Titan Hunter VI	0.00244379276
10	Tiger! Tiger! IRL	Legendary	15382	Topple Resist VI	0.00244379276
10	Tiger! Tiger! IRL	Legendary	15387	Auto-Attack Stealth VI	0.00244379276
10	Tiger! Tiger! IRL	Legendary	15388	Aggro Boost VI	0.00244379276
10	Tiger! Tiger! IRL	Legendary	15389	Arts Stealth VI	0.00244379276
10	Tiger! Tiger! IRL	Legendary	15390	Arts Aggro Boost VI	0.00244379276
10	Tiger! Tiger! IRL	Legendary	15394	Night Vision VI	0.00244379276
10	Tiger! Tiger! IRL	Legendary	15395	Sunlight Eye VI	0.00244379276
10	Tiger! Tiger! IRL	Legendary	15401	Specials Lv 1 Plus VI	0.00244379276
10	Tiger! Tiger! IRL	Legendary	15402	Specials Lv 2 Plus VI	0.00244379276
10	Tiger! Tiger! IRL	Legendary	15403	Specials Lv 3 Plus VI	0.00244379276
10	Tiger! Tiger! IRL	Legendary	15404	Specials Lv 4 Plus VI	0.00244379276
10	Tiger! Tiger! IRL	Legendary	465	Augmented Vision Kit (Common)	0.009775171
10	Tiger! Tiger! IRL	Legendary	468	Charm Bangle (Common)	0.009775171
10	Tiger! Tiger! IRL	Legendary	474	Seven-League Circlet (Common)	0.009775171
10	Tiger! Tiger! IRL	Legendary	498	Twin Trunks Vest (Common)	0.009775171
10	Tiger! Tiger! IRL	Legendary	507	Vivid Mitts (Common)	0.009775171
10	Tiger! Tiger! IRL	Legendary	510	Dauntless Boots (Common)	0.009775171
10	Tiger! Tiger! IRL	Legendary	513	Sunlight Choker (Common)	0.009775171
10	Tiger! Tiger! IRL	Legendary	525	Staunch Boots (Common)	0.009775171
10	Tiger! Tiger! IRL	Legendary	552	Enlightened Loincloth (Common)	0.009775171
10	Tiger! Tiger! IRL	Legendary	555	Glamorous Swimsuit (Common)	0.009775171
10	Tiger! Tiger! IRL	Legendary	558	Vanish Hood (Common)	0.009775171
10	Tiger! Tiger! IRL	Legendary	561	Platinum Nopon Mask (Common)	0.009775171
10	Tiger! Tiger! IRL	Legendary	573	Beatific Medal (Common)	0.009775171
10	Tiger! Tiger! IRL	Legendary	466	Augmented Vision Kit (Rare)	0.009775171
10	Tiger! Tiger! IRL	Legendary	469	Charm Bangle (Rare)	0.009775171
10	Tiger! Tiger! IRL	Legendary	475	Seven-League Circlet (Rare)	0.009775171
10	Tiger! Tiger! IRL	Legendary	499	Twin Trunks Vest (Rare)	0.009775171
10	Tiger! Tiger! IRL	Legendary	508	Vivid Mitts (Rare)	0.009775171
10	Tiger! Tiger! IRL	Legendary	511	Dauntless Boots (Rare)	0.009775171
10	Tiger! Tiger! IRL	Legendary	514	Sunlight Choker (Rare)	0.009775171
10	Tiger! Tiger! IRL	Legendary	526	Staunch Boots (Rare)	0.009775171
10	Tiger! Tiger! IRL	Legendary	553	Enlightened Loincloth (Rare)	0.009775171
10	Tiger! Tiger! IRL	Legendary	556	Glamorous Swimsuit (Rare)	0.009775171
10	Tiger! Tiger! IRL	Legendary	559	Vanish Hood (Rare)	0.009775171
10	Tiger! Tiger! IRL	Legendary	562	Platinum Nopon Mask (Rare)	0.009775171
10	Tiger! Tiger! IRL	Legendary	574	Beatific Medal (Rare)	0.009775171
10	Tiger! Tiger! IRL	Legendary	467	Augmented Vision Kit (Legendary)	0.009775171
10	Tiger! Tiger! IRL	Legendary	470	Charm Bangle (Legendary)	0.009775171
10	Tiger! Tiger! IRL	Legendary	476	Seven-League Circlet (Legendary)	0.009775171
10	Tiger! Tiger! IRL	Legendary	500	Twin Trunks Vest (Legendary)	0.009775171
10	Tiger! Tiger! IRL	Legendary	509	Vivid Mitts (Legendary)	0.009775171
10	Tiger! Tiger! IRL	Legendary	512	Dauntless Boots (Legendary)	0.009775171
10	Tiger! Tiger! IRL	Legendary	515	Sunlight Choker (Legendary)	0.009775171
10	Tiger! Tiger! IRL	Legendary	527	Staunch Boots (Legendary)	0.009775171
10	Tiger! Tiger! IRL	Legendary	554	Enlightened Loincloth (Legendary)	0.009775171
10	Tiger! Tiger! IRL	Legendary	557	Glamorous Swimsuit (Legendary)	0.009775171
10	Tiger! Tiger! IRL	Legendary	560	Vanish Hood (Legendary)	0.009775171
10	Tiger! Tiger! IRL	Legendary	563	Platinum Nopon Mask (Legendary)	0.009775171
10	Tiger! Tiger! IRL	Legendary	575	Beatific Medal (Legendary)	0.009775171
10	Tiger! Tiger! IRL	Legendary	15005	Critical Up V	0.00244379276
10	Tiger! Tiger! IRL	Legendary	15015	Ether Defense Up V	0.00244379276
10	Tiger! Tiger! IRL	Legendary	15060	Blade Combo Boost V	0.00244379276
10	Tiger! Tiger! IRL	Legendary	15158	Swift Evasion V	0.00244379276
10	Tiger! Tiger! IRL	Legendary	15168	Endurance V	0.00244379276
10	Tiger! Tiger! IRL	Legendary	15233	Arts Stealth V	0.00244379276
10	Tiger! Tiger! IRL	Legendary	15248	Movement Heal V	0.00244379276
10	Tiger! Tiger! IRL	Legendary	15253	Damage Heal V	0.00244379276
10	Tiger! Tiger! IRL	Legendary	15303	Affinity MAX Evade V	0.00244379276
10	Tiger! Tiger! IRL	Legendary	10057	Hadron Chip	0.00488758553
10	Tiger! Tiger! IRL	Legendary	15353	Physical Defense Up VI	0.00488758553
10	Tiger! Tiger! IRL	Legendary	15354	Ether Defense Up VI	0.00244379276
10	Tiger! Tiger! IRL	Legendary	15368	Fire Def Up VI	0.00342130987
10	Tiger! Tiger! IRL	Legendary	15369	Water Def Up VI	0.00342130987
10	Tiger! Tiger! IRL	Legendary	15370	Wind Def Up VI	0.00342130987
10	Tiger! Tiger! IRL	Legendary	15371	Earth Def Up VI	0.00342130987
10	Tiger! Tiger! IRL	Legendary	15372	Electric Def Up VI	0.00342130987
10	Tiger! Tiger! IRL	Legendary	15373	Ice Def Up VI	0.00342130987
10	Tiger! Tiger! IRL	Legendary	15374	Light Def Up VI	0.00342130987
10	Tiger! Tiger! IRL	Legendary	15375	Dark Def Up VI	0.00342130987
10	Tiger! Tiger! IRL	Legendary	15381	Break Resist VI	0.00244379276
10	Tiger! Tiger! IRL	Legendary	15405	Affinity MAX Acc VI	0.00244379276
10	Tiger! Tiger! IRL	Legendary	456	Consul Greaves (Common)	0.009775171
10	Tiger! Tiger! IRL	Legendary	489	Abyss Masque (Common)	0.009775171
10	Tiger! Tiger! IRL	Legendary	495	Survivor's Footgear (Common)	0.009775171
10	Tiger! Tiger! IRL	Legendary	501	Beast-Hide Vest (Common)	0.009775171
10	Tiger! Tiger! IRL	Legendary	504	Prairie Cap (Common)	0.009775171
10	Tiger! Tiger! IRL	Legendary	519	Crimson Headband (Common)	0.009775171
10	Tiger! Tiger! IRL	Legendary	531	Consul Pauldrons (Common)	0.009775171
10	Tiger! Tiger! IRL	Legendary	534	Divine Vambraces (Common)	0.009775171
10	Tiger! Tiger! IRL	Legendary	540	Tachyon Scarf (Common)	0.009775171
10	Tiger! Tiger! IRL	Legendary	576	Carbon Gauntlet (Common)	0.009775171
10	Tiger! Tiger! IRL	Legendary	457	Consul Greaves (Rare)	0.009775171
10	Tiger! Tiger! IRL	Legendary	490	Abyss Masque (Rare)	0.009775171
10	Tiger! Tiger! IRL	Legendary	496	Survivor's Footgear (Rare)	0.009775171
10	Tiger! Tiger! IRL	Legendary	502	Beast-Hide Vest (Rare)	0.009775171
10	Tiger! Tiger! IRL	Legendary	505	Prairie Cap (Rare)	0.009775171
10	Tiger! Tiger! IRL	Legendary	520	Crimson Headband (Rare)	0.009775171
10	Tiger! Tiger! IRL	Legendary	532	Consul Pauldrons (Rare)	0.009775171
10	Tiger! Tiger! IRL	Legendary	535	Divine Vambraces (Rare)	0.009775171
10	Tiger! Tiger! IRL	Legendary	541	Tachyon Scarf (Rare)	0.009775171
10	Tiger! Tiger! IRL	Legendary	577	Carbon Gauntlet (Rare)	0.009775171
10	Tiger! Tiger! IRL	Legendary	458	Consul Greaves (Legendary)	0.009775171
10	Tiger! Tiger! IRL	Legendary	491	Abyss Masque (Legendary)	0.009775171
10	Tiger! Tiger! IRL	Legendary	497	Survivor's Footgear (Legendary)	0.009775171
10	Tiger! Tiger! IRL	Legendary	503	Beast-Hide Vest (Legendary)	0.009775171
10	Tiger! Tiger! IRL	Legendary	506	Prairie Cap (Legendary)	0.009775171
10	Tiger! Tiger! IRL	Legendary	521	Crimson Headband (Legendary)	0.009775171
10	Tiger! Tiger! IRL	Legendary	533	Consul Pauldrons (Legendary)	0.009775171
10	Tiger! Tiger! IRL	Legendary	536	Divine Vambraces (Legendary)	0.009775171
10	Tiger! Tiger! IRL	Legendary	542	Tachyon Scarf (Legendary)	0.009775171
10	Tiger! Tiger! IRL	Legendary	578	Carbon Gauntlet (Legendary)	0.009775171
10	Tiger! Tiger! IRL	Legendary	25406	Intermediate Weaponry	0.009775171
11	Torna's Finest	Common	15030	Insect Hunter V	0.0147601478
11	Torna's Finest	Common	15040	Aquatic Hunter V	0.0147601478
11	Torna's Finest	Common	15025	Beast Hunter V	0.0147601478
11	Torna's Finest	Common	15035	Aerial Hunter V	0.0147601478
11	Torna's Finest	Common	15045	Humanoid Hunter V	0.0147601478
11	Torna's Finest	Common	15055	Titan Hunter V	0.0147601478
11	Torna's Finest	Common	15050	Machine Hunter V	0.0147601478
11	Torna's Finest	Common	15071	Ambush Boost V	0.0147601478
11	Torna's Finest	Common	15081	Aggro Attack Up V	0.0147601478
11	Torna's Finest	Common	15086	Indoor Attack Up V	0.0147601478
11	Torna's Finest	Common	15096	Fire Def Up V	0.0147601478
11	Torna's Finest	Common	15101	Water Def Up V	0.0147601478
11	Torna's Finest	Common	15106	Earth Def Up V	0.0147601478
11	Torna's Finest	Common	15111	Wind Def Up V	0.0147601478
11	Torna's Finest	Common	15116	Electric Def Up V	0.0147601478
11	Torna's Finest	Common	15121	Ice Def Up V	0.0147601478
11	Torna's Finest	Common	15126	Dark Def Up V	0.0147601478
11	Torna's Finest	Common	15131	Light Def Up V	0.0147601478
11	Torna's Finest	Common	15163	Emergency Guard V	0.0147601478
11	Torna's Finest	Common	15173	HP Attack Boost V	0.0147601478
11	Torna's Finest	Common	15178	Spike Defense V	0.0147601478
11	Torna's Finest	Common	15188	Topple Resist V	0.0147601478
11	Torna's Finest	Common	15193	Launch Resist V	0.0147601478
11	Torna's Finest	Common	15203	Blowdown Resist V	0.0147601478
11	Torna's Finest	Common	15218	Shackle Blade Resist V	0.0147601478
11	Torna's Finest	Common	15223	Auto-Attack Stealth V	0.0147601478
11	Torna's Finest	Common	15228	Aggro Boost V	0.0147601478
11	Torna's Finest	Common	15243	Arts Heal V	0.0147601478
11	Torna's Finest	Common	15258	Night Vision V	0.0147601478
11	Torna's Finest	Common	15268	Reflect Damage Up V	0.0147601478
11	Torna's Finest	Common	15278	Opening Art V	0.0147601478
11	Torna's Finest	Common	15283	Telepathy V	0.0147601478
11	Torna's Finest	Common	15293	Affinity MAX Barrier V	0.0147601478
11	Torna's Finest	Common	15298	Affinity MAX Atk V	0.0147601478
11	Torna's Finest	Common	15313	Shoulder to Shoulder V	0.0147601478
11	Torna's Finest	Common	15324	Specials Lv 1 Plus V	0.0147601478
11	Torna's Finest	Common	15329	Specials Lv 2 Plus V	0.0147601478
11	Torna's Finest	Common	15349	Jamming V	0.0147601478
11	Torna's Finest	Common	333	Avant-Garde Medal (Legendary)	0.007380074
11	Torna's Finest	Common	345	Ancient Banner (Legendary)	0.007380074
11	Torna's Finest	Common	354	Bloody Orb (Legendary)	0.007380074
11	Torna's Finest	Common	405	Critical Symbol (Legendary)	0.007380074
11	Torna's Finest	Common	116	Resurrection Symbol (Legendary)	0.007380074
11	Torna's Finest	Common	408	Sword Attachment (Legendary)	0.007380074
11	Torna's Finest	Common	409	Scimitar Attachment (Legendary)	0.007380074
11	Torna's Finest	Common	416	Scythe Attachment (Legendary)	0.007380074
11	Torna's Finest	Common	431	Rebirth Amulet (Legendary)	0.007380074
11	Torna's Finest	Common	432	Beta Scope (Legendary)	0.007380074
11	Torna's Finest	Common	10046	Howardite Chip	0.007380074
11	Torna's Finest	Common	10047	Aubrite Chip	0.007380074
11	Torna's Finest	Common	10050	Axion Chip	0.007380074
11	Torna's Finest	Common	10051	Mirror Matter Chip	0.007380074
11	Torna's Finest	Common	15364	Ambush Boost VI	0.0147601478
11	Torna's Finest	Common	15383	Launch Resist VI	0.0221402217
11	Torna's Finest	Common	15384	Smash Resist VI	0.0221402217
11	Torna's Finest	Common	15385	Blowdown Resist VI	0.0221402217
11	Torna's Finest	Common	15386	Knockback Resist VI	0.0221402217
11	Torna's Finest	Common	15396	Reflect Damage Up VI	0.0221402217
11	Torna's Finest	Common	15397	Opening Art VI	0.0221402217
11	Torna's Finest	Common	528	War God Banner (Common)	0.0110701108
11	Torna's Finest	Common	537	Demon Orb (Common)	0.0110701108
11	Torna's Finest	Common	549	Violent Stone (Common)	0.0110701108
11	Torna's Finest	Common	564	Gargantuan Feather (Common)	0.0110701108
11	Torna's Finest	Common	579	Noise Dampener (Common)	0.0110701108
11	Torna's Finest	Common	529	War God Banner (Rare)	0.0110701108
11	Torna's Finest	Common	538	Demon Orb (Rare)	0.0110701108
11	Torna's Finest	Common	550	Violent Stone (Rare)	0.0110701108
11	Torna's Finest	Common	565	Gargantuan Feather (Rare)	0.0110701108
11	Torna's Finest	Common	580	Noise Dampener (Rare)	0.0110701108
11	Torna's Finest	Common	530	War God Banner (Legendary)	0.0110701108
11	Torna's Finest	Common	539	Demon Orb (Legendary)	0.0110701108
11	Torna's Finest	Common	551	Violent Stone (Legendary)	0.0110701108
11	Torna's Finest	Common	566	Gargantuan Feather (Legendary)	0.0110701108
11	Torna's Finest	Common	581	Noise Dampener (Legendary)	0.0110701108
11	Torna's Finest	Common	488	Terror Masque (Legendary)	0.0110701108
11	Torna's Finest	Common	494	Envoy's Footgear (Legendary)	0.0110701108
11	Torna's Finest	Rare	15030	Insect Hunter V	0.007561437
11	Torna's Finest	Rare	15040	Aquatic Hunter V	0.007561437
11	Torna's Finest	Rare	15025	Beast Hunter V	0.007561437
11	Torna's Finest	Rare	15035	Aerial Hunter V	0.007561437
11	Torna's Finest	Rare	15045	Humanoid Hunter V	0.007561437
11	Torna's Finest	Rare	15055	Titan Hunter V	0.007561437
11	Torna's Finest	Rare	15050	Machine Hunter V	0.007561437
11	Torna's Finest	Rare	15071	Ambush Boost V	0.007561437
11	Torna's Finest	Rare	15081	Aggro Attack Up V	0.007561437
11	Torna's Finest	Rare	15086	Indoor Attack Up V	0.007561437
11	Torna's Finest	Rare	15096	Fire Def Up V	0.007561437
11	Torna's Finest	Rare	15101	Water Def Up V	0.007561437
11	Torna's Finest	Rare	15106	Earth Def Up V	0.007561437
11	Torna's Finest	Rare	15111	Wind Def Up V	0.007561437
11	Torna's Finest	Rare	15116	Electric Def Up V	0.007561437
11	Torna's Finest	Rare	15121	Ice Def Up V	0.007561437
11	Torna's Finest	Rare	15126	Dark Def Up V	0.007561437
11	Torna's Finest	Rare	15131	Light Def Up V	0.007561437
11	Torna's Finest	Rare	15163	Emergency Guard V	0.007561437
11	Torna's Finest	Rare	15173	HP Attack Boost V	0.007561437
11	Torna's Finest	Rare	15178	Spike Defense V	0.007561437
11	Torna's Finest	Rare	15188	Topple Resist V	0.007561437
11	Torna's Finest	Rare	15193	Launch Resist V	0.007561437
11	Torna's Finest	Rare	15203	Blowdown Resist V	0.007561437
11	Torna's Finest	Rare	15218	Shackle Blade Resist V	0.007561437
11	Torna's Finest	Rare	15223	Auto-Attack Stealth V	0.007561437
11	Torna's Finest	Rare	15228	Aggro Boost V	0.007561437
11	Torna's Finest	Rare	15243	Arts Heal V	0.007561437
11	Torna's Finest	Rare	15258	Night Vision V	0.007561437
11	Torna's Finest	Rare	15268	Reflect Damage Up V	0.007561437
11	Torna's Finest	Rare	15278	Opening Art V	0.007561437
11	Torna's Finest	Rare	15283	Telepathy V	0.007561437
11	Torna's Finest	Rare	15293	Affinity MAX Barrier V	0.007561437
11	Torna's Finest	Rare	15298	Affinity MAX Atk V	0.007561437
11	Torna's Finest	Rare	15313	Shoulder to Shoulder V	0.007561437
11	Torna's Finest	Rare	15324	Specials Lv 1 Plus V	0.007561437
11	Torna's Finest	Rare	15329	Specials Lv 2 Plus V	0.007561437
11	Torna's Finest	Rare	15349	Jamming V	0.007561437
11	Torna's Finest	Rare	333	Avant-Garde Medal (Legendary)	0.00378071843
11	Torna's Finest	Rare	345	Ancient Banner (Legendary)	0.00378071843
11	Torna's Finest	Rare	354	Bloody Orb (Legendary)	0.00378071843
11	Torna's Finest	Rare	405	Critical Symbol (Legendary)	0.00378071843
11	Torna's Finest	Rare	116	Resurrection Symbol (Legendary)	0.00378071843
11	Torna's Finest	Rare	408	Sword Attachment (Legendary)	0.00378071843
11	Torna's Finest	Rare	409	Scimitar Attachment (Legendary)	0.00378071843
11	Torna's Finest	Rare	416	Scythe Attachment (Legendary)	0.00378071843
11	Torna's Finest	Rare	431	Rebirth Amulet (Legendary)	0.00378071843
11	Torna's Finest	Rare	432	Beta Scope (Legendary)	0.00378071843
11	Torna's Finest	Rare	10046	Howardite Chip	0.00378071843
11	Torna's Finest	Rare	10047	Aubrite Chip	0.00378071843
11	Torna's Finest	Rare	10050	Axion Chip	0.00378071843
11	Torna's Finest	Rare	10051	Mirror Matter Chip	0.00378071843
11	Torna's Finest	Rare	15364	Ambush Boost VI	0.007561437
11	Torna's Finest	Rare	15383	Launch Resist VI	0.0113421548
11	Torna's Finest	Rare	15384	Smash Resist VI	0.0113421548
11	Torna's Finest	Rare	15385	Blowdown Resist VI	0.0113421548
11	Torna's Finest	Rare	15386	Knockback Resist VI	0.0113421548
11	Torna's Finest	Rare	15396	Reflect Damage Up VI	0.0113421548
11	Torna's Finest	Rare	15397	Opening Art VI	0.0113421548
11	Torna's Finest	Rare	528	War God Banner (Common)	0.00567107741
11	Torna's Finest	Rare	537	Demon Orb (Common)	0.00567107741
11	Torna's Finest	Rare	549	Violent Stone (Common)	0.00567107741
11	Torna's Finest	Rare	564	Gargantuan Feather (Common)	0.00567107741
11	Torna's Finest	Rare	579	Noise Dampener (Common)	0.00567107741
11	Torna's Finest	Rare	529	War God Banner (Rare)	0.00567107741
11	Torna's Finest	Rare	538	Demon Orb (Rare)	0.00567107741
11	Torna's Finest	Rare	550	Violent Stone (Rare)	0.00567107741
11	Torna's Finest	Rare	565	Gargantuan Feather (Rare)	0.00567107741
11	Torna's Finest	Rare	580	Noise Dampener (Rare)	0.00567107741
11	Torna's Finest	Rare	530	War God Banner (Legendary)	0.00567107741
11	Torna's Finest	Rare	539	Demon Orb (Legendary)	0.00567107741
11	Torna's Finest	Rare	551	Violent Stone (Legendary)	0.00567107741
11	Torna's Finest	Rare	566	Gargantuan Feather (Legendary)	0.00567107741
11	Torna's Finest	Rare	581	Noise Dampener (Legendary)	0.00567107741
11	Torna's Finest	Rare	488	Terror Masque (Legendary)	0.00567107741
11	Torna's Finest	Rare	494	Envoy's Footgear (Legendary)	0.00567107741
11	Torna's Finest	Rare	15010	Physical Defense Up V	0.007561437
11	Torna's Finest	Rare	15020	Block Rate Up V	0.007561437
11	Torna's Finest	Rare	15066	Fusion Combo Up V	0.007561437
11	Torna's Finest	Rare	15076	Reflect Immunity	0.007561437
11	Torna's Finest	Rare	15091	Outdoor Attack Up V	0.007561437
11	Torna's Finest	Rare	15153	Evasion Focus V	0.007561437
11	Torna's Finest	Rare	15183	Break Resist V	0.007561437
11	Torna's Finest	Rare	15198	Smash Resist V	0.007561437
11	Torna's Finest	Rare	15208	Knockback Resist V	0.007561437
11	Torna's Finest	Rare	15238	Arts Aggro Boost V	0.007561437
11	Torna's Finest	Rare	15263	Sunlight Eye V	0.007561437
11	Torna's Finest	Rare	15273	Range Boost Up V	0.007561437
11	Torna's Finest	Rare	15288	Helping Hand V	0.007561437
11	Torna's Finest	Rare	15308	Hunter's Chemistry V	0.007561437
11	Torna's Finest	Rare	15318	Fast Blade Switch V	0.007561437
11	Torna's Finest	Rare	15334	Specials Lv 3 Plus V	0.007561437
11	Torna's Finest	Rare	15339	Specials Lv 4 Plus V	0.007561437
11	Torna's Finest	Rare	15344	Affinity MAX Acc V	0.007561437
11	Torna's Finest	Rare	300	Titanium Vest (Legendary)	0.00378071843
11	Torna's Finest	Rare	303	Ceramic Belt (Legendary)	0.00378071843
11	Torna's Finest	Rare	306	Fiber Hat (Legendary)	0.00378071843
11	Torna's Finest	Rare	309	Carbon Gloves (Legendary)	0.00378071843
11	Torna's Finest	Rare	312	Ester Shoes (Legendary)	0.00378071843
11	Torna's Finest	Rare	315	Comet Choker (Legendary)	0.00378071843
11	Torna's Finest	Rare	336	Optical Headband (Legendary)	0.00378071843
11	Torna's Finest	Rare	342	Graphite Greaves (Legendary)	0.00378071843
11	Torna's Finest	Rare	348	Jet Pauldrons (Legendary)	0.00378071843
11	Torna's Finest	Rare	351	Hero Vambraces (Legendary)	0.00378071843
11	Torna's Finest	Rare	357	Quantum Scarf (Legendary)	0.00378071843
11	Torna's Finest	Rare	383	World Tree Ward (Legendary)	0.00378071843
11	Torna's Finest	Rare	389	Holy Necklace (Legendary)	0.00378071843
11	Torna's Finest	Rare	393	Round Table Medal (Legendary)	0.00378071843
11	Torna's Finest	Rare	396	Nano-Metal Gauntlet (Legendary)	0.00378071843
11	Torna's Finest	Rare	399	Hi-Tech Eyepatch (Legendary)	0.00378071843
11	Torna's Finest	Rare	10056	Positron Chip	0.00378071843
11	Torna's Finest	Rare	15356	Beast Hunter VI	0.007561437
11	Torna's Finest	Rare	15357	Insect Hunter VI	0.007561437
11	Torna's Finest	Rare	15358	Aerial Hunter VI	0.007561437
11	Torna's Finest	Rare	15359	Aquatic Hunter VI	0.007561437
11	Torna's Finest	Rare	15360	Humanoid Hunter VI	0.007561437
11	Torna's Finest	Rare	15361	Machine Hunter VI	0.007561437
11	Torna's Finest	Rare	15362	Titan Hunter VI	0.007561437
11	Torna's Finest	Rare	15382	Topple Resist VI	0.007561437
11	Torna's Finest	Rare	15387	Auto-Attack Stealth VI	0.007561437
11	Torna's Finest	Rare	15388	Aggro Boost VI	0.007561437
11	Torna's Finest	Rare	15389	Arts Stealth VI	0.007561437
11	Torna's Finest	Rare	15390	Arts Aggro Boost VI	0.007561437
11	Torna's Finest	Rare	15394	Night Vision VI	0.007561437
11	Torna's Finest	Rare	15395	Sunlight Eye VI	0.007561437
11	Torna's Finest	Rare	15401	Specials Lv 1 Plus VI	0.007561437
11	Torna's Finest	Rare	15402	Specials Lv 2 Plus VI	0.007561437
11	Torna's Finest	Rare	15403	Specials Lv 3 Plus VI	0.007561437
11	Torna's Finest	Rare	15404	Specials Lv 4 Plus VI	0.007561437
11	Torna's Finest	Rare	465	Augmented Vision Kit (Common)	0.00378071843
11	Torna's Finest	Rare	468	Charm Bangle (Common)	0.007561437
11	Torna's Finest	Rare	474	Seven-League Circlet (Common)	0.00378071843
11	Torna's Finest	Rare	498	Twin Trunks Vest (Common)	0.00378071843
11	Torna's Finest	Rare	507	Vivid Mitts (Common)	0.00378071843
11	Torna's Finest	Rare	510	Dauntless Boots (Common)	0.00378071843
11	Torna's Finest	Rare	513	Sunlight Choker (Common)	0.00378071843
11	Torna's Finest	Rare	525	Staunch Boots (Common)	0.00378071843
11	Torna's Finest	Rare	552	Enlightened Loincloth (Common)	0.00378071843
11	Torna's Finest	Rare	555	Glamorous Swimsuit (Common)	0.00378071843
11	Torna's Finest	Rare	558	Vanish Hood (Common)	0.00378071843
11	Torna's Finest	Rare	561	Platinum Nopon Mask (Common)	0.00378071843
11	Torna's Finest	Rare	573	Beatific Medal (Common)	0.00378071843
11	Torna's Finest	Rare	466	Augmented Vision Kit (Rare)	0.00378071843
11	Torna's Finest	Rare	469	Charm Bangle (Rare)	0.00378071843
11	Torna's Finest	Rare	475	Seven-League Circlet (Rare)	0.00378071843
11	Torna's Finest	Rare	499	Twin Trunks Vest (Rare)	0.00378071843
11	Torna's Finest	Rare	508	Vivid Mitts (Rare)	0.00378071843
11	Torna's Finest	Rare	511	Dauntless Boots (Rare)	0.00378071843
11	Torna's Finest	Rare	514	Sunlight Choker (Rare)	0.00378071843
11	Torna's Finest	Rare	526	Staunch Boots (Rare)	0.00378071843
11	Torna's Finest	Rare	553	Enlightened Loincloth (Rare)	0.00378071843
11	Torna's Finest	Rare	556	Glamorous Swimsuit (Rare)	0.00378071843
11	Torna's Finest	Rare	559	Vanish Hood (Rare)	0.00378071843
11	Torna's Finest	Rare	562	Platinum Nopon Mask (Rare)	0.00378071843
11	Torna's Finest	Rare	574	Beatific Medal (Rare)	0.00378071843
11	Torna's Finest	Rare	467	Augmented Vision Kit (Legendary)	0.00378071843
11	Torna's Finest	Rare	470	Charm Bangle (Legendary)	0.00378071843
11	Torna's Finest	Rare	476	Seven-League Circlet (Legendary)	0.00378071843
11	Torna's Finest	Rare	500	Twin Trunks Vest (Legendary)	0.00378071843
11	Torna's Finest	Rare	509	Vivid Mitts (Legendary)	0.00378071843
11	Torna's Finest	Rare	512	Dauntless Boots (Legendary)	0.00378071843
11	Torna's Finest	Rare	515	Sunlight Choker (Legendary)	0.00378071843
11	Torna's Finest	Rare	527	Staunch Boots (Legendary)	0.00378071843
11	Torna's Finest	Rare	554	Enlightened Loincloth (Legendary)	0.00378071843
11	Torna's Finest	Rare	557	Glamorous Swimsuit (Legendary)	0.00378071843
11	Torna's Finest	Rare	560	Vanish Hood (Legendary)	0.00378071843
11	Torna's Finest	Rare	563	Platinum Nopon Mask (Legendary)	0.00378071843
11	Torna's Finest	Rare	575	Beatific Medal (Legendary)	0.00378071843
11	Torna's Finest	Legendary	15010	Physical Defense Up V	0.009345794
11	Torna's Finest	Legendary	15020	Block Rate Up V	0.009345794
11	Torna's Finest	Legendary	15066	Fusion Combo Up V	0.009345794
11	Torna's Finest	Legendary	15076	Reflect Immunity	0.009345794
11	Torna's Finest	Legendary	15091	Outdoor Attack Up V	0.009345794
11	Torna's Finest	Legendary	15153	Evasion Focus V	0.009345794
11	Torna's Finest	Legendary	15183	Break Resist V	0.009345794
11	Torna's Finest	Legendary	15198	Smash Resist V	0.009345794
11	Torna's Finest	Legendary	15208	Knockback Resist V	0.009345794
11	Torna's Finest	Legendary	15238	Arts Aggro Boost V	0.009345794
11	Torna's Finest	Legendary	15263	Sunlight Eye V	0.009345794
11	Torna's Finest	Legendary	15273	Range Boost Up V	0.009345794
11	Torna's Finest	Legendary	15288	Helping Hand V	0.009345794
11	Torna's Finest	Legendary	15308	Hunter's Chemistry V	0.009345794
11	Torna's Finest	Legendary	15318	Fast Blade Switch V	0.009345794
11	Torna's Finest	Legendary	15334	Specials Lv 3 Plus V	0.009345794
11	Torna's Finest	Legendary	15339	Specials Lv 4 Plus V	0.009345794
11	Torna's Finest	Legendary	15344	Affinity MAX Acc V	0.009345794
11	Torna's Finest	Legendary	300	Titanium Vest (Legendary)	0.004672897
11	Torna's Finest	Legendary	303	Ceramic Belt (Legendary)	0.004672897
11	Torna's Finest	Legendary	306	Fiber Hat (Legendary)	0.004672897
11	Torna's Finest	Legendary	309	Carbon Gloves (Legendary)	0.004672897
11	Torna's Finest	Legendary	312	Ester Shoes (Legendary)	0.004672897
11	Torna's Finest	Legendary	315	Comet Choker (Legendary)	0.004672897
11	Torna's Finest	Legendary	336	Optical Headband (Legendary)	0.004672897
11	Torna's Finest	Legendary	342	Graphite Greaves (Legendary)	0.004672897
11	Torna's Finest	Legendary	348	Jet Pauldrons (Legendary)	0.004672897
11	Torna's Finest	Legendary	351	Hero Vambraces (Legendary)	0.004672897
11	Torna's Finest	Legendary	357	Quantum Scarf (Legendary)	0.004672897
11	Torna's Finest	Legendary	383	World Tree Ward (Legendary)	0.004672897
11	Torna's Finest	Legendary	389	Holy Necklace (Legendary)	0.004672897
11	Torna's Finest	Legendary	393	Round Table Medal (Legendary)	0.004672897
11	Torna's Finest	Legendary	396	Nano-Metal Gauntlet (Legendary)	0.004672897
11	Torna's Finest	Legendary	399	Hi-Tech Eyepatch (Legendary)	0.004672897
11	Torna's Finest	Legendary	10056	Positron Chip	0.004672897
11	Torna's Finest	Legendary	15356	Beast Hunter VI	0.009345794
11	Torna's Finest	Legendary	15357	Insect Hunter VI	0.009345794
11	Torna's Finest	Legendary	15358	Aerial Hunter VI	0.009345794
11	Torna's Finest	Legendary	15359	Aquatic Hunter VI	0.009345794
11	Torna's Finest	Legendary	15360	Humanoid Hunter VI	0.009345794
11	Torna's Finest	Legendary	15361	Machine Hunter VI	0.009345794
11	Torna's Finest	Legendary	15362	Titan Hunter VI	0.009345794
11	Torna's Finest	Legendary	15382	Topple Resist VI	0.009345794
11	Torna's Finest	Legendary	15387	Auto-Attack Stealth VI	0.009345794
11	Torna's Finest	Legendary	15388	Aggro Boost VI	0.009345794
11	Torna's Finest	Legendary	15389	Arts Stealth VI	0.009345794
11	Torna's Finest	Legendary	15390	Arts Aggro Boost VI	0.009345794
11	Torna's Finest	Legendary	15394	Night Vision VI	0.009345794
11	Torna's Finest	Legendary	15395	Sunlight Eye VI	0.009345794
11	Torna's Finest	Legendary	15401	Specials Lv 1 Plus VI	0.009345794
11	Torna's Finest	Legendary	15402	Specials Lv 2 Plus VI	0.009345794
11	Torna's Finest	Legendary	15403	Specials Lv 3 Plus VI	0.009345794
11	Torna's Finest	Legendary	15404	Specials Lv 4 Plus VI	0.009345794
11	Torna's Finest	Legendary	465	Augmented Vision Kit (Common)	0.004672897
11	Torna's Finest	Legendary	468	Charm Bangle (Common)	0.004672897
11	Torna's Finest	Legendary	474	Seven-League Circlet (Common)	0.004672897
11	Torna's Finest	Legendary	498	Twin Trunks Vest (Common)	0.004672897
11	Torna's Finest	Legendary	507	Vivid Mitts (Common)	0.004672897
11	Torna's Finest	Legendary	510	Dauntless Boots (Common)	0.004672897
11	Torna's Finest	Legendary	513	Sunlight Choker (Common)	0.004672897
11	Torna's Finest	Legendary	525	Staunch Boots (Common)	0.004672897
11	Torna's Finest	Legendary	552	Enlightened Loincloth (Common)	0.004672897
11	Torna's Finest	Legendary	555	Glamorous Swimsuit (Common)	0.004672897
11	Torna's Finest	Legendary	558	Vanish Hood (Common)	0.004672897
11	Torna's Finest	Legendary	561	Platinum Nopon Mask (Common)	0.004672897
11	Torna's Finest	Legendary	573	Beatific Medal (Common)	0.004672897
11	Torna's Finest	Legendary	466	Augmented Vision Kit (Rare)	0.004672897
11	Torna's Finest	Legendary	469	Charm Bangle (Rare)	0.004672897
11	Torna's Finest	Legendary	475	Seven-League Circlet (Rare)	0.004672897
11	Torna's Finest	Legendary	499	Twin Trunks Vest (Rare)	0.004672897
11	Torna's Finest	Legendary	508	Vivid Mitts (Rare)	0.004672897
11	Torna's Finest	Legendary	511	Dauntless Boots (Rare)	0.004672897
11	Torna's Finest	Legendary	514	Sunlight Choker (Rare)	0.004672897
11	Torna's Finest	Legendary	526	Staunch Boots (Rare)	0.004672897
11	Torna's Finest	Legendary	553	Enlightened Loincloth (Rare)	0.004672897
11	Torna's Finest	Legendary	556	Glamorous Swimsuit (Rare)	0.004672897
11	Torna's Finest	Legendary	559	Vanish Hood (Rare)	0.004672897
11	Torna's Finest	Legendary	562	Platinum Nopon Mask (Rare)	0.004672897
11	Torna's Finest	Legendary	574	Beatific Medal (Rare)	0.004672897
11	Torna's Finest	Legendary	467	Augmented Vision Kit (Legendary)	0.004672897
11	Torna's Finest	Legendary	470	Charm Bangle (Legendary)	0.004672897
11	Torna's Finest	Legendary	476	Seven-League Circlet (Legendary)	0.004672897
11	Torna's Finest	Legendary	500	Twin Trunks Vest (Legendary)	0.004672897
11	Torna's Finest	Legendary	509	Vivid Mitts (Legendary)	0.004672897
11	Torna's Finest	Legendary	512	Dauntless Boots (Legendary)	0.004672897
11	Torna's Finest	Legendary	515	Sunlight Choker (Legendary)	0.004672897
11	Torna's Finest	Legendary	527	Staunch Boots (Legendary)	0.004672897
11	Torna's Finest	Legendary	554	Enlightened Loincloth (Legendary)	0.004672897
11	Torna's Finest	Legendary	557	Glamorous Swimsuit (Legendary)	0.004672897
11	Torna's Finest	Legendary	560	Vanish Hood (Legendary)	0.004672897
11	Torna's Finest	Legendary	563	Platinum Nopon Mask (Legendary)	0.004672897
11	Torna's Finest	Legendary	575	Beatific Medal (Legendary)	0.004672897
11	Torna's Finest	Legendary	15005	Critical Up V	0.009345794
11	Torna's Finest	Legendary	15015	Ether Defense Up V	0.009345794
11	Torna's Finest	Legendary	15060	Blade Combo Boost V	0.009345794
11	Torna's Finest	Legendary	15158	Swift Evasion V	0.009345794
11	Torna's Finest	Legendary	15168	Endurance V	0.009345794
11	Torna's Finest	Legendary	15233	Arts Stealth V	0.009345794
11	Torna's Finest	Legendary	15248	Movement Heal V	0.009345794
11	Torna's Finest	Legendary	15253	Damage Heal V	0.009345794
11	Torna's Finest	Legendary	15303	Affinity MAX Evade V	0.009345794
11	Torna's Finest	Legendary	10057	Hadron Chip	0.004672897
11	Torna's Finest	Legendary	15353	Physical Defense Up VI	0.009345794
11	Torna's Finest	Legendary	15354	Ether Defense Up VI	0.009345794
11	Torna's Finest	Legendary	15368	Fire Def Up VI	0.0140186911
11	Torna's Finest	Legendary	15369	Water Def Up VI	0.0140186911
11	Torna's Finest	Legendary	15370	Wind Def Up VI	0.0140186911
11	Torna's Finest	Legendary	15371	Earth Def Up VI	0.0140186911
11	Torna's Finest	Legendary	15372	Electric Def Up VI	0.0140186911
11	Torna's Finest	Legendary	15373	Ice Def Up VI	0.0140186911
11	Torna's Finest	Legendary	15374	Light Def Up VI	0.0140186911
11	Torna's Finest	Legendary	15375	Dark Def Up VI	0.0140186911
11	Torna's Finest	Legendary	15381	Break Resist VI	0.009345794
11	Torna's Finest	Legendary	15405	Affinity MAX Acc VI	0.0186915882
11	Torna's Finest	Legendary	456	Consul Greaves (Common)	0.004672897
11	Torna's Finest	Legendary	489	Abyss Masque (Common)	0.004672897
11	Torna's Finest	Legendary	495	Survivor's Footgear (Common)	0.004672897
11	Torna's Finest	Legendary	501	Beast-Hide Vest (Common)	0.004672897
11	Torna's Finest	Legendary	504	Prairie Cap (Common)	0.004672897
11	Torna's Finest	Legendary	519	Crimson Headband (Common)	0.004672897
11	Torna's Finest	Legendary	531	Consul Pauldrons (Common)	0.004672897
11	Torna's Finest	Legendary	534	Divine Vambraces (Common)	0.004672897
11	Torna's Finest	Legendary	540	Tachyon Scarf (Common)	0.004672897
11	Torna's Finest	Legendary	576	Carbon Gauntlet (Common)	0.009345794
11	Torna's Finest	Legendary	457	Consul Greaves (Rare)	0.004672897
11	Torna's Finest	Legendary	490	Abyss Masque (Rare)	0.004672897
11	Torna's Finest	Legendary	496	Survivor's Footgear (Rare)	0.004672897
11	Torna's Finest	Legendary	502	Beast-Hide Vest (Rare)	0.004672897
11	Torna's Finest	Legendary	505	Prairie Cap (Rare)	0.004672897
11	Torna's Finest	Legendary	520	Crimson Headband (Rare)	0.004672897
11	Torna's Finest	Legendary	532	Consul Pauldrons (Rare)	0.004672897
11	Torna's Finest	Legendary	535	Divine Vambraces (Rare)	0.004672897
11	Torna's Finest	Legendary	541	Tachyon Scarf (Rare)	0.004672897
11	Torna's Finest	Legendary	577	Carbon Gauntlet (Rare)	0.004672897
11	Torna's Finest	Legendary	458	Consul Greaves (Legendary)	0.004672897
11	Torna's Finest	Legendary	491	Abyss Masque (Legendary)	0.004672897
11	Torna's Finest	Legendary	497	Survivor's Footgear (Legendary)	0.004672897
11	Torna's Finest	Legendary	503	Beast-Hide Vest (Legendary)	0.004672897
11	Torna's Finest	Legendary	506	Prairie Cap (Legendary)	0.004672897
11	Torna's Finest	Legendary	521	Crimson Headband (Legendary)	0.004672897
11	Torna's Finest	Legendary	533	Consul Pauldrons (Legendary)	0.004672897
11	Torna's Finest	Legendary	536	Divine Vambraces (Legendary)	0.004672897
11	Torna's Finest	Legendary	542	Tachyon Scarf (Legendary)	0.004672897
11	Torna's Finest	Legendary	578	Carbon Gauntlet (Legendary)	0.004672897
11	Torna's Finest	Legendary	25406	Intermediate Weaponry	0.009345794
12	Serious Showdown	Common	15030	Insect Hunter V	0.005065856
12	Serious Showdown	Common	15040	Aquatic Hunter V	0.005065856
12	Serious Showdown	Common	15025	Beast Hunter V	0.005065856
12	Serious Showdown	Common	15035	Aerial Hunter V	0.005065856
12	Serious Showdown	Common	15045	Humanoid Hunter V	0.005065856
12	Serious Showdown	Common	15055	Titan Hunter V	0.005065856
12	Serious Showdown	Common	15050	Machine Hunter V	0.005065856
12	Serious Showdown	Common	15071	Ambush Boost V	0.005065856
12	Serious Showdown	Common	15081	Aggro Attack Up V	0.005065856
12	Serious Showdown	Common	15086	Indoor Attack Up V	0.005065856
12	Serious Showdown	Common	15096	Fire Def Up V	0.005065856
12	Serious Showdown	Common	15101	Water Def Up V	0.005065856
12	Serious Showdown	Common	15106	Earth Def Up V	0.005065856
12	Serious Showdown	Common	15111	Wind Def Up V	0.005065856
12	Serious Showdown	Common	15116	Electric Def Up V	0.005065856
12	Serious Showdown	Common	15121	Ice Def Up V	0.005065856
12	Serious Showdown	Common	15126	Dark Def Up V	0.005065856
12	Serious Showdown	Common	15131	Light Def Up V	0.005065856
12	Serious Showdown	Common	15163	Emergency Guard V	0.005065856
12	Serious Showdown	Common	15173	HP Attack Boost V	0.005065856
12	Serious Showdown	Common	15178	Spike Defense V	0.005065856
12	Serious Showdown	Common	15188	Topple Resist V	0.005065856
12	Serious Showdown	Common	15193	Launch Resist V	0.005065856
12	Serious Showdown	Common	15203	Blowdown Resist V	0.005065856
12	Serious Showdown	Common	15218	Shackle Blade Resist V	0.005065856
12	Serious Showdown	Common	15223	Auto-Attack Stealth V	0.005065856
12	Serious Showdown	Common	15228	Aggro Boost V	0.005065856
12	Serious Showdown	Common	15243	Arts Heal V	0.005065856
12	Serious Showdown	Common	15258	Night Vision V	0.005065856
12	Serious Showdown	Common	15268	Reflect Damage Up V	0.005065856
12	Serious Showdown	Common	15278	Opening Art V	0.005065856
12	Serious Showdown	Common	15283	Telepathy V	0.005065856
12	Serious Showdown	Common	15293	Affinity MAX Barrier V	0.005065856
12	Serious Showdown	Common	15298	Affinity MAX Atk V	0.005065856
12	Serious Showdown	Common	15313	Shoulder to Shoulder V	0.005065856
12	Serious Showdown	Common	15324	Specials Lv 1 Plus V	0.005065856
12	Serious Showdown	Common	15329	Specials Lv 2 Plus V	0.005065856
12	Serious Showdown	Common	15349	Jamming V	0.005065856
12	Serious Showdown	Common	333	Avant-Garde Medal (Legendary)	0.0202634241
12	Serious Showdown	Common	345	Ancient Banner (Legendary)	0.0202634241
12	Serious Showdown	Common	354	Bloody Orb (Legendary)	0.0202634241
12	Serious Showdown	Common	405	Critical Symbol (Legendary)	0.0202634241
12	Serious Showdown	Common	116	Resurrection Symbol (Legendary)	0.0202634241
12	Serious Showdown	Common	408	Sword Attachment (Legendary)	0.0202634241
12	Serious Showdown	Common	409	Scimitar Attachment (Legendary)	0.0202634241
12	Serious Showdown	Common	416	Scythe Attachment (Legendary)	0.0202634241
12	Serious Showdown	Common	431	Rebirth Amulet (Legendary)	0.0202634241
12	Serious Showdown	Common	432	Beta Scope (Legendary)	0.0202634241
12	Serious Showdown	Common	10046	Howardite Chip	0.0101317121
12	Serious Showdown	Common	10047	Aubrite Chip	0.0101317121
12	Serious Showdown	Common	10050	Axion Chip	0.0101317121
12	Serious Showdown	Common	10051	Mirror Matter Chip	0.0101317121
12	Serious Showdown	Common	15364	Ambush Boost VI	0.005065856
12	Serious Showdown	Common	15383	Launch Resist VI	0.00709219836
12	Serious Showdown	Common	15384	Smash Resist VI	0.00709219836
12	Serious Showdown	Common	15385	Blowdown Resist VI	0.00709219836
12	Serious Showdown	Common	15386	Knockback Resist VI	0.00709219836
12	Serious Showdown	Common	15396	Reflect Damage Up VI	0.00709219836
12	Serious Showdown	Common	15397	Opening Art VI	0.00709219836
12	Serious Showdown	Common	528	War God Banner (Common)	0.0303951371
12	Serious Showdown	Common	537	Demon Orb (Common)	0.0303951371
12	Serious Showdown	Common	549	Violent Stone (Common)	0.0303951371
12	Serious Showdown	Common	564	Gargantuan Feather (Common)	0.0303951371
12	Serious Showdown	Common	579	Noise Dampener (Common)	0.0303951371
12	Serious Showdown	Common	529	War God Banner (Rare)	0.0303951371
12	Serious Showdown	Common	538	Demon Orb (Rare)	0.0303951371
12	Serious Showdown	Common	550	Violent Stone (Rare)	0.0303951371
12	Serious Showdown	Common	565	Gargantuan Feather (Rare)	0.0303951371
12	Serious Showdown	Common	580	Noise Dampener (Rare)	0.0303951371
12	Serious Showdown	Common	530	War God Banner (Legendary)	0.0303951371
12	Serious Showdown	Common	539	Demon Orb (Legendary)	0.0303951371
12	Serious Showdown	Common	551	Violent Stone (Legendary)	0.0303951371
12	Serious Showdown	Common	566	Gargantuan Feather (Legendary)	0.0303951371
12	Serious Showdown	Common	581	Noise Dampener (Legendary)	0.0303951371
12	Serious Showdown	Common	488	Terror Masque (Legendary)	0.0303951371
12	Serious Showdown	Common	494	Envoy's Footgear (Legendary)	0.0303951371
12	Serious Showdown	Rare	15030	Insect Hunter V	0.00219106046
12	Serious Showdown	Rare	15040	Aquatic Hunter V	0.00219106046
12	Serious Showdown	Rare	15025	Beast Hunter V	0.00219106046
12	Serious Showdown	Rare	15035	Aerial Hunter V	0.00219106046
12	Serious Showdown	Rare	15045	Humanoid Hunter V	0.00219106046
12	Serious Showdown	Rare	15055	Titan Hunter V	0.00219106046
12	Serious Showdown	Rare	15050	Machine Hunter V	0.00219106046
12	Serious Showdown	Rare	15071	Ambush Boost V	0.00219106046
12	Serious Showdown	Rare	15081	Aggro Attack Up V	0.00219106046
12	Serious Showdown	Rare	15086	Indoor Attack Up V	0.00219106046
12	Serious Showdown	Rare	15096	Fire Def Up V	0.00219106046
12	Serious Showdown	Rare	15101	Water Def Up V	0.00219106046
12	Serious Showdown	Rare	15106	Earth Def Up V	0.00219106046
12	Serious Showdown	Rare	15111	Wind Def Up V	0.00219106046
12	Serious Showdown	Rare	15116	Electric Def Up V	0.00219106046
12	Serious Showdown	Rare	15121	Ice Def Up V	0.00219106046
12	Serious Showdown	Rare	15126	Dark Def Up V	0.00219106046
12	Serious Showdown	Rare	15131	Light Def Up V	0.00219106046
12	Serious Showdown	Rare	15163	Emergency Guard V	0.00219106046
12	Serious Showdown	Rare	15173	HP Attack Boost V	0.00219106046
12	Serious Showdown	Rare	15178	Spike Defense V	0.00219106046
12	Serious Showdown	Rare	15188	Topple Resist V	0.00219106046
12	Serious Showdown	Rare	15193	Launch Resist V	0.00219106046
12	Serious Showdown	Rare	15203	Blowdown Resist V	0.00219106046
12	Serious Showdown	Rare	15218	Shackle Blade Resist V	0.00219106046
12	Serious Showdown	Rare	15223	Auto-Attack Stealth V	0.00219106046
12	Serious Showdown	Rare	15228	Aggro Boost V	0.00219106046
12	Serious Showdown	Rare	15243	Arts Heal V	0.00219106046
12	Serious Showdown	Rare	15258	Night Vision V	0.00219106046
12	Serious Showdown	Rare	15268	Reflect Damage Up V	0.00219106046
12	Serious Showdown	Rare	15278	Opening Art V	0.00219106046
12	Serious Showdown	Rare	15283	Telepathy V	0.00219106046
12	Serious Showdown	Rare	15293	Affinity MAX Barrier V	0.00219106046
12	Serious Showdown	Rare	15298	Affinity MAX Atk V	0.00219106046
12	Serious Showdown	Rare	15313	Shoulder to Shoulder V	0.00219106046
12	Serious Showdown	Rare	15324	Specials Lv 1 Plus V	0.00219106046
12	Serious Showdown	Rare	15329	Specials Lv 2 Plus V	0.00219106046
12	Serious Showdown	Rare	15349	Jamming V	0.00219106046
12	Serious Showdown	Rare	333	Avant-Garde Medal (Legendary)	0.008764242
12	Serious Showdown	Rare	345	Ancient Banner (Legendary)	0.008764242
12	Serious Showdown	Rare	354	Bloody Orb (Legendary)	0.008764242
12	Serious Showdown	Rare	405	Critical Symbol (Legendary)	0.008764242
12	Serious Showdown	Rare	116	Resurrection Symbol (Legendary)	0.008764242
12	Serious Showdown	Rare	408	Sword Attachment (Legendary)	0.008764242
12	Serious Showdown	Rare	409	Scimitar Attachment (Legendary)	0.008764242
12	Serious Showdown	Rare	416	Scythe Attachment (Legendary)	0.008764242
12	Serious Showdown	Rare	431	Rebirth Amulet (Legendary)	0.008764242
12	Serious Showdown	Rare	432	Beta Scope (Legendary)	0.008764242
12	Serious Showdown	Rare	10046	Howardite Chip	0.004382121
12	Serious Showdown	Rare	10047	Aubrite Chip	0.004382121
12	Serious Showdown	Rare	10050	Axion Chip	0.004382121
12	Serious Showdown	Rare	10051	Mirror Matter Chip	0.004382121
12	Serious Showdown	Rare	15364	Ambush Boost VI	0.00219106046
12	Serious Showdown	Rare	15383	Launch Resist VI	0.00306748459
12	Serious Showdown	Rare	15384	Smash Resist VI	0.00306748459
12	Serious Showdown	Rare	15385	Blowdown Resist VI	0.00306748459
12	Serious Showdown	Rare	15386	Knockback Resist VI	0.00306748459
12	Serious Showdown	Rare	15396	Reflect Damage Up VI	0.00306748459
12	Serious Showdown	Rare	15397	Opening Art VI	0.00306748459
12	Serious Showdown	Rare	528	War God Banner (Common)	0.0131463632
12	Serious Showdown	Rare	537	Demon Orb (Common)	0.0131463632
12	Serious Showdown	Rare	549	Violent Stone (Common)	0.0131463632
12	Serious Showdown	Rare	564	Gargantuan Feather (Common)	0.0131463632
12	Serious Showdown	Rare	579	Noise Dampener (Common)	0.0131463632
12	Serious Showdown	Rare	529	War God Banner (Rare)	0.0131463632
12	Serious Showdown	Rare	538	Demon Orb (Rare)	0.0131463632
12	Serious Showdown	Rare	550	Violent Stone (Rare)	0.0131463632
12	Serious Showdown	Rare	565	Gargantuan Feather (Rare)	0.0131463632
12	Serious Showdown	Rare	580	Noise Dampener (Rare)	0.0131463632
12	Serious Showdown	Rare	530	War God Banner (Legendary)	0.0131463632
12	Serious Showdown	Rare	539	Demon Orb (Legendary)	0.0131463632
12	Serious Showdown	Rare	551	Violent Stone (Legendary)	0.0131463632
12	Serious Showdown	Rare	566	Gargantuan Feather (Legendary)	0.0131463632
12	Serious Showdown	Rare	581	Noise Dampener (Legendary)	0.0131463632
12	Serious Showdown	Rare	488	Terror Masque (Legendary)	0.0131463632
12	Serious Showdown	Rare	494	Envoy's Footgear (Legendary)	0.0131463632
12	Serious Showdown	Rare	15010	Physical Defense Up V	0.00219106046
12	Serious Showdown	Rare	15020	Block Rate Up V	0.00219106046
12	Serious Showdown	Rare	15066	Fusion Combo Up V	0.00219106046
12	Serious Showdown	Rare	15076	Reflect Immunity	0.00219106046
12	Serious Showdown	Rare	15091	Outdoor Attack Up V	0.00219106046
12	Serious Showdown	Rare	15153	Evasion Focus V	0.00219106046
12	Serious Showdown	Rare	15183	Break Resist V	0.00219106046
12	Serious Showdown	Rare	15198	Smash Resist V	0.00219106046
12	Serious Showdown	Rare	15208	Knockback Resist V	0.00219106046
12	Serious Showdown	Rare	15238	Arts Aggro Boost V	0.00219106046
12	Serious Showdown	Rare	15263	Sunlight Eye V	0.00219106046
12	Serious Showdown	Rare	15273	Range Boost Up V	0.00219106046
12	Serious Showdown	Rare	15288	Helping Hand V	0.00219106046
12	Serious Showdown	Rare	15308	Hunter's Chemistry V	0.00219106046
12	Serious Showdown	Rare	15318	Fast Blade Switch V	0.00219106046
12	Serious Showdown	Rare	15334	Specials Lv 3 Plus V	0.00219106046
12	Serious Showdown	Rare	15339	Specials Lv 4 Plus V	0.00219106046
12	Serious Showdown	Rare	15344	Affinity MAX Acc V	0.00219106046
12	Serious Showdown	Rare	300	Titanium Vest (Legendary)	0.008764242
12	Serious Showdown	Rare	303	Ceramic Belt (Legendary)	0.008764242
12	Serious Showdown	Rare	306	Fiber Hat (Legendary)	0.008764242
12	Serious Showdown	Rare	309	Carbon Gloves (Legendary)	0.008764242
12	Serious Showdown	Rare	312	Ester Shoes (Legendary)	0.008764242
12	Serious Showdown	Rare	315	Comet Choker (Legendary)	0.008764242
12	Serious Showdown	Rare	336	Optical Headband (Legendary)	0.008764242
12	Serious Showdown	Rare	342	Graphite Greaves (Legendary)	0.008764242
12	Serious Showdown	Rare	348	Jet Pauldrons (Legendary)	0.008764242
12	Serious Showdown	Rare	351	Hero Vambraces (Legendary)	0.008764242
12	Serious Showdown	Rare	357	Quantum Scarf (Legendary)	0.008764242
12	Serious Showdown	Rare	383	World Tree Ward (Legendary)	0.008764242
12	Serious Showdown	Rare	389	Holy Necklace (Legendary)	0.008764242
12	Serious Showdown	Rare	393	Round Table Medal (Legendary)	0.008764242
12	Serious Showdown	Rare	396	Nano-Metal Gauntlet (Legendary)	0.008764242
12	Serious Showdown	Rare	399	Hi-Tech Eyepatch (Legendary)	0.008764242
12	Serious Showdown	Rare	10056	Positron Chip	0.004382121
12	Serious Showdown	Rare	15356	Beast Hunter VI	0.00219106046
12	Serious Showdown	Rare	15357	Insect Hunter VI	0.00219106046
12	Serious Showdown	Rare	15358	Aerial Hunter VI	0.00219106046
12	Serious Showdown	Rare	15359	Aquatic Hunter VI	0.00219106046
12	Serious Showdown	Rare	15360	Humanoid Hunter VI	0.00219106046
12	Serious Showdown	Rare	15361	Machine Hunter VI	0.00219106046
12	Serious Showdown	Rare	15362	Titan Hunter VI	0.00219106046
12	Serious Showdown	Rare	15382	Topple Resist VI	0.00219106046
12	Serious Showdown	Rare	15387	Auto-Attack Stealth VI	0.00219106046
12	Serious Showdown	Rare	15388	Aggro Boost VI	0.004382121
12	Serious Showdown	Rare	15389	Arts Stealth VI	0.00219106046
12	Serious Showdown	Rare	15390	Arts Aggro Boost VI	0.00219106046
12	Serious Showdown	Rare	15394	Night Vision VI	0.00219106046
12	Serious Showdown	Rare	15395	Sunlight Eye VI	0.00219106046
12	Serious Showdown	Rare	15401	Specials Lv 1 Plus VI	0.00219106046
12	Serious Showdown	Rare	15402	Specials Lv 2 Plus VI	0.00219106046
12	Serious Showdown	Rare	15403	Specials Lv 3 Plus VI	0.00219106046
12	Serious Showdown	Rare	15404	Specials Lv 4 Plus VI	0.00219106046
12	Serious Showdown	Rare	465	Augmented Vision Kit (Common)	0.008764242
12	Serious Showdown	Rare	468	Charm Bangle (Common)	0.008764242
12	Serious Showdown	Rare	474	Seven-League Circlet (Common)	0.008764242
12	Serious Showdown	Rare	498	Twin Trunks Vest (Common)	0.008764242
12	Serious Showdown	Rare	507	Vivid Mitts (Common)	0.008764242
12	Serious Showdown	Rare	510	Dauntless Boots (Common)	0.008764242
12	Serious Showdown	Rare	513	Sunlight Choker (Common)	0.008764242
12	Serious Showdown	Rare	525	Staunch Boots (Common)	0.008764242
12	Serious Showdown	Rare	552	Enlightened Loincloth (Common)	0.008764242
12	Serious Showdown	Rare	555	Glamorous Swimsuit (Common)	0.008764242
12	Serious Showdown	Rare	558	Vanish Hood (Common)	0.008764242
12	Serious Showdown	Rare	561	Platinum Nopon Mask (Common)	0.008764242
12	Serious Showdown	Rare	573	Beatific Medal (Common)	0.008764242
12	Serious Showdown	Rare	466	Augmented Vision Kit (Rare)	0.008764242
12	Serious Showdown	Rare	469	Charm Bangle (Rare)	0.008764242
12	Serious Showdown	Rare	475	Seven-League Circlet (Rare)	0.008764242
12	Serious Showdown	Rare	499	Twin Trunks Vest (Rare)	0.008764242
12	Serious Showdown	Rare	508	Vivid Mitts (Rare)	0.008764242
12	Serious Showdown	Rare	511	Dauntless Boots (Rare)	0.008764242
12	Serious Showdown	Rare	514	Sunlight Choker (Rare)	0.008764242
12	Serious Showdown	Rare	526	Staunch Boots (Rare)	0.008764242
12	Serious Showdown	Rare	553	Enlightened Loincloth (Rare)	0.008764242
12	Serious Showdown	Rare	556	Glamorous Swimsuit (Rare)	0.008764242
12	Serious Showdown	Rare	559	Vanish Hood (Rare)	0.008764242
12	Serious Showdown	Rare	562	Platinum Nopon Mask (Rare)	0.008764242
12	Serious Showdown	Rare	574	Beatific Medal (Rare)	0.008764242
12	Serious Showdown	Rare	467	Augmented Vision Kit (Legendary)	0.008764242
12	Serious Showdown	Rare	470	Charm Bangle (Legendary)	0.008764242
12	Serious Showdown	Rare	476	Seven-League Circlet (Legendary)	0.008764242
12	Serious Showdown	Rare	500	Twin Trunks Vest (Legendary)	0.008764242
12	Serious Showdown	Rare	509	Vivid Mitts (Legendary)	0.008764242
12	Serious Showdown	Rare	512	Dauntless Boots (Legendary)	0.008764242
12	Serious Showdown	Rare	515	Sunlight Choker (Legendary)	0.008764242
12	Serious Showdown	Rare	527	Staunch Boots (Legendary)	0.008764242
12	Serious Showdown	Rare	554	Enlightened Loincloth (Legendary)	0.008764242
12	Serious Showdown	Rare	557	Glamorous Swimsuit (Legendary)	0.008764242
12	Serious Showdown	Rare	560	Vanish Hood (Legendary)	0.008764242
12	Serious Showdown	Rare	563	Platinum Nopon Mask (Legendary)	0.008764242
12	Serious Showdown	Rare	575	Beatific Medal (Legendary)	0.008764242
12	Serious Showdown	Legendary	15010	Physical Defense Up V	0.00239693187
12	Serious Showdown	Legendary	15020	Block Rate Up V	0.00239693187
12	Serious Showdown	Legendary	15066	Fusion Combo Up V	0.00239693187
12	Serious Showdown	Legendary	15076	Reflect Immunity	0.00239693187
12	Serious Showdown	Legendary	15091	Outdoor Attack Up V	0.00239693187
12	Serious Showdown	Legendary	15153	Evasion Focus V	0.00239693187
12	Serious Showdown	Legendary	15183	Break Resist V	0.00239693187
12	Serious Showdown	Legendary	15198	Smash Resist V	0.00239693187
12	Serious Showdown	Legendary	15208	Knockback Resist V	0.00239693187
12	Serious Showdown	Legendary	15238	Arts Aggro Boost V	0.00239693187
12	Serious Showdown	Legendary	15263	Sunlight Eye V	0.00239693187
12	Serious Showdown	Legendary	15273	Range Boost Up V	0.00239693187
12	Serious Showdown	Legendary	15288	Helping Hand V	0.00239693187
12	Serious Showdown	Legendary	15308	Hunter's Chemistry V	0.00239693187
12	Serious Showdown	Legendary	15318	Fast Blade Switch V	0.00239693187
12	Serious Showdown	Legendary	15334	Specials Lv 3 Plus V	0.00239693187
12	Serious Showdown	Legendary	15339	Specials Lv 4 Plus V	0.00239693187
12	Serious Showdown	Legendary	15344	Affinity MAX Acc V	0.00239693187
12	Serious Showdown	Legendary	300	Titanium Vest (Legendary)	0.00958772749
12	Serious Showdown	Legendary	303	Ceramic Belt (Legendary)	0.00958772749
12	Serious Showdown	Legendary	306	Fiber Hat (Legendary)	0.00958772749
12	Serious Showdown	Legendary	309	Carbon Gloves (Legendary)	0.00958772749
12	Serious Showdown	Legendary	312	Ester Shoes (Legendary)	0.00958772749
12	Serious Showdown	Legendary	315	Comet Choker (Legendary)	0.00958772749
12	Serious Showdown	Legendary	336	Optical Headband (Legendary)	0.00958772749
12	Serious Showdown	Legendary	342	Graphite Greaves (Legendary)	0.00958772749
12	Serious Showdown	Legendary	348	Jet Pauldrons (Legendary)	0.00958772749
12	Serious Showdown	Legendary	351	Hero Vambraces (Legendary)	0.00958772749
12	Serious Showdown	Legendary	357	Quantum Scarf (Legendary)	0.00958772749
12	Serious Showdown	Legendary	383	World Tree Ward (Legendary)	0.00958772749
12	Serious Showdown	Legendary	389	Holy Necklace (Legendary)	0.00958772749
12	Serious Showdown	Legendary	393	Round Table Medal (Legendary)	0.00958772749
12	Serious Showdown	Legendary	396	Nano-Metal Gauntlet (Legendary)	0.00958772749
12	Serious Showdown	Legendary	399	Hi-Tech Eyepatch (Legendary)	0.00958772749
12	Serious Showdown	Legendary	10056	Positron Chip	0.00479386374
12	Serious Showdown	Legendary	15356	Beast Hunter VI	0.00239693187
12	Serious Showdown	Legendary	15357	Insect Hunter VI	0.00239693187
12	Serious Showdown	Legendary	15358	Aerial Hunter VI	0.00239693187
12	Serious Showdown	Legendary	15359	Aquatic Hunter VI	0.00239693187
12	Serious Showdown	Legendary	15360	Humanoid Hunter VI	0.00239693187
12	Serious Showdown	Legendary	15361	Machine Hunter VI	0.00239693187
12	Serious Showdown	Legendary	15362	Titan Hunter VI	0.00239693187
12	Serious Showdown	Legendary	15382	Topple Resist VI	0.00239693187
12	Serious Showdown	Legendary	15387	Auto-Attack Stealth VI	0.00239693187
12	Serious Showdown	Legendary	15388	Aggro Boost VI	0.00239693187
12	Serious Showdown	Legendary	15389	Arts Stealth VI	0.00239693187
12	Serious Showdown	Legendary	15390	Arts Aggro Boost VI	0.00239693187
12	Serious Showdown	Legendary	15394	Night Vision VI	0.00239693187
12	Serious Showdown	Legendary	15395	Sunlight Eye VI	0.00239693187
12	Serious Showdown	Legendary	15401	Specials Lv 1 Plus VI	0.00239693187
12	Serious Showdown	Legendary	15402	Specials Lv 2 Plus VI	0.00239693187
12	Serious Showdown	Legendary	15403	Specials Lv 3 Plus VI	0.00239693187
12	Serious Showdown	Legendary	15404	Specials Lv 4 Plus VI	0.00239693187
12	Serious Showdown	Legendary	465	Augmented Vision Kit (Common)	0.00958772749
12	Serious Showdown	Legendary	468	Charm Bangle (Common)	0.00958772749
12	Serious Showdown	Legendary	474	Seven-League Circlet (Common)	0.00958772749
12	Serious Showdown	Legendary	498	Twin Trunks Vest (Common)	0.00958772749
12	Serious Showdown	Legendary	507	Vivid Mitts (Common)	0.00958772749
12	Serious Showdown	Legendary	510	Dauntless Boots (Common)	0.00958772749
12	Serious Showdown	Legendary	513	Sunlight Choker (Common)	0.00958772749
12	Serious Showdown	Legendary	525	Staunch Boots (Common)	0.00958772749
12	Serious Showdown	Legendary	552	Enlightened Loincloth (Common)	0.00958772749
12	Serious Showdown	Legendary	555	Glamorous Swimsuit (Common)	0.00958772749
12	Serious Showdown	Legendary	558	Vanish Hood (Common)	0.00958772749
12	Serious Showdown	Legendary	561	Platinum Nopon Mask (Common)	0.00958772749
12	Serious Showdown	Legendary	573	Beatific Medal (Common)	0.00958772749
12	Serious Showdown	Legendary	466	Augmented Vision Kit (Rare)	0.00958772749
12	Serious Showdown	Legendary	469	Charm Bangle (Rare)	0.00958772749
12	Serious Showdown	Legendary	475	Seven-League Circlet (Rare)	0.00958772749
12	Serious Showdown	Legendary	499	Twin Trunks Vest (Rare)	0.00958772749
12	Serious Showdown	Legendary	508	Vivid Mitts (Rare)	0.00958772749
12	Serious Showdown	Legendary	511	Dauntless Boots (Rare)	0.00958772749
12	Serious Showdown	Legendary	514	Sunlight Choker (Rare)	0.00958772749
12	Serious Showdown	Legendary	526	Staunch Boots (Rare)	0.00958772749
12	Serious Showdown	Legendary	553	Enlightened Loincloth (Rare)	0.00958772749
12	Serious Showdown	Legendary	556	Glamorous Swimsuit (Rare)	0.00958772749
12	Serious Showdown	Legendary	559	Vanish Hood (Rare)	0.00958772749
12	Serious Showdown	Legendary	562	Platinum Nopon Mask (Rare)	0.00958772749
12	Serious Showdown	Legendary	574	Beatific Medal (Rare)	0.00958772749
12	Serious Showdown	Legendary	467	Augmented Vision Kit (Legendary)	0.00958772749
12	Serious Showdown	Legendary	470	Charm Bangle (Legendary)	0.00958772749
12	Serious Showdown	Legendary	476	Seven-League Circlet (Legendary)	0.00958772749
12	Serious Showdown	Legendary	500	Twin Trunks Vest (Legendary)	0.00958772749
12	Serious Showdown	Legendary	509	Vivid Mitts (Legendary)	0.00958772749
12	Serious Showdown	Legendary	512	Dauntless Boots (Legendary)	0.00958772749
12	Serious Showdown	Legendary	515	Sunlight Choker (Legendary)	0.00958772749
12	Serious Showdown	Legendary	527	Staunch Boots (Legendary)	0.00958772749
12	Serious Showdown	Legendary	554	Enlightened Loincloth (Legendary)	0.00958772749
12	Serious Showdown	Legendary	557	Glamorous Swimsuit (Legendary)	0.00958772749
12	Serious Showdown	Legendary	560	Vanish Hood (Legendary)	0.00958772749
12	Serious Showdown	Legendary	563	Platinum Nopon Mask (Legendary)	0.00958772749
12	Serious Showdown	Legendary	575	Beatific Medal (Legendary)	0.00958772749
12	Serious Showdown	Legendary	15005	Critical Up V	0.00239693187
12	Serious Showdown	Legendary	15015	Ether Defense Up V	0.00239693187
12	Serious Showdown	Legendary	15060	Blade Combo Boost V	0.00239693187
12	Serious Showdown	Legendary	15158	Swift Evasion V	0.00239693187
12	Serious Showdown	Legendary	15168	Endurance V	0.00239693187
12	Serious Showdown	Legendary	15233	Arts Stealth V	0.00239693187
12	Serious Showdown	Legendary	15248	Movement Heal V	0.00239693187
12	Serious Showdown	Legendary	15253	Damage Heal V	0.00239693187
12	Serious Showdown	Legendary	15303	Affinity MAX Evade V	0.00239693187
12	Serious Showdown	Legendary	10057	Hadron Chip	0.00479386374
12	Serious Showdown	Legendary	15353	Physical Defense Up VI	0.00239693187
12	Serious Showdown	Legendary	15354	Ether Defense Up VI	0.00479386374
12	Serious Showdown	Legendary	15368	Fire Def Up VI	0.00335570471
12	Serious Showdown	Legendary	15369	Water Def Up VI	0.00335570471
12	Serious Showdown	Legendary	15370	Wind Def Up VI	0.00335570471
12	Serious Showdown	Legendary	15371	Earth Def Up VI	0.00335570471
12	Serious Showdown	Legendary	15372	Electric Def Up VI	0.00335570471
12	Serious Showdown	Legendary	15373	Ice Def Up VI	0.00335570471
12	Serious Showdown	Legendary	15374	Light Def Up VI	0.00335570471
12	Serious Showdown	Legendary	15375	Dark Def Up VI	0.00335570471
12	Serious Showdown	Legendary	15381	Break Resist VI	0.00239693187
12	Serious Showdown	Legendary	15405	Affinity MAX Acc VI	0.00239693187
12	Serious Showdown	Legendary	456	Consul Greaves (Common)	0.00958772749
12	Serious Showdown	Legendary	489	Abyss Masque (Common)	0.019175455
12	Serious Showdown	Legendary	495	Survivor's Footgear (Common)	0.019175455
12	Serious Showdown	Legendary	501	Beast-Hide Vest (Common)	0.00958772749
12	Serious Showdown	Legendary	504	Prairie Cap (Common)	0.00958772749
12	Serious Showdown	Legendary	519	Crimson Headband (Common)	0.00958772749
12	Serious Showdown	Legendary	531	Consul Pauldrons (Common)	0.00958772749
12	Serious Showdown	Legendary	534	Divine Vambraces (Common)	0.00958772749
12	Serious Showdown	Legendary	540	Tachyon Scarf (Common)	0.00958772749
12	Serious Showdown	Legendary	576	Carbon Gauntlet (Common)	0.00958772749
12	Serious Showdown	Legendary	457	Consul Greaves (Rare)	0.00958772749
12	Serious Showdown	Legendary	490	Abyss Masque (Rare)	0.00958772749
12	Serious Showdown	Legendary	496	Survivor's Footgear (Rare)	0.00958772749
12	Serious Showdown	Legendary	502	Beast-Hide Vest (Rare)	0.00958772749
12	Serious Showdown	Legendary	505	Prairie Cap (Rare)	0.00958772749
12	Serious Showdown	Legendary	520	Crimson Headband (Rare)	0.00958772749
12	Serious Showdown	Legendary	532	Consul Pauldrons (Rare)	0.00958772749
12	Serious Showdown	Legendary	535	Divine Vambraces (Rare)	0.00958772749
12	Serious Showdown	Legendary	541	Tachyon Scarf (Rare)	0.00958772749
12	Serious Showdown	Legendary	577	Carbon Gauntlet (Rare)	0.00958772749
12	Serious Showdown	Legendary	458	Consul Greaves (Legendary)	0.00958772749
12	Serious Showdown	Legendary	491	Abyss Masque (Legendary)	0.00958772749
12	Serious Showdown	Legendary	497	Survivor's Footgear (Legendary)	0.00958772749
12	Serious Showdown	Legendary	503	Beast-Hide Vest (Legendary)	0.00958772749
12	Serious Showdown	Legendary	506	Prairie Cap (Legendary)	0.00958772749
12	Serious Showdown	Legendary	521	Crimson Headband (Legendary)	0.00958772749
12	Serious Showdown	Legendary	533	Consul Pauldrons (Legendary)	0.00958772749
12	Serious Showdown	Legendary	536	Divine Vambraces (Legendary)	0.00958772749
12	Serious Showdown	Legendary	542	Tachyon Scarf (Legendary)	0.00958772749
12	Serious Showdown	Legendary	578	Carbon Gauntlet (Legendary)	0.00958772749
12	Serious Showdown	Legendary	25406	Intermediate Weaponry	0.00958772749
13	Dino Drama	Common	15356	Beast Hunter VI	0.0120481923
13	Dino Drama	Common	15357	Insect Hunter VI	0.0120481923
13	Dino Drama	Common	15358	Aerial Hunter VI	0.0120481923
13	Dino Drama	Common	15359	Aquatic Hunter VI	0.0120481923
13	Dino Drama	Common	15360	Humanoid Hunter VI	0.0120481923
13	Dino Drama	Common	15361	Machine Hunter VI	0.0120481923
13	Dino Drama	Common	15362	Titan Hunter VI	0.0120481923
13	Dino Drama	Common	15364	Ambush Boost VI	0.0120481923
13	Dino Drama	Common	15366	Indoor Attack Up VI	0.0120481923
13	Dino Drama	Common	15367	Outdoor Attack Up VI	0.0120481923
13	Dino Drama	Common	15378	Emergency Guard VI	0.0120481923
13	Dino Drama	Common	15383	Launch Resist VI	0.0120481923
13	Dino Drama	Common	15384	Smash Resist VI	0.0120481923
13	Dino Drama	Common	15386	Knockback Resist VI	0.0120481923
13	Dino Drama	Common	15394	Night Vision VI	0.0120481923
13	Dino Drama	Common	15395	Sunlight Eye VI	0.0120481923
13	Dino Drama	Common	15396	Reflect Damage Up VI	0.0120481923
13	Dino Drama	Common	15397	Opening Art VI	0.0120481923
13	Dino Drama	Common	15401	Specials Lv 1 Plus VI	0.0120481923
13	Dino Drama	Common	15402	Specials Lv 2 Plus VI	0.0120481923
13	Dino Drama	Common	15403	Specials Lv 3 Plus VI	0.0120481923
13	Dino Drama	Common	15404	Specials Lv 4 Plus VI	0.0120481923
13	Dino Drama	Common	10004	Silver Chip	0.0240963846
13	Dino Drama	Common	10008	Gold Chip	0.0240963846
13	Dino Drama	Common	10012	Horn Chip	0.0240963846
13	Dino Drama	Common	10016	Forest Chip	0.0240963846
13	Dino Drama	Common	10020	Fluorite Chip	0.0240963846
13	Dino Drama	Common	10024	Zircon Chip	0.0240963846
13	Dino Drama	Common	15352	Critical Up VI	0.0120481923
13	Dino Drama	Common	15355	Block Rate Up VI	0.0120481923
13	Dino Drama	Common	15363	Fusion Combo Up VI	0.0120481923
13	Dino Drama	Common	15366	Indoor Attack Up VI	0.0120481923
13	Dino Drama	Common	15367	Outdoor Attack Up VI	0.0120481923
13	Dino Drama	Common	15378	Emergency Guard VI	0.0120481923
13	Dino Drama	Common	15398	Affinity MAX Barrier VI	0.0120481923
13	Dino Drama	Common	567	Saint's Necklace (Common)	0.0120481923
13	Dino Drama	Common	568	Saint's Necklace (Rare)	0.0120481923
13	Dino Drama	Common	569	Saint's Necklace (Legendary)	0.0120481923
13	Dino Drama	Common	465	Augmented Vision Kit (Common)	0.0120481923
13	Dino Drama	Common	468	Charm Bangle (Common)	0.0120481923
13	Dino Drama	Common	474	Seven-League Circlet (Common)	0.0120481923
13	Dino Drama	Common	498	Twin Trunks Vest (Common)	0.0120481923
13	Dino Drama	Common	507	Vivid Mitts (Common)	0.0120481923
13	Dino Drama	Common	510	Dauntless Boots (Common)	0.0120481923
13	Dino Drama	Common	513	Sunlight Choker (Common)	0.0120481923
13	Dino Drama	Common	525	Staunch Boots (Common)	0.0120481923
13	Dino Drama	Common	552	Enlightened Loincloth (Common)	0.0120481923
13	Dino Drama	Common	555	Glamorous Swimsuit (Common)	0.0120481923
13	Dino Drama	Common	558	Vanish Hood (Common)	0.0120481923
13	Dino Drama	Common	561	Platinum Nopon Mask (Common)	0.0120481923
13	Dino Drama	Common	573	Beatific Medal (Common)	0.0120481923
13	Dino Drama	Common	466	Augmented Vision Kit (Rare)	0.0120481923
13	Dino Drama	Common	469	Charm Bangle (Rare)	0.0120481923
13	Dino Drama	Common	475	Seven-League Circlet (Rare)	0.0120481923
13	Dino Drama	Common	499	Twin Trunks Vest (Rare)	0.0120481923
13	Dino Drama	Common	508	Vivid Mitts (Rare)	0.0120481923
13	Dino Drama	Common	511	Dauntless Boots (Rare)	0.0120481923
13	Dino Drama	Common	514	Sunlight Choker (Rare)	0.0120481923
13	Dino Drama	Common	526	Staunch Boots (Rare)	0.0120481923
13	Dino Drama	Common	553	Enlightened Loincloth (Rare)	0.0120481923
13	Dino Drama	Common	556	Glamorous Swimsuit (Rare)	0.0120481923
13	Dino Drama	Common	559	Vanish Hood (Rare)	0.0120481923
13	Dino Drama	Common	562	Platinum Nopon Mask (Rare)	0.0120481923
13	Dino Drama	Common	574	Beatific Medal (Rare)	0.0120481923
13	Dino Drama	Common	467	Augmented Vision Kit (Legendary)	0.0120481923
13	Dino Drama	Common	470	Charm Bangle (Legendary)	0.0120481923
13	Dino Drama	Common	476	Seven-League Circlet (Legendary)	0.0120481923
13	Dino Drama	Common	500	Twin Trunks Vest (Legendary)	0.0120481923
13	Dino Drama	Common	509	Vivid Mitts (Legendary)	0.0120481923
13	Dino Drama	Common	512	Dauntless Boots (Legendary)	0.0120481923
13	Dino Drama	Common	515	Sunlight Choker (Legendary)	0.0120481923
13	Dino Drama	Common	527	Staunch Boots (Legendary)	0.0120481923
13	Dino Drama	Common	554	Enlightened Loincloth (Legendary)	0.0120481923
13	Dino Drama	Common	557	Glamorous Swimsuit (Legendary)	0.0120481923
13	Dino Drama	Common	560	Vanish Hood (Legendary)	0.0120481923
13	Dino Drama	Common	563	Platinum Nopon Mask (Legendary)	0.0120481923
13	Dino Drama	Common	575	Beatific Medal (Legendary)	0.0120481923
13	Dino Drama	Rare	15356	Beast Hunter VI	0.00480769249
13	Dino Drama	Rare	15357	Insect Hunter VI	0.00480769249
13	Dino Drama	Rare	15358	Aerial Hunter VI	0.00480769249
13	Dino Drama	Rare	15359	Aquatic Hunter VI	0.00480769249
13	Dino Drama	Rare	15360	Humanoid Hunter VI	0.00480769249
13	Dino Drama	Rare	15361	Machine Hunter VI	0.00480769249
13	Dino Drama	Rare	15362	Titan Hunter VI	0.00480769249
13	Dino Drama	Rare	15364	Ambush Boost VI	0.00480769249
13	Dino Drama	Rare	15366	Indoor Attack Up VI	0.00480769249
13	Dino Drama	Rare	15367	Outdoor Attack Up VI	0.00480769249
13	Dino Drama	Rare	15378	Emergency Guard VI	0.00480769249
13	Dino Drama	Rare	15383	Launch Resist VI	0.00480769249
13	Dino Drama	Rare	15384	Smash Resist VI	0.00480769249
13	Dino Drama	Rare	15386	Knockback Resist VI	0.00480769249
13	Dino Drama	Rare	15394	Night Vision VI	0.00480769249
13	Dino Drama	Rare	15395	Sunlight Eye VI	0.00480769249
13	Dino Drama	Rare	15396	Reflect Damage Up VI	0.00480769249
13	Dino Drama	Rare	15397	Opening Art VI	0.00480769249
13	Dino Drama	Rare	15401	Specials Lv 1 Plus VI	0.00480769249
13	Dino Drama	Rare	15402	Specials Lv 2 Plus VI	0.00480769249
13	Dino Drama	Rare	15403	Specials Lv 3 Plus VI	0.00480769249
13	Dino Drama	Rare	15404	Specials Lv 4 Plus VI	0.00480769249
13	Dino Drama	Rare	10004	Silver Chip	0.009615385
13	Dino Drama	Rare	10008	Gold Chip	0.009615385
13	Dino Drama	Rare	10012	Horn Chip	0.009615385
13	Dino Drama	Rare	10016	Forest Chip	0.009615385
13	Dino Drama	Rare	10020	Fluorite Chip	0.009615385
13	Dino Drama	Rare	10024	Zircon Chip	0.009615385
13	Dino Drama	Rare	15352	Critical Up VI	0.00480769249
13	Dino Drama	Rare	15355	Block Rate Up VI	0.00480769249
13	Dino Drama	Rare	15363	Fusion Combo Up VI	0.00480769249
13	Dino Drama	Rare	15366	Indoor Attack Up VI	0.00480769249
13	Dino Drama	Rare	15367	Outdoor Attack Up VI	0.00480769249
13	Dino Drama	Rare	15378	Emergency Guard VI	0.00480769249
13	Dino Drama	Rare	15398	Affinity MAX Barrier VI	0.00480769249
13	Dino Drama	Rare	567	Saint's Necklace (Common)	0.00480769249
13	Dino Drama	Rare	568	Saint's Necklace (Rare)	0.00480769249
13	Dino Drama	Rare	569	Saint's Necklace (Legendary)	0.00480769249
13	Dino Drama	Rare	465	Augmented Vision Kit (Common)	0.00480769249
13	Dino Drama	Rare	468	Charm Bangle (Common)	0.00480769249
13	Dino Drama	Rare	474	Seven-League Circlet (Common)	0.00480769249
13	Dino Drama	Rare	498	Twin Trunks Vest (Common)	0.00480769249
13	Dino Drama	Rare	507	Vivid Mitts (Common)	0.00480769249
13	Dino Drama	Rare	510	Dauntless Boots (Common)	0.00480769249
13	Dino Drama	Rare	513	Sunlight Choker (Common)	0.00480769249
13	Dino Drama	Rare	525	Staunch Boots (Common)	0.00480769249
13	Dino Drama	Rare	552	Enlightened Loincloth (Common)	0.00480769249
13	Dino Drama	Rare	555	Glamorous Swimsuit (Common)	0.00480769249
13	Dino Drama	Rare	558	Vanish Hood (Common)	0.00480769249
13	Dino Drama	Rare	561	Platinum Nopon Mask (Common)	0.00480769249
13	Dino Drama	Rare	573	Beatific Medal (Common)	0.00480769249
13	Dino Drama	Rare	466	Augmented Vision Kit (Rare)	0.00480769249
13	Dino Drama	Rare	469	Charm Bangle (Rare)	0.00480769249
13	Dino Drama	Rare	475	Seven-League Circlet (Rare)	0.00480769249
13	Dino Drama	Rare	499	Twin Trunks Vest (Rare)	0.00480769249
13	Dino Drama	Rare	508	Vivid Mitts (Rare)	0.00480769249
13	Dino Drama	Rare	511	Dauntless Boots (Rare)	0.00480769249
13	Dino Drama	Rare	514	Sunlight Choker (Rare)	0.00480769249
13	Dino Drama	Rare	526	Staunch Boots (Rare)	0.00480769249
13	Dino Drama	Rare	553	Enlightened Loincloth (Rare)	0.00480769249
13	Dino Drama	Rare	556	Glamorous Swimsuit (Rare)	0.00480769249
13	Dino Drama	Rare	559	Vanish Hood (Rare)	0.00480769249
13	Dino Drama	Rare	562	Platinum Nopon Mask (Rare)	0.00480769249
13	Dino Drama	Rare	574	Beatific Medal (Rare)	0.00480769249
13	Dino Drama	Rare	467	Augmented Vision Kit (Legendary)	0.00480769249
13	Dino Drama	Rare	470	Charm Bangle (Legendary)	0.00480769249
13	Dino Drama	Rare	476	Seven-League Circlet (Legendary)	0.00480769249
13	Dino Drama	Rare	500	Twin Trunks Vest (Legendary)	0.00480769249
13	Dino Drama	Rare	509	Vivid Mitts (Legendary)	0.00480769249
13	Dino Drama	Rare	512	Dauntless Boots (Legendary)	0.00480769249
13	Dino Drama	Rare	515	Sunlight Choker (Legendary)	0.00480769249
13	Dino Drama	Rare	527	Staunch Boots (Legendary)	0.00480769249
13	Dino Drama	Rare	554	Enlightened Loincloth (Legendary)	0.00480769249
13	Dino Drama	Rare	557	Glamorous Swimsuit (Legendary)	0.00480769249
13	Dino Drama	Rare	560	Vanish Hood (Legendary)	0.00480769249
13	Dino Drama	Rare	563	Platinum Nopon Mask (Legendary)	0.00480769249
13	Dino Drama	Rare	575	Beatific Medal (Legendary)	0.00480769249
13	Dino Drama	Rare	15365	Aggro Attack Up VI	0.01923077
13	Dino Drama	Rare	15376	Evasion Focus VI	0.009615385
13	Dino Drama	Rare	15379	Endurance VI	0.01923077
13	Dino Drama	Rare	15382	Topple Resist VI	0.009615385
13	Dino Drama	Rare	15385	Blowdown Resist VI	0.009615385
13	Dino Drama	Rare	15387	Auto-Attack Stealth VI	0.009615385
13	Dino Drama	Rare	15389	Arts Stealth VI	0.009615385
13	Dino Drama	Rare	15398	Affinity MAX Barrier VI	0.009615385
13	Dino Drama	Rare	15405	Affinity MAX Acc VI	0.009615385
13	Dino Drama	Rare	15406	Jamming VI	0.009615385
13	Dino Drama	Rare	10028	Shaft Chip	0.01923077
13	Dino Drama	Rare	10032	Booster Chip	0.01923077
13	Dino Drama	Rare	10036	Hexagon Chip	0.01923077
13	Dino Drama	Rare	10040	Spiral Chip	0.01923077
13	Dino Drama	Rare	10044	Winonaite Chip	0.01923077
13	Dino Drama	Rare	10048	Angrite Chip	0.01923077
13	Dino Drama	Rare	15377	Swift Evasion VI	0.009615385
13	Dino Drama	Rare	15391	Arts Heal VI	0.009615385
13	Dino Drama	Rare	456	Consul Greaves (Common)	0.009615385
13	Dino Drama	Rare	489	Abyss Masque (Common)	0.009615385
13	Dino Drama	Rare	495	Survivor's Footgear (Common)	0.009615385
13	Dino Drama	Rare	501	Beast-Hide Vest (Common)	0.009615385
13	Dino Drama	Rare	504	Prairie Cap (Common)	0.009615385
13	Dino Drama	Rare	519	Crimson Headband (Common)	0.009615385
13	Dino Drama	Rare	531	Consul Pauldrons (Common)	0.009615385
13	Dino Drama	Rare	534	Divine Vambraces (Common)	0.009615385
13	Dino Drama	Rare	540	Tachyon Scarf (Common)	0.009615385
13	Dino Drama	Rare	576	Carbon Gauntlet (Common)	0.009615385
13	Dino Drama	Rare	457	Consul Greaves (Rare)	0.009615385
13	Dino Drama	Rare	490	Abyss Masque (Rare)	0.009615385
13	Dino Drama	Rare	496	Survivor's Footgear (Rare)	0.009615385
13	Dino Drama	Rare	502	Beast-Hide Vest (Rare)	0.009615385
13	Dino Drama	Rare	505	Prairie Cap (Rare)	0.009615385
13	Dino Drama	Rare	520	Crimson Headband (Rare)	0.009615385
13	Dino Drama	Rare	532	Consul Pauldrons (Rare)	0.009615385
13	Dino Drama	Rare	535	Divine Vambraces (Rare)	0.009615385
13	Dino Drama	Rare	541	Tachyon Scarf (Rare)	0.009615385
13	Dino Drama	Rare	577	Carbon Gauntlet (Rare)	0.009615385
13	Dino Drama	Rare	458	Consul Greaves (Legendary)	0.009615385
13	Dino Drama	Rare	491	Abyss Masque (Legendary)	0.009615385
13	Dino Drama	Rare	497	Survivor's Footgear (Legendary)	0.009615385
13	Dino Drama	Rare	503	Beast-Hide Vest (Legendary)	0.009615385
13	Dino Drama	Rare	506	Prairie Cap (Legendary)	0.009615385
13	Dino Drama	Rare	521	Crimson Headband (Legendary)	0.009615385
13	Dino Drama	Rare	533	Consul Pauldrons (Legendary)	0.009615385
13	Dino Drama	Rare	536	Divine Vambraces (Legendary)	0.009615385
13	Dino Drama	Rare	542	Tachyon Scarf (Legendary)	0.009615385
13	Dino Drama	Rare	578	Carbon Gauntlet (Legendary)	0.009615385
13	Dino Drama	Rare	471	Belemnite Bangle (Common)	0.009615385
13	Dino Drama	Rare	477	Fighter's Circlet (Common)	0.00480769249
13	Dino Drama	Rare	522	Black Cube (Common)	0.00480769249
13	Dino Drama	Rare	543	Rainbow Belt (Common)	0.00480769249
13	Dino Drama	Rare	472	Belemnite Bangle (Rare)	0.00480769249
13	Dino Drama	Rare	478	Fighter's Circlet (Rare)	0.00480769249
13	Dino Drama	Rare	523	Black Cube (Rare)	0.00480769249
13	Dino Drama	Rare	544	Rainbow Belt (Rare)	0.00480769249
13	Dino Drama	Rare	473	Belemnite Bangle (Legendary)	0.00480769249
13	Dino Drama	Rare	479	Fighter's Circlet (Legendary)	0.00480769249
13	Dino Drama	Rare	524	Black Cube (Legendary)	0.00480769249
13	Dino Drama	Rare	545	Rainbow Belt (Legendary)	0.00480769249
13	Dino Drama	Legendary	15365	Aggro Attack Up VI	0.0120481923
13	Dino Drama	Legendary	15376	Evasion Focus VI	0.0120481923
13	Dino Drama	Legendary	15379	Endurance VI	0.0120481923
13	Dino Drama	Legendary	15382	Topple Resist VI	0.0120481923
13	Dino Drama	Legendary	15385	Blowdown Resist VI	0.0120481923
13	Dino Drama	Legendary	15387	Auto-Attack Stealth VI	0.0120481923
13	Dino Drama	Legendary	15389	Arts Stealth VI	0.0120481923
13	Dino Drama	Legendary	15398	Affinity MAX Barrier VI	0.0120481923
13	Dino Drama	Legendary	15405	Affinity MAX Acc VI	0.0120481923
13	Dino Drama	Legendary	15406	Jamming VI	0.0120481923
13	Dino Drama	Legendary	10028	Shaft Chip	0.0240963846
13	Dino Drama	Legendary	10032	Booster Chip	0.0240963846
13	Dino Drama	Legendary	10036	Hexagon Chip	0.0240963846
13	Dino Drama	Legendary	10040	Spiral Chip	0.0240963846
13	Dino Drama	Legendary	10044	Winonaite Chip	0.0240963846
13	Dino Drama	Legendary	10048	Angrite Chip	0.0240963846
13	Dino Drama	Legendary	15377	Swift Evasion VI	0.0120481923
13	Dino Drama	Legendary	15391	Arts Heal VI	0.0120481923
13	Dino Drama	Legendary	456	Consul Greaves (Common)	0.0120481923
13	Dino Drama	Legendary	489	Abyss Masque (Common)	0.0120481923
13	Dino Drama	Legendary	495	Survivor's Footgear (Common)	0.0120481923
13	Dino Drama	Legendary	501	Beast-Hide Vest (Common)	0.0120481923
13	Dino Drama	Legendary	504	Prairie Cap (Common)	0.0120481923
13	Dino Drama	Legendary	519	Crimson Headband (Common)	0.0120481923
13	Dino Drama	Legendary	531	Consul Pauldrons (Common)	0.0120481923
13	Dino Drama	Legendary	534	Divine Vambraces (Common)	0.0120481923
13	Dino Drama	Legendary	540	Tachyon Scarf (Common)	0.0120481923
13	Dino Drama	Legendary	576	Carbon Gauntlet (Common)	0.0120481923
13	Dino Drama	Legendary	457	Consul Greaves (Rare)	0.0120481923
13	Dino Drama	Legendary	490	Abyss Masque (Rare)	0.0120481923
13	Dino Drama	Legendary	496	Survivor's Footgear (Rare)	0.0120481923
13	Dino Drama	Legendary	502	Beast-Hide Vest (Rare)	0.0120481923
13	Dino Drama	Legendary	505	Prairie Cap (Rare)	0.0120481923
13	Dino Drama	Legendary	520	Crimson Headband (Rare)	0.0120481923
13	Dino Drama	Legendary	532	Consul Pauldrons (Rare)	0.0120481923
13	Dino Drama	Legendary	535	Divine Vambraces (Rare)	0.0120481923
13	Dino Drama	Legendary	541	Tachyon Scarf (Rare)	0.0120481923
13	Dino Drama	Legendary	577	Carbon Gauntlet (Rare)	0.0120481923
13	Dino Drama	Legendary	458	Consul Greaves (Legendary)	0.0120481923
13	Dino Drama	Legendary	491	Abyss Masque (Legendary)	0.0120481923
13	Dino Drama	Legendary	497	Survivor's Footgear (Legendary)	0.0120481923
13	Dino Drama	Legendary	503	Beast-Hide Vest (Legendary)	0.0120481923
13	Dino Drama	Legendary	506	Prairie Cap (Legendary)	0.0120481923
13	Dino Drama	Legendary	521	Crimson Headband (Legendary)	0.0120481923
13	Dino Drama	Legendary	533	Consul Pauldrons (Legendary)	0.0120481923
13	Dino Drama	Legendary	536	Divine Vambraces (Legendary)	0.0120481923
13	Dino Drama	Legendary	542	Tachyon Scarf (Legendary)	0.0120481923
13	Dino Drama	Legendary	578	Carbon Gauntlet (Legendary)	0.0120481923
13	Dino Drama	Legendary	471	Belemnite Bangle (Common)	0.006024096
13	Dino Drama	Legendary	477	Fighter's Circlet (Common)	0.006024096
13	Dino Drama	Legendary	522	Black Cube (Common)	0.006024096
13	Dino Drama	Legendary	543	Rainbow Belt (Common)	0.006024096
13	Dino Drama	Legendary	472	Belemnite Bangle (Rare)	0.006024096
13	Dino Drama	Legendary	478	Fighter's Circlet (Rare)	0.006024096
13	Dino Drama	Legendary	523	Black Cube (Rare)	0.006024096
13	Dino Drama	Legendary	544	Rainbow Belt (Rare)	0.006024096
13	Dino Drama	Legendary	473	Belemnite Bangle (Legendary)	0.006024096
13	Dino Drama	Legendary	479	Fighter's Circlet (Legendary)	0.006024096
13	Dino Drama	Legendary	524	Black Cube (Legendary)	0.006024096
13	Dino Drama	Legendary	545	Rainbow Belt (Legendary)	0.006024096
13	Dino Drama	Legendary	15353	Physical Defense Up VI	0.006024096
13	Dino Drama	Legendary	15354	Ether Defense Up VI	0.006024096
13	Dino Drama	Legendary	15061	Blade Combo Boost VI	0.006024096
13	Dino Drama	Legendary	15132	Ultimate Shield	0.006024096
13	Dino Drama	Legendary	15380	HP Attack Boost VI	0.006024096
13	Dino Drama	Legendary	15381	Break Resist VI	0.006024096
13	Dino Drama	Legendary	15388	Aggro Boost VI	0.006024096
13	Dino Drama	Legendary	15390	Arts Aggro Boost VI	0.006024096
13	Dino Drama	Legendary	15393	Damage Heal VI	0.006024096
13	Dino Drama	Legendary	15319	Fast Blade Switch VI	0.006024096
13	Dino Drama	Legendary	10052	Shining Star Chip	0.0120481923
13	Dino Drama	Legendary	10053	Moon Matter Chip	0.0120481923
13	Dino Drama	Legendary	10054	Sunlight Chip	0.0120481923
13	Dino Drama	Legendary	10058	Dilaton Chip	0.0120481923
13	Dino Drama	Legendary	10059	Preon Chip	0.0120481923
13	Dino Drama	Legendary	10060	Tachyon Chip	0.0120481923
13	Dino Drama	Legendary	15392	Movement Heal VI	0.006024096
13	Dino Drama	Legendary	15393	Damage Heal VI	0.006024096
13	Dino Drama	Legendary	15399	Affinity MAX Atk VI	0.006024096
13	Dino Drama	Legendary	15400	Affinity MAX Evade VI	0.006024096
13	Dino Drama	Legendary	459	Infinity Greaves (Common)	0.006024096
13	Dino Drama	Legendary	480	Ocean Earring (Common)	0.006024096
13	Dino Drama	Legendary	483	Seven-Seas Earring (Common)	0.006024096
13	Dino Drama	Legendary	516	Alexandrite (Common)	0.006024096
13	Dino Drama	Legendary	546	Goliath Ring (Common)	0.006024096
13	Dino Drama	Legendary	582	Master Scope (Common)	0.006024096
13	Dino Drama	Legendary	460	Infinity Greaves (Rare)	0.006024096
13	Dino Drama	Legendary	481	Ocean Earring (Rare)	0.006024096
13	Dino Drama	Legendary	484	Seven-Seas Earring (Rare)	0.006024096
13	Dino Drama	Legendary	517	Alexandrite (Rare)	0.006024096
13	Dino Drama	Legendary	547	Goliath Ring (Rare)	0.006024096
13	Dino Drama	Legendary	583	Master Scope (Rare)	0.006024096
13	Dino Drama	Legendary	461	Infinity Greaves (Legendary)	0.006024096
13	Dino Drama	Legendary	482	Ocean Earring (Legendary)	0.006024096
13	Dino Drama	Legendary	485	Seven-Seas Earring (Legendary)	0.006024096
13	Dino Drama	Legendary	518	Alexandrite (Legendary)	0.006024096
13	Dino Drama	Legendary	548	Goliath Ring (Legendary)	0.006024096
13	Dino Drama	Legendary	584	Master Scope (Legendary)	0.006024096
13	Dino Drama	Legendary	25407	Ultimate Weaponry	0.0120481923
14	Humanoid Alliance	Common	15356	Beast Hunter VI	0.004651163
14	Humanoid Alliance	Common	15357	Insect Hunter VI	0.004651163
14	Humanoid Alliance	Common	15358	Aerial Hunter VI	0.004651163
14	Humanoid Alliance	Common	15359	Aquatic Hunter VI	0.004651163
14	Humanoid Alliance	Common	15360	Humanoid Hunter VI	0.004651163
14	Humanoid Alliance	Common	15361	Machine Hunter VI	0.004651163
14	Humanoid Alliance	Common	15362	Titan Hunter VI	0.004651163
14	Humanoid Alliance	Common	15364	Ambush Boost VI	0.004651163
14	Humanoid Alliance	Common	15366	Indoor Attack Up VI	0.004651163
14	Humanoid Alliance	Common	15367	Outdoor Attack Up VI	0.004651163
14	Humanoid Alliance	Common	15378	Emergency Guard VI	0.004651163
14	Humanoid Alliance	Common	15383	Launch Resist VI	0.004651163
14	Humanoid Alliance	Common	15384	Smash Resist VI	0.004651163
14	Humanoid Alliance	Common	15386	Knockback Resist VI	0.004651163
14	Humanoid Alliance	Common	15394	Night Vision VI	0.004651163
14	Humanoid Alliance	Common	15395	Sunlight Eye VI	0.004651163
14	Humanoid Alliance	Common	15396	Reflect Damage Up VI	0.004651163
14	Humanoid Alliance	Common	15397	Opening Art VI	0.004651163
14	Humanoid Alliance	Common	15401	Specials Lv 1 Plus VI	0.004651163
14	Humanoid Alliance	Common	15402	Specials Lv 2 Plus VI	0.004651163
14	Humanoid Alliance	Common	15403	Specials Lv 3 Plus VI	0.004651163
14	Humanoid Alliance	Common	15404	Specials Lv 4 Plus VI	0.004651163
14	Humanoid Alliance	Common	10004	Silver Chip	0.009302326
14	Humanoid Alliance	Common	10008	Gold Chip	0.009302326
14	Humanoid Alliance	Common	10012	Horn Chip	0.009302326
14	Humanoid Alliance	Common	10016	Forest Chip	0.009302326
14	Humanoid Alliance	Common	10020	Fluorite Chip	0.009302326
14	Humanoid Alliance	Common	10024	Zircon Chip	0.009302326
14	Humanoid Alliance	Common	15352	Critical Up VI	0.009302326
14	Humanoid Alliance	Common	15355	Block Rate Up VI	0.009302326
14	Humanoid Alliance	Common	15363	Fusion Combo Up VI	0.004651163
14	Humanoid Alliance	Common	15366	Indoor Attack Up VI	0.004651163
14	Humanoid Alliance	Common	15367	Outdoor Attack Up VI	0.004651163
14	Humanoid Alliance	Common	15378	Emergency Guard VI	0.004651163
14	Humanoid Alliance	Common	15398	Affinity MAX Barrier VI	0.004651163
14	Humanoid Alliance	Common	567	Saint's Necklace (Common)	0.0372093022
14	Humanoid Alliance	Common	568	Saint's Necklace (Rare)	0.0186046511
14	Humanoid Alliance	Common	569	Saint's Necklace (Legendary)	0.0186046511
14	Humanoid Alliance	Common	465	Augmented Vision Kit (Common)	0.0186046511
14	Humanoid Alliance	Common	468	Charm Bangle (Common)	0.0186046511
14	Humanoid Alliance	Common	474	Seven-League Circlet (Common)	0.0186046511
14	Humanoid Alliance	Common	498	Twin Trunks Vest (Common)	0.0186046511
14	Humanoid Alliance	Common	507	Vivid Mitts (Common)	0.0186046511
14	Humanoid Alliance	Common	510	Dauntless Boots (Common)	0.0186046511
14	Humanoid Alliance	Common	513	Sunlight Choker (Common)	0.0186046511
14	Humanoid Alliance	Common	525	Staunch Boots (Common)	0.0186046511
14	Humanoid Alliance	Common	552	Enlightened Loincloth (Common)	0.0186046511
14	Humanoid Alliance	Common	555	Glamorous Swimsuit (Common)	0.0186046511
14	Humanoid Alliance	Common	558	Vanish Hood (Common)	0.0186046511
14	Humanoid Alliance	Common	561	Platinum Nopon Mask (Common)	0.0186046511
14	Humanoid Alliance	Common	573	Beatific Medal (Common)	0.0186046511
14	Humanoid Alliance	Common	466	Augmented Vision Kit (Rare)	0.0186046511
14	Humanoid Alliance	Common	469	Charm Bangle (Rare)	0.0186046511
14	Humanoid Alliance	Common	475	Seven-League Circlet (Rare)	0.0186046511
14	Humanoid Alliance	Common	499	Twin Trunks Vest (Rare)	0.0186046511
14	Humanoid Alliance	Common	508	Vivid Mitts (Rare)	0.0186046511
14	Humanoid Alliance	Common	511	Dauntless Boots (Rare)	0.0186046511
14	Humanoid Alliance	Common	514	Sunlight Choker (Rare)	0.0186046511
14	Humanoid Alliance	Common	526	Staunch Boots (Rare)	0.0186046511
14	Humanoid Alliance	Common	553	Enlightened Loincloth (Rare)	0.0186046511
14	Humanoid Alliance	Common	556	Glamorous Swimsuit (Rare)	0.0186046511
14	Humanoid Alliance	Common	559	Vanish Hood (Rare)	0.0186046511
14	Humanoid Alliance	Common	562	Platinum Nopon Mask (Rare)	0.0186046511
14	Humanoid Alliance	Common	574	Beatific Medal (Rare)	0.0186046511
14	Humanoid Alliance	Common	467	Augmented Vision Kit (Legendary)	0.0186046511
14	Humanoid Alliance	Common	470	Charm Bangle (Legendary)	0.0186046511
14	Humanoid Alliance	Common	476	Seven-League Circlet (Legendary)	0.0186046511
14	Humanoid Alliance	Common	500	Twin Trunks Vest (Legendary)	0.0186046511
14	Humanoid Alliance	Common	509	Vivid Mitts (Legendary)	0.0186046511
14	Humanoid Alliance	Common	512	Dauntless Boots (Legendary)	0.0186046511
14	Humanoid Alliance	Common	515	Sunlight Choker (Legendary)	0.0186046511
14	Humanoid Alliance	Common	527	Staunch Boots (Legendary)	0.0186046511
14	Humanoid Alliance	Common	554	Enlightened Loincloth (Legendary)	0.0186046511
14	Humanoid Alliance	Common	557	Glamorous Swimsuit (Legendary)	0.0186046511
14	Humanoid Alliance	Common	560	Vanish Hood (Legendary)	0.0186046511
14	Humanoid Alliance	Common	563	Platinum Nopon Mask (Legendary)	0.0186046511
14	Humanoid Alliance	Common	575	Beatific Medal (Legendary)	0.0186046511
14	Humanoid Alliance	Rare	15356	Beast Hunter VI	0.0018348624
14	Humanoid Alliance	Rare	15357	Insect Hunter VI	0.0018348624
14	Humanoid Alliance	Rare	15358	Aerial Hunter VI	0.0018348624
14	Humanoid Alliance	Rare	15359	Aquatic Hunter VI	0.0018348624
14	Humanoid Alliance	Rare	15360	Humanoid Hunter VI	0.0018348624
14	Humanoid Alliance	Rare	15361	Machine Hunter VI	0.0018348624
14	Humanoid Alliance	Rare	15362	Titan Hunter VI	0.0018348624
14	Humanoid Alliance	Rare	15364	Ambush Boost VI	0.0018348624
14	Humanoid Alliance	Rare	15366	Indoor Attack Up VI	0.0018348624
14	Humanoid Alliance	Rare	15367	Outdoor Attack Up VI	0.0018348624
14	Humanoid Alliance	Rare	15378	Emergency Guard VI	0.0018348624
14	Humanoid Alliance	Rare	15383	Launch Resist VI	0.0018348624
14	Humanoid Alliance	Rare	15384	Smash Resist VI	0.0018348624
14	Humanoid Alliance	Rare	15386	Knockback Resist VI	0.0018348624
14	Humanoid Alliance	Rare	15394	Night Vision VI	0.0018348624
14	Humanoid Alliance	Rare	15395	Sunlight Eye VI	0.0018348624
14	Humanoid Alliance	Rare	15396	Reflect Damage Up VI	0.0018348624
14	Humanoid Alliance	Rare	15397	Opening Art VI	0.0018348624
14	Humanoid Alliance	Rare	15401	Specials Lv 1 Plus VI	0.0018348624
14	Humanoid Alliance	Rare	15402	Specials Lv 2 Plus VI	0.0018348624
14	Humanoid Alliance	Rare	15403	Specials Lv 3 Plus VI	0.0018348624
14	Humanoid Alliance	Rare	15404	Specials Lv 4 Plus VI	0.0018348624
14	Humanoid Alliance	Rare	10004	Silver Chip	0.0036697248
14	Humanoid Alliance	Rare	10008	Gold Chip	0.0036697248
14	Humanoid Alliance	Rare	10012	Horn Chip	0.0036697248
14	Humanoid Alliance	Rare	10016	Forest Chip	0.0036697248
14	Humanoid Alliance	Rare	10020	Fluorite Chip	0.0036697248
14	Humanoid Alliance	Rare	10024	Zircon Chip	0.0036697248
14	Humanoid Alliance	Rare	15352	Critical Up VI	0.0018348624
14	Humanoid Alliance	Rare	15355	Block Rate Up VI	0.0018348624
14	Humanoid Alliance	Rare	15363	Fusion Combo Up VI	0.0018348624
14	Humanoid Alliance	Rare	15366	Indoor Attack Up VI	0.0018348624
14	Humanoid Alliance	Rare	15367	Outdoor Attack Up VI	0.0018348624
14	Humanoid Alliance	Rare	15378	Emergency Guard VI	0.0018348624
14	Humanoid Alliance	Rare	15398	Affinity MAX Barrier VI	0.0018348624
14	Humanoid Alliance	Rare	567	Saint's Necklace (Common)	0.0073394496
14	Humanoid Alliance	Rare	568	Saint's Necklace (Rare)	0.0073394496
14	Humanoid Alliance	Rare	569	Saint's Necklace (Legendary)	0.0073394496
14	Humanoid Alliance	Rare	465	Augmented Vision Kit (Common)	0.0073394496
14	Humanoid Alliance	Rare	468	Charm Bangle (Common)	0.0073394496
14	Humanoid Alliance	Rare	474	Seven-League Circlet (Common)	0.0073394496
14	Humanoid Alliance	Rare	498	Twin Trunks Vest (Common)	0.0073394496
14	Humanoid Alliance	Rare	507	Vivid Mitts (Common)	0.0073394496
14	Humanoid Alliance	Rare	510	Dauntless Boots (Common)	0.0073394496
14	Humanoid Alliance	Rare	513	Sunlight Choker (Common)	0.0073394496
14	Humanoid Alliance	Rare	525	Staunch Boots (Common)	0.0073394496
14	Humanoid Alliance	Rare	552	Enlightened Loincloth (Common)	0.0073394496
14	Humanoid Alliance	Rare	555	Glamorous Swimsuit (Common)	0.0073394496
14	Humanoid Alliance	Rare	558	Vanish Hood (Common)	0.0073394496
14	Humanoid Alliance	Rare	561	Platinum Nopon Mask (Common)	0.0073394496
14	Humanoid Alliance	Rare	573	Beatific Medal (Common)	0.0073394496
14	Humanoid Alliance	Rare	466	Augmented Vision Kit (Rare)	0.0073394496
14	Humanoid Alliance	Rare	469	Charm Bangle (Rare)	0.0073394496
14	Humanoid Alliance	Rare	475	Seven-League Circlet (Rare)	0.0073394496
14	Humanoid Alliance	Rare	499	Twin Trunks Vest (Rare)	0.0073394496
14	Humanoid Alliance	Rare	508	Vivid Mitts (Rare)	0.0073394496
14	Humanoid Alliance	Rare	511	Dauntless Boots (Rare)	0.0073394496
14	Humanoid Alliance	Rare	514	Sunlight Choker (Rare)	0.0073394496
14	Humanoid Alliance	Rare	526	Staunch Boots (Rare)	0.0073394496
14	Humanoid Alliance	Rare	553	Enlightened Loincloth (Rare)	0.0073394496
14	Humanoid Alliance	Rare	556	Glamorous Swimsuit (Rare)	0.0073394496
14	Humanoid Alliance	Rare	559	Vanish Hood (Rare)	0.0073394496
14	Humanoid Alliance	Rare	562	Platinum Nopon Mask (Rare)	0.0073394496
14	Humanoid Alliance	Rare	574	Beatific Medal (Rare)	0.0073394496
14	Humanoid Alliance	Rare	467	Augmented Vision Kit (Legendary)	0.0073394496
14	Humanoid Alliance	Rare	470	Charm Bangle (Legendary)	0.0073394496
14	Humanoid Alliance	Rare	476	Seven-League Circlet (Legendary)	0.0073394496
14	Humanoid Alliance	Rare	500	Twin Trunks Vest (Legendary)	0.0073394496
14	Humanoid Alliance	Rare	509	Vivid Mitts (Legendary)	0.0073394496
14	Humanoid Alliance	Rare	512	Dauntless Boots (Legendary)	0.0073394496
14	Humanoid Alliance	Rare	515	Sunlight Choker (Legendary)	0.0073394496
14	Humanoid Alliance	Rare	527	Staunch Boots (Legendary)	0.0073394496
14	Humanoid Alliance	Rare	554	Enlightened Loincloth (Legendary)	0.0073394496
14	Humanoid Alliance	Rare	557	Glamorous Swimsuit (Legendary)	0.0073394496
14	Humanoid Alliance	Rare	560	Vanish Hood (Legendary)	0.0073394496
14	Humanoid Alliance	Rare	563	Platinum Nopon Mask (Legendary)	0.0073394496
14	Humanoid Alliance	Rare	575	Beatific Medal (Legendary)	0.0073394496
14	Humanoid Alliance	Rare	15365	Aggro Attack Up VI	0.0036697248
14	Humanoid Alliance	Rare	15376	Evasion Focus VI	0.0036697248
14	Humanoid Alliance	Rare	15379	Endurance VI	0.0036697248
14	Humanoid Alliance	Rare	15382	Topple Resist VI	0.0036697248
14	Humanoid Alliance	Rare	15385	Blowdown Resist VI	0.0036697248
14	Humanoid Alliance	Rare	15387	Auto-Attack Stealth VI	0.0036697248
14	Humanoid Alliance	Rare	15389	Arts Stealth VI	0.0036697248
14	Humanoid Alliance	Rare	15398	Affinity MAX Barrier VI	0.0036697248
14	Humanoid Alliance	Rare	15405	Affinity MAX Acc VI	0.0036697248
14	Humanoid Alliance	Rare	15406	Jamming VI	0.0036697248
14	Humanoid Alliance	Rare	10028	Shaft Chip	0.0073394496
14	Humanoid Alliance	Rare	10032	Booster Chip	0.0073394496
14	Humanoid Alliance	Rare	10036	Hexagon Chip	0.0073394496
14	Humanoid Alliance	Rare	10040	Spiral Chip	0.0073394496
14	Humanoid Alliance	Rare	10044	Winonaite Chip	0.0073394496
14	Humanoid Alliance	Rare	10048	Angrite Chip	0.0073394496
14	Humanoid Alliance	Rare	15377	Swift Evasion VI	0.0036697248
14	Humanoid Alliance	Rare	15391	Arts Heal VI	0.0036697248
14	Humanoid Alliance	Rare	456	Consul Greaves (Common)	0.0146788992
14	Humanoid Alliance	Rare	489	Abyss Masque (Common)	0.0146788992
14	Humanoid Alliance	Rare	495	Survivor's Footgear (Common)	0.0146788992
14	Humanoid Alliance	Rare	501	Beast-Hide Vest (Common)	0.0146788992
14	Humanoid Alliance	Rare	504	Prairie Cap (Common)	0.0146788992
14	Humanoid Alliance	Rare	519	Crimson Headband (Common)	0.0146788992
14	Humanoid Alliance	Rare	531	Consul Pauldrons (Common)	0.0146788992
14	Humanoid Alliance	Rare	534	Divine Vambraces (Common)	0.0146788992
14	Humanoid Alliance	Rare	540	Tachyon Scarf (Common)	0.0146788992
14	Humanoid Alliance	Rare	576	Carbon Gauntlet (Common)	0.0146788992
14	Humanoid Alliance	Rare	457	Consul Greaves (Rare)	0.0146788992
14	Humanoid Alliance	Rare	490	Abyss Masque (Rare)	0.0146788992
14	Humanoid Alliance	Rare	496	Survivor's Footgear (Rare)	0.0146788992
14	Humanoid Alliance	Rare	502	Beast-Hide Vest (Rare)	0.0146788992
14	Humanoid Alliance	Rare	505	Prairie Cap (Rare)	0.0146788992
14	Humanoid Alliance	Rare	520	Crimson Headband (Rare)	0.0146788992
14	Humanoid Alliance	Rare	532	Consul Pauldrons (Rare)	0.0146788992
14	Humanoid Alliance	Rare	535	Divine Vambraces (Rare)	0.0146788992
14	Humanoid Alliance	Rare	541	Tachyon Scarf (Rare)	0.0146788992
14	Humanoid Alliance	Rare	577	Carbon Gauntlet (Rare)	0.0146788992
14	Humanoid Alliance	Rare	458	Consul Greaves (Legendary)	0.0146788992
14	Humanoid Alliance	Rare	491	Abyss Masque (Legendary)	0.0146788992
14	Humanoid Alliance	Rare	497	Survivor's Footgear (Legendary)	0.0146788992
14	Humanoid Alliance	Rare	503	Beast-Hide Vest (Legendary)	0.0146788992
14	Humanoid Alliance	Rare	506	Prairie Cap (Legendary)	0.0146788992
14	Humanoid Alliance	Rare	521	Crimson Headband (Legendary)	0.0146788992
14	Humanoid Alliance	Rare	533	Consul Pauldrons (Legendary)	0.0146788992
14	Humanoid Alliance	Rare	536	Divine Vambraces (Legendary)	0.0146788992
14	Humanoid Alliance	Rare	542	Tachyon Scarf (Legendary)	0.0146788992
14	Humanoid Alliance	Rare	578	Carbon Gauntlet (Legendary)	0.0146788992
14	Humanoid Alliance	Rare	471	Belemnite Bangle (Common)	0.0073394496
14	Humanoid Alliance	Rare	477	Fighter's Circlet (Common)	0.0073394496
14	Humanoid Alliance	Rare	522	Black Cube (Common)	0.0073394496
14	Humanoid Alliance	Rare	543	Rainbow Belt (Common)	0.0073394496
14	Humanoid Alliance	Rare	472	Belemnite Bangle (Rare)	0.0073394496
14	Humanoid Alliance	Rare	478	Fighter's Circlet (Rare)	0.0073394496
14	Humanoid Alliance	Rare	523	Black Cube (Rare)	0.0073394496
14	Humanoid Alliance	Rare	544	Rainbow Belt (Rare)	0.0073394496
14	Humanoid Alliance	Rare	473	Belemnite Bangle (Legendary)	0.0073394496
14	Humanoid Alliance	Rare	479	Fighter's Circlet (Legendary)	0.0073394496
14	Humanoid Alliance	Rare	524	Black Cube (Legendary)	0.0073394496
14	Humanoid Alliance	Rare	545	Rainbow Belt (Legendary)	0.0073394496
14	Humanoid Alliance	Legendary	15365	Aggro Attack Up VI	0.004524887
14	Humanoid Alliance	Legendary	15376	Evasion Focus VI	0.004524887
14	Humanoid Alliance	Legendary	15379	Endurance VI	0.004524887
14	Humanoid Alliance	Legendary	15382	Topple Resist VI	0.004524887
14	Humanoid Alliance	Legendary	15385	Blowdown Resist VI	0.004524887
14	Humanoid Alliance	Legendary	15387	Auto-Attack Stealth VI	0.004524887
14	Humanoid Alliance	Legendary	15389	Arts Stealth VI	0.004524887
14	Humanoid Alliance	Legendary	15398	Affinity MAX Barrier VI	0.004524887
14	Humanoid Alliance	Legendary	15405	Affinity MAX Acc VI	0.004524887
14	Humanoid Alliance	Legendary	15406	Jamming VI	0.004524887
14	Humanoid Alliance	Legendary	10028	Shaft Chip	0.009049774
14	Humanoid Alliance	Legendary	10032	Booster Chip	0.009049774
14	Humanoid Alliance	Legendary	10036	Hexagon Chip	0.009049774
14	Humanoid Alliance	Legendary	10040	Spiral Chip	0.009049774
14	Humanoid Alliance	Legendary	10044	Winonaite Chip	0.009049774
14	Humanoid Alliance	Legendary	10048	Angrite Chip	0.009049774
14	Humanoid Alliance	Legendary	15377	Swift Evasion VI	0.004524887
14	Humanoid Alliance	Legendary	15391	Arts Heal VI	0.004524887
14	Humanoid Alliance	Legendary	456	Consul Greaves (Common)	0.0180995483
14	Humanoid Alliance	Legendary	489	Abyss Masque (Common)	0.0180995483
14	Humanoid Alliance	Legendary	495	Survivor's Footgear (Common)	0.0180995483
14	Humanoid Alliance	Legendary	501	Beast-Hide Vest (Common)	0.0180995483
14	Humanoid Alliance	Legendary	504	Prairie Cap (Common)	0.0180995483
14	Humanoid Alliance	Legendary	519	Crimson Headband (Common)	0.0180995483
14	Humanoid Alliance	Legendary	531	Consul Pauldrons (Common)	0.0180995483
14	Humanoid Alliance	Legendary	534	Divine Vambraces (Common)	0.0180995483
14	Humanoid Alliance	Legendary	540	Tachyon Scarf (Common)	0.0180995483
14	Humanoid Alliance	Legendary	576	Carbon Gauntlet (Common)	0.0180995483
14	Humanoid Alliance	Legendary	457	Consul Greaves (Rare)	0.0180995483
14	Humanoid Alliance	Legendary	490	Abyss Masque (Rare)	0.0180995483
14	Humanoid Alliance	Legendary	496	Survivor's Footgear (Rare)	0.0180995483
14	Humanoid Alliance	Legendary	502	Beast-Hide Vest (Rare)	0.0180995483
14	Humanoid Alliance	Legendary	505	Prairie Cap (Rare)	0.0180995483
14	Humanoid Alliance	Legendary	520	Crimson Headband (Rare)	0.0180995483
14	Humanoid Alliance	Legendary	532	Consul Pauldrons (Rare)	0.0180995483
14	Humanoid Alliance	Legendary	535	Divine Vambraces (Rare)	0.0180995483
14	Humanoid Alliance	Legendary	541	Tachyon Scarf (Rare)	0.0180995483
14	Humanoid Alliance	Legendary	577	Carbon Gauntlet (Rare)	0.0180995483
14	Humanoid Alliance	Legendary	458	Consul Greaves (Legendary)	0.0180995483
14	Humanoid Alliance	Legendary	491	Abyss Masque (Legendary)	0.0180995483
14	Humanoid Alliance	Legendary	497	Survivor's Footgear (Legendary)	0.0180995483
14	Humanoid Alliance	Legendary	503	Beast-Hide Vest (Legendary)	0.0180995483
14	Humanoid Alliance	Legendary	506	Prairie Cap (Legendary)	0.0180995483
14	Humanoid Alliance	Legendary	521	Crimson Headband (Legendary)	0.0180995483
14	Humanoid Alliance	Legendary	533	Consul Pauldrons (Legendary)	0.0180995483
14	Humanoid Alliance	Legendary	536	Divine Vambraces (Legendary)	0.0180995483
14	Humanoid Alliance	Legendary	542	Tachyon Scarf (Legendary)	0.0180995483
14	Humanoid Alliance	Legendary	578	Carbon Gauntlet (Legendary)	0.0180995483
14	Humanoid Alliance	Legendary	471	Belemnite Bangle (Common)	0.009049774
14	Humanoid Alliance	Legendary	477	Fighter's Circlet (Common)	0.009049774
14	Humanoid Alliance	Legendary	522	Black Cube (Common)	0.009049774
14	Humanoid Alliance	Legendary	543	Rainbow Belt (Common)	0.009049774
14	Humanoid Alliance	Legendary	472	Belemnite Bangle (Rare)	0.009049774
14	Humanoid Alliance	Legendary	478	Fighter's Circlet (Rare)	0.009049774
14	Humanoid Alliance	Legendary	523	Black Cube (Rare)	0.009049774
14	Humanoid Alliance	Legendary	544	Rainbow Belt (Rare)	0.009049774
14	Humanoid Alliance	Legendary	473	Belemnite Bangle (Legendary)	0.009049774
14	Humanoid Alliance	Legendary	479	Fighter's Circlet (Legendary)	0.009049774
14	Humanoid Alliance	Legendary	524	Black Cube (Legendary)	0.009049774
14	Humanoid Alliance	Legendary	545	Rainbow Belt (Legendary)	0.009049774
14	Humanoid Alliance	Legendary	15353	Physical Defense Up VI	0.00226244354
14	Humanoid Alliance	Legendary	15354	Ether Defense Up VI	0.00226244354
14	Humanoid Alliance	Legendary	15061	Blade Combo Boost VI	0.00226244354
14	Humanoid Alliance	Legendary	15132	Ultimate Shield	0.00226244354
14	Humanoid Alliance	Legendary	15380	HP Attack Boost VI	0.00226244354
14	Humanoid Alliance	Legendary	15381	Break Resist VI	0.00226244354
14	Humanoid Alliance	Legendary	15388	Aggro Boost VI	0.00226244354
14	Humanoid Alliance	Legendary	15390	Arts Aggro Boost VI	0.00226244354
14	Humanoid Alliance	Legendary	15393	Damage Heal VI	0.00226244354
14	Humanoid Alliance	Legendary	15319	Fast Blade Switch VI	0.00226244354
14	Humanoid Alliance	Legendary	10052	Shining Star Chip	0.004524887
14	Humanoid Alliance	Legendary	10053	Moon Matter Chip	0.004524887
14	Humanoid Alliance	Legendary	10054	Sunlight Chip	0.004524887
14	Humanoid Alliance	Legendary	10058	Dilaton Chip	0.004524887
14	Humanoid Alliance	Legendary	10059	Preon Chip	0.004524887
14	Humanoid Alliance	Legendary	10060	Tachyon Chip	0.004524887
14	Humanoid Alliance	Legendary	15392	Movement Heal VI	0.00226244354
14	Humanoid Alliance	Legendary	15393	Damage Heal VI	0.00226244354
14	Humanoid Alliance	Legendary	15399	Affinity MAX Atk VI	0.00226244354
14	Humanoid Alliance	Legendary	15400	Affinity MAX Evade VI	0.00226244354
14	Humanoid Alliance	Legendary	459	Infinity Greaves (Common)	0.009049774
14	Humanoid Alliance	Legendary	480	Ocean Earring (Common)	0.0180995483
14	Humanoid Alliance	Legendary	483	Seven-Seas Earring (Common)	0.009049774
14	Humanoid Alliance	Legendary	516	Alexandrite (Common)	0.009049774
14	Humanoid Alliance	Legendary	546	Goliath Ring (Common)	0.009049774
14	Humanoid Alliance	Legendary	582	Master Scope (Common)	0.009049774
14	Humanoid Alliance	Legendary	460	Infinity Greaves (Rare)	0.009049774
14	Humanoid Alliance	Legendary	481	Ocean Earring (Rare)	0.009049774
14	Humanoid Alliance	Legendary	484	Seven-Seas Earring (Rare)	0.009049774
14	Humanoid Alliance	Legendary	517	Alexandrite (Rare)	0.009049774
14	Humanoid Alliance	Legendary	547	Goliath Ring (Rare)	0.009049774
14	Humanoid Alliance	Legendary	583	Master Scope (Rare)	0.009049774
14	Humanoid Alliance	Legendary	461	Infinity Greaves (Legendary)	0.009049774
14	Humanoid Alliance	Legendary	482	Ocean Earring (Legendary)	0.009049774
14	Humanoid Alliance	Legendary	485	Seven-Seas Earring (Legendary)	0.009049774
14	Humanoid Alliance	Legendary	518	Alexandrite (Legendary)	0.009049774
14	Humanoid Alliance	Legendary	548	Goliath Ring (Legendary)	0.009049774
14	Humanoid Alliance	Legendary	584	Master Scope (Legendary)	0.009049774
14	Humanoid Alliance	Legendary	25407	Ultimate Weaponry	0.009049774
15	Chickenheart Challenge	Common	15356	Beast Hunter VI	0.0235294122
15	Chickenheart Challenge	Common	15357	Insect Hunter VI	0.0235294122
15	Chickenheart Challenge	Common	15358	Aerial Hunter VI	0.0235294122
15	Chickenheart Challenge	Common	15359	Aquatic Hunter VI	0.0235294122
15	Chickenheart Challenge	Common	15360	Humanoid Hunter VI	0.0235294122
15	Chickenheart Challenge	Common	15361	Machine Hunter VI	0.0235294122
15	Chickenheart Challenge	Common	15362	Titan Hunter VI	0.0235294122
15	Chickenheart Challenge	Common	15364	Ambush Boost VI	0.0235294122
15	Chickenheart Challenge	Common	15366	Indoor Attack Up VI	0.0235294122
15	Chickenheart Challenge	Common	15367	Outdoor Attack Up VI	0.0235294122
15	Chickenheart Challenge	Common	15378	Emergency Guard VI	0.0235294122
15	Chickenheart Challenge	Common	15383	Launch Resist VI	0.0235294122
15	Chickenheart Challenge	Common	15384	Smash Resist VI	0.0235294122
15	Chickenheart Challenge	Common	15386	Knockback Resist VI	0.0235294122
15	Chickenheart Challenge	Common	15394	Night Vision VI	0.0235294122
15	Chickenheart Challenge	Common	15395	Sunlight Eye VI	0.0235294122
15	Chickenheart Challenge	Common	15396	Reflect Damage Up VI	0.0235294122
15	Chickenheart Challenge	Common	15397	Opening Art VI	0.0235294122
15	Chickenheart Challenge	Common	15401	Specials Lv 1 Plus VI	0.0235294122
15	Chickenheart Challenge	Common	15402	Specials Lv 2 Plus VI	0.0235294122
15	Chickenheart Challenge	Common	15403	Specials Lv 3 Plus VI	0.0235294122
15	Chickenheart Challenge	Common	15404	Specials Lv 4 Plus VI	0.0235294122
15	Chickenheart Challenge	Common	10004	Silver Chip	0.0117647061
15	Chickenheart Challenge	Common	10008	Gold Chip	0.0117647061
15	Chickenheart Challenge	Common	10012	Horn Chip	0.0117647061
15	Chickenheart Challenge	Common	10016	Forest Chip	0.0117647061
15	Chickenheart Challenge	Common	10020	Fluorite Chip	0.0117647061
15	Chickenheart Challenge	Common	10024	Zircon Chip	0.0117647061
15	Chickenheart Challenge	Common	15352	Critical Up VI	0.0235294122
15	Chickenheart Challenge	Common	15355	Block Rate Up VI	0.0235294122
15	Chickenheart Challenge	Common	15363	Fusion Combo Up VI	0.0235294122
15	Chickenheart Challenge	Common	15366	Indoor Attack Up VI	0.0235294122
15	Chickenheart Challenge	Common	15367	Outdoor Attack Up VI	0.0235294122
15	Chickenheart Challenge	Common	15378	Emergency Guard VI	0.0235294122
15	Chickenheart Challenge	Common	15398	Affinity MAX Barrier VI	0.0235294122
15	Chickenheart Challenge	Common	567	Saint's Necklace (Common)	0.005882353
15	Chickenheart Challenge	Common	568	Saint's Necklace (Rare)	0.005882353
15	Chickenheart Challenge	Common	569	Saint's Necklace (Legendary)	0.005882353
15	Chickenheart Challenge	Common	465	Augmented Vision Kit (Common)	0.005882353
15	Chickenheart Challenge	Common	468	Charm Bangle (Common)	0.005882353
15	Chickenheart Challenge	Common	474	Seven-League Circlet (Common)	0.005882353
15	Chickenheart Challenge	Common	498	Twin Trunks Vest (Common)	0.005882353
15	Chickenheart Challenge	Common	507	Vivid Mitts (Common)	0.005882353
15	Chickenheart Challenge	Common	510	Dauntless Boots (Common)	0.005882353
15	Chickenheart Challenge	Common	513	Sunlight Choker (Common)	0.005882353
15	Chickenheart Challenge	Common	525	Staunch Boots (Common)	0.005882353
15	Chickenheart Challenge	Common	552	Enlightened Loincloth (Common)	0.005882353
15	Chickenheart Challenge	Common	555	Glamorous Swimsuit (Common)	0.005882353
15	Chickenheart Challenge	Common	558	Vanish Hood (Common)	0.005882353
15	Chickenheart Challenge	Common	561	Platinum Nopon Mask (Common)	0.005882353
15	Chickenheart Challenge	Common	573	Beatific Medal (Common)	0.005882353
15	Chickenheart Challenge	Common	466	Augmented Vision Kit (Rare)	0.005882353
15	Chickenheart Challenge	Common	469	Charm Bangle (Rare)	0.005882353
15	Chickenheart Challenge	Common	475	Seven-League Circlet (Rare)	0.005882353
15	Chickenheart Challenge	Common	499	Twin Trunks Vest (Rare)	0.005882353
15	Chickenheart Challenge	Common	508	Vivid Mitts (Rare)	0.005882353
15	Chickenheart Challenge	Common	511	Dauntless Boots (Rare)	0.005882353
15	Chickenheart Challenge	Common	514	Sunlight Choker (Rare)	0.005882353
15	Chickenheart Challenge	Common	526	Staunch Boots (Rare)	0.005882353
15	Chickenheart Challenge	Common	553	Enlightened Loincloth (Rare)	0.005882353
15	Chickenheart Challenge	Common	556	Glamorous Swimsuit (Rare)	0.005882353
15	Chickenheart Challenge	Common	559	Vanish Hood (Rare)	0.005882353
15	Chickenheart Challenge	Common	562	Platinum Nopon Mask (Rare)	0.005882353
15	Chickenheart Challenge	Common	574	Beatific Medal (Rare)	0.005882353
15	Chickenheart Challenge	Common	467	Augmented Vision Kit (Legendary)	0.005882353
15	Chickenheart Challenge	Common	470	Charm Bangle (Legendary)	0.005882353
15	Chickenheart Challenge	Common	476	Seven-League Circlet (Legendary)	0.005882353
15	Chickenheart Challenge	Common	500	Twin Trunks Vest (Legendary)	0.005882353
15	Chickenheart Challenge	Common	509	Vivid Mitts (Legendary)	0.005882353
15	Chickenheart Challenge	Common	512	Dauntless Boots (Legendary)	0.005882353
15	Chickenheart Challenge	Common	515	Sunlight Choker (Legendary)	0.005882353
15	Chickenheart Challenge	Common	527	Staunch Boots (Legendary)	0.005882353
15	Chickenheart Challenge	Common	554	Enlightened Loincloth (Legendary)	0.005882353
15	Chickenheart Challenge	Common	557	Glamorous Swimsuit (Legendary)	0.005882353
15	Chickenheart Challenge	Common	560	Vanish Hood (Legendary)	0.005882353
15	Chickenheart Challenge	Common	563	Platinum Nopon Mask (Legendary)	0.005882353
15	Chickenheart Challenge	Common	575	Beatific Medal (Legendary)	0.005882353
15	Chickenheart Challenge	Rare	15356	Beast Hunter VI	0.0107816709
15	Chickenheart Challenge	Rare	15357	Insect Hunter VI	0.0107816709
15	Chickenheart Challenge	Rare	15358	Aerial Hunter VI	0.0107816709
15	Chickenheart Challenge	Rare	15359	Aquatic Hunter VI	0.0107816709
15	Chickenheart Challenge	Rare	15360	Humanoid Hunter VI	0.0107816709
15	Chickenheart Challenge	Rare	15361	Machine Hunter VI	0.0107816709
15	Chickenheart Challenge	Rare	15362	Titan Hunter VI	0.0107816709
15	Chickenheart Challenge	Rare	15364	Ambush Boost VI	0.0107816709
15	Chickenheart Challenge	Rare	15366	Indoor Attack Up VI	0.0107816709
15	Chickenheart Challenge	Rare	15367	Outdoor Attack Up VI	0.0107816709
15	Chickenheart Challenge	Rare	15378	Emergency Guard VI	0.0107816709
15	Chickenheart Challenge	Rare	15383	Launch Resist VI	0.0107816709
15	Chickenheart Challenge	Rare	15384	Smash Resist VI	0.0107816709
15	Chickenheart Challenge	Rare	15386	Knockback Resist VI	0.0107816709
15	Chickenheart Challenge	Rare	15394	Night Vision VI	0.0107816709
15	Chickenheart Challenge	Rare	15395	Sunlight Eye VI	0.0107816709
15	Chickenheart Challenge	Rare	15396	Reflect Damage Up VI	0.0107816709
15	Chickenheart Challenge	Rare	15397	Opening Art VI	0.0107816709
15	Chickenheart Challenge	Rare	15401	Specials Lv 1 Plus VI	0.0107816709
15	Chickenheart Challenge	Rare	15402	Specials Lv 2 Plus VI	0.0107816709
15	Chickenheart Challenge	Rare	15403	Specials Lv 3 Plus VI	0.0107816709
15	Chickenheart Challenge	Rare	15404	Specials Lv 4 Plus VI	0.0107816709
15	Chickenheart Challenge	Rare	10004	Silver Chip	0.00539083546
15	Chickenheart Challenge	Rare	10008	Gold Chip	0.00539083546
15	Chickenheart Challenge	Rare	10012	Horn Chip	0.00539083546
15	Chickenheart Challenge	Rare	10016	Forest Chip	0.00539083546
15	Chickenheart Challenge	Rare	10020	Fluorite Chip	0.00539083546
15	Chickenheart Challenge	Rare	10024	Zircon Chip	0.00539083546
15	Chickenheart Challenge	Rare	15352	Critical Up VI	0.0107816709
15	Chickenheart Challenge	Rare	15355	Block Rate Up VI	0.0107816709
15	Chickenheart Challenge	Rare	15363	Fusion Combo Up VI	0.0107816709
15	Chickenheart Challenge	Rare	15366	Indoor Attack Up VI	0.0107816709
15	Chickenheart Challenge	Rare	15367	Outdoor Attack Up VI	0.0107816709
15	Chickenheart Challenge	Rare	15378	Emergency Guard VI	0.0107816709
15	Chickenheart Challenge	Rare	15398	Affinity MAX Barrier VI	0.0107816709
15	Chickenheart Challenge	Rare	567	Saint's Necklace (Common)	0.00269541773
15	Chickenheart Challenge	Rare	568	Saint's Necklace (Rare)	0.00269541773
15	Chickenheart Challenge	Rare	569	Saint's Necklace (Legendary)	0.00269541773
15	Chickenheart Challenge	Rare	465	Augmented Vision Kit (Common)	0.00269541773
15	Chickenheart Challenge	Rare	468	Charm Bangle (Common)	0.00269541773
15	Chickenheart Challenge	Rare	474	Seven-League Circlet (Common)	0.00269541773
15	Chickenheart Challenge	Rare	498	Twin Trunks Vest (Common)	0.00269541773
15	Chickenheart Challenge	Rare	507	Vivid Mitts (Common)	0.00269541773
15	Chickenheart Challenge	Rare	510	Dauntless Boots (Common)	0.00269541773
15	Chickenheart Challenge	Rare	513	Sunlight Choker (Common)	0.00269541773
15	Chickenheart Challenge	Rare	525	Staunch Boots (Common)	0.00269541773
15	Chickenheart Challenge	Rare	552	Enlightened Loincloth (Common)	0.00269541773
15	Chickenheart Challenge	Rare	555	Glamorous Swimsuit (Common)	0.00269541773
15	Chickenheart Challenge	Rare	558	Vanish Hood (Common)	0.00269541773
15	Chickenheart Challenge	Rare	561	Platinum Nopon Mask (Common)	0.00269541773
15	Chickenheart Challenge	Rare	573	Beatific Medal (Common)	0.00269541773
15	Chickenheart Challenge	Rare	466	Augmented Vision Kit (Rare)	0.00269541773
15	Chickenheart Challenge	Rare	469	Charm Bangle (Rare)	0.00269541773
15	Chickenheart Challenge	Rare	475	Seven-League Circlet (Rare)	0.00269541773
15	Chickenheart Challenge	Rare	499	Twin Trunks Vest (Rare)	0.00269541773
15	Chickenheart Challenge	Rare	508	Vivid Mitts (Rare)	0.00269541773
15	Chickenheart Challenge	Rare	511	Dauntless Boots (Rare)	0.00269541773
15	Chickenheart Challenge	Rare	514	Sunlight Choker (Rare)	0.00269541773
15	Chickenheart Challenge	Rare	526	Staunch Boots (Rare)	0.00269541773
15	Chickenheart Challenge	Rare	553	Enlightened Loincloth (Rare)	0.00269541773
15	Chickenheart Challenge	Rare	556	Glamorous Swimsuit (Rare)	0.00269541773
15	Chickenheart Challenge	Rare	559	Vanish Hood (Rare)	0.00269541773
15	Chickenheart Challenge	Rare	562	Platinum Nopon Mask (Rare)	0.00269541773
15	Chickenheart Challenge	Rare	574	Beatific Medal (Rare)	0.00269541773
15	Chickenheart Challenge	Rare	467	Augmented Vision Kit (Legendary)	0.00269541773
15	Chickenheart Challenge	Rare	470	Charm Bangle (Legendary)	0.00269541773
15	Chickenheart Challenge	Rare	476	Seven-League Circlet (Legendary)	0.00269541773
15	Chickenheart Challenge	Rare	500	Twin Trunks Vest (Legendary)	0.00269541773
15	Chickenheart Challenge	Rare	509	Vivid Mitts (Legendary)	0.00269541773
15	Chickenheart Challenge	Rare	512	Dauntless Boots (Legendary)	0.00269541773
15	Chickenheart Challenge	Rare	515	Sunlight Choker (Legendary)	0.00269541773
15	Chickenheart Challenge	Rare	527	Staunch Boots (Legendary)	0.00269541773
15	Chickenheart Challenge	Rare	554	Enlightened Loincloth (Legendary)	0.00269541773
15	Chickenheart Challenge	Rare	557	Glamorous Swimsuit (Legendary)	0.00269541773
15	Chickenheart Challenge	Rare	560	Vanish Hood (Legendary)	0.00269541773
15	Chickenheart Challenge	Rare	563	Platinum Nopon Mask (Legendary)	0.00269541773
15	Chickenheart Challenge	Rare	575	Beatific Medal (Legendary)	0.00269541773
15	Chickenheart Challenge	Rare	15365	Aggro Attack Up VI	0.0215633418
15	Chickenheart Challenge	Rare	15376	Evasion Focus VI	0.0215633418
15	Chickenheart Challenge	Rare	15379	Endurance VI	0.0215633418
15	Chickenheart Challenge	Rare	15382	Topple Resist VI	0.0215633418
15	Chickenheart Challenge	Rare	15385	Blowdown Resist VI	0.0215633418
15	Chickenheart Challenge	Rare	15387	Auto-Attack Stealth VI	0.0215633418
15	Chickenheart Challenge	Rare	15389	Arts Stealth VI	0.0215633418
15	Chickenheart Challenge	Rare	15398	Affinity MAX Barrier VI	0.0215633418
15	Chickenheart Challenge	Rare	15405	Affinity MAX Acc VI	0.0215633418
15	Chickenheart Challenge	Rare	15406	Jamming VI	0.0215633418
15	Chickenheart Challenge	Rare	10028	Shaft Chip	0.0107816709
15	Chickenheart Challenge	Rare	10032	Booster Chip	0.0107816709
15	Chickenheart Challenge	Rare	10036	Hexagon Chip	0.0107816709
15	Chickenheart Challenge	Rare	10040	Spiral Chip	0.0107816709
15	Chickenheart Challenge	Rare	10044	Winonaite Chip	0.0107816709
15	Chickenheart Challenge	Rare	10048	Angrite Chip	0.0107816709
15	Chickenheart Challenge	Rare	15377	Swift Evasion VI	0.0431266837
15	Chickenheart Challenge	Rare	15391	Arts Heal VI	0.0215633418
15	Chickenheart Challenge	Rare	456	Consul Greaves (Common)	0.00539083546
15	Chickenheart Challenge	Rare	489	Abyss Masque (Common)	0.00539083546
15	Chickenheart Challenge	Rare	495	Survivor's Footgear (Common)	0.00539083546
15	Chickenheart Challenge	Rare	501	Beast-Hide Vest (Common)	0.00539083546
15	Chickenheart Challenge	Rare	504	Prairie Cap (Common)	0.00539083546
15	Chickenheart Challenge	Rare	519	Crimson Headband (Common)	0.00539083546
15	Chickenheart Challenge	Rare	531	Consul Pauldrons (Common)	0.00539083546
15	Chickenheart Challenge	Rare	534	Divine Vambraces (Common)	0.00539083546
15	Chickenheart Challenge	Rare	540	Tachyon Scarf (Common)	0.00539083546
15	Chickenheart Challenge	Rare	576	Carbon Gauntlet (Common)	0.00539083546
15	Chickenheart Challenge	Rare	457	Consul Greaves (Rare)	0.00539083546
15	Chickenheart Challenge	Rare	490	Abyss Masque (Rare)	0.00539083546
15	Chickenheart Challenge	Rare	496	Survivor's Footgear (Rare)	0.00539083546
15	Chickenheart Challenge	Rare	502	Beast-Hide Vest (Rare)	0.00539083546
15	Chickenheart Challenge	Rare	505	Prairie Cap (Rare)	0.00539083546
15	Chickenheart Challenge	Rare	520	Crimson Headband (Rare)	0.00539083546
15	Chickenheart Challenge	Rare	532	Consul Pauldrons (Rare)	0.00539083546
15	Chickenheart Challenge	Rare	535	Divine Vambraces (Rare)	0.00539083546
15	Chickenheart Challenge	Rare	541	Tachyon Scarf (Rare)	0.00539083546
15	Chickenheart Challenge	Rare	577	Carbon Gauntlet (Rare)	0.00539083546
15	Chickenheart Challenge	Rare	458	Consul Greaves (Legendary)	0.00539083546
15	Chickenheart Challenge	Rare	491	Abyss Masque (Legendary)	0.00539083546
15	Chickenheart Challenge	Rare	497	Survivor's Footgear (Legendary)	0.00539083546
15	Chickenheart Challenge	Rare	503	Beast-Hide Vest (Legendary)	0.00539083546
15	Chickenheart Challenge	Rare	506	Prairie Cap (Legendary)	0.00539083546
15	Chickenheart Challenge	Rare	521	Crimson Headband (Legendary)	0.00539083546
15	Chickenheart Challenge	Rare	533	Consul Pauldrons (Legendary)	0.00539083546
15	Chickenheart Challenge	Rare	536	Divine Vambraces (Legendary)	0.00539083546
15	Chickenheart Challenge	Rare	542	Tachyon Scarf (Legendary)	0.00539083546
15	Chickenheart Challenge	Rare	578	Carbon Gauntlet (Legendary)	0.00539083546
15	Chickenheart Challenge	Rare	471	Belemnite Bangle (Common)	0.00269541773
15	Chickenheart Challenge	Rare	477	Fighter's Circlet (Common)	0.00269541773
15	Chickenheart Challenge	Rare	522	Black Cube (Common)	0.00539083546
15	Chickenheart Challenge	Rare	543	Rainbow Belt (Common)	0.00269541773
15	Chickenheart Challenge	Rare	472	Belemnite Bangle (Rare)	0.00269541773
15	Chickenheart Challenge	Rare	478	Fighter's Circlet (Rare)	0.00269541773
15	Chickenheart Challenge	Rare	523	Black Cube (Rare)	0.00269541773
15	Chickenheart Challenge	Rare	544	Rainbow Belt (Rare)	0.00269541773
15	Chickenheart Challenge	Rare	473	Belemnite Bangle (Legendary)	0.00269541773
15	Chickenheart Challenge	Rare	479	Fighter's Circlet (Legendary)	0.00269541773
15	Chickenheart Challenge	Rare	524	Black Cube (Legendary)	0.00269541773
15	Chickenheart Challenge	Rare	545	Rainbow Belt (Legendary)	0.00269541773
15	Chickenheart Challenge	Legendary	15365	Aggro Attack Up VI	0.0283687934
15	Chickenheart Challenge	Legendary	15376	Evasion Focus VI	0.0283687934
15	Chickenheart Challenge	Legendary	15379	Endurance VI	0.0283687934
15	Chickenheart Challenge	Legendary	15382	Topple Resist VI	0.0283687934
15	Chickenheart Challenge	Legendary	15385	Blowdown Resist VI	0.0283687934
15	Chickenheart Challenge	Legendary	15387	Auto-Attack Stealth VI	0.0283687934
15	Chickenheart Challenge	Legendary	15389	Arts Stealth VI	0.0283687934
15	Chickenheart Challenge	Legendary	15398	Affinity MAX Barrier VI	0.0283687934
15	Chickenheart Challenge	Legendary	15405	Affinity MAX Acc VI	0.0283687934
15	Chickenheart Challenge	Legendary	15406	Jamming VI	0.0283687934
15	Chickenheart Challenge	Legendary	10028	Shaft Chip	0.0141843967
15	Chickenheart Challenge	Legendary	10032	Booster Chip	0.0141843967
15	Chickenheart Challenge	Legendary	10036	Hexagon Chip	0.0141843967
15	Chickenheart Challenge	Legendary	10040	Spiral Chip	0.0141843967
15	Chickenheart Challenge	Legendary	10044	Winonaite Chip	0.0141843967
15	Chickenheart Challenge	Legendary	10048	Angrite Chip	0.0141843967
15	Chickenheart Challenge	Legendary	15377	Swift Evasion VI	0.0283687934
15	Chickenheart Challenge	Legendary	15391	Arts Heal VI	0.0283687934
15	Chickenheart Challenge	Legendary	456	Consul Greaves (Common)	0.00709219836
15	Chickenheart Challenge	Legendary	489	Abyss Masque (Common)	0.00709219836
15	Chickenheart Challenge	Legendary	495	Survivor's Footgear (Common)	0.00709219836
15	Chickenheart Challenge	Legendary	501	Beast-Hide Vest (Common)	0.00709219836
15	Chickenheart Challenge	Legendary	504	Prairie Cap (Common)	0.00709219836
15	Chickenheart Challenge	Legendary	519	Crimson Headband (Common)	0.00709219836
15	Chickenheart Challenge	Legendary	531	Consul Pauldrons (Common)	0.00709219836
15	Chickenheart Challenge	Legendary	534	Divine Vambraces (Common)	0.00709219836
15	Chickenheart Challenge	Legendary	540	Tachyon Scarf (Common)	0.00709219836
15	Chickenheart Challenge	Legendary	576	Carbon Gauntlet (Common)	0.00709219836
15	Chickenheart Challenge	Legendary	457	Consul Greaves (Rare)	0.00709219836
15	Chickenheart Challenge	Legendary	490	Abyss Masque (Rare)	0.00709219836
15	Chickenheart Challenge	Legendary	496	Survivor's Footgear (Rare)	0.00709219836
15	Chickenheart Challenge	Legendary	502	Beast-Hide Vest (Rare)	0.00709219836
15	Chickenheart Challenge	Legendary	505	Prairie Cap (Rare)	0.00709219836
15	Chickenheart Challenge	Legendary	520	Crimson Headband (Rare)	0.00709219836
15	Chickenheart Challenge	Legendary	532	Consul Pauldrons (Rare)	0.00709219836
15	Chickenheart Challenge	Legendary	535	Divine Vambraces (Rare)	0.00709219836
15	Chickenheart Challenge	Legendary	541	Tachyon Scarf (Rare)	0.00709219836
15	Chickenheart Challenge	Legendary	577	Carbon Gauntlet (Rare)	0.00709219836
15	Chickenheart Challenge	Legendary	458	Consul Greaves (Legendary)	0.00709219836
15	Chickenheart Challenge	Legendary	491	Abyss Masque (Legendary)	0.00709219836
15	Chickenheart Challenge	Legendary	497	Survivor's Footgear (Legendary)	0.00709219836
15	Chickenheart Challenge	Legendary	503	Beast-Hide Vest (Legendary)	0.00709219836
15	Chickenheart Challenge	Legendary	506	Prairie Cap (Legendary)	0.00709219836
15	Chickenheart Challenge	Legendary	521	Crimson Headband (Legendary)	0.00709219836
15	Chickenheart Challenge	Legendary	533	Consul Pauldrons (Legendary)	0.00709219836
15	Chickenheart Challenge	Legendary	536	Divine Vambraces (Legendary)	0.00709219836
15	Chickenheart Challenge	Legendary	542	Tachyon Scarf (Legendary)	0.00709219836
15	Chickenheart Challenge	Legendary	578	Carbon Gauntlet (Legendary)	0.00709219836
15	Chickenheart Challenge	Legendary	471	Belemnite Bangle (Common)	0.00354609918
15	Chickenheart Challenge	Legendary	477	Fighter's Circlet (Common)	0.00354609918
15	Chickenheart Challenge	Legendary	522	Black Cube (Common)	0.00354609918
15	Chickenheart Challenge	Legendary	543	Rainbow Belt (Common)	0.00354609918
15	Chickenheart Challenge	Legendary	472	Belemnite Bangle (Rare)	0.00354609918
15	Chickenheart Challenge	Legendary	478	Fighter's Circlet (Rare)	0.00354609918
15	Chickenheart Challenge	Legendary	523	Black Cube (Rare)	0.00354609918
15	Chickenheart Challenge	Legendary	544	Rainbow Belt (Rare)	0.00354609918
15	Chickenheart Challenge	Legendary	473	Belemnite Bangle (Legendary)	0.00354609918
15	Chickenheart Challenge	Legendary	479	Fighter's Circlet (Legendary)	0.00354609918
15	Chickenheart Challenge	Legendary	524	Black Cube (Legendary)	0.00354609918
15	Chickenheart Challenge	Legendary	545	Rainbow Belt (Legendary)	0.00354609918
15	Chickenheart Challenge	Legendary	15353	Physical Defense Up VI	0.0141843967
15	Chickenheart Challenge	Legendary	15354	Ether Defense Up VI	0.0141843967
15	Chickenheart Challenge	Legendary	15061	Blade Combo Boost VI	0.0141843967
15	Chickenheart Challenge	Legendary	15132	Ultimate Shield	0.0141843967
15	Chickenheart Challenge	Legendary	15380	HP Attack Boost VI	0.0141843967
15	Chickenheart Challenge	Legendary	15381	Break Resist VI	0.0141843967
15	Chickenheart Challenge	Legendary	15388	Aggro Boost VI	0.0141843967
15	Chickenheart Challenge	Legendary	15390	Arts Aggro Boost VI	0.0141843967
15	Chickenheart Challenge	Legendary	15393	Damage Heal VI	0.0141843967
15	Chickenheart Challenge	Legendary	15319	Fast Blade Switch VI	0.0141843967
15	Chickenheart Challenge	Legendary	10052	Shining Star Chip	0.00709219836
15	Chickenheart Challenge	Legendary	10053	Moon Matter Chip	0.00709219836
15	Chickenheart Challenge	Legendary	10054	Sunlight Chip	0.00709219836
15	Chickenheart Challenge	Legendary	10058	Dilaton Chip	0.00709219836
15	Chickenheart Challenge	Legendary	10059	Preon Chip	0.00709219836
15	Chickenheart Challenge	Legendary	10060	Tachyon Chip	0.00709219836
15	Chickenheart Challenge	Legendary	15392	Movement Heal VI	0.0141843967
15	Chickenheart Challenge	Legendary	15393	Damage Heal VI	0.0141843967
15	Chickenheart Challenge	Legendary	15399	Affinity MAX Atk VI	0.0141843967
15	Chickenheart Challenge	Legendary	15400	Affinity MAX Evade VI	0.0141843967
15	Chickenheart Challenge	Legendary	459	Infinity Greaves (Common)	0.00354609918
15	Chickenheart Challenge	Legendary	480	Ocean Earring (Common)	0.00354609918
15	Chickenheart Challenge	Legendary	483	Seven-Seas Earring (Common)	0.00354609918
15	Chickenheart Challenge	Legendary	516	Alexandrite (Common)	0.00354609918
15	Chickenheart Challenge	Legendary	546	Goliath Ring (Common)	0.00354609918
15	Chickenheart Challenge	Legendary	582	Master Scope (Common)	0.00354609918
15	Chickenheart Challenge	Legendary	460	Infinity Greaves (Rare)	0.00354609918
15	Chickenheart Challenge	Legendary	481	Ocean Earring (Rare)	0.00354609918
15	Chickenheart Challenge	Legendary	484	Seven-Seas Earring (Rare)	0.00354609918
15	Chickenheart Challenge	Legendary	517	Alexandrite (Rare)	0.00354609918
15	Chickenheart Challenge	Legendary	547	Goliath Ring (Rare)	0.00354609918
15	Chickenheart Challenge	Legendary	583	Master Scope (Rare)	0.00354609918
15	Chickenheart Challenge	Legendary	461	Infinity Greaves (Legendary)	0.00354609918
15	Chickenheart Challenge	Legendary	482	Ocean Earring (Legendary)	0.00354609918
15	Chickenheart Challenge	Legendary	485	Seven-Seas Earring (Legendary)	0.00354609918
15	Chickenheart Challenge	Legendary	518	Alexandrite (Legendary)	0.00354609918
15	Chickenheart Challenge	Legendary	548	Goliath Ring (Legendary)	0.00354609918
15	Chickenheart Challenge	Legendary	584	Master Scope (Legendary)	0.00354609918
15	Chickenheart Challenge	Legendary	25407	Ultimate Weaponry	0.0141843967
16	Cloud King's Revenge	Common	15356	Beast Hunter VI	0.004761905
16	Cloud King's Revenge	Common	15357	Insect Hunter VI	0.004761905
16	Cloud King's Revenge	Common	15358	Aerial Hunter VI	0.004761905
16	Cloud King's Revenge	Common	15359	Aquatic Hunter VI	0.004761905
16	Cloud King's Revenge	Common	15360	Humanoid Hunter VI	0.004761905
16	Cloud King's Revenge	Common	15361	Machine Hunter VI	0.004761905
16	Cloud King's Revenge	Common	15362	Titan Hunter VI	0.004761905
16	Cloud King's Revenge	Common	15364	Ambush Boost VI	0.004761905
16	Cloud King's Revenge	Common	15366	Indoor Attack Up VI	0.004761905
16	Cloud King's Revenge	Common	15367	Outdoor Attack Up VI	0.004761905
16	Cloud King's Revenge	Common	15378	Emergency Guard VI	0.004761905
16	Cloud King's Revenge	Common	15383	Launch Resist VI	0.004761905
16	Cloud King's Revenge	Common	15384	Smash Resist VI	0.004761905
16	Cloud King's Revenge	Common	15386	Knockback Resist VI	0.004761905
16	Cloud King's Revenge	Common	15394	Night Vision VI	0.004761905
16	Cloud King's Revenge	Common	15395	Sunlight Eye VI	0.004761905
16	Cloud King's Revenge	Common	15396	Reflect Damage Up VI	0.004761905
16	Cloud King's Revenge	Common	15397	Opening Art VI	0.004761905
16	Cloud King's Revenge	Common	15401	Specials Lv 1 Plus VI	0.004761905
16	Cloud King's Revenge	Common	15402	Specials Lv 2 Plus VI	0.004761905
16	Cloud King's Revenge	Common	15403	Specials Lv 3 Plus VI	0.004761905
16	Cloud King's Revenge	Common	15404	Specials Lv 4 Plus VI	0.004761905
16	Cloud King's Revenge	Common	10004	Silver Chip	0.00952381
16	Cloud King's Revenge	Common	10008	Gold Chip	0.00952381
16	Cloud King's Revenge	Common	10012	Horn Chip	0.00952381
16	Cloud King's Revenge	Common	10016	Forest Chip	0.00952381
16	Cloud King's Revenge	Common	10020	Fluorite Chip	0.00952381
16	Cloud King's Revenge	Common	10024	Zircon Chip	0.00952381
16	Cloud King's Revenge	Common	15352	Critical Up VI	0.004761905
16	Cloud King's Revenge	Common	15355	Block Rate Up VI	0.004761905
16	Cloud King's Revenge	Common	15363	Fusion Combo Up VI	0.00952381
16	Cloud King's Revenge	Common	15366	Indoor Attack Up VI	0.004761905
16	Cloud King's Revenge	Common	15367	Outdoor Attack Up VI	0.004761905
16	Cloud King's Revenge	Common	15378	Emergency Guard VI	0.004761905
16	Cloud King's Revenge	Common	15398	Affinity MAX Barrier VI	0.004761905
16	Cloud King's Revenge	Common	567	Saint's Necklace (Common)	0.01904762
16	Cloud King's Revenge	Common	568	Saint's Necklace (Rare)	0.01904762
16	Cloud King's Revenge	Common	569	Saint's Necklace (Legendary)	0.01904762
16	Cloud King's Revenge	Common	465	Augmented Vision Kit (Common)	0.01904762
16	Cloud King's Revenge	Common	468	Charm Bangle (Common)	0.01904762
16	Cloud King's Revenge	Common	474	Seven-League Circlet (Common)	0.01904762
16	Cloud King's Revenge	Common	498	Twin Trunks Vest (Common)	0.01904762
16	Cloud King's Revenge	Common	507	Vivid Mitts (Common)	0.01904762
16	Cloud King's Revenge	Common	510	Dauntless Boots (Common)	0.01904762
16	Cloud King's Revenge	Common	513	Sunlight Choker (Common)	0.01904762
16	Cloud King's Revenge	Common	525	Staunch Boots (Common)	0.01904762
16	Cloud King's Revenge	Common	552	Enlightened Loincloth (Common)	0.01904762
16	Cloud King's Revenge	Common	555	Glamorous Swimsuit (Common)	0.01904762
16	Cloud King's Revenge	Common	558	Vanish Hood (Common)	0.01904762
16	Cloud King's Revenge	Common	561	Platinum Nopon Mask (Common)	0.01904762
16	Cloud King's Revenge	Common	573	Beatific Medal (Common)	0.01904762
16	Cloud King's Revenge	Common	466	Augmented Vision Kit (Rare)	0.01904762
16	Cloud King's Revenge	Common	469	Charm Bangle (Rare)	0.01904762
16	Cloud King's Revenge	Common	475	Seven-League Circlet (Rare)	0.01904762
16	Cloud King's Revenge	Common	499	Twin Trunks Vest (Rare)	0.01904762
16	Cloud King's Revenge	Common	508	Vivid Mitts (Rare)	0.01904762
16	Cloud King's Revenge	Common	511	Dauntless Boots (Rare)	0.01904762
16	Cloud King's Revenge	Common	514	Sunlight Choker (Rare)	0.01904762
16	Cloud King's Revenge	Common	526	Staunch Boots (Rare)	0.01904762
16	Cloud King's Revenge	Common	553	Enlightened Loincloth (Rare)	0.01904762
16	Cloud King's Revenge	Common	556	Glamorous Swimsuit (Rare)	0.01904762
16	Cloud King's Revenge	Common	559	Vanish Hood (Rare)	0.01904762
16	Cloud King's Revenge	Common	562	Platinum Nopon Mask (Rare)	0.01904762
16	Cloud King's Revenge	Common	574	Beatific Medal (Rare)	0.01904762
16	Cloud King's Revenge	Common	467	Augmented Vision Kit (Legendary)	0.01904762
16	Cloud King's Revenge	Common	470	Charm Bangle (Legendary)	0.01904762
16	Cloud King's Revenge	Common	476	Seven-League Circlet (Legendary)	0.01904762
16	Cloud King's Revenge	Common	500	Twin Trunks Vest (Legendary)	0.01904762
16	Cloud King's Revenge	Common	509	Vivid Mitts (Legendary)	0.01904762
16	Cloud King's Revenge	Common	512	Dauntless Boots (Legendary)	0.01904762
16	Cloud King's Revenge	Common	515	Sunlight Choker (Legendary)	0.01904762
16	Cloud King's Revenge	Common	527	Staunch Boots (Legendary)	0.01904762
16	Cloud King's Revenge	Common	554	Enlightened Loincloth (Legendary)	0.01904762
16	Cloud King's Revenge	Common	557	Glamorous Swimsuit (Legendary)	0.01904762
16	Cloud King's Revenge	Common	560	Vanish Hood (Legendary)	0.01904762
16	Cloud King's Revenge	Common	563	Platinum Nopon Mask (Legendary)	0.01904762
16	Cloud King's Revenge	Common	575	Beatific Medal (Legendary)	0.01904762
16	Cloud King's Revenge	Rare	15356	Beast Hunter VI	0.0018348624
16	Cloud King's Revenge	Rare	15357	Insect Hunter VI	0.0018348624
16	Cloud King's Revenge	Rare	15358	Aerial Hunter VI	0.0018348624
16	Cloud King's Revenge	Rare	15359	Aquatic Hunter VI	0.0018348624
16	Cloud King's Revenge	Rare	15360	Humanoid Hunter VI	0.0018348624
16	Cloud King's Revenge	Rare	15361	Machine Hunter VI	0.0018348624
16	Cloud King's Revenge	Rare	15362	Titan Hunter VI	0.0018348624
16	Cloud King's Revenge	Rare	15364	Ambush Boost VI	0.0018348624
16	Cloud King's Revenge	Rare	15366	Indoor Attack Up VI	0.0018348624
16	Cloud King's Revenge	Rare	15367	Outdoor Attack Up VI	0.0018348624
16	Cloud King's Revenge	Rare	15378	Emergency Guard VI	0.0018348624
16	Cloud King's Revenge	Rare	15383	Launch Resist VI	0.0018348624
16	Cloud King's Revenge	Rare	15384	Smash Resist VI	0.0018348624
16	Cloud King's Revenge	Rare	15386	Knockback Resist VI	0.0018348624
16	Cloud King's Revenge	Rare	15394	Night Vision VI	0.0018348624
16	Cloud King's Revenge	Rare	15395	Sunlight Eye VI	0.0018348624
16	Cloud King's Revenge	Rare	15396	Reflect Damage Up VI	0.0018348624
16	Cloud King's Revenge	Rare	15397	Opening Art VI	0.0018348624
16	Cloud King's Revenge	Rare	15401	Specials Lv 1 Plus VI	0.0018348624
16	Cloud King's Revenge	Rare	15402	Specials Lv 2 Plus VI	0.0018348624
16	Cloud King's Revenge	Rare	15403	Specials Lv 3 Plus VI	0.0018348624
16	Cloud King's Revenge	Rare	15404	Specials Lv 4 Plus VI	0.0018348624
16	Cloud King's Revenge	Rare	10004	Silver Chip	0.0036697248
16	Cloud King's Revenge	Rare	10008	Gold Chip	0.0036697248
16	Cloud King's Revenge	Rare	10012	Horn Chip	0.0036697248
16	Cloud King's Revenge	Rare	10016	Forest Chip	0.0036697248
16	Cloud King's Revenge	Rare	10020	Fluorite Chip	0.0036697248
16	Cloud King's Revenge	Rare	10024	Zircon Chip	0.0036697248
16	Cloud King's Revenge	Rare	15352	Critical Up VI	0.0018348624
16	Cloud King's Revenge	Rare	15355	Block Rate Up VI	0.0018348624
16	Cloud King's Revenge	Rare	15363	Fusion Combo Up VI	0.0018348624
16	Cloud King's Revenge	Rare	15366	Indoor Attack Up VI	0.0018348624
16	Cloud King's Revenge	Rare	15367	Outdoor Attack Up VI	0.0018348624
16	Cloud King's Revenge	Rare	15378	Emergency Guard VI	0.0018348624
16	Cloud King's Revenge	Rare	15398	Affinity MAX Barrier VI	0.0018348624
16	Cloud King's Revenge	Rare	567	Saint's Necklace (Common)	0.0073394496
16	Cloud King's Revenge	Rare	568	Saint's Necklace (Rare)	0.0073394496
16	Cloud King's Revenge	Rare	569	Saint's Necklace (Legendary)	0.0073394496
16	Cloud King's Revenge	Rare	465	Augmented Vision Kit (Common)	0.0073394496
16	Cloud King's Revenge	Rare	468	Charm Bangle (Common)	0.0073394496
16	Cloud King's Revenge	Rare	474	Seven-League Circlet (Common)	0.0073394496
16	Cloud King's Revenge	Rare	498	Twin Trunks Vest (Common)	0.0073394496
16	Cloud King's Revenge	Rare	507	Vivid Mitts (Common)	0.0073394496
16	Cloud King's Revenge	Rare	510	Dauntless Boots (Common)	0.0073394496
16	Cloud King's Revenge	Rare	513	Sunlight Choker (Common)	0.0073394496
16	Cloud King's Revenge	Rare	525	Staunch Boots (Common)	0.0073394496
16	Cloud King's Revenge	Rare	552	Enlightened Loincloth (Common)	0.0073394496
16	Cloud King's Revenge	Rare	555	Glamorous Swimsuit (Common)	0.0073394496
16	Cloud King's Revenge	Rare	558	Vanish Hood (Common)	0.0073394496
16	Cloud King's Revenge	Rare	561	Platinum Nopon Mask (Common)	0.0073394496
16	Cloud King's Revenge	Rare	573	Beatific Medal (Common)	0.0073394496
16	Cloud King's Revenge	Rare	466	Augmented Vision Kit (Rare)	0.0073394496
16	Cloud King's Revenge	Rare	469	Charm Bangle (Rare)	0.0073394496
16	Cloud King's Revenge	Rare	475	Seven-League Circlet (Rare)	0.0073394496
16	Cloud King's Revenge	Rare	499	Twin Trunks Vest (Rare)	0.0073394496
16	Cloud King's Revenge	Rare	508	Vivid Mitts (Rare)	0.0073394496
16	Cloud King's Revenge	Rare	511	Dauntless Boots (Rare)	0.0073394496
16	Cloud King's Revenge	Rare	514	Sunlight Choker (Rare)	0.0073394496
16	Cloud King's Revenge	Rare	526	Staunch Boots (Rare)	0.0073394496
16	Cloud King's Revenge	Rare	553	Enlightened Loincloth (Rare)	0.0073394496
16	Cloud King's Revenge	Rare	556	Glamorous Swimsuit (Rare)	0.0073394496
16	Cloud King's Revenge	Rare	559	Vanish Hood (Rare)	0.0073394496
16	Cloud King's Revenge	Rare	562	Platinum Nopon Mask (Rare)	0.0073394496
16	Cloud King's Revenge	Rare	574	Beatific Medal (Rare)	0.0073394496
16	Cloud King's Revenge	Rare	467	Augmented Vision Kit (Legendary)	0.0073394496
16	Cloud King's Revenge	Rare	470	Charm Bangle (Legendary)	0.0073394496
16	Cloud King's Revenge	Rare	476	Seven-League Circlet (Legendary)	0.0073394496
16	Cloud King's Revenge	Rare	500	Twin Trunks Vest (Legendary)	0.0073394496
16	Cloud King's Revenge	Rare	509	Vivid Mitts (Legendary)	0.0073394496
16	Cloud King's Revenge	Rare	512	Dauntless Boots (Legendary)	0.0073394496
16	Cloud King's Revenge	Rare	515	Sunlight Choker (Legendary)	0.0073394496
16	Cloud King's Revenge	Rare	527	Staunch Boots (Legendary)	0.0073394496
16	Cloud King's Revenge	Rare	554	Enlightened Loincloth (Legendary)	0.0073394496
16	Cloud King's Revenge	Rare	557	Glamorous Swimsuit (Legendary)	0.0073394496
16	Cloud King's Revenge	Rare	560	Vanish Hood (Legendary)	0.0073394496
16	Cloud King's Revenge	Rare	563	Platinum Nopon Mask (Legendary)	0.0073394496
16	Cloud King's Revenge	Rare	575	Beatific Medal (Legendary)	0.0073394496
16	Cloud King's Revenge	Rare	15365	Aggro Attack Up VI	0.0036697248
16	Cloud King's Revenge	Rare	15376	Evasion Focus VI	0.0036697248
16	Cloud King's Revenge	Rare	15379	Endurance VI	0.0036697248
16	Cloud King's Revenge	Rare	15382	Topple Resist VI	0.0036697248
16	Cloud King's Revenge	Rare	15385	Blowdown Resist VI	0.0036697248
16	Cloud King's Revenge	Rare	15387	Auto-Attack Stealth VI	0.0036697248
16	Cloud King's Revenge	Rare	15389	Arts Stealth VI	0.0036697248
16	Cloud King's Revenge	Rare	15398	Affinity MAX Barrier VI	0.0036697248
16	Cloud King's Revenge	Rare	15405	Affinity MAX Acc VI	0.0036697248
16	Cloud King's Revenge	Rare	15406	Jamming VI	0.0036697248
16	Cloud King's Revenge	Rare	10028	Shaft Chip	0.0073394496
16	Cloud King's Revenge	Rare	10032	Booster Chip	0.0073394496
16	Cloud King's Revenge	Rare	10036	Hexagon Chip	0.0073394496
16	Cloud King's Revenge	Rare	10040	Spiral Chip	0.0073394496
16	Cloud King's Revenge	Rare	10044	Winonaite Chip	0.0073394496
16	Cloud King's Revenge	Rare	10048	Angrite Chip	0.0073394496
16	Cloud King's Revenge	Rare	15377	Swift Evasion VI	0.0036697248
16	Cloud King's Revenge	Rare	15391	Arts Heal VI	0.0036697248
16	Cloud King's Revenge	Rare	456	Consul Greaves (Common)	0.0146788992
16	Cloud King's Revenge	Rare	489	Abyss Masque (Common)	0.0146788992
16	Cloud King's Revenge	Rare	495	Survivor's Footgear (Common)	0.0146788992
16	Cloud King's Revenge	Rare	501	Beast-Hide Vest (Common)	0.0146788992
16	Cloud King's Revenge	Rare	504	Prairie Cap (Common)	0.0146788992
16	Cloud King's Revenge	Rare	519	Crimson Headband (Common)	0.0146788992
16	Cloud King's Revenge	Rare	531	Consul Pauldrons (Common)	0.0146788992
16	Cloud King's Revenge	Rare	534	Divine Vambraces (Common)	0.0146788992
16	Cloud King's Revenge	Rare	540	Tachyon Scarf (Common)	0.0146788992
16	Cloud King's Revenge	Rare	576	Carbon Gauntlet (Common)	0.0146788992
16	Cloud King's Revenge	Rare	457	Consul Greaves (Rare)	0.0146788992
16	Cloud King's Revenge	Rare	490	Abyss Masque (Rare)	0.0146788992
16	Cloud King's Revenge	Rare	496	Survivor's Footgear (Rare)	0.0146788992
16	Cloud King's Revenge	Rare	502	Beast-Hide Vest (Rare)	0.0146788992
16	Cloud King's Revenge	Rare	505	Prairie Cap (Rare)	0.0146788992
16	Cloud King's Revenge	Rare	520	Crimson Headband (Rare)	0.0146788992
16	Cloud King's Revenge	Rare	532	Consul Pauldrons (Rare)	0.0146788992
16	Cloud King's Revenge	Rare	535	Divine Vambraces (Rare)	0.0146788992
16	Cloud King's Revenge	Rare	541	Tachyon Scarf (Rare)	0.0146788992
16	Cloud King's Revenge	Rare	577	Carbon Gauntlet (Rare)	0.0146788992
16	Cloud King's Revenge	Rare	458	Consul Greaves (Legendary)	0.0146788992
16	Cloud King's Revenge	Rare	491	Abyss Masque (Legendary)	0.0146788992
16	Cloud King's Revenge	Rare	497	Survivor's Footgear (Legendary)	0.0146788992
16	Cloud King's Revenge	Rare	503	Beast-Hide Vest (Legendary)	0.0146788992
16	Cloud King's Revenge	Rare	506	Prairie Cap (Legendary)	0.0146788992
16	Cloud King's Revenge	Rare	521	Crimson Headband (Legendary)	0.0146788992
16	Cloud King's Revenge	Rare	533	Consul Pauldrons (Legendary)	0.0146788992
16	Cloud King's Revenge	Rare	536	Divine Vambraces (Legendary)	0.0146788992
16	Cloud King's Revenge	Rare	542	Tachyon Scarf (Legendary)	0.0146788992
16	Cloud King's Revenge	Rare	578	Carbon Gauntlet (Legendary)	0.0146788992
16	Cloud King's Revenge	Rare	471	Belemnite Bangle (Common)	0.0073394496
16	Cloud King's Revenge	Rare	477	Fighter's Circlet (Common)	0.0073394496
16	Cloud King's Revenge	Rare	522	Black Cube (Common)	0.0073394496
16	Cloud King's Revenge	Rare	543	Rainbow Belt (Common)	0.0073394496
16	Cloud King's Revenge	Rare	472	Belemnite Bangle (Rare)	0.0073394496
16	Cloud King's Revenge	Rare	478	Fighter's Circlet (Rare)	0.0073394496
16	Cloud King's Revenge	Rare	523	Black Cube (Rare)	0.0073394496
16	Cloud King's Revenge	Rare	544	Rainbow Belt (Rare)	0.0073394496
16	Cloud King's Revenge	Rare	473	Belemnite Bangle (Legendary)	0.0073394496
16	Cloud King's Revenge	Rare	479	Fighter's Circlet (Legendary)	0.0073394496
16	Cloud King's Revenge	Rare	524	Black Cube (Legendary)	0.0073394496
16	Cloud King's Revenge	Rare	545	Rainbow Belt (Legendary)	0.0073394496
16	Cloud King's Revenge	Legendary	15365	Aggro Attack Up VI	0.00450450461
16	Cloud King's Revenge	Legendary	15376	Evasion Focus VI	0.00450450461
16	Cloud King's Revenge	Legendary	15379	Endurance VI	0.00450450461
16	Cloud King's Revenge	Legendary	15382	Topple Resist VI	0.00450450461
16	Cloud King's Revenge	Legendary	15385	Blowdown Resist VI	0.00450450461
16	Cloud King's Revenge	Legendary	15387	Auto-Attack Stealth VI	0.00450450461
16	Cloud King's Revenge	Legendary	15389	Arts Stealth VI	0.00450450461
16	Cloud King's Revenge	Legendary	15398	Affinity MAX Barrier VI	0.00450450461
16	Cloud King's Revenge	Legendary	15405	Affinity MAX Acc VI	0.00450450461
16	Cloud King's Revenge	Legendary	15406	Jamming VI	0.00450450461
16	Cloud King's Revenge	Legendary	10028	Shaft Chip	0.009009009
16	Cloud King's Revenge	Legendary	10032	Booster Chip	0.009009009
16	Cloud King's Revenge	Legendary	10036	Hexagon Chip	0.009009009
16	Cloud King's Revenge	Legendary	10040	Spiral Chip	0.009009009
16	Cloud King's Revenge	Legendary	10044	Winonaite Chip	0.009009009
16	Cloud King's Revenge	Legendary	10048	Angrite Chip	0.009009009
16	Cloud King's Revenge	Legendary	15377	Swift Evasion VI	0.00450450461
16	Cloud King's Revenge	Legendary	15391	Arts Heal VI	0.00450450461
16	Cloud King's Revenge	Legendary	456	Consul Greaves (Common)	0.0180180185
16	Cloud King's Revenge	Legendary	489	Abyss Masque (Common)	0.0180180185
16	Cloud King's Revenge	Legendary	495	Survivor's Footgear (Common)	0.0180180185
16	Cloud King's Revenge	Legendary	501	Beast-Hide Vest (Common)	0.0180180185
16	Cloud King's Revenge	Legendary	504	Prairie Cap (Common)	0.0180180185
16	Cloud King's Revenge	Legendary	519	Crimson Headband (Common)	0.0180180185
16	Cloud King's Revenge	Legendary	531	Consul Pauldrons (Common)	0.0180180185
16	Cloud King's Revenge	Legendary	534	Divine Vambraces (Common)	0.0180180185
16	Cloud King's Revenge	Legendary	540	Tachyon Scarf (Common)	0.0180180185
16	Cloud King's Revenge	Legendary	576	Carbon Gauntlet (Common)	0.0180180185
16	Cloud King's Revenge	Legendary	457	Consul Greaves (Rare)	0.0180180185
16	Cloud King's Revenge	Legendary	490	Abyss Masque (Rare)	0.0180180185
16	Cloud King's Revenge	Legendary	496	Survivor's Footgear (Rare)	0.0180180185
16	Cloud King's Revenge	Legendary	502	Beast-Hide Vest (Rare)	0.0180180185
16	Cloud King's Revenge	Legendary	505	Prairie Cap (Rare)	0.0180180185
16	Cloud King's Revenge	Legendary	520	Crimson Headband (Rare)	0.0180180185
16	Cloud King's Revenge	Legendary	532	Consul Pauldrons (Rare)	0.0180180185
16	Cloud King's Revenge	Legendary	535	Divine Vambraces (Rare)	0.0180180185
16	Cloud King's Revenge	Legendary	541	Tachyon Scarf (Rare)	0.0180180185
16	Cloud King's Revenge	Legendary	577	Carbon Gauntlet (Rare)	0.0180180185
16	Cloud King's Revenge	Legendary	458	Consul Greaves (Legendary)	0.0180180185
16	Cloud King's Revenge	Legendary	491	Abyss Masque (Legendary)	0.0180180185
16	Cloud King's Revenge	Legendary	497	Survivor's Footgear (Legendary)	0.0180180185
16	Cloud King's Revenge	Legendary	503	Beast-Hide Vest (Legendary)	0.0180180185
16	Cloud King's Revenge	Legendary	506	Prairie Cap (Legendary)	0.0180180185
16	Cloud King's Revenge	Legendary	521	Crimson Headband (Legendary)	0.0180180185
16	Cloud King's Revenge	Legendary	533	Consul Pauldrons (Legendary)	0.0180180185
16	Cloud King's Revenge	Legendary	536	Divine Vambraces (Legendary)	0.0180180185
16	Cloud King's Revenge	Legendary	542	Tachyon Scarf (Legendary)	0.0180180185
16	Cloud King's Revenge	Legendary	578	Carbon Gauntlet (Legendary)	0.0180180185
16	Cloud King's Revenge	Legendary	471	Belemnite Bangle (Common)	0.009009009
16	Cloud King's Revenge	Legendary	477	Fighter's Circlet (Common)	0.009009009
16	Cloud King's Revenge	Legendary	522	Black Cube (Common)	0.009009009
16	Cloud King's Revenge	Legendary	543	Rainbow Belt (Common)	0.009009009
16	Cloud King's Revenge	Legendary	472	Belemnite Bangle (Rare)	0.009009009
16	Cloud King's Revenge	Legendary	478	Fighter's Circlet (Rare)	0.009009009
16	Cloud King's Revenge	Legendary	523	Black Cube (Rare)	0.009009009
16	Cloud King's Revenge	Legendary	544	Rainbow Belt (Rare)	0.009009009
16	Cloud King's Revenge	Legendary	473	Belemnite Bangle (Legendary)	0.009009009
16	Cloud King's Revenge	Legendary	479	Fighter's Circlet (Legendary)	0.009009009
16	Cloud King's Revenge	Legendary	524	Black Cube (Legendary)	0.009009009
16	Cloud King's Revenge	Legendary	545	Rainbow Belt (Legendary)	0.009009009
16	Cloud King's Revenge	Legendary	15353	Physical Defense Up VI	0.00225225231
16	Cloud King's Revenge	Legendary	15354	Ether Defense Up VI	0.00225225231
16	Cloud King's Revenge	Legendary	15061	Blade Combo Boost VI	0.00225225231
16	Cloud King's Revenge	Legendary	15132	Ultimate Shield	0.00225225231
16	Cloud King's Revenge	Legendary	15380	HP Attack Boost VI	0.00225225231
16	Cloud King's Revenge	Legendary	15381	Break Resist VI	0.00225225231
16	Cloud King's Revenge	Legendary	15388	Aggro Boost VI	0.00225225231
16	Cloud King's Revenge	Legendary	15390	Arts Aggro Boost VI	0.00225225231
16	Cloud King's Revenge	Legendary	15393	Damage Heal VI	0.00450450461
16	Cloud King's Revenge	Legendary	15319	Fast Blade Switch VI	0.00225225231
16	Cloud King's Revenge	Legendary	10052	Shining Star Chip	0.00450450461
16	Cloud King's Revenge	Legendary	10053	Moon Matter Chip	0.00450450461
16	Cloud King's Revenge	Legendary	10054	Sunlight Chip	0.00450450461
16	Cloud King's Revenge	Legendary	10058	Dilaton Chip	0.00450450461
16	Cloud King's Revenge	Legendary	10059	Preon Chip	0.00450450461
16	Cloud King's Revenge	Legendary	10060	Tachyon Chip	0.00450450461
16	Cloud King's Revenge	Legendary	15392	Movement Heal VI	0.00225225231
16	Cloud King's Revenge	Legendary	15393	Damage Heal VI	0.00450450461
16	Cloud King's Revenge	Legendary	15399	Affinity MAX Atk VI	0.00225225231
16	Cloud King's Revenge	Legendary	15400	Affinity MAX Evade VI	0.00225225231
16	Cloud King's Revenge	Legendary	459	Infinity Greaves (Common)	0.009009009
16	Cloud King's Revenge	Legendary	480	Ocean Earring (Common)	0.009009009
16	Cloud King's Revenge	Legendary	483	Seven-Seas Earring (Common)	0.009009009
16	Cloud King's Revenge	Legendary	516	Alexandrite (Common)	0.0180180185
16	Cloud King's Revenge	Legendary	546	Goliath Ring (Common)	0.009009009
16	Cloud King's Revenge	Legendary	582	Master Scope (Common)	0.009009009
16	Cloud King's Revenge	Legendary	460	Infinity Greaves (Rare)	0.009009009
16	Cloud King's Revenge	Legendary	481	Ocean Earring (Rare)	0.009009009
16	Cloud King's Revenge	Legendary	484	Seven-Seas Earring (Rare)	0.009009009
16	Cloud King's Revenge	Legendary	517	Alexandrite (Rare)	0.009009009
16	Cloud King's Revenge	Legendary	547	Goliath Ring (Rare)	0.009009009
16	Cloud King's Revenge	Legendary	583	Master Scope (Rare)	0.009009009
16	Cloud King's Revenge	Legendary	461	Infinity Greaves (Legendary)	0.009009009
16	Cloud King's Revenge	Legendary	482	Ocean Earring (Legendary)	0.009009009
16	Cloud King's Revenge	Legendary	485	Seven-Seas Earring (Legendary)	0.009009009
16	Cloud King's Revenge	Legendary	518	Alexandrite (Legendary)	0.009009009
16	Cloud King's Revenge	Legendary	548	Goliath Ring (Legendary)	0.009009009
16	Cloud King's Revenge	Legendary	584	Master Scope (Legendary)	0.009009009
16	Cloud King's Revenge	Legendary	25407	Ultimate Weaponry	0.009009009
17	Reinventing the Gogol	Common	15356	Beast Hunter VI	0.008403362
17	Reinventing the Gogol	Common	15357	Insect Hunter VI	0.008403362
17	Reinventing the Gogol	Common	15358	Aerial Hunter VI	0.008403362
17	Reinventing the Gogol	Common	15359	Aquatic Hunter VI	0.008403362
17	Reinventing the Gogol	Common	15360	Humanoid Hunter VI	0.008403362
17	Reinventing the Gogol	Common	15361	Machine Hunter VI	0.008403362
17	Reinventing the Gogol	Common	15362	Titan Hunter VI	0.008403362
17	Reinventing the Gogol	Common	15364	Ambush Boost VI	0.008403362
17	Reinventing the Gogol	Common	15366	Indoor Attack Up VI	0.008403362
17	Reinventing the Gogol	Common	15367	Outdoor Attack Up VI	0.008403362
17	Reinventing the Gogol	Common	15378	Emergency Guard VI	0.008403362
17	Reinventing the Gogol	Common	15383	Launch Resist VI	0.008403362
17	Reinventing the Gogol	Common	15384	Smash Resist VI	0.008403362
17	Reinventing the Gogol	Common	15386	Knockback Resist VI	0.008403362
17	Reinventing the Gogol	Common	15394	Night Vision VI	0.008403362
17	Reinventing the Gogol	Common	15395	Sunlight Eye VI	0.008403362
17	Reinventing the Gogol	Common	15396	Reflect Damage Up VI	0.008403362
17	Reinventing the Gogol	Common	15397	Opening Art VI	0.008403362
17	Reinventing the Gogol	Common	15401	Specials Lv 1 Plus VI	0.008403362
17	Reinventing the Gogol	Common	15402	Specials Lv 2 Plus VI	0.008403362
17	Reinventing the Gogol	Common	15403	Specials Lv 3 Plus VI	0.008403362
17	Reinventing the Gogol	Common	15404	Specials Lv 4 Plus VI	0.008403362
17	Reinventing the Gogol	Common	10004	Silver Chip	0.008403362
17	Reinventing the Gogol	Common	10008	Gold Chip	0.008403362
17	Reinventing the Gogol	Common	10012	Horn Chip	0.008403362
17	Reinventing the Gogol	Common	10016	Forest Chip	0.008403362
17	Reinventing the Gogol	Common	10020	Fluorite Chip	0.008403362
17	Reinventing the Gogol	Common	10024	Zircon Chip	0.008403362
17	Reinventing the Gogol	Common	15352	Critical Up VI	0.008403362
17	Reinventing the Gogol	Common	15355	Block Rate Up VI	0.008403362
17	Reinventing the Gogol	Common	15363	Fusion Combo Up VI	0.008403362
17	Reinventing the Gogol	Common	15366	Indoor Attack Up VI	0.008403362
17	Reinventing the Gogol	Common	15367	Outdoor Attack Up VI	0.008403362
17	Reinventing the Gogol	Common	15378	Emergency Guard VI	0.008403362
17	Reinventing the Gogol	Common	15398	Affinity MAX Barrier VI	0.008403362
17	Reinventing the Gogol	Common	567	Saint's Necklace (Common)	0.0168067235
17	Reinventing the Gogol	Common	568	Saint's Necklace (Rare)	0.0168067235
17	Reinventing the Gogol	Common	569	Saint's Necklace (Legendary)	0.0168067235
17	Reinventing the Gogol	Common	465	Augmented Vision Kit (Common)	0.0168067235
17	Reinventing the Gogol	Common	468	Charm Bangle (Common)	0.0168067235
17	Reinventing the Gogol	Common	474	Seven-League Circlet (Common)	0.0168067235
17	Reinventing the Gogol	Common	498	Twin Trunks Vest (Common)	0.0168067235
17	Reinventing the Gogol	Common	507	Vivid Mitts (Common)	0.0168067235
17	Reinventing the Gogol	Common	510	Dauntless Boots (Common)	0.0168067235
17	Reinventing the Gogol	Common	513	Sunlight Choker (Common)	0.0168067235
17	Reinventing the Gogol	Common	525	Staunch Boots (Common)	0.0168067235
17	Reinventing the Gogol	Common	552	Enlightened Loincloth (Common)	0.0168067235
17	Reinventing the Gogol	Common	555	Glamorous Swimsuit (Common)	0.0168067235
17	Reinventing the Gogol	Common	558	Vanish Hood (Common)	0.0168067235
17	Reinventing the Gogol	Common	561	Platinum Nopon Mask (Common)	0.0168067235
17	Reinventing the Gogol	Common	573	Beatific Medal (Common)	0.0168067235
17	Reinventing the Gogol	Common	466	Augmented Vision Kit (Rare)	0.0168067235
17	Reinventing the Gogol	Common	469	Charm Bangle (Rare)	0.0168067235
17	Reinventing the Gogol	Common	475	Seven-League Circlet (Rare)	0.0168067235
17	Reinventing the Gogol	Common	499	Twin Trunks Vest (Rare)	0.0168067235
17	Reinventing the Gogol	Common	508	Vivid Mitts (Rare)	0.0168067235
17	Reinventing the Gogol	Common	511	Dauntless Boots (Rare)	0.0168067235
17	Reinventing the Gogol	Common	514	Sunlight Choker (Rare)	0.0168067235
17	Reinventing the Gogol	Common	526	Staunch Boots (Rare)	0.0168067235
17	Reinventing the Gogol	Common	553	Enlightened Loincloth (Rare)	0.0168067235
17	Reinventing the Gogol	Common	556	Glamorous Swimsuit (Rare)	0.0168067235
17	Reinventing the Gogol	Common	559	Vanish Hood (Rare)	0.0168067235
17	Reinventing the Gogol	Common	562	Platinum Nopon Mask (Rare)	0.0168067235
17	Reinventing the Gogol	Common	574	Beatific Medal (Rare)	0.0168067235
17	Reinventing the Gogol	Common	467	Augmented Vision Kit (Legendary)	0.0168067235
17	Reinventing the Gogol	Common	470	Charm Bangle (Legendary)	0.0168067235
17	Reinventing the Gogol	Common	476	Seven-League Circlet (Legendary)	0.0168067235
17	Reinventing the Gogol	Common	500	Twin Trunks Vest (Legendary)	0.0168067235
17	Reinventing the Gogol	Common	509	Vivid Mitts (Legendary)	0.0168067235
17	Reinventing the Gogol	Common	512	Dauntless Boots (Legendary)	0.0168067235
17	Reinventing the Gogol	Common	515	Sunlight Choker (Legendary)	0.0168067235
17	Reinventing the Gogol	Common	527	Staunch Boots (Legendary)	0.0168067235
17	Reinventing the Gogol	Common	554	Enlightened Loincloth (Legendary)	0.0168067235
17	Reinventing the Gogol	Common	557	Glamorous Swimsuit (Legendary)	0.0168067235
17	Reinventing the Gogol	Common	560	Vanish Hood (Legendary)	0.0168067235
17	Reinventing the Gogol	Common	563	Platinum Nopon Mask (Legendary)	0.0168067235
17	Reinventing the Gogol	Common	575	Beatific Medal (Legendary)	0.0168067235
17	Reinventing the Gogol	Rare	15356	Beast Hunter VI	0.00330033014
17	Reinventing the Gogol	Rare	15357	Insect Hunter VI	0.00330033014
17	Reinventing the Gogol	Rare	15358	Aerial Hunter VI	0.00330033014
17	Reinventing the Gogol	Rare	15359	Aquatic Hunter VI	0.00330033014
17	Reinventing the Gogol	Rare	15360	Humanoid Hunter VI	0.00330033014
17	Reinventing the Gogol	Rare	15361	Machine Hunter VI	0.00330033014
17	Reinventing the Gogol	Rare	15362	Titan Hunter VI	0.00330033014
17	Reinventing the Gogol	Rare	15364	Ambush Boost VI	0.00330033014
17	Reinventing the Gogol	Rare	15366	Indoor Attack Up VI	0.00330033014
17	Reinventing the Gogol	Rare	15367	Outdoor Attack Up VI	0.00330033014
17	Reinventing the Gogol	Rare	15378	Emergency Guard VI	0.00330033014
17	Reinventing the Gogol	Rare	15383	Launch Resist VI	0.00330033014
17	Reinventing the Gogol	Rare	15384	Smash Resist VI	0.00330033014
17	Reinventing the Gogol	Rare	15386	Knockback Resist VI	0.00330033014
17	Reinventing the Gogol	Rare	15394	Night Vision VI	0.00330033014
17	Reinventing the Gogol	Rare	15395	Sunlight Eye VI	0.00330033014
17	Reinventing the Gogol	Rare	15396	Reflect Damage Up VI	0.00330033014
17	Reinventing the Gogol	Rare	15397	Opening Art VI	0.00330033014
17	Reinventing the Gogol	Rare	15401	Specials Lv 1 Plus VI	0.00330033014
17	Reinventing the Gogol	Rare	15402	Specials Lv 2 Plus VI	0.00330033014
17	Reinventing the Gogol	Rare	15403	Specials Lv 3 Plus VI	0.00330033014
17	Reinventing the Gogol	Rare	15404	Specials Lv 4 Plus VI	0.00330033014
17	Reinventing the Gogol	Rare	10004	Silver Chip	0.00330033014
17	Reinventing the Gogol	Rare	10008	Gold Chip	0.00330033014
17	Reinventing the Gogol	Rare	10012	Horn Chip	0.00330033014
17	Reinventing the Gogol	Rare	10016	Forest Chip	0.00330033014
17	Reinventing the Gogol	Rare	10020	Fluorite Chip	0.00330033014
17	Reinventing the Gogol	Rare	10024	Zircon Chip	0.00330033014
17	Reinventing the Gogol	Rare	15352	Critical Up VI	0.00330033014
17	Reinventing the Gogol	Rare	15355	Block Rate Up VI	0.00330033014
17	Reinventing the Gogol	Rare	15363	Fusion Combo Up VI	0.00330033014
17	Reinventing the Gogol	Rare	15366	Indoor Attack Up VI	0.00330033014
17	Reinventing the Gogol	Rare	15367	Outdoor Attack Up VI	0.00330033014
17	Reinventing the Gogol	Rare	15378	Emergency Guard VI	0.00330033014
17	Reinventing the Gogol	Rare	15398	Affinity MAX Barrier VI	0.00330033014
17	Reinventing the Gogol	Rare	567	Saint's Necklace (Common)	0.00660066027
17	Reinventing the Gogol	Rare	568	Saint's Necklace (Rare)	0.00660066027
17	Reinventing the Gogol	Rare	569	Saint's Necklace (Legendary)	0.00660066027
17	Reinventing the Gogol	Rare	465	Augmented Vision Kit (Common)	0.00660066027
17	Reinventing the Gogol	Rare	468	Charm Bangle (Common)	0.00660066027
17	Reinventing the Gogol	Rare	474	Seven-League Circlet (Common)	0.00660066027
17	Reinventing the Gogol	Rare	498	Twin Trunks Vest (Common)	0.00660066027
17	Reinventing the Gogol	Rare	507	Vivid Mitts (Common)	0.00660066027
17	Reinventing the Gogol	Rare	510	Dauntless Boots (Common)	0.00660066027
17	Reinventing the Gogol	Rare	513	Sunlight Choker (Common)	0.00660066027
17	Reinventing the Gogol	Rare	525	Staunch Boots (Common)	0.00660066027
17	Reinventing the Gogol	Rare	552	Enlightened Loincloth (Common)	0.00660066027
17	Reinventing the Gogol	Rare	555	Glamorous Swimsuit (Common)	0.00660066027
17	Reinventing the Gogol	Rare	558	Vanish Hood (Common)	0.00660066027
17	Reinventing the Gogol	Rare	561	Platinum Nopon Mask (Common)	0.00660066027
17	Reinventing the Gogol	Rare	573	Beatific Medal (Common)	0.00660066027
17	Reinventing the Gogol	Rare	466	Augmented Vision Kit (Rare)	0.00660066027
17	Reinventing the Gogol	Rare	469	Charm Bangle (Rare)	0.00660066027
17	Reinventing the Gogol	Rare	475	Seven-League Circlet (Rare)	0.00660066027
17	Reinventing the Gogol	Rare	499	Twin Trunks Vest (Rare)	0.00660066027
17	Reinventing the Gogol	Rare	508	Vivid Mitts (Rare)	0.00660066027
17	Reinventing the Gogol	Rare	511	Dauntless Boots (Rare)	0.00660066027
17	Reinventing the Gogol	Rare	514	Sunlight Choker (Rare)	0.00660066027
17	Reinventing the Gogol	Rare	526	Staunch Boots (Rare)	0.00660066027
17	Reinventing the Gogol	Rare	553	Enlightened Loincloth (Rare)	0.00660066027
17	Reinventing the Gogol	Rare	556	Glamorous Swimsuit (Rare)	0.00660066027
17	Reinventing the Gogol	Rare	559	Vanish Hood (Rare)	0.00660066027
17	Reinventing the Gogol	Rare	562	Platinum Nopon Mask (Rare)	0.00660066027
17	Reinventing the Gogol	Rare	574	Beatific Medal (Rare)	0.00660066027
17	Reinventing the Gogol	Rare	467	Augmented Vision Kit (Legendary)	0.00660066027
17	Reinventing the Gogol	Rare	470	Charm Bangle (Legendary)	0.00660066027
17	Reinventing the Gogol	Rare	476	Seven-League Circlet (Legendary)	0.00660066027
17	Reinventing the Gogol	Rare	500	Twin Trunks Vest (Legendary)	0.00660066027
17	Reinventing the Gogol	Rare	509	Vivid Mitts (Legendary)	0.00660066027
17	Reinventing the Gogol	Rare	512	Dauntless Boots (Legendary)	0.00660066027
17	Reinventing the Gogol	Rare	515	Sunlight Choker (Legendary)	0.00660066027
17	Reinventing the Gogol	Rare	527	Staunch Boots (Legendary)	0.00660066027
17	Reinventing the Gogol	Rare	554	Enlightened Loincloth (Legendary)	0.00660066027
17	Reinventing the Gogol	Rare	557	Glamorous Swimsuit (Legendary)	0.00660066027
17	Reinventing the Gogol	Rare	560	Vanish Hood (Legendary)	0.00660066027
17	Reinventing the Gogol	Rare	563	Platinum Nopon Mask (Legendary)	0.00660066027
17	Reinventing the Gogol	Rare	575	Beatific Medal (Legendary)	0.00660066027
17	Reinventing the Gogol	Rare	15365	Aggro Attack Up VI	0.00660066027
17	Reinventing the Gogol	Rare	15376	Evasion Focus VI	0.0132013205
17	Reinventing the Gogol	Rare	15379	Endurance VI	0.00660066027
17	Reinventing the Gogol	Rare	15382	Topple Resist VI	0.00660066027
17	Reinventing the Gogol	Rare	15385	Blowdown Resist VI	0.00660066027
17	Reinventing the Gogol	Rare	15387	Auto-Attack Stealth VI	0.00660066027
17	Reinventing the Gogol	Rare	15389	Arts Stealth VI	0.00660066027
17	Reinventing the Gogol	Rare	15398	Affinity MAX Barrier VI	0.00660066027
17	Reinventing the Gogol	Rare	15405	Affinity MAX Acc VI	0.00660066027
17	Reinventing the Gogol	Rare	15406	Jamming VI	0.00660066027
17	Reinventing the Gogol	Rare	10028	Shaft Chip	0.00660066027
17	Reinventing the Gogol	Rare	10032	Booster Chip	0.00660066027
17	Reinventing the Gogol	Rare	10036	Hexagon Chip	0.00660066027
17	Reinventing the Gogol	Rare	10040	Spiral Chip	0.00660066027
17	Reinventing the Gogol	Rare	10044	Winonaite Chip	0.00660066027
17	Reinventing the Gogol	Rare	10048	Angrite Chip	0.00660066027
17	Reinventing the Gogol	Rare	15377	Swift Evasion VI	0.00660066027
17	Reinventing the Gogol	Rare	15391	Arts Heal VI	0.00660066027
17	Reinventing the Gogol	Rare	456	Consul Greaves (Common)	0.0132013205
17	Reinventing the Gogol	Rare	489	Abyss Masque (Common)	0.0132013205
17	Reinventing the Gogol	Rare	495	Survivor's Footgear (Common)	0.0132013205
17	Reinventing the Gogol	Rare	501	Beast-Hide Vest (Common)	0.0132013205
17	Reinventing the Gogol	Rare	504	Prairie Cap (Common)	0.0132013205
17	Reinventing the Gogol	Rare	519	Crimson Headband (Common)	0.0132013205
17	Reinventing the Gogol	Rare	531	Consul Pauldrons (Common)	0.0132013205
17	Reinventing the Gogol	Rare	534	Divine Vambraces (Common)	0.0132013205
17	Reinventing the Gogol	Rare	540	Tachyon Scarf (Common)	0.0132013205
17	Reinventing the Gogol	Rare	576	Carbon Gauntlet (Common)	0.0132013205
17	Reinventing the Gogol	Rare	457	Consul Greaves (Rare)	0.0132013205
17	Reinventing the Gogol	Rare	490	Abyss Masque (Rare)	0.0132013205
17	Reinventing the Gogol	Rare	496	Survivor's Footgear (Rare)	0.0132013205
17	Reinventing the Gogol	Rare	502	Beast-Hide Vest (Rare)	0.0132013205
17	Reinventing the Gogol	Rare	505	Prairie Cap (Rare)	0.0132013205
17	Reinventing the Gogol	Rare	520	Crimson Headband (Rare)	0.0132013205
17	Reinventing the Gogol	Rare	532	Consul Pauldrons (Rare)	0.0132013205
17	Reinventing the Gogol	Rare	535	Divine Vambraces (Rare)	0.0132013205
17	Reinventing the Gogol	Rare	541	Tachyon Scarf (Rare)	0.0132013205
17	Reinventing the Gogol	Rare	577	Carbon Gauntlet (Rare)	0.0132013205
17	Reinventing the Gogol	Rare	458	Consul Greaves (Legendary)	0.0132013205
17	Reinventing the Gogol	Rare	491	Abyss Masque (Legendary)	0.0132013205
17	Reinventing the Gogol	Rare	497	Survivor's Footgear (Legendary)	0.0132013205
17	Reinventing the Gogol	Rare	503	Beast-Hide Vest (Legendary)	0.0132013205
17	Reinventing the Gogol	Rare	506	Prairie Cap (Legendary)	0.0132013205
17	Reinventing the Gogol	Rare	521	Crimson Headband (Legendary)	0.0132013205
17	Reinventing the Gogol	Rare	533	Consul Pauldrons (Legendary)	0.0132013205
17	Reinventing the Gogol	Rare	536	Divine Vambraces (Legendary)	0.0132013205
17	Reinventing the Gogol	Rare	542	Tachyon Scarf (Legendary)	0.0132013205
17	Reinventing the Gogol	Rare	578	Carbon Gauntlet (Legendary)	0.0132013205
17	Reinventing the Gogol	Rare	471	Belemnite Bangle (Common)	0.00660066027
17	Reinventing the Gogol	Rare	477	Fighter's Circlet (Common)	0.00660066027
17	Reinventing the Gogol	Rare	522	Black Cube (Common)	0.00660066027
17	Reinventing the Gogol	Rare	543	Rainbow Belt (Common)	0.0132013205
17	Reinventing the Gogol	Rare	472	Belemnite Bangle (Rare)	0.00660066027
17	Reinventing the Gogol	Rare	478	Fighter's Circlet (Rare)	0.00660066027
17	Reinventing the Gogol	Rare	523	Black Cube (Rare)	0.00660066027
17	Reinventing the Gogol	Rare	544	Rainbow Belt (Rare)	0.00660066027
17	Reinventing the Gogol	Rare	473	Belemnite Bangle (Legendary)	0.00660066027
17	Reinventing the Gogol	Rare	479	Fighter's Circlet (Legendary)	0.00660066027
17	Reinventing the Gogol	Rare	524	Black Cube (Legendary)	0.00660066027
17	Reinventing the Gogol	Rare	545	Rainbow Belt (Legendary)	0.00660066027
17	Reinventing the Gogol	Legendary	15365	Aggro Attack Up VI	0.008298756
17	Reinventing the Gogol	Legendary	15376	Evasion Focus VI	0.008298756
17	Reinventing the Gogol	Legendary	15379	Endurance VI	0.008298756
17	Reinventing the Gogol	Legendary	15382	Topple Resist VI	0.008298756
17	Reinventing the Gogol	Legendary	15385	Blowdown Resist VI	0.008298756
17	Reinventing the Gogol	Legendary	15387	Auto-Attack Stealth VI	0.008298756
17	Reinventing the Gogol	Legendary	15389	Arts Stealth VI	0.008298756
17	Reinventing the Gogol	Legendary	15398	Affinity MAX Barrier VI	0.008298756
17	Reinventing the Gogol	Legendary	15405	Affinity MAX Acc VI	0.008298756
17	Reinventing the Gogol	Legendary	15406	Jamming VI	0.008298756
17	Reinventing the Gogol	Legendary	10028	Shaft Chip	0.008298756
17	Reinventing the Gogol	Legendary	10032	Booster Chip	0.008298756
17	Reinventing the Gogol	Legendary	10036	Hexagon Chip	0.008298756
17	Reinventing the Gogol	Legendary	10040	Spiral Chip	0.008298756
17	Reinventing the Gogol	Legendary	10044	Winonaite Chip	0.008298756
17	Reinventing the Gogol	Legendary	10048	Angrite Chip	0.008298756
17	Reinventing the Gogol	Legendary	15377	Swift Evasion VI	0.008298756
17	Reinventing the Gogol	Legendary	15391	Arts Heal VI	0.008298756
17	Reinventing the Gogol	Legendary	456	Consul Greaves (Common)	0.0165975112
17	Reinventing the Gogol	Legendary	489	Abyss Masque (Common)	0.0165975112
17	Reinventing the Gogol	Legendary	495	Survivor's Footgear (Common)	0.0165975112
17	Reinventing the Gogol	Legendary	501	Beast-Hide Vest (Common)	0.0165975112
17	Reinventing the Gogol	Legendary	504	Prairie Cap (Common)	0.0165975112
17	Reinventing the Gogol	Legendary	519	Crimson Headband (Common)	0.0165975112
17	Reinventing the Gogol	Legendary	531	Consul Pauldrons (Common)	0.0165975112
17	Reinventing the Gogol	Legendary	534	Divine Vambraces (Common)	0.0165975112
17	Reinventing the Gogol	Legendary	540	Tachyon Scarf (Common)	0.0165975112
17	Reinventing the Gogol	Legendary	576	Carbon Gauntlet (Common)	0.0165975112
17	Reinventing the Gogol	Legendary	457	Consul Greaves (Rare)	0.0165975112
17	Reinventing the Gogol	Legendary	490	Abyss Masque (Rare)	0.0165975112
17	Reinventing the Gogol	Legendary	496	Survivor's Footgear (Rare)	0.0165975112
17	Reinventing the Gogol	Legendary	502	Beast-Hide Vest (Rare)	0.0165975112
17	Reinventing the Gogol	Legendary	505	Prairie Cap (Rare)	0.0165975112
17	Reinventing the Gogol	Legendary	520	Crimson Headband (Rare)	0.0165975112
17	Reinventing the Gogol	Legendary	532	Consul Pauldrons (Rare)	0.0165975112
17	Reinventing the Gogol	Legendary	535	Divine Vambraces (Rare)	0.0165975112
17	Reinventing the Gogol	Legendary	541	Tachyon Scarf (Rare)	0.0165975112
17	Reinventing the Gogol	Legendary	577	Carbon Gauntlet (Rare)	0.0165975112
17	Reinventing the Gogol	Legendary	458	Consul Greaves (Legendary)	0.0165975112
17	Reinventing the Gogol	Legendary	491	Abyss Masque (Legendary)	0.0165975112
17	Reinventing the Gogol	Legendary	497	Survivor's Footgear (Legendary)	0.0165975112
17	Reinventing the Gogol	Legendary	503	Beast-Hide Vest (Legendary)	0.0165975112
17	Reinventing the Gogol	Legendary	506	Prairie Cap (Legendary)	0.0165975112
17	Reinventing the Gogol	Legendary	521	Crimson Headband (Legendary)	0.0165975112
17	Reinventing the Gogol	Legendary	533	Consul Pauldrons (Legendary)	0.0165975112
17	Reinventing the Gogol	Legendary	536	Divine Vambraces (Legendary)	0.0165975112
17	Reinventing the Gogol	Legendary	542	Tachyon Scarf (Legendary)	0.0165975112
17	Reinventing the Gogol	Legendary	578	Carbon Gauntlet (Legendary)	0.0165975112
17	Reinventing the Gogol	Legendary	471	Belemnite Bangle (Common)	0.008298756
17	Reinventing the Gogol	Legendary	477	Fighter's Circlet (Common)	0.008298756
17	Reinventing the Gogol	Legendary	522	Black Cube (Common)	0.008298756
17	Reinventing the Gogol	Legendary	543	Rainbow Belt (Common)	0.008298756
17	Reinventing the Gogol	Legendary	472	Belemnite Bangle (Rare)	0.008298756
17	Reinventing the Gogol	Legendary	478	Fighter's Circlet (Rare)	0.008298756
17	Reinventing the Gogol	Legendary	523	Black Cube (Rare)	0.008298756
17	Reinventing the Gogol	Legendary	544	Rainbow Belt (Rare)	0.008298756
17	Reinventing the Gogol	Legendary	473	Belemnite Bangle (Legendary)	0.008298756
17	Reinventing the Gogol	Legendary	479	Fighter's Circlet (Legendary)	0.008298756
17	Reinventing the Gogol	Legendary	524	Black Cube (Legendary)	0.008298756
17	Reinventing the Gogol	Legendary	545	Rainbow Belt (Legendary)	0.008298756
17	Reinventing the Gogol	Legendary	15353	Physical Defense Up VI	0.004149378
17	Reinventing the Gogol	Legendary	15354	Ether Defense Up VI	0.004149378
17	Reinventing the Gogol	Legendary	15061	Blade Combo Boost VI	0.004149378
17	Reinventing the Gogol	Legendary	15132	Ultimate Shield	0.004149378
17	Reinventing the Gogol	Legendary	15380	HP Attack Boost VI	0.008298756
17	Reinventing the Gogol	Legendary	15381	Break Resist VI	0.004149378
17	Reinventing the Gogol	Legendary	15388	Aggro Boost VI	0.004149378
17	Reinventing the Gogol	Legendary	15390	Arts Aggro Boost VI	0.004149378
17	Reinventing the Gogol	Legendary	15393	Damage Heal VI	0.004149378
17	Reinventing the Gogol	Legendary	15319	Fast Blade Switch VI	0.004149378
17	Reinventing the Gogol	Legendary	10052	Shining Star Chip	0.004149378
17	Reinventing the Gogol	Legendary	10053	Moon Matter Chip	0.004149378
17	Reinventing the Gogol	Legendary	10054	Sunlight Chip	0.004149378
17	Reinventing the Gogol	Legendary	10058	Dilaton Chip	0.004149378
17	Reinventing the Gogol	Legendary	10059	Preon Chip	0.004149378
17	Reinventing the Gogol	Legendary	10060	Tachyon Chip	0.004149378
17	Reinventing the Gogol	Legendary	15392	Movement Heal VI	0.004149378
17	Reinventing the Gogol	Legendary	15393	Damage Heal VI	0.004149378
17	Reinventing the Gogol	Legendary	15399	Affinity MAX Atk VI	0.004149378
17	Reinventing the Gogol	Legendary	15400	Affinity MAX Evade VI	0.004149378
17	Reinventing the Gogol	Legendary	459	Infinity Greaves (Common)	0.008298756
17	Reinventing the Gogol	Legendary	480	Ocean Earring (Common)	0.008298756
17	Reinventing the Gogol	Legendary	483	Seven-Seas Earring (Common)	0.008298756
17	Reinventing the Gogol	Legendary	516	Alexandrite (Common)	0.008298756
17	Reinventing the Gogol	Legendary	546	Goliath Ring (Common)	0.0165975112
17	Reinventing the Gogol	Legendary	582	Master Scope (Common)	0.008298756
17	Reinventing the Gogol	Legendary	460	Infinity Greaves (Rare)	0.008298756
17	Reinventing the Gogol	Legendary	481	Ocean Earring (Rare)	0.008298756
17	Reinventing the Gogol	Legendary	484	Seven-Seas Earring (Rare)	0.008298756
17	Reinventing the Gogol	Legendary	517	Alexandrite (Rare)	0.008298756
17	Reinventing the Gogol	Legendary	547	Goliath Ring (Rare)	0.008298756
17	Reinventing the Gogol	Legendary	583	Master Scope (Rare)	0.008298756
17	Reinventing the Gogol	Legendary	461	Infinity Greaves (Legendary)	0.008298756
17	Reinventing the Gogol	Legendary	482	Ocean Earring (Legendary)	0.008298756
17	Reinventing the Gogol	Legendary	485	Seven-Seas Earring (Legendary)	0.008298756
17	Reinventing the Gogol	Legendary	518	Alexandrite (Legendary)	0.008298756
17	Reinventing the Gogol	Legendary	548	Goliath Ring (Legendary)	0.008298756
17	Reinventing the Gogol	Legendary	584	Master Scope (Legendary)	0.008298756
17	Reinventing the Gogol	Legendary	25407	Ultimate Weaponry	0.008298756
18	Mk. VIII	Common	15356	Beast Hunter VI	0.02247191
18	Mk. VIII	Common	15357	Insect Hunter VI	0.02247191
18	Mk. VIII	Common	15358	Aerial Hunter VI	0.02247191
18	Mk. VIII	Common	15359	Aquatic Hunter VI	0.02247191
18	Mk. VIII	Common	15360	Humanoid Hunter VI	0.02247191
18	Mk. VIII	Common	15361	Machine Hunter VI	0.02247191
18	Mk. VIII	Common	15362	Titan Hunter VI	0.02247191
18	Mk. VIII	Common	15364	Ambush Boost VI	0.02247191
18	Mk. VIII	Common	15366	Indoor Attack Up VI	0.02247191
18	Mk. VIII	Common	15367	Outdoor Attack Up VI	0.02247191
18	Mk. VIII	Common	15378	Emergency Guard VI	0.04494382
18	Mk. VIII	Common	15383	Launch Resist VI	0.02247191
18	Mk. VIII	Common	15384	Smash Resist VI	0.02247191
18	Mk. VIII	Common	15386	Knockback Resist VI	0.02247191
18	Mk. VIII	Common	15394	Night Vision VI	0.02247191
18	Mk. VIII	Common	15395	Sunlight Eye VI	0.02247191
18	Mk. VIII	Common	15396	Reflect Damage Up VI	0.02247191
18	Mk. VIII	Common	15397	Opening Art VI	0.02247191
18	Mk. VIII	Common	15401	Specials Lv 1 Plus VI	0.02247191
18	Mk. VIII	Common	15402	Specials Lv 2 Plus VI	0.02247191
18	Mk. VIII	Common	15403	Specials Lv 3 Plus VI	0.02247191
18	Mk. VIII	Common	15404	Specials Lv 4 Plus VI	0.02247191
18	Mk. VIII	Common	10004	Silver Chip	0.0112359552
18	Mk. VIII	Common	10008	Gold Chip	0.0112359552
18	Mk. VIII	Common	10012	Horn Chip	0.0112359552
18	Mk. VIII	Common	10016	Forest Chip	0.0112359552
18	Mk. VIII	Common	10020	Fluorite Chip	0.0112359552
18	Mk. VIII	Common	10024	Zircon Chip	0.0112359552
18	Mk. VIII	Common	15352	Critical Up VI	0.02247191
18	Mk. VIII	Common	15355	Block Rate Up VI	0.02247191
18	Mk. VIII	Common	15363	Fusion Combo Up VI	0.02247191
18	Mk. VIII	Common	15366	Indoor Attack Up VI	0.02247191
18	Mk. VIII	Common	15367	Outdoor Attack Up VI	0.02247191
18	Mk. VIII	Common	15378	Emergency Guard VI	0.04494382
18	Mk. VIII	Common	15398	Affinity MAX Barrier VI	0.02247191
18	Mk. VIII	Common	567	Saint's Necklace (Common)	0.00561797759
18	Mk. VIII	Common	568	Saint's Necklace (Rare)	0.00561797759
18	Mk. VIII	Common	569	Saint's Necklace (Legendary)	0.00561797759
18	Mk. VIII	Common	465	Augmented Vision Kit (Common)	0.00561797759
18	Mk. VIII	Common	468	Charm Bangle (Common)	0.00561797759
18	Mk. VIII	Common	474	Seven-League Circlet (Common)	0.00561797759
18	Mk. VIII	Common	498	Twin Trunks Vest (Common)	0.00561797759
18	Mk. VIII	Common	507	Vivid Mitts (Common)	0.00561797759
18	Mk. VIII	Common	510	Dauntless Boots (Common)	0.00561797759
18	Mk. VIII	Common	513	Sunlight Choker (Common)	0.00561797759
18	Mk. VIII	Common	525	Staunch Boots (Common)	0.00561797759
18	Mk. VIII	Common	552	Enlightened Loincloth (Common)	0.00561797759
18	Mk. VIII	Common	555	Glamorous Swimsuit (Common)	0.00561797759
18	Mk. VIII	Common	558	Vanish Hood (Common)	0.00561797759
18	Mk. VIII	Common	561	Platinum Nopon Mask (Common)	0.00561797759
18	Mk. VIII	Common	573	Beatific Medal (Common)	0.00561797759
18	Mk. VIII	Common	466	Augmented Vision Kit (Rare)	0.00561797759
18	Mk. VIII	Common	469	Charm Bangle (Rare)	0.00561797759
18	Mk. VIII	Common	475	Seven-League Circlet (Rare)	0.00561797759
18	Mk. VIII	Common	499	Twin Trunks Vest (Rare)	0.00561797759
18	Mk. VIII	Common	508	Vivid Mitts (Rare)	0.00561797759
18	Mk. VIII	Common	511	Dauntless Boots (Rare)	0.00561797759
18	Mk. VIII	Common	514	Sunlight Choker (Rare)	0.00561797759
18	Mk. VIII	Common	526	Staunch Boots (Rare)	0.00561797759
18	Mk. VIII	Common	553	Enlightened Loincloth (Rare)	0.00561797759
18	Mk. VIII	Common	556	Glamorous Swimsuit (Rare)	0.00561797759
18	Mk. VIII	Common	559	Vanish Hood (Rare)	0.00561797759
18	Mk. VIII	Common	562	Platinum Nopon Mask (Rare)	0.00561797759
18	Mk. VIII	Common	574	Beatific Medal (Rare)	0.00561797759
18	Mk. VIII	Common	467	Augmented Vision Kit (Legendary)	0.00561797759
18	Mk. VIII	Common	470	Charm Bangle (Legendary)	0.00561797759
18	Mk. VIII	Common	476	Seven-League Circlet (Legendary)	0.00561797759
18	Mk. VIII	Common	500	Twin Trunks Vest (Legendary)	0.00561797759
18	Mk. VIII	Common	509	Vivid Mitts (Legendary)	0.00561797759
18	Mk. VIII	Common	512	Dauntless Boots (Legendary)	0.00561797759
18	Mk. VIII	Common	515	Sunlight Choker (Legendary)	0.00561797759
18	Mk. VIII	Common	527	Staunch Boots (Legendary)	0.00561797759
18	Mk. VIII	Common	554	Enlightened Loincloth (Legendary)	0.00561797759
18	Mk. VIII	Common	557	Glamorous Swimsuit (Legendary)	0.00561797759
18	Mk. VIII	Common	560	Vanish Hood (Legendary)	0.00561797759
18	Mk. VIII	Common	563	Platinum Nopon Mask (Legendary)	0.00561797759
18	Mk. VIII	Common	575	Beatific Medal (Legendary)	0.00561797759
18	Mk. VIII	Rare	15356	Beast Hunter VI	0.0107816709
18	Mk. VIII	Rare	15357	Insect Hunter VI	0.0107816709
18	Mk. VIII	Rare	15358	Aerial Hunter VI	0.0107816709
18	Mk. VIII	Rare	15359	Aquatic Hunter VI	0.0107816709
18	Mk. VIII	Rare	15360	Humanoid Hunter VI	0.0107816709
18	Mk. VIII	Rare	15361	Machine Hunter VI	0.0107816709
18	Mk. VIII	Rare	15362	Titan Hunter VI	0.0107816709
18	Mk. VIII	Rare	15364	Ambush Boost VI	0.0107816709
18	Mk. VIII	Rare	15366	Indoor Attack Up VI	0.0107816709
18	Mk. VIII	Rare	15367	Outdoor Attack Up VI	0.0107816709
18	Mk. VIII	Rare	15378	Emergency Guard VI	0.0107816709
18	Mk. VIII	Rare	15383	Launch Resist VI	0.0107816709
18	Mk. VIII	Rare	15384	Smash Resist VI	0.0107816709
18	Mk. VIII	Rare	15386	Knockback Resist VI	0.0107816709
18	Mk. VIII	Rare	15394	Night Vision VI	0.0107816709
18	Mk. VIII	Rare	15395	Sunlight Eye VI	0.0107816709
18	Mk. VIII	Rare	15396	Reflect Damage Up VI	0.0107816709
18	Mk. VIII	Rare	15397	Opening Art VI	0.0107816709
18	Mk. VIII	Rare	15401	Specials Lv 1 Plus VI	0.0107816709
18	Mk. VIII	Rare	15402	Specials Lv 2 Plus VI	0.0107816709
18	Mk. VIII	Rare	15403	Specials Lv 3 Plus VI	0.0107816709
18	Mk. VIII	Rare	15404	Specials Lv 4 Plus VI	0.0107816709
18	Mk. VIII	Rare	10004	Silver Chip	0.00539083546
18	Mk. VIII	Rare	10008	Gold Chip	0.00539083546
18	Mk. VIII	Rare	10012	Horn Chip	0.00539083546
18	Mk. VIII	Rare	10016	Forest Chip	0.00539083546
18	Mk. VIII	Rare	10020	Fluorite Chip	0.00539083546
18	Mk. VIII	Rare	10024	Zircon Chip	0.00539083546
18	Mk. VIII	Rare	15352	Critical Up VI	0.0107816709
18	Mk. VIII	Rare	15355	Block Rate Up VI	0.0107816709
18	Mk. VIII	Rare	15363	Fusion Combo Up VI	0.0107816709
18	Mk. VIII	Rare	15366	Indoor Attack Up VI	0.0107816709
18	Mk. VIII	Rare	15367	Outdoor Attack Up VI	0.0107816709
18	Mk. VIII	Rare	15378	Emergency Guard VI	0.0107816709
18	Mk. VIII	Rare	15398	Affinity MAX Barrier VI	0.0107816709
18	Mk. VIII	Rare	567	Saint's Necklace (Common)	0.00269541773
18	Mk. VIII	Rare	568	Saint's Necklace (Rare)	0.00269541773
18	Mk. VIII	Rare	569	Saint's Necklace (Legendary)	0.00269541773
18	Mk. VIII	Rare	465	Augmented Vision Kit (Common)	0.00269541773
18	Mk. VIII	Rare	468	Charm Bangle (Common)	0.00269541773
18	Mk. VIII	Rare	474	Seven-League Circlet (Common)	0.00269541773
18	Mk. VIII	Rare	498	Twin Trunks Vest (Common)	0.00269541773
18	Mk. VIII	Rare	507	Vivid Mitts (Common)	0.00269541773
18	Mk. VIII	Rare	510	Dauntless Boots (Common)	0.00269541773
18	Mk. VIII	Rare	513	Sunlight Choker (Common)	0.00269541773
18	Mk. VIII	Rare	525	Staunch Boots (Common)	0.00269541773
18	Mk. VIII	Rare	552	Enlightened Loincloth (Common)	0.00269541773
18	Mk. VIII	Rare	555	Glamorous Swimsuit (Common)	0.00269541773
18	Mk. VIII	Rare	558	Vanish Hood (Common)	0.00269541773
18	Mk. VIII	Rare	561	Platinum Nopon Mask (Common)	0.00269541773
18	Mk. VIII	Rare	573	Beatific Medal (Common)	0.00269541773
18	Mk. VIII	Rare	466	Augmented Vision Kit (Rare)	0.00269541773
18	Mk. VIII	Rare	469	Charm Bangle (Rare)	0.00269541773
18	Mk. VIII	Rare	475	Seven-League Circlet (Rare)	0.00269541773
18	Mk. VIII	Rare	499	Twin Trunks Vest (Rare)	0.00269541773
18	Mk. VIII	Rare	508	Vivid Mitts (Rare)	0.00269541773
18	Mk. VIII	Rare	511	Dauntless Boots (Rare)	0.00269541773
18	Mk. VIII	Rare	514	Sunlight Choker (Rare)	0.00269541773
18	Mk. VIII	Rare	526	Staunch Boots (Rare)	0.00269541773
18	Mk. VIII	Rare	553	Enlightened Loincloth (Rare)	0.00269541773
18	Mk. VIII	Rare	556	Glamorous Swimsuit (Rare)	0.00269541773
18	Mk. VIII	Rare	559	Vanish Hood (Rare)	0.00269541773
18	Mk. VIII	Rare	562	Platinum Nopon Mask (Rare)	0.00269541773
18	Mk. VIII	Rare	574	Beatific Medal (Rare)	0.00269541773
18	Mk. VIII	Rare	467	Augmented Vision Kit (Legendary)	0.00269541773
18	Mk. VIII	Rare	470	Charm Bangle (Legendary)	0.00269541773
18	Mk. VIII	Rare	476	Seven-League Circlet (Legendary)	0.00269541773
18	Mk. VIII	Rare	500	Twin Trunks Vest (Legendary)	0.00269541773
18	Mk. VIII	Rare	509	Vivid Mitts (Legendary)	0.00269541773
18	Mk. VIII	Rare	512	Dauntless Boots (Legendary)	0.00269541773
18	Mk. VIII	Rare	515	Sunlight Choker (Legendary)	0.00269541773
18	Mk. VIII	Rare	527	Staunch Boots (Legendary)	0.00269541773
18	Mk. VIII	Rare	554	Enlightened Loincloth (Legendary)	0.00269541773
18	Mk. VIII	Rare	557	Glamorous Swimsuit (Legendary)	0.00269541773
18	Mk. VIII	Rare	560	Vanish Hood (Legendary)	0.00269541773
18	Mk. VIII	Rare	563	Platinum Nopon Mask (Legendary)	0.00269541773
18	Mk. VIII	Rare	575	Beatific Medal (Legendary)	0.00269541773
18	Mk. VIII	Rare	15365	Aggro Attack Up VI	0.0215633418
18	Mk. VIII	Rare	15376	Evasion Focus VI	0.0215633418
18	Mk. VIII	Rare	15379	Endurance VI	0.0215633418
18	Mk. VIII	Rare	15382	Topple Resist VI	0.0215633418
18	Mk. VIII	Rare	15385	Blowdown Resist VI	0.0215633418
18	Mk. VIII	Rare	15387	Auto-Attack Stealth VI	0.0215633418
18	Mk. VIII	Rare	15389	Arts Stealth VI	0.0215633418
18	Mk. VIII	Rare	15398	Affinity MAX Barrier VI	0.0215633418
18	Mk. VIII	Rare	15405	Affinity MAX Acc VI	0.0215633418
18	Mk. VIII	Rare	15406	Jamming VI	0.0431266837
18	Mk. VIII	Rare	10028	Shaft Chip	0.0107816709
18	Mk. VIII	Rare	10032	Booster Chip	0.0107816709
18	Mk. VIII	Rare	10036	Hexagon Chip	0.0107816709
18	Mk. VIII	Rare	10040	Spiral Chip	0.0107816709
18	Mk. VIII	Rare	10044	Winonaite Chip	0.0107816709
18	Mk. VIII	Rare	10048	Angrite Chip	0.0107816709
18	Mk. VIII	Rare	15377	Swift Evasion VI	0.0215633418
18	Mk. VIII	Rare	15391	Arts Heal VI	0.0215633418
18	Mk. VIII	Rare	456	Consul Greaves (Common)	0.00539083546
18	Mk. VIII	Rare	489	Abyss Masque (Common)	0.00539083546
18	Mk. VIII	Rare	495	Survivor's Footgear (Common)	0.00539083546
18	Mk. VIII	Rare	501	Beast-Hide Vest (Common)	0.00539083546
18	Mk. VIII	Rare	504	Prairie Cap (Common)	0.00539083546
18	Mk. VIII	Rare	519	Crimson Headband (Common)	0.00539083546
18	Mk. VIII	Rare	531	Consul Pauldrons (Common)	0.00539083546
18	Mk. VIII	Rare	534	Divine Vambraces (Common)	0.00539083546
18	Mk. VIII	Rare	540	Tachyon Scarf (Common)	0.00539083546
18	Mk. VIII	Rare	576	Carbon Gauntlet (Common)	0.00539083546
18	Mk. VIII	Rare	457	Consul Greaves (Rare)	0.00539083546
18	Mk. VIII	Rare	490	Abyss Masque (Rare)	0.00539083546
18	Mk. VIII	Rare	496	Survivor's Footgear (Rare)	0.00539083546
18	Mk. VIII	Rare	502	Beast-Hide Vest (Rare)	0.00539083546
18	Mk. VIII	Rare	505	Prairie Cap (Rare)	0.00539083546
18	Mk. VIII	Rare	520	Crimson Headband (Rare)	0.00539083546
18	Mk. VIII	Rare	532	Consul Pauldrons (Rare)	0.00539083546
18	Mk. VIII	Rare	535	Divine Vambraces (Rare)	0.00539083546
18	Mk. VIII	Rare	541	Tachyon Scarf (Rare)	0.00539083546
18	Mk. VIII	Rare	577	Carbon Gauntlet (Rare)	0.00539083546
18	Mk. VIII	Rare	458	Consul Greaves (Legendary)	0.00539083546
18	Mk. VIII	Rare	491	Abyss Masque (Legendary)	0.00539083546
18	Mk. VIII	Rare	497	Survivor's Footgear (Legendary)	0.00539083546
18	Mk. VIII	Rare	503	Beast-Hide Vest (Legendary)	0.00539083546
18	Mk. VIII	Rare	506	Prairie Cap (Legendary)	0.00539083546
18	Mk. VIII	Rare	521	Crimson Headband (Legendary)	0.00539083546
18	Mk. VIII	Rare	533	Consul Pauldrons (Legendary)	0.00539083546
18	Mk. VIII	Rare	536	Divine Vambraces (Legendary)	0.00539083546
18	Mk. VIII	Rare	542	Tachyon Scarf (Legendary)	0.00539083546
18	Mk. VIII	Rare	578	Carbon Gauntlet (Legendary)	0.00539083546
18	Mk. VIII	Rare	471	Belemnite Bangle (Common)	0.00269541773
18	Mk. VIII	Rare	477	Fighter's Circlet (Common)	0.00539083546
18	Mk. VIII	Rare	522	Black Cube (Common)	0.00269541773
18	Mk. VIII	Rare	543	Rainbow Belt (Common)	0.00269541773
18	Mk. VIII	Rare	472	Belemnite Bangle (Rare)	0.00269541773
18	Mk. VIII	Rare	478	Fighter's Circlet (Rare)	0.00269541773
18	Mk. VIII	Rare	523	Black Cube (Rare)	0.00269541773
18	Mk. VIII	Rare	544	Rainbow Belt (Rare)	0.00269541773
18	Mk. VIII	Rare	473	Belemnite Bangle (Legendary)	0.00269541773
18	Mk. VIII	Rare	479	Fighter's Circlet (Legendary)	0.00269541773
18	Mk. VIII	Rare	524	Black Cube (Legendary)	0.00269541773
18	Mk. VIII	Rare	545	Rainbow Belt (Legendary)	0.00269541773
18	Mk. VIII	Legendary	15365	Aggro Attack Up VI	0.0283687934
18	Mk. VIII	Legendary	15376	Evasion Focus VI	0.0283687934
18	Mk. VIII	Legendary	15379	Endurance VI	0.0283687934
18	Mk. VIII	Legendary	15382	Topple Resist VI	0.0283687934
18	Mk. VIII	Legendary	15385	Blowdown Resist VI	0.0283687934
18	Mk. VIII	Legendary	15387	Auto-Attack Stealth VI	0.0283687934
18	Mk. VIII	Legendary	15389	Arts Stealth VI	0.0283687934
18	Mk. VIII	Legendary	15398	Affinity MAX Barrier VI	0.0283687934
18	Mk. VIII	Legendary	15405	Affinity MAX Acc VI	0.0283687934
18	Mk. VIII	Legendary	15406	Jamming VI	0.0283687934
18	Mk. VIII	Legendary	10028	Shaft Chip	0.0141843967
18	Mk. VIII	Legendary	10032	Booster Chip	0.0141843967
18	Mk. VIII	Legendary	10036	Hexagon Chip	0.0141843967
18	Mk. VIII	Legendary	10040	Spiral Chip	0.0141843967
18	Mk. VIII	Legendary	10044	Winonaite Chip	0.0141843967
18	Mk. VIII	Legendary	10048	Angrite Chip	0.0141843967
18	Mk. VIII	Legendary	15377	Swift Evasion VI	0.0283687934
18	Mk. VIII	Legendary	15391	Arts Heal VI	0.0283687934
18	Mk. VIII	Legendary	456	Consul Greaves (Common)	0.00709219836
18	Mk. VIII	Legendary	489	Abyss Masque (Common)	0.00709219836
18	Mk. VIII	Legendary	495	Survivor's Footgear (Common)	0.00709219836
18	Mk. VIII	Legendary	501	Beast-Hide Vest (Common)	0.00709219836
18	Mk. VIII	Legendary	504	Prairie Cap (Common)	0.00709219836
18	Mk. VIII	Legendary	519	Crimson Headband (Common)	0.00709219836
18	Mk. VIII	Legendary	531	Consul Pauldrons (Common)	0.00709219836
18	Mk. VIII	Legendary	534	Divine Vambraces (Common)	0.00709219836
18	Mk. VIII	Legendary	540	Tachyon Scarf (Common)	0.00709219836
18	Mk. VIII	Legendary	576	Carbon Gauntlet (Common)	0.00709219836
18	Mk. VIII	Legendary	457	Consul Greaves (Rare)	0.00709219836
18	Mk. VIII	Legendary	490	Abyss Masque (Rare)	0.00709219836
18	Mk. VIII	Legendary	496	Survivor's Footgear (Rare)	0.00709219836
18	Mk. VIII	Legendary	502	Beast-Hide Vest (Rare)	0.00709219836
18	Mk. VIII	Legendary	505	Prairie Cap (Rare)	0.00709219836
18	Mk. VIII	Legendary	520	Crimson Headband (Rare)	0.00709219836
18	Mk. VIII	Legendary	532	Consul Pauldrons (Rare)	0.00709219836
18	Mk. VIII	Legendary	535	Divine Vambraces (Rare)	0.00709219836
18	Mk. VIII	Legendary	541	Tachyon Scarf (Rare)	0.00709219836
18	Mk. VIII	Legendary	577	Carbon Gauntlet (Rare)	0.00709219836
18	Mk. VIII	Legendary	458	Consul Greaves (Legendary)	0.00709219836
18	Mk. VIII	Legendary	491	Abyss Masque (Legendary)	0.00709219836
18	Mk. VIII	Legendary	497	Survivor's Footgear (Legendary)	0.00709219836
18	Mk. VIII	Legendary	503	Beast-Hide Vest (Legendary)	0.00709219836
18	Mk. VIII	Legendary	506	Prairie Cap (Legendary)	0.00709219836
18	Mk. VIII	Legendary	521	Crimson Headband (Legendary)	0.00709219836
18	Mk. VIII	Legendary	533	Consul Pauldrons (Legendary)	0.00709219836
18	Mk. VIII	Legendary	536	Divine Vambraces (Legendary)	0.00709219836
18	Mk. VIII	Legendary	542	Tachyon Scarf (Legendary)	0.00709219836
18	Mk. VIII	Legendary	578	Carbon Gauntlet (Legendary)	0.00709219836
18	Mk. VIII	Legendary	471	Belemnite Bangle (Common)	0.00354609918
18	Mk. VIII	Legendary	477	Fighter's Circlet (Common)	0.00354609918
18	Mk. VIII	Legendary	522	Black Cube (Common)	0.00354609918
18	Mk. VIII	Legendary	543	Rainbow Belt (Common)	0.00354609918
18	Mk. VIII	Legendary	472	Belemnite Bangle (Rare)	0.00354609918
18	Mk. VIII	Legendary	478	Fighter's Circlet (Rare)	0.00354609918
18	Mk. VIII	Legendary	523	Black Cube (Rare)	0.00354609918
18	Mk. VIII	Legendary	544	Rainbow Belt (Rare)	0.00354609918
18	Mk. VIII	Legendary	473	Belemnite Bangle (Legendary)	0.00354609918
18	Mk. VIII	Legendary	479	Fighter's Circlet (Legendary)	0.00354609918
18	Mk. VIII	Legendary	524	Black Cube (Legendary)	0.00354609918
18	Mk. VIII	Legendary	545	Rainbow Belt (Legendary)	0.00354609918
18	Mk. VIII	Legendary	15353	Physical Defense Up VI	0.0141843967
18	Mk. VIII	Legendary	15354	Ether Defense Up VI	0.0141843967
18	Mk. VIII	Legendary	15061	Blade Combo Boost VI	0.0141843967
18	Mk. VIII	Legendary	15132	Ultimate Shield	0.0141843967
18	Mk. VIII	Legendary	15380	HP Attack Boost VI	0.0141843967
18	Mk. VIII	Legendary	15381	Break Resist VI	0.0141843967
18	Mk. VIII	Legendary	15388	Aggro Boost VI	0.0141843967
18	Mk. VIII	Legendary	15390	Arts Aggro Boost VI	0.0141843967
18	Mk. VIII	Legendary	15393	Damage Heal VI	0.0141843967
18	Mk. VIII	Legendary	15319	Fast Blade Switch VI	0.0141843967
18	Mk. VIII	Legendary	10052	Shining Star Chip	0.00709219836
18	Mk. VIII	Legendary	10053	Moon Matter Chip	0.00709219836
18	Mk. VIII	Legendary	10054	Sunlight Chip	0.00709219836
18	Mk. VIII	Legendary	10058	Dilaton Chip	0.00709219836
18	Mk. VIII	Legendary	10059	Preon Chip	0.00709219836
18	Mk. VIII	Legendary	10060	Tachyon Chip	0.00709219836
18	Mk. VIII	Legendary	15392	Movement Heal VI	0.0141843967
18	Mk. VIII	Legendary	15393	Damage Heal VI	0.0141843967
18	Mk. VIII	Legendary	15399	Affinity MAX Atk VI	0.0141843967
18	Mk. VIII	Legendary	15400	Affinity MAX Evade VI	0.0141843967
18	Mk. VIII	Legendary	459	Infinity Greaves (Common)	0.00354609918
18	Mk. VIII	Legendary	480	Ocean Earring (Common)	0.00354609918
18	Mk. VIII	Legendary	483	Seven-Seas Earring (Common)	0.00354609918
18	Mk. VIII	Legendary	516	Alexandrite (Common)	0.00354609918
18	Mk. VIII	Legendary	546	Goliath Ring (Common)	0.00354609918
18	Mk. VIII	Legendary	582	Master Scope (Common)	0.00354609918
18	Mk. VIII	Legendary	460	Infinity Greaves (Rare)	0.00354609918
18	Mk. VIII	Legendary	481	Ocean Earring (Rare)	0.00354609918
18	Mk. VIII	Legendary	484	Seven-Seas Earring (Rare)	0.00354609918
18	Mk. VIII	Legendary	517	Alexandrite (Rare)	0.00354609918
18	Mk. VIII	Legendary	547	Goliath Ring (Rare)	0.00354609918
18	Mk. VIII	Legendary	583	Master Scope (Rare)	0.00354609918
18	Mk. VIII	Legendary	461	Infinity Greaves (Legendary)	0.00354609918
18	Mk. VIII	Legendary	482	Ocean Earring (Legendary)	0.00354609918
18	Mk. VIII	Legendary	485	Seven-Seas Earring (Legendary)	0.00354609918
18	Mk. VIII	Legendary	518	Alexandrite (Legendary)	0.00354609918
18	Mk. VIII	Legendary	548	Goliath Ring (Legendary)	0.00354609918
18	Mk. VIII	Legendary	584	Master Scope (Legendary)	0.00354609918
18	Mk. VIII	Legendary	25407	Ultimate Weaponry	0.0141843967
19	Fiercest Faction	Common	15356	Beast Hunter VI	0.004784689
19	Fiercest Faction	Common	15357	Insect Hunter VI	0.004784689
19	Fiercest Faction	Common	15358	Aerial Hunter VI	0.004784689
19	Fiercest Faction	Common	15359	Aquatic Hunter VI	0.004784689
19	Fiercest Faction	Common	15360	Humanoid Hunter VI	0.004784689
19	Fiercest Faction	Common	15361	Machine Hunter VI	0.004784689
19	Fiercest Faction	Common	15362	Titan Hunter VI	0.004784689
19	Fiercest Faction	Common	15364	Ambush Boost VI	0.004784689
19	Fiercest Faction	Common	15366	Indoor Attack Up VI	0.004784689
19	Fiercest Faction	Common	15367	Outdoor Attack Up VI	0.004784689
19	Fiercest Faction	Common	15378	Emergency Guard VI	0.004784689
19	Fiercest Faction	Common	15383	Launch Resist VI	0.004784689
19	Fiercest Faction	Common	15384	Smash Resist VI	0.004784689
19	Fiercest Faction	Common	15386	Knockback Resist VI	0.004784689
19	Fiercest Faction	Common	15394	Night Vision VI	0.004784689
19	Fiercest Faction	Common	15395	Sunlight Eye VI	0.004784689
19	Fiercest Faction	Common	15396	Reflect Damage Up VI	0.004784689
19	Fiercest Faction	Common	15397	Opening Art VI	0.004784689
19	Fiercest Faction	Common	15401	Specials Lv 1 Plus VI	0.004784689
19	Fiercest Faction	Common	15402	Specials Lv 2 Plus VI	0.004784689
19	Fiercest Faction	Common	15403	Specials Lv 3 Plus VI	0.004784689
19	Fiercest Faction	Common	15404	Specials Lv 4 Plus VI	0.004784689
19	Fiercest Faction	Common	10004	Silver Chip	0.009569378
19	Fiercest Faction	Common	10008	Gold Chip	0.009569378
19	Fiercest Faction	Common	10012	Horn Chip	0.009569378
19	Fiercest Faction	Common	10016	Forest Chip	0.009569378
19	Fiercest Faction	Common	10020	Fluorite Chip	0.009569378
19	Fiercest Faction	Common	10024	Zircon Chip	0.009569378
19	Fiercest Faction	Common	15352	Critical Up VI	0.004784689
19	Fiercest Faction	Common	15355	Block Rate Up VI	0.004784689
19	Fiercest Faction	Common	15363	Fusion Combo Up VI	0.004784689
19	Fiercest Faction	Common	15366	Indoor Attack Up VI	0.004784689
19	Fiercest Faction	Common	15367	Outdoor Attack Up VI	0.004784689
19	Fiercest Faction	Common	15378	Emergency Guard VI	0.004784689
19	Fiercest Faction	Common	15398	Affinity MAX Barrier VI	0.004784689
19	Fiercest Faction	Common	567	Saint's Necklace (Common)	0.0191387553
19	Fiercest Faction	Common	568	Saint's Necklace (Rare)	0.0191387553
19	Fiercest Faction	Common	569	Saint's Necklace (Legendary)	0.0191387553
19	Fiercest Faction	Common	465	Augmented Vision Kit (Common)	0.0191387553
19	Fiercest Faction	Common	468	Charm Bangle (Common)	0.0191387553
19	Fiercest Faction	Common	474	Seven-League Circlet (Common)	0.0191387553
19	Fiercest Faction	Common	498	Twin Trunks Vest (Common)	0.0191387553
19	Fiercest Faction	Common	507	Vivid Mitts (Common)	0.0191387553
19	Fiercest Faction	Common	510	Dauntless Boots (Common)	0.0191387553
19	Fiercest Faction	Common	513	Sunlight Choker (Common)	0.0191387553
19	Fiercest Faction	Common	525	Staunch Boots (Common)	0.0191387553
19	Fiercest Faction	Common	552	Enlightened Loincloth (Common)	0.0191387553
19	Fiercest Faction	Common	555	Glamorous Swimsuit (Common)	0.0191387553
19	Fiercest Faction	Common	558	Vanish Hood (Common)	0.0191387553
19	Fiercest Faction	Common	561	Platinum Nopon Mask (Common)	0.0191387553
19	Fiercest Faction	Common	573	Beatific Medal (Common)	0.0191387553
19	Fiercest Faction	Common	466	Augmented Vision Kit (Rare)	0.0191387553
19	Fiercest Faction	Common	469	Charm Bangle (Rare)	0.0191387553
19	Fiercest Faction	Common	475	Seven-League Circlet (Rare)	0.0191387553
19	Fiercest Faction	Common	499	Twin Trunks Vest (Rare)	0.0191387553
19	Fiercest Faction	Common	508	Vivid Mitts (Rare)	0.0191387553
19	Fiercest Faction	Common	511	Dauntless Boots (Rare)	0.0191387553
19	Fiercest Faction	Common	514	Sunlight Choker (Rare)	0.0191387553
19	Fiercest Faction	Common	526	Staunch Boots (Rare)	0.0191387553
19	Fiercest Faction	Common	553	Enlightened Loincloth (Rare)	0.0191387553
19	Fiercest Faction	Common	556	Glamorous Swimsuit (Rare)	0.0191387553
19	Fiercest Faction	Common	559	Vanish Hood (Rare)	0.0191387553
19	Fiercest Faction	Common	562	Platinum Nopon Mask (Rare)	0.0191387553
19	Fiercest Faction	Common	574	Beatific Medal (Rare)	0.0191387553
19	Fiercest Faction	Common	467	Augmented Vision Kit (Legendary)	0.0191387553
19	Fiercest Faction	Common	470	Charm Bangle (Legendary)	0.0191387553
19	Fiercest Faction	Common	476	Seven-League Circlet (Legendary)	0.0191387553
19	Fiercest Faction	Common	500	Twin Trunks Vest (Legendary)	0.0191387553
19	Fiercest Faction	Common	509	Vivid Mitts (Legendary)	0.0191387553
19	Fiercest Faction	Common	512	Dauntless Boots (Legendary)	0.0191387553
19	Fiercest Faction	Common	515	Sunlight Choker (Legendary)	0.0191387553
19	Fiercest Faction	Common	527	Staunch Boots (Legendary)	0.0191387553
19	Fiercest Faction	Common	554	Enlightened Loincloth (Legendary)	0.0191387553
19	Fiercest Faction	Common	557	Glamorous Swimsuit (Legendary)	0.0191387553
19	Fiercest Faction	Common	560	Vanish Hood (Legendary)	0.0191387553
19	Fiercest Faction	Common	563	Platinum Nopon Mask (Legendary)	0.0191387553
19	Fiercest Faction	Common	575	Beatific Medal (Legendary)	0.0191387553
19	Fiercest Faction	Rare	15356	Beast Hunter VI	0.00182815362
19	Fiercest Faction	Rare	15357	Insect Hunter VI	0.00182815362
19	Fiercest Faction	Rare	15358	Aerial Hunter VI	0.00182815362
19	Fiercest Faction	Rare	15359	Aquatic Hunter VI	0.00182815362
19	Fiercest Faction	Rare	15360	Humanoid Hunter VI	0.00182815362
19	Fiercest Faction	Rare	15361	Machine Hunter VI	0.00182815362
19	Fiercest Faction	Rare	15362	Titan Hunter VI	0.00182815362
19	Fiercest Faction	Rare	15364	Ambush Boost VI	0.00182815362
19	Fiercest Faction	Rare	15366	Indoor Attack Up VI	0.00182815362
19	Fiercest Faction	Rare	15367	Outdoor Attack Up VI	0.00182815362
19	Fiercest Faction	Rare	15378	Emergency Guard VI	0.00182815362
19	Fiercest Faction	Rare	15383	Launch Resist VI	0.00182815362
19	Fiercest Faction	Rare	15384	Smash Resist VI	0.00182815362
19	Fiercest Faction	Rare	15386	Knockback Resist VI	0.00182815362
19	Fiercest Faction	Rare	15394	Night Vision VI	0.00182815362
19	Fiercest Faction	Rare	15395	Sunlight Eye VI	0.00182815362
19	Fiercest Faction	Rare	15396	Reflect Damage Up VI	0.00182815362
19	Fiercest Faction	Rare	15397	Opening Art VI	0.00182815362
19	Fiercest Faction	Rare	15401	Specials Lv 1 Plus VI	0.00182815362
19	Fiercest Faction	Rare	15402	Specials Lv 2 Plus VI	0.00182815362
19	Fiercest Faction	Rare	15403	Specials Lv 3 Plus VI	0.00182815362
19	Fiercest Faction	Rare	15404	Specials Lv 4 Plus VI	0.00182815362
19	Fiercest Faction	Rare	10004	Silver Chip	0.00365630724
19	Fiercest Faction	Rare	10008	Gold Chip	0.00365630724
19	Fiercest Faction	Rare	10012	Horn Chip	0.00365630724
19	Fiercest Faction	Rare	10016	Forest Chip	0.00365630724
19	Fiercest Faction	Rare	10020	Fluorite Chip	0.00365630724
19	Fiercest Faction	Rare	10024	Zircon Chip	0.00365630724
19	Fiercest Faction	Rare	15352	Critical Up VI	0.00182815362
19	Fiercest Faction	Rare	15355	Block Rate Up VI	0.00182815362
19	Fiercest Faction	Rare	15363	Fusion Combo Up VI	0.00182815362
19	Fiercest Faction	Rare	15366	Indoor Attack Up VI	0.00182815362
19	Fiercest Faction	Rare	15367	Outdoor Attack Up VI	0.00182815362
19	Fiercest Faction	Rare	15378	Emergency Guard VI	0.00182815362
19	Fiercest Faction	Rare	15398	Affinity MAX Barrier VI	0.00182815362
19	Fiercest Faction	Rare	567	Saint's Necklace (Common)	0.00731261447
19	Fiercest Faction	Rare	568	Saint's Necklace (Rare)	0.00731261447
19	Fiercest Faction	Rare	569	Saint's Necklace (Legendary)	0.00731261447
19	Fiercest Faction	Rare	465	Augmented Vision Kit (Common)	0.00731261447
19	Fiercest Faction	Rare	468	Charm Bangle (Common)	0.00731261447
19	Fiercest Faction	Rare	474	Seven-League Circlet (Common)	0.00731261447
19	Fiercest Faction	Rare	498	Twin Trunks Vest (Common)	0.00731261447
19	Fiercest Faction	Rare	507	Vivid Mitts (Common)	0.00731261447
19	Fiercest Faction	Rare	510	Dauntless Boots (Common)	0.00731261447
19	Fiercest Faction	Rare	513	Sunlight Choker (Common)	0.00731261447
19	Fiercest Faction	Rare	525	Staunch Boots (Common)	0.00731261447
19	Fiercest Faction	Rare	552	Enlightened Loincloth (Common)	0.00731261447
19	Fiercest Faction	Rare	555	Glamorous Swimsuit (Common)	0.00731261447
19	Fiercest Faction	Rare	558	Vanish Hood (Common)	0.00731261447
19	Fiercest Faction	Rare	561	Platinum Nopon Mask (Common)	0.00731261447
19	Fiercest Faction	Rare	573	Beatific Medal (Common)	0.00731261447
19	Fiercest Faction	Rare	466	Augmented Vision Kit (Rare)	0.00731261447
19	Fiercest Faction	Rare	469	Charm Bangle (Rare)	0.00731261447
19	Fiercest Faction	Rare	475	Seven-League Circlet (Rare)	0.00731261447
19	Fiercest Faction	Rare	499	Twin Trunks Vest (Rare)	0.00731261447
19	Fiercest Faction	Rare	508	Vivid Mitts (Rare)	0.00731261447
19	Fiercest Faction	Rare	511	Dauntless Boots (Rare)	0.00731261447
19	Fiercest Faction	Rare	514	Sunlight Choker (Rare)	0.00731261447
19	Fiercest Faction	Rare	526	Staunch Boots (Rare)	0.00731261447
19	Fiercest Faction	Rare	553	Enlightened Loincloth (Rare)	0.00731261447
19	Fiercest Faction	Rare	556	Glamorous Swimsuit (Rare)	0.00731261447
19	Fiercest Faction	Rare	559	Vanish Hood (Rare)	0.00731261447
19	Fiercest Faction	Rare	562	Platinum Nopon Mask (Rare)	0.00731261447
19	Fiercest Faction	Rare	574	Beatific Medal (Rare)	0.00731261447
19	Fiercest Faction	Rare	467	Augmented Vision Kit (Legendary)	0.00731261447
19	Fiercest Faction	Rare	470	Charm Bangle (Legendary)	0.00731261447
19	Fiercest Faction	Rare	476	Seven-League Circlet (Legendary)	0.00731261447
19	Fiercest Faction	Rare	500	Twin Trunks Vest (Legendary)	0.00731261447
19	Fiercest Faction	Rare	509	Vivid Mitts (Legendary)	0.00731261447
19	Fiercest Faction	Rare	512	Dauntless Boots (Legendary)	0.00731261447
19	Fiercest Faction	Rare	515	Sunlight Choker (Legendary)	0.00731261447
19	Fiercest Faction	Rare	527	Staunch Boots (Legendary)	0.00731261447
19	Fiercest Faction	Rare	554	Enlightened Loincloth (Legendary)	0.00731261447
19	Fiercest Faction	Rare	557	Glamorous Swimsuit (Legendary)	0.00731261447
19	Fiercest Faction	Rare	560	Vanish Hood (Legendary)	0.00731261447
19	Fiercest Faction	Rare	563	Platinum Nopon Mask (Legendary)	0.00731261447
19	Fiercest Faction	Rare	575	Beatific Medal (Legendary)	0.00731261447
19	Fiercest Faction	Rare	15365	Aggro Attack Up VI	0.00365630724
19	Fiercest Faction	Rare	15376	Evasion Focus VI	0.00365630724
19	Fiercest Faction	Rare	15379	Endurance VI	0.00365630724
19	Fiercest Faction	Rare	15382	Topple Resist VI	0.00365630724
19	Fiercest Faction	Rare	15385	Blowdown Resist VI	0.00365630724
19	Fiercest Faction	Rare	15387	Auto-Attack Stealth VI	0.00365630724
19	Fiercest Faction	Rare	15389	Arts Stealth VI	0.00365630724
19	Fiercest Faction	Rare	15398	Affinity MAX Barrier VI	0.00365630724
19	Fiercest Faction	Rare	15405	Affinity MAX Acc VI	0.00365630724
19	Fiercest Faction	Rare	15406	Jamming VI	0.00365630724
19	Fiercest Faction	Rare	10028	Shaft Chip	0.00731261447
19	Fiercest Faction	Rare	10032	Booster Chip	0.00731261447
19	Fiercest Faction	Rare	10036	Hexagon Chip	0.00731261447
19	Fiercest Faction	Rare	10040	Spiral Chip	0.00731261447
19	Fiercest Faction	Rare	10044	Winonaite Chip	0.00731261447
19	Fiercest Faction	Rare	10048	Angrite Chip	0.00731261447
19	Fiercest Faction	Rare	15377	Swift Evasion VI	0.00365630724
19	Fiercest Faction	Rare	15391	Arts Heal VI	0.00731261447
19	Fiercest Faction	Rare	456	Consul Greaves (Common)	0.0146252289
19	Fiercest Faction	Rare	489	Abyss Masque (Common)	0.0146252289
19	Fiercest Faction	Rare	495	Survivor's Footgear (Common)	0.0146252289
19	Fiercest Faction	Rare	501	Beast-Hide Vest (Common)	0.0146252289
19	Fiercest Faction	Rare	504	Prairie Cap (Common)	0.0146252289
19	Fiercest Faction	Rare	519	Crimson Headband (Common)	0.0146252289
19	Fiercest Faction	Rare	531	Consul Pauldrons (Common)	0.0146252289
19	Fiercest Faction	Rare	534	Divine Vambraces (Common)	0.0146252289
19	Fiercest Faction	Rare	540	Tachyon Scarf (Common)	0.0146252289
19	Fiercest Faction	Rare	576	Carbon Gauntlet (Common)	0.0146252289
19	Fiercest Faction	Rare	457	Consul Greaves (Rare)	0.0146252289
19	Fiercest Faction	Rare	490	Abyss Masque (Rare)	0.0146252289
19	Fiercest Faction	Rare	496	Survivor's Footgear (Rare)	0.0146252289
19	Fiercest Faction	Rare	502	Beast-Hide Vest (Rare)	0.0146252289
19	Fiercest Faction	Rare	505	Prairie Cap (Rare)	0.0146252289
19	Fiercest Faction	Rare	520	Crimson Headband (Rare)	0.0146252289
19	Fiercest Faction	Rare	532	Consul Pauldrons (Rare)	0.0146252289
19	Fiercest Faction	Rare	535	Divine Vambraces (Rare)	0.0146252289
19	Fiercest Faction	Rare	541	Tachyon Scarf (Rare)	0.0146252289
19	Fiercest Faction	Rare	577	Carbon Gauntlet (Rare)	0.0146252289
19	Fiercest Faction	Rare	458	Consul Greaves (Legendary)	0.0146252289
19	Fiercest Faction	Rare	491	Abyss Masque (Legendary)	0.0146252289
19	Fiercest Faction	Rare	497	Survivor's Footgear (Legendary)	0.0146252289
19	Fiercest Faction	Rare	503	Beast-Hide Vest (Legendary)	0.0146252289
19	Fiercest Faction	Rare	506	Prairie Cap (Legendary)	0.0146252289
19	Fiercest Faction	Rare	521	Crimson Headband (Legendary)	0.0146252289
19	Fiercest Faction	Rare	533	Consul Pauldrons (Legendary)	0.0146252289
19	Fiercest Faction	Rare	536	Divine Vambraces (Legendary)	0.0146252289
19	Fiercest Faction	Rare	542	Tachyon Scarf (Legendary)	0.0146252289
19	Fiercest Faction	Rare	578	Carbon Gauntlet (Legendary)	0.0146252289
19	Fiercest Faction	Rare	471	Belemnite Bangle (Common)	0.00731261447
19	Fiercest Faction	Rare	477	Fighter's Circlet (Common)	0.00731261447
19	Fiercest Faction	Rare	522	Black Cube (Common)	0.00731261447
19	Fiercest Faction	Rare	543	Rainbow Belt (Common)	0.00731261447
19	Fiercest Faction	Rare	472	Belemnite Bangle (Rare)	0.00731261447
19	Fiercest Faction	Rare	478	Fighter's Circlet (Rare)	0.00731261447
19	Fiercest Faction	Rare	523	Black Cube (Rare)	0.00731261447
19	Fiercest Faction	Rare	544	Rainbow Belt (Rare)	0.00731261447
19	Fiercest Faction	Rare	473	Belemnite Bangle (Legendary)	0.00731261447
19	Fiercest Faction	Rare	479	Fighter's Circlet (Legendary)	0.00731261447
19	Fiercest Faction	Rare	524	Black Cube (Legendary)	0.00731261447
19	Fiercest Faction	Rare	545	Rainbow Belt (Legendary)	0.00731261447
19	Fiercest Faction	Legendary	15365	Aggro Attack Up VI	0.004514673
19	Fiercest Faction	Legendary	15376	Evasion Focus VI	0.004514673
19	Fiercest Faction	Legendary	15379	Endurance VI	0.004514673
19	Fiercest Faction	Legendary	15382	Topple Resist VI	0.004514673
19	Fiercest Faction	Legendary	15385	Blowdown Resist VI	0.004514673
19	Fiercest Faction	Legendary	15387	Auto-Attack Stealth VI	0.004514673
19	Fiercest Faction	Legendary	15389	Arts Stealth VI	0.004514673
19	Fiercest Faction	Legendary	15398	Affinity MAX Barrier VI	0.004514673
19	Fiercest Faction	Legendary	15405	Affinity MAX Acc VI	0.004514673
19	Fiercest Faction	Legendary	15406	Jamming VI	0.004514673
19	Fiercest Faction	Legendary	10028	Shaft Chip	0.009029346
19	Fiercest Faction	Legendary	10032	Booster Chip	0.009029346
19	Fiercest Faction	Legendary	10036	Hexagon Chip	0.009029346
19	Fiercest Faction	Legendary	10040	Spiral Chip	0.009029346
19	Fiercest Faction	Legendary	10044	Winonaite Chip	0.009029346
19	Fiercest Faction	Legendary	10048	Angrite Chip	0.009029346
19	Fiercest Faction	Legendary	15377	Swift Evasion VI	0.004514673
19	Fiercest Faction	Legendary	15391	Arts Heal VI	0.004514673
19	Fiercest Faction	Legendary	456	Consul Greaves (Common)	0.0180586912
19	Fiercest Faction	Legendary	489	Abyss Masque (Common)	0.0180586912
19	Fiercest Faction	Legendary	495	Survivor's Footgear (Common)	0.0180586912
19	Fiercest Faction	Legendary	501	Beast-Hide Vest (Common)	0.0180586912
19	Fiercest Faction	Legendary	504	Prairie Cap (Common)	0.0180586912
19	Fiercest Faction	Legendary	519	Crimson Headband (Common)	0.0180586912
19	Fiercest Faction	Legendary	531	Consul Pauldrons (Common)	0.0180586912
19	Fiercest Faction	Legendary	534	Divine Vambraces (Common)	0.0180586912
19	Fiercest Faction	Legendary	540	Tachyon Scarf (Common)	0.0180586912
19	Fiercest Faction	Legendary	576	Carbon Gauntlet (Common)	0.0180586912
19	Fiercest Faction	Legendary	457	Consul Greaves (Rare)	0.0180586912
19	Fiercest Faction	Legendary	490	Abyss Masque (Rare)	0.0180586912
19	Fiercest Faction	Legendary	496	Survivor's Footgear (Rare)	0.0180586912
19	Fiercest Faction	Legendary	502	Beast-Hide Vest (Rare)	0.0180586912
19	Fiercest Faction	Legendary	505	Prairie Cap (Rare)	0.0180586912
19	Fiercest Faction	Legendary	520	Crimson Headband (Rare)	0.0180586912
19	Fiercest Faction	Legendary	532	Consul Pauldrons (Rare)	0.0180586912
19	Fiercest Faction	Legendary	535	Divine Vambraces (Rare)	0.0180586912
19	Fiercest Faction	Legendary	541	Tachyon Scarf (Rare)	0.0180586912
19	Fiercest Faction	Legendary	577	Carbon Gauntlet (Rare)	0.0180586912
19	Fiercest Faction	Legendary	458	Consul Greaves (Legendary)	0.0180586912
19	Fiercest Faction	Legendary	491	Abyss Masque (Legendary)	0.0180586912
19	Fiercest Faction	Legendary	497	Survivor's Footgear (Legendary)	0.0180586912
19	Fiercest Faction	Legendary	503	Beast-Hide Vest (Legendary)	0.0180586912
19	Fiercest Faction	Legendary	506	Prairie Cap (Legendary)	0.0180586912
19	Fiercest Faction	Legendary	521	Crimson Headband (Legendary)	0.0180586912
19	Fiercest Faction	Legendary	533	Consul Pauldrons (Legendary)	0.0180586912
19	Fiercest Faction	Legendary	536	Divine Vambraces (Legendary)	0.0180586912
19	Fiercest Faction	Legendary	542	Tachyon Scarf (Legendary)	0.0180586912
19	Fiercest Faction	Legendary	578	Carbon Gauntlet (Legendary)	0.0180586912
19	Fiercest Faction	Legendary	471	Belemnite Bangle (Common)	0.009029346
19	Fiercest Faction	Legendary	477	Fighter's Circlet (Common)	0.009029346
19	Fiercest Faction	Legendary	522	Black Cube (Common)	0.009029346
19	Fiercest Faction	Legendary	543	Rainbow Belt (Common)	0.009029346
19	Fiercest Faction	Legendary	472	Belemnite Bangle (Rare)	0.009029346
19	Fiercest Faction	Legendary	478	Fighter's Circlet (Rare)	0.009029346
19	Fiercest Faction	Legendary	523	Black Cube (Rare)	0.009029346
19	Fiercest Faction	Legendary	544	Rainbow Belt (Rare)	0.009029346
19	Fiercest Faction	Legendary	473	Belemnite Bangle (Legendary)	0.009029346
19	Fiercest Faction	Legendary	479	Fighter's Circlet (Legendary)	0.009029346
19	Fiercest Faction	Legendary	524	Black Cube (Legendary)	0.009029346
19	Fiercest Faction	Legendary	545	Rainbow Belt (Legendary)	0.009029346
19	Fiercest Faction	Legendary	15353	Physical Defense Up VI	0.0022573364
19	Fiercest Faction	Legendary	15354	Ether Defense Up VI	0.0022573364
19	Fiercest Faction	Legendary	15061	Blade Combo Boost VI	0.0022573364
19	Fiercest Faction	Legendary	15132	Ultimate Shield	0.0022573364
19	Fiercest Faction	Legendary	15380	HP Attack Boost VI	0.0022573364
19	Fiercest Faction	Legendary	15381	Break Resist VI	0.0022573364
19	Fiercest Faction	Legendary	15388	Aggro Boost VI	0.0022573364
19	Fiercest Faction	Legendary	15390	Arts Aggro Boost VI	0.0022573364
19	Fiercest Faction	Legendary	15393	Damage Heal VI	0.0022573364
19	Fiercest Faction	Legendary	15319	Fast Blade Switch VI	0.0022573364
19	Fiercest Faction	Legendary	10052	Shining Star Chip	0.004514673
19	Fiercest Faction	Legendary	10053	Moon Matter Chip	0.004514673
19	Fiercest Faction	Legendary	10054	Sunlight Chip	0.004514673
19	Fiercest Faction	Legendary	10058	Dilaton Chip	0.004514673
19	Fiercest Faction	Legendary	10059	Preon Chip	0.004514673
19	Fiercest Faction	Legendary	10060	Tachyon Chip	0.004514673
19	Fiercest Faction	Legendary	15392	Movement Heal VI	0.004514673
19	Fiercest Faction	Legendary	15393	Damage Heal VI	0.0022573364
19	Fiercest Faction	Legendary	15399	Affinity MAX Atk VI	0.0022573364
19	Fiercest Faction	Legendary	15400	Affinity MAX Evade VI	0.0022573364
19	Fiercest Faction	Legendary	459	Infinity Greaves (Common)	0.009029346
19	Fiercest Faction	Legendary	480	Ocean Earring (Common)	0.009029346
19	Fiercest Faction	Legendary	483	Seven-Seas Earring (Common)	0.009029346
19	Fiercest Faction	Legendary	516	Alexandrite (Common)	0.009029346
19	Fiercest Faction	Legendary	546	Goliath Ring (Common)	0.009029346
19	Fiercest Faction	Legendary	582	Master Scope (Common)	0.0180586912
19	Fiercest Faction	Legendary	460	Infinity Greaves (Rare)	0.009029346
19	Fiercest Faction	Legendary	481	Ocean Earring (Rare)	0.009029346
19	Fiercest Faction	Legendary	484	Seven-Seas Earring (Rare)	0.009029346
19	Fiercest Faction	Legendary	517	Alexandrite (Rare)	0.009029346
19	Fiercest Faction	Legendary	547	Goliath Ring (Rare)	0.009029346
19	Fiercest Faction	Legendary	583	Master Scope (Rare)	0.009029346
19	Fiercest Faction	Legendary	461	Infinity Greaves (Legendary)	0.009029346
19	Fiercest Faction	Legendary	482	Ocean Earring (Legendary)	0.009029346
19	Fiercest Faction	Legendary	485	Seven-Seas Earring (Legendary)	0.009029346
19	Fiercest Faction	Legendary	518	Alexandrite (Legendary)	0.009029346
19	Fiercest Faction	Legendary	548	Goliath Ring (Legendary)	0.009029346
19	Fiercest Faction	Legendary	584	Master Scope (Legendary)	0.009029346
19	Fiercest Faction	Legendary	25407	Ultimate Weaponry	0.009029346
20	9th Imp. Armored Div.	Common	15356	Beast Hunter VI	0.008333334
20	9th Imp. Armored Div.	Common	15357	Insect Hunter VI	0.008333334
20	9th Imp. Armored Div.	Common	15358	Aerial Hunter VI	0.008333334
20	9th Imp. Armored Div.	Common	15359	Aquatic Hunter VI	0.008333334
20	9th Imp. Armored Div.	Common	15360	Humanoid Hunter VI	0.008333334
20	9th Imp. Armored Div.	Common	15361	Machine Hunter VI	0.008333334
20	9th Imp. Armored Div.	Common	15362	Titan Hunter VI	0.008333334
20	9th Imp. Armored Div.	Common	15364	Ambush Boost VI	0.008333334
20	9th Imp. Armored Div.	Common	15366	Indoor Attack Up VI	0.008333334
20	9th Imp. Armored Div.	Common	15367	Outdoor Attack Up VI	0.008333334
20	9th Imp. Armored Div.	Common	15378	Emergency Guard VI	0.008333334
20	9th Imp. Armored Div.	Common	15383	Launch Resist VI	0.008333334
20	9th Imp. Armored Div.	Common	15384	Smash Resist VI	0.008333334
20	9th Imp. Armored Div.	Common	15386	Knockback Resist VI	0.008333334
20	9th Imp. Armored Div.	Common	15394	Night Vision VI	0.008333334
20	9th Imp. Armored Div.	Common	15395	Sunlight Eye VI	0.008333334
20	9th Imp. Armored Div.	Common	15396	Reflect Damage Up VI	0.008333334
20	9th Imp. Armored Div.	Common	15397	Opening Art VI	0.008333334
20	9th Imp. Armored Div.	Common	15401	Specials Lv 1 Plus VI	0.008333334
20	9th Imp. Armored Div.	Common	15402	Specials Lv 2 Plus VI	0.008333334
20	9th Imp. Armored Div.	Common	15403	Specials Lv 3 Plus VI	0.008333334
20	9th Imp. Armored Div.	Common	15404	Specials Lv 4 Plus VI	0.008333334
20	9th Imp. Armored Div.	Common	10004	Silver Chip	0.008333334
20	9th Imp. Armored Div.	Common	10008	Gold Chip	0.008333334
20	9th Imp. Armored Div.	Common	10012	Horn Chip	0.008333334
20	9th Imp. Armored Div.	Common	10016	Forest Chip	0.008333334
20	9th Imp. Armored Div.	Common	10020	Fluorite Chip	0.008333334
20	9th Imp. Armored Div.	Common	10024	Zircon Chip	0.008333334
20	9th Imp. Armored Div.	Common	15352	Critical Up VI	0.008333334
20	9th Imp. Armored Div.	Common	15355	Block Rate Up VI	0.008333334
20	9th Imp. Armored Div.	Common	15363	Fusion Combo Up VI	0.008333334
20	9th Imp. Armored Div.	Common	15366	Indoor Attack Up VI	0.008333334
20	9th Imp. Armored Div.	Common	15367	Outdoor Attack Up VI	0.008333334
20	9th Imp. Armored Div.	Common	15378	Emergency Guard VI	0.008333334
20	9th Imp. Armored Div.	Common	15398	Affinity MAX Barrier VI	0.0166666675
20	9th Imp. Armored Div.	Common	567	Saint's Necklace (Common)	0.0166666675
20	9th Imp. Armored Div.	Common	568	Saint's Necklace (Rare)	0.0166666675
20	9th Imp. Armored Div.	Common	569	Saint's Necklace (Legendary)	0.0166666675
20	9th Imp. Armored Div.	Common	465	Augmented Vision Kit (Common)	0.0166666675
20	9th Imp. Armored Div.	Common	468	Charm Bangle (Common)	0.0166666675
20	9th Imp. Armored Div.	Common	474	Seven-League Circlet (Common)	0.0166666675
20	9th Imp. Armored Div.	Common	498	Twin Trunks Vest (Common)	0.0166666675
20	9th Imp. Armored Div.	Common	507	Vivid Mitts (Common)	0.0166666675
20	9th Imp. Armored Div.	Common	510	Dauntless Boots (Common)	0.0166666675
20	9th Imp. Armored Div.	Common	513	Sunlight Choker (Common)	0.0166666675
20	9th Imp. Armored Div.	Common	525	Staunch Boots (Common)	0.0166666675
20	9th Imp. Armored Div.	Common	552	Enlightened Loincloth (Common)	0.0166666675
20	9th Imp. Armored Div.	Common	555	Glamorous Swimsuit (Common)	0.0166666675
20	9th Imp. Armored Div.	Common	558	Vanish Hood (Common)	0.0166666675
20	9th Imp. Armored Div.	Common	561	Platinum Nopon Mask (Common)	0.0166666675
20	9th Imp. Armored Div.	Common	573	Beatific Medal (Common)	0.0166666675
20	9th Imp. Armored Div.	Common	466	Augmented Vision Kit (Rare)	0.0166666675
20	9th Imp. Armored Div.	Common	469	Charm Bangle (Rare)	0.0166666675
20	9th Imp. Armored Div.	Common	475	Seven-League Circlet (Rare)	0.0166666675
20	9th Imp. Armored Div.	Common	499	Twin Trunks Vest (Rare)	0.0166666675
20	9th Imp. Armored Div.	Common	508	Vivid Mitts (Rare)	0.0166666675
20	9th Imp. Armored Div.	Common	511	Dauntless Boots (Rare)	0.0166666675
20	9th Imp. Armored Div.	Common	514	Sunlight Choker (Rare)	0.0166666675
20	9th Imp. Armored Div.	Common	526	Staunch Boots (Rare)	0.0166666675
20	9th Imp. Armored Div.	Common	553	Enlightened Loincloth (Rare)	0.0166666675
20	9th Imp. Armored Div.	Common	556	Glamorous Swimsuit (Rare)	0.0166666675
20	9th Imp. Armored Div.	Common	559	Vanish Hood (Rare)	0.0166666675
20	9th Imp. Armored Div.	Common	562	Platinum Nopon Mask (Rare)	0.0166666675
20	9th Imp. Armored Div.	Common	574	Beatific Medal (Rare)	0.0166666675
20	9th Imp. Armored Div.	Common	467	Augmented Vision Kit (Legendary)	0.0166666675
20	9th Imp. Armored Div.	Common	470	Charm Bangle (Legendary)	0.0166666675
20	9th Imp. Armored Div.	Common	476	Seven-League Circlet (Legendary)	0.0166666675
20	9th Imp. Armored Div.	Common	500	Twin Trunks Vest (Legendary)	0.0166666675
20	9th Imp. Armored Div.	Common	509	Vivid Mitts (Legendary)	0.0166666675
20	9th Imp. Armored Div.	Common	512	Dauntless Boots (Legendary)	0.0166666675
20	9th Imp. Armored Div.	Common	515	Sunlight Choker (Legendary)	0.0166666675
20	9th Imp. Armored Div.	Common	527	Staunch Boots (Legendary)	0.0166666675
20	9th Imp. Armored Div.	Common	554	Enlightened Loincloth (Legendary)	0.0166666675
20	9th Imp. Armored Div.	Common	557	Glamorous Swimsuit (Legendary)	0.0166666675
20	9th Imp. Armored Div.	Common	560	Vanish Hood (Legendary)	0.0166666675
20	9th Imp. Armored Div.	Common	563	Platinum Nopon Mask (Legendary)	0.0166666675
20	9th Imp. Armored Div.	Common	575	Beatific Medal (Legendary)	0.0166666675
20	9th Imp. Armored Div.	Rare	15356	Beast Hunter VI	0.00334448158
20	9th Imp. Armored Div.	Rare	15357	Insect Hunter VI	0.00334448158
20	9th Imp. Armored Div.	Rare	15358	Aerial Hunter VI	0.00334448158
20	9th Imp. Armored Div.	Rare	15359	Aquatic Hunter VI	0.00334448158
20	9th Imp. Armored Div.	Rare	15360	Humanoid Hunter VI	0.00334448158
20	9th Imp. Armored Div.	Rare	15361	Machine Hunter VI	0.00334448158
20	9th Imp. Armored Div.	Rare	15362	Titan Hunter VI	0.00334448158
20	9th Imp. Armored Div.	Rare	15364	Ambush Boost VI	0.00334448158
20	9th Imp. Armored Div.	Rare	15366	Indoor Attack Up VI	0.00334448158
20	9th Imp. Armored Div.	Rare	15367	Outdoor Attack Up VI	0.00334448158
20	9th Imp. Armored Div.	Rare	15378	Emergency Guard VI	0.00334448158
20	9th Imp. Armored Div.	Rare	15383	Launch Resist VI	0.00334448158
20	9th Imp. Armored Div.	Rare	15384	Smash Resist VI	0.00334448158
20	9th Imp. Armored Div.	Rare	15386	Knockback Resist VI	0.00334448158
20	9th Imp. Armored Div.	Rare	15394	Night Vision VI	0.00334448158
20	9th Imp. Armored Div.	Rare	15395	Sunlight Eye VI	0.00334448158
20	9th Imp. Armored Div.	Rare	15396	Reflect Damage Up VI	0.00334448158
20	9th Imp. Armored Div.	Rare	15397	Opening Art VI	0.00334448158
20	9th Imp. Armored Div.	Rare	15401	Specials Lv 1 Plus VI	0.00334448158
20	9th Imp. Armored Div.	Rare	15402	Specials Lv 2 Plus VI	0.00334448158
20	9th Imp. Armored Div.	Rare	15403	Specials Lv 3 Plus VI	0.00334448158
20	9th Imp. Armored Div.	Rare	15404	Specials Lv 4 Plus VI	0.00334448158
20	9th Imp. Armored Div.	Rare	10004	Silver Chip	0.00334448158
20	9th Imp. Armored Div.	Rare	10008	Gold Chip	0.00334448158
20	9th Imp. Armored Div.	Rare	10012	Horn Chip	0.00334448158
20	9th Imp. Armored Div.	Rare	10016	Forest Chip	0.00334448158
20	9th Imp. Armored Div.	Rare	10020	Fluorite Chip	0.00334448158
20	9th Imp. Armored Div.	Rare	10024	Zircon Chip	0.00334448158
20	9th Imp. Armored Div.	Rare	15352	Critical Up VI	0.00334448158
20	9th Imp. Armored Div.	Rare	15355	Block Rate Up VI	0.00334448158
20	9th Imp. Armored Div.	Rare	15363	Fusion Combo Up VI	0.00334448158
20	9th Imp. Armored Div.	Rare	15366	Indoor Attack Up VI	0.00334448158
20	9th Imp. Armored Div.	Rare	15367	Outdoor Attack Up VI	0.00334448158
20	9th Imp. Armored Div.	Rare	15378	Emergency Guard VI	0.00334448158
20	9th Imp. Armored Div.	Rare	15398	Affinity MAX Barrier VI	0.00334448158
20	9th Imp. Armored Div.	Rare	567	Saint's Necklace (Common)	0.006688963
20	9th Imp. Armored Div.	Rare	568	Saint's Necklace (Rare)	0.006688963
20	9th Imp. Armored Div.	Rare	569	Saint's Necklace (Legendary)	0.006688963
20	9th Imp. Armored Div.	Rare	465	Augmented Vision Kit (Common)	0.006688963
20	9th Imp. Armored Div.	Rare	468	Charm Bangle (Common)	0.006688963
20	9th Imp. Armored Div.	Rare	474	Seven-League Circlet (Common)	0.006688963
20	9th Imp. Armored Div.	Rare	498	Twin Trunks Vest (Common)	0.006688963
20	9th Imp. Armored Div.	Rare	507	Vivid Mitts (Common)	0.006688963
20	9th Imp. Armored Div.	Rare	510	Dauntless Boots (Common)	0.006688963
20	9th Imp. Armored Div.	Rare	513	Sunlight Choker (Common)	0.006688963
20	9th Imp. Armored Div.	Rare	525	Staunch Boots (Common)	0.006688963
20	9th Imp. Armored Div.	Rare	552	Enlightened Loincloth (Common)	0.006688963
20	9th Imp. Armored Div.	Rare	555	Glamorous Swimsuit (Common)	0.006688963
20	9th Imp. Armored Div.	Rare	558	Vanish Hood (Common)	0.006688963
20	9th Imp. Armored Div.	Rare	561	Platinum Nopon Mask (Common)	0.006688963
20	9th Imp. Armored Div.	Rare	573	Beatific Medal (Common)	0.006688963
20	9th Imp. Armored Div.	Rare	466	Augmented Vision Kit (Rare)	0.006688963
20	9th Imp. Armored Div.	Rare	469	Charm Bangle (Rare)	0.006688963
20	9th Imp. Armored Div.	Rare	475	Seven-League Circlet (Rare)	0.006688963
20	9th Imp. Armored Div.	Rare	499	Twin Trunks Vest (Rare)	0.006688963
20	9th Imp. Armored Div.	Rare	508	Vivid Mitts (Rare)	0.006688963
20	9th Imp. Armored Div.	Rare	511	Dauntless Boots (Rare)	0.006688963
20	9th Imp. Armored Div.	Rare	514	Sunlight Choker (Rare)	0.006688963
20	9th Imp. Armored Div.	Rare	526	Staunch Boots (Rare)	0.006688963
20	9th Imp. Armored Div.	Rare	553	Enlightened Loincloth (Rare)	0.006688963
20	9th Imp. Armored Div.	Rare	556	Glamorous Swimsuit (Rare)	0.006688963
20	9th Imp. Armored Div.	Rare	559	Vanish Hood (Rare)	0.006688963
20	9th Imp. Armored Div.	Rare	562	Platinum Nopon Mask (Rare)	0.006688963
20	9th Imp. Armored Div.	Rare	574	Beatific Medal (Rare)	0.006688963
20	9th Imp. Armored Div.	Rare	467	Augmented Vision Kit (Legendary)	0.006688963
20	9th Imp. Armored Div.	Rare	470	Charm Bangle (Legendary)	0.006688963
20	9th Imp. Armored Div.	Rare	476	Seven-League Circlet (Legendary)	0.006688963
20	9th Imp. Armored Div.	Rare	500	Twin Trunks Vest (Legendary)	0.006688963
20	9th Imp. Armored Div.	Rare	509	Vivid Mitts (Legendary)	0.006688963
20	9th Imp. Armored Div.	Rare	512	Dauntless Boots (Legendary)	0.006688963
20	9th Imp. Armored Div.	Rare	515	Sunlight Choker (Legendary)	0.006688963
20	9th Imp. Armored Div.	Rare	527	Staunch Boots (Legendary)	0.006688963
20	9th Imp. Armored Div.	Rare	554	Enlightened Loincloth (Legendary)	0.006688963
20	9th Imp. Armored Div.	Rare	557	Glamorous Swimsuit (Legendary)	0.006688963
20	9th Imp. Armored Div.	Rare	560	Vanish Hood (Legendary)	0.006688963
20	9th Imp. Armored Div.	Rare	563	Platinum Nopon Mask (Legendary)	0.006688963
20	9th Imp. Armored Div.	Rare	575	Beatific Medal (Legendary)	0.006688963
20	9th Imp. Armored Div.	Rare	15365	Aggro Attack Up VI	0.006688963
20	9th Imp. Armored Div.	Rare	15376	Evasion Focus VI	0.006688963
20	9th Imp. Armored Div.	Rare	15379	Endurance VI	0.006688963
20	9th Imp. Armored Div.	Rare	15382	Topple Resist VI	0.006688963
20	9th Imp. Armored Div.	Rare	15385	Blowdown Resist VI	0.006688963
20	9th Imp. Armored Div.	Rare	15387	Auto-Attack Stealth VI	0.006688963
20	9th Imp. Armored Div.	Rare	15389	Arts Stealth VI	0.006688963
20	9th Imp. Armored Div.	Rare	15398	Affinity MAX Barrier VI	0.006688963
20	9th Imp. Armored Div.	Rare	15405	Affinity MAX Acc VI	0.006688963
20	9th Imp. Armored Div.	Rare	15406	Jamming VI	0.006688963
20	9th Imp. Armored Div.	Rare	10028	Shaft Chip	0.006688963
20	9th Imp. Armored Div.	Rare	10032	Booster Chip	0.006688963
20	9th Imp. Armored Div.	Rare	10036	Hexagon Chip	0.006688963
20	9th Imp. Armored Div.	Rare	10040	Spiral Chip	0.006688963
20	9th Imp. Armored Div.	Rare	10044	Winonaite Chip	0.006688963
20	9th Imp. Armored Div.	Rare	10048	Angrite Chip	0.006688963
20	9th Imp. Armored Div.	Rare	15377	Swift Evasion VI	0.006688963
20	9th Imp. Armored Div.	Rare	15391	Arts Heal VI	0.006688963
20	9th Imp. Armored Div.	Rare	456	Consul Greaves (Common)	0.0133779263
20	9th Imp. Armored Div.	Rare	489	Abyss Masque (Common)	0.0133779263
20	9th Imp. Armored Div.	Rare	495	Survivor's Footgear (Common)	0.0133779263
20	9th Imp. Armored Div.	Rare	501	Beast-Hide Vest (Common)	0.0133779263
20	9th Imp. Armored Div.	Rare	504	Prairie Cap (Common)	0.0133779263
20	9th Imp. Armored Div.	Rare	519	Crimson Headband (Common)	0.0133779263
20	9th Imp. Armored Div.	Rare	531	Consul Pauldrons (Common)	0.0133779263
20	9th Imp. Armored Div.	Rare	534	Divine Vambraces (Common)	0.0133779263
20	9th Imp. Armored Div.	Rare	540	Tachyon Scarf (Common)	0.0133779263
20	9th Imp. Armored Div.	Rare	576	Carbon Gauntlet (Common)	0.0133779263
20	9th Imp. Armored Div.	Rare	457	Consul Greaves (Rare)	0.0133779263
20	9th Imp. Armored Div.	Rare	490	Abyss Masque (Rare)	0.0133779263
20	9th Imp. Armored Div.	Rare	496	Survivor's Footgear (Rare)	0.0133779263
20	9th Imp. Armored Div.	Rare	502	Beast-Hide Vest (Rare)	0.0133779263
20	9th Imp. Armored Div.	Rare	505	Prairie Cap (Rare)	0.0133779263
20	9th Imp. Armored Div.	Rare	520	Crimson Headband (Rare)	0.0133779263
20	9th Imp. Armored Div.	Rare	532	Consul Pauldrons (Rare)	0.0133779263
20	9th Imp. Armored Div.	Rare	535	Divine Vambraces (Rare)	0.0133779263
20	9th Imp. Armored Div.	Rare	541	Tachyon Scarf (Rare)	0.0133779263
20	9th Imp. Armored Div.	Rare	577	Carbon Gauntlet (Rare)	0.0133779263
20	9th Imp. Armored Div.	Rare	458	Consul Greaves (Legendary)	0.0133779263
20	9th Imp. Armored Div.	Rare	491	Abyss Masque (Legendary)	0.0133779263
20	9th Imp. Armored Div.	Rare	497	Survivor's Footgear (Legendary)	0.0133779263
20	9th Imp. Armored Div.	Rare	503	Beast-Hide Vest (Legendary)	0.0133779263
20	9th Imp. Armored Div.	Rare	506	Prairie Cap (Legendary)	0.0133779263
20	9th Imp. Armored Div.	Rare	521	Crimson Headband (Legendary)	0.0133779263
20	9th Imp. Armored Div.	Rare	533	Consul Pauldrons (Legendary)	0.0133779263
20	9th Imp. Armored Div.	Rare	536	Divine Vambraces (Legendary)	0.0133779263
20	9th Imp. Armored Div.	Rare	542	Tachyon Scarf (Legendary)	0.0133779263
20	9th Imp. Armored Div.	Rare	578	Carbon Gauntlet (Legendary)	0.0133779263
20	9th Imp. Armored Div.	Rare	471	Belemnite Bangle (Common)	0.006688963
20	9th Imp. Armored Div.	Rare	477	Fighter's Circlet (Common)	0.006688963
20	9th Imp. Armored Div.	Rare	522	Black Cube (Common)	0.006688963
20	9th Imp. Armored Div.	Rare	543	Rainbow Belt (Common)	0.006688963
20	9th Imp. Armored Div.	Rare	472	Belemnite Bangle (Rare)	0.006688963
20	9th Imp. Armored Div.	Rare	478	Fighter's Circlet (Rare)	0.006688963
20	9th Imp. Armored Div.	Rare	523	Black Cube (Rare)	0.006688963
20	9th Imp. Armored Div.	Rare	544	Rainbow Belt (Rare)	0.006688963
20	9th Imp. Armored Div.	Rare	473	Belemnite Bangle (Legendary)	0.006688963
20	9th Imp. Armored Div.	Rare	479	Fighter's Circlet (Legendary)	0.006688963
20	9th Imp. Armored Div.	Rare	524	Black Cube (Legendary)	0.006688963
20	9th Imp. Armored Div.	Rare	545	Rainbow Belt (Legendary)	0.006688963
20	9th Imp. Armored Div.	Legendary	15365	Aggro Attack Up VI	0.008196721
20	9th Imp. Armored Div.	Legendary	15376	Evasion Focus VI	0.008196721
20	9th Imp. Armored Div.	Legendary	15379	Endurance VI	0.008196721
20	9th Imp. Armored Div.	Legendary	15382	Topple Resist VI	0.008196721
20	9th Imp. Armored Div.	Legendary	15385	Blowdown Resist VI	0.008196721
20	9th Imp. Armored Div.	Legendary	15387	Auto-Attack Stealth VI	0.008196721
20	9th Imp. Armored Div.	Legendary	15389	Arts Stealth VI	0.008196721
20	9th Imp. Armored Div.	Legendary	15398	Affinity MAX Barrier VI	0.008196721
20	9th Imp. Armored Div.	Legendary	15405	Affinity MAX Acc VI	0.008196721
20	9th Imp. Armored Div.	Legendary	15406	Jamming VI	0.008196721
20	9th Imp. Armored Div.	Legendary	10028	Shaft Chip	0.008196721
20	9th Imp. Armored Div.	Legendary	10032	Booster Chip	0.008196721
20	9th Imp. Armored Div.	Legendary	10036	Hexagon Chip	0.008196721
20	9th Imp. Armored Div.	Legendary	10040	Spiral Chip	0.008196721
20	9th Imp. Armored Div.	Legendary	10044	Winonaite Chip	0.008196721
20	9th Imp. Armored Div.	Legendary	10048	Angrite Chip	0.008196721
20	9th Imp. Armored Div.	Legendary	15377	Swift Evasion VI	0.008196721
20	9th Imp. Armored Div.	Legendary	15391	Arts Heal VI	0.008196721
20	9th Imp. Armored Div.	Legendary	456	Consul Greaves (Common)	0.0163934417
20	9th Imp. Armored Div.	Legendary	489	Abyss Masque (Common)	0.0163934417
20	9th Imp. Armored Div.	Legendary	495	Survivor's Footgear (Common)	0.0163934417
20	9th Imp. Armored Div.	Legendary	501	Beast-Hide Vest (Common)	0.0163934417
20	9th Imp. Armored Div.	Legendary	504	Prairie Cap (Common)	0.0163934417
20	9th Imp. Armored Div.	Legendary	519	Crimson Headband (Common)	0.0163934417
20	9th Imp. Armored Div.	Legendary	531	Consul Pauldrons (Common)	0.0163934417
20	9th Imp. Armored Div.	Legendary	534	Divine Vambraces (Common)	0.0163934417
20	9th Imp. Armored Div.	Legendary	540	Tachyon Scarf (Common)	0.0163934417
20	9th Imp. Armored Div.	Legendary	576	Carbon Gauntlet (Common)	0.0163934417
20	9th Imp. Armored Div.	Legendary	457	Consul Greaves (Rare)	0.0163934417
20	9th Imp. Armored Div.	Legendary	490	Abyss Masque (Rare)	0.0163934417
20	9th Imp. Armored Div.	Legendary	496	Survivor's Footgear (Rare)	0.0163934417
20	9th Imp. Armored Div.	Legendary	502	Beast-Hide Vest (Rare)	0.0163934417
20	9th Imp. Armored Div.	Legendary	505	Prairie Cap (Rare)	0.0163934417
20	9th Imp. Armored Div.	Legendary	520	Crimson Headband (Rare)	0.0163934417
20	9th Imp. Armored Div.	Legendary	532	Consul Pauldrons (Rare)	0.0163934417
20	9th Imp. Armored Div.	Legendary	535	Divine Vambraces (Rare)	0.0163934417
20	9th Imp. Armored Div.	Legendary	541	Tachyon Scarf (Rare)	0.0163934417
20	9th Imp. Armored Div.	Legendary	577	Carbon Gauntlet (Rare)	0.0163934417
20	9th Imp. Armored Div.	Legendary	458	Consul Greaves (Legendary)	0.0163934417
20	9th Imp. Armored Div.	Legendary	491	Abyss Masque (Legendary)	0.0163934417
20	9th Imp. Armored Div.	Legendary	497	Survivor's Footgear (Legendary)	0.0163934417
20	9th Imp. Armored Div.	Legendary	503	Beast-Hide Vest (Legendary)	0.0163934417
20	9th Imp. Armored Div.	Legendary	506	Prairie Cap (Legendary)	0.0163934417
20	9th Imp. Armored Div.	Legendary	521	Crimson Headband (Legendary)	0.0163934417
20	9th Imp. Armored Div.	Legendary	533	Consul Pauldrons (Legendary)	0.0163934417
20	9th Imp. Armored Div.	Legendary	536	Divine Vambraces (Legendary)	0.0163934417
20	9th Imp. Armored Div.	Legendary	542	Tachyon Scarf (Legendary)	0.0163934417
20	9th Imp. Armored Div.	Legendary	578	Carbon Gauntlet (Legendary)	0.0163934417
20	9th Imp. Armored Div.	Legendary	471	Belemnite Bangle (Common)	0.008196721
20	9th Imp. Armored Div.	Legendary	477	Fighter's Circlet (Common)	0.008196721
20	9th Imp. Armored Div.	Legendary	522	Black Cube (Common)	0.008196721
20	9th Imp. Armored Div.	Legendary	543	Rainbow Belt (Common)	0.008196721
20	9th Imp. Armored Div.	Legendary	472	Belemnite Bangle (Rare)	0.008196721
20	9th Imp. Armored Div.	Legendary	478	Fighter's Circlet (Rare)	0.008196721
20	9th Imp. Armored Div.	Legendary	523	Black Cube (Rare)	0.008196721
20	9th Imp. Armored Div.	Legendary	544	Rainbow Belt (Rare)	0.008196721
20	9th Imp. Armored Div.	Legendary	473	Belemnite Bangle (Legendary)	0.008196721
20	9th Imp. Armored Div.	Legendary	479	Fighter's Circlet (Legendary)	0.008196721
20	9th Imp. Armored Div.	Legendary	524	Black Cube (Legendary)	0.008196721
20	9th Imp. Armored Div.	Legendary	545	Rainbow Belt (Legendary)	0.008196721
20	9th Imp. Armored Div.	Legendary	15353	Physical Defense Up VI	0.00409836043
20	9th Imp. Armored Div.	Legendary	15354	Ether Defense Up VI	0.00409836043
20	9th Imp. Armored Div.	Legendary	15061	Blade Combo Boost VI	0.00409836043
20	9th Imp. Armored Div.	Legendary	15132	Ultimate Shield	0.00409836043
20	9th Imp. Armored Div.	Legendary	15380	HP Attack Boost VI	0.00409836043
20	9th Imp. Armored Div.	Legendary	15381	Break Resist VI	0.00409836043
20	9th Imp. Armored Div.	Legendary	15388	Aggro Boost VI	0.00409836043
20	9th Imp. Armored Div.	Legendary	15390	Arts Aggro Boost VI	0.00409836043
20	9th Imp. Armored Div.	Legendary	15393	Damage Heal VI	0.00409836043
20	9th Imp. Armored Div.	Legendary	15319	Fast Blade Switch VI	0.00409836043
20	9th Imp. Armored Div.	Legendary	10052	Shining Star Chip	0.00409836043
20	9th Imp. Armored Div.	Legendary	10053	Moon Matter Chip	0.00409836043
20	9th Imp. Armored Div.	Legendary	10054	Sunlight Chip	0.00409836043
20	9th Imp. Armored Div.	Legendary	10058	Dilaton Chip	0.00409836043
20	9th Imp. Armored Div.	Legendary	10059	Preon Chip	0.00409836043
20	9th Imp. Armored Div.	Legendary	10060	Tachyon Chip	0.00409836043
20	9th Imp. Armored Div.	Legendary	15392	Movement Heal VI	0.00409836043
20	9th Imp. Armored Div.	Legendary	15393	Damage Heal VI	0.00409836043
20	9th Imp. Armored Div.	Legendary	15399	Affinity MAX Atk VI	0.00409836043
20	9th Imp. Armored Div.	Legendary	15400	Affinity MAX Evade VI	0.00409836043
20	9th Imp. Armored Div.	Legendary	459	Infinity Greaves (Common)	0.0163934417
20	9th Imp. Armored Div.	Legendary	480	Ocean Earring (Common)	0.008196721
20	9th Imp. Armored Div.	Legendary	483	Seven-Seas Earring (Common)	0.0163934417
20	9th Imp. Armored Div.	Legendary	516	Alexandrite (Common)	0.008196721
20	9th Imp. Armored Div.	Legendary	546	Goliath Ring (Common)	0.008196721
20	9th Imp. Armored Div.	Legendary	582	Master Scope (Common)	0.008196721
20	9th Imp. Armored Div.	Legendary	460	Infinity Greaves (Rare)	0.008196721
20	9th Imp. Armored Div.	Legendary	481	Ocean Earring (Rare)	0.008196721
20	9th Imp. Armored Div.	Legendary	484	Seven-Seas Earring (Rare)	0.008196721
20	9th Imp. Armored Div.	Legendary	517	Alexandrite (Rare)	0.008196721
20	9th Imp. Armored Div.	Legendary	547	Goliath Ring (Rare)	0.008196721
20	9th Imp. Armored Div.	Legendary	583	Master Scope (Rare)	0.008196721
20	9th Imp. Armored Div.	Legendary	461	Infinity Greaves (Legendary)	0.008196721
20	9th Imp. Armored Div.	Legendary	482	Ocean Earring (Legendary)	0.008196721
20	9th Imp. Armored Div.	Legendary	485	Seven-Seas Earring (Legendary)	0.008196721
20	9th Imp. Armored Div.	Legendary	518	Alexandrite (Legendary)	0.008196721
20	9th Imp. Armored Div.	Legendary	548	Goliath Ring (Legendary)	0.008196721
20	9th Imp. Armored Div.	Legendary	584	Master Scope (Legendary)	0.008196721
20	9th Imp. Armored Div.	Legendary	25407	Ultimate Weaponry	0.0163934417
21	Call the Exterminators	Common	15030	Insect Hunter V	0.01710864
21	Call the Exterminators	Common	15040	Aquatic Hunter V	0.01710864
21	Call the Exterminators	Common	15025	Beast Hunter V	0.01710864
21	Call the Exterminators	Common	15035	Aerial Hunter V	0.01710864
21	Call the Exterminators	Common	15045	Humanoid Hunter V	0.01710864
21	Call the Exterminators	Common	15055	Titan Hunter V	0.01710864
21	Call the Exterminators	Common	15050	Machine Hunter V	0.01710864
21	Call the Exterminators	Common	15071	Ambush Boost V	0.01710864
21	Call the Exterminators	Common	15081	Aggro Attack Up V	0.01710864
21	Call the Exterminators	Common	15086	Indoor Attack Up V	0.01710864
21	Call the Exterminators	Common	15096	Fire Def Up V	0.01710864
21	Call the Exterminators	Common	15101	Water Def Up V	0.01710864
21	Call the Exterminators	Common	15106	Earth Def Up V	0.01710864
21	Call the Exterminators	Common	15111	Wind Def Up V	0.01710864
21	Call the Exterminators	Common	15116	Electric Def Up V	0.01710864
21	Call the Exterminators	Common	15121	Ice Def Up V	0.01710864
21	Call the Exterminators	Common	15126	Dark Def Up V	0.01710864
21	Call the Exterminators	Common	15131	Light Def Up V	0.01710864
21	Call the Exterminators	Common	15163	Emergency Guard V	0.01710864
21	Call the Exterminators	Common	15173	HP Attack Boost V	0.01710864
21	Call the Exterminators	Common	15178	Spike Defense V	0.01710864
21	Call the Exterminators	Common	15188	Topple Resist V	0.01710864
21	Call the Exterminators	Common	15193	Launch Resist V	0.01710864
21	Call the Exterminators	Common	15203	Blowdown Resist V	0.01710864
21	Call the Exterminators	Common	15218	Shackle Blade Resist V	0.01710864
21	Call the Exterminators	Common	15223	Auto-Attack Stealth V	0.01710864
21	Call the Exterminators	Common	15228	Aggro Boost V	0.01710864
21	Call the Exterminators	Common	15243	Arts Heal V	0.01710864
21	Call the Exterminators	Common	15258	Night Vision V	0.01710864
21	Call the Exterminators	Common	15268	Reflect Damage Up V	0.01710864
21	Call the Exterminators	Common	15278	Opening Art V	0.01710864
21	Call the Exterminators	Common	15283	Telepathy V	0.01710864
21	Call the Exterminators	Common	15293	Affinity MAX Barrier V	0.01710864
21	Call the Exterminators	Common	15298	Affinity MAX Atk V	0.01710864
21	Call the Exterminators	Common	15313	Shoulder to Shoulder V	0.01710864
21	Call the Exterminators	Common	15324	Specials Lv 1 Plus V	0.01710864
21	Call the Exterminators	Common	15329	Specials Lv 2 Plus V	0.01710864
21	Call the Exterminators	Common	15349	Jamming V	0.01710864
21	Call the Exterminators	Common	333	Avant-Garde Medal (Legendary)	0.00427716
21	Call the Exterminators	Common	345	Ancient Banner (Legendary)	0.00427716
21	Call the Exterminators	Common	354	Bloody Orb (Legendary)	0.00427716
21	Call the Exterminators	Common	405	Critical Symbol (Legendary)	0.00427716
21	Call the Exterminators	Common	116	Resurrection Symbol (Legendary)	0.00427716
21	Call the Exterminators	Common	408	Sword Attachment (Legendary)	0.00427716
21	Call the Exterminators	Common	409	Scimitar Attachment (Legendary)	0.00427716
21	Call the Exterminators	Common	416	Scythe Attachment (Legendary)	0.00427716
21	Call the Exterminators	Common	431	Rebirth Amulet (Legendary)	0.00427716
21	Call the Exterminators	Common	432	Beta Scope (Legendary)	0.00427716
21	Call the Exterminators	Common	10046	Howardite Chip	0.00855432
21	Call the Exterminators	Common	10047	Aubrite Chip	0.00855432
21	Call the Exterminators	Common	10050	Axion Chip	0.00855432
21	Call the Exterminators	Common	10051	Mirror Matter Chip	0.00855432
21	Call the Exterminators	Common	15364	Ambush Boost VI	0.01710864
21	Call the Exterminators	Common	15383	Launch Resist VI	0.02566296
21	Call the Exterminators	Common	15384	Smash Resist VI	0.02566296
21	Call the Exterminators	Common	15385	Blowdown Resist VI	0.02566296
21	Call the Exterminators	Common	15386	Knockback Resist VI	0.02566296
21	Call the Exterminators	Common	15396	Reflect Damage Up VI	0.02566296
21	Call the Exterminators	Common	15397	Opening Art VI	0.02566296
21	Call the Exterminators	Common	528	War God Banner (Common)	0.005988024
21	Call the Exterminators	Common	537	Demon Orb (Common)	0.005988024
21	Call the Exterminators	Common	549	Violent Stone (Common)	0.005988024
21	Call the Exterminators	Common	564	Gargantuan Feather (Common)	0.005988024
21	Call the Exterminators	Common	579	Noise Dampener (Common)	0.005988024
21	Call the Exterminators	Common	529	War God Banner (Rare)	0.005988024
21	Call the Exterminators	Common	538	Demon Orb (Rare)	0.005988024
21	Call the Exterminators	Common	550	Violent Stone (Rare)	0.005988024
21	Call the Exterminators	Common	565	Gargantuan Feather (Rare)	0.005988024
21	Call the Exterminators	Common	580	Noise Dampener (Rare)	0.005988024
21	Call the Exterminators	Common	530	War God Banner (Legendary)	0.005988024
21	Call the Exterminators	Common	539	Demon Orb (Legendary)	0.005988024
21	Call the Exterminators	Common	551	Violent Stone (Legendary)	0.005988024
21	Call the Exterminators	Common	566	Gargantuan Feather (Legendary)	0.005988024
21	Call the Exterminators	Common	581	Noise Dampener (Legendary)	0.005988024
21	Call the Exterminators	Common	488	Terror Masque (Legendary)	0.005988024
21	Call the Exterminators	Common	494	Envoy's Footgear (Legendary)	0.005988024
21	Call the Exterminators	Rare	15030	Insect Hunter V	0.009199632
21	Call the Exterminators	Rare	15040	Aquatic Hunter V	0.009199632
21	Call the Exterminators	Rare	15025	Beast Hunter V	0.009199632
21	Call the Exterminators	Rare	15035	Aerial Hunter V	0.009199632
21	Call the Exterminators	Rare	15045	Humanoid Hunter V	0.009199632
21	Call the Exterminators	Rare	15055	Titan Hunter V	0.009199632
21	Call the Exterminators	Rare	15050	Machine Hunter V	0.009199632
21	Call the Exterminators	Rare	15071	Ambush Boost V	0.009199632
21	Call the Exterminators	Rare	15081	Aggro Attack Up V	0.009199632
21	Call the Exterminators	Rare	15086	Indoor Attack Up V	0.009199632
21	Call the Exterminators	Rare	15096	Fire Def Up V	0.009199632
21	Call the Exterminators	Rare	15101	Water Def Up V	0.009199632
21	Call the Exterminators	Rare	15106	Earth Def Up V	0.009199632
21	Call the Exterminators	Rare	15111	Wind Def Up V	0.009199632
21	Call the Exterminators	Rare	15116	Electric Def Up V	0.009199632
21	Call the Exterminators	Rare	15121	Ice Def Up V	0.009199632
21	Call the Exterminators	Rare	15126	Dark Def Up V	0.009199632
21	Call the Exterminators	Rare	15131	Light Def Up V	0.009199632
21	Call the Exterminators	Rare	15163	Emergency Guard V	0.009199632
21	Call the Exterminators	Rare	15173	HP Attack Boost V	0.009199632
21	Call the Exterminators	Rare	15178	Spike Defense V	0.009199632
21	Call the Exterminators	Rare	15188	Topple Resist V	0.009199632
21	Call the Exterminators	Rare	15193	Launch Resist V	0.009199632
21	Call the Exterminators	Rare	15203	Blowdown Resist V	0.009199632
21	Call the Exterminators	Rare	15218	Shackle Blade Resist V	0.009199632
21	Call the Exterminators	Rare	15223	Auto-Attack Stealth V	0.009199632
21	Call the Exterminators	Rare	15228	Aggro Boost V	0.009199632
21	Call the Exterminators	Rare	15243	Arts Heal V	0.009199632
21	Call the Exterminators	Rare	15258	Night Vision V	0.009199632
21	Call the Exterminators	Rare	15268	Reflect Damage Up V	0.009199632
21	Call the Exterminators	Rare	15278	Opening Art V	0.009199632
21	Call the Exterminators	Rare	15283	Telepathy V	0.009199632
21	Call the Exterminators	Rare	15293	Affinity MAX Barrier V	0.009199632
21	Call the Exterminators	Rare	15298	Affinity MAX Atk V	0.009199632
21	Call the Exterminators	Rare	15313	Shoulder to Shoulder V	0.009199632
21	Call the Exterminators	Rare	15324	Specials Lv 1 Plus V	0.009199632
21	Call the Exterminators	Rare	15329	Specials Lv 2 Plus V	0.009199632
21	Call the Exterminators	Rare	15349	Jamming V	0.009199632
21	Call the Exterminators	Rare	333	Avant-Garde Medal (Legendary)	0.002299908
21	Call the Exterminators	Rare	345	Ancient Banner (Legendary)	0.002299908
21	Call the Exterminators	Rare	354	Bloody Orb (Legendary)	0.002299908
21	Call the Exterminators	Rare	405	Critical Symbol (Legendary)	0.002299908
21	Call the Exterminators	Rare	116	Resurrection Symbol (Legendary)	0.002299908
21	Call the Exterminators	Rare	408	Sword Attachment (Legendary)	0.002299908
21	Call the Exterminators	Rare	409	Scimitar Attachment (Legendary)	0.002299908
21	Call the Exterminators	Rare	416	Scythe Attachment (Legendary)	0.002299908
21	Call the Exterminators	Rare	431	Rebirth Amulet (Legendary)	0.002299908
21	Call the Exterminators	Rare	432	Beta Scope (Legendary)	0.002299908
21	Call the Exterminators	Rare	10046	Howardite Chip	0.004599816
21	Call the Exterminators	Rare	10047	Aubrite Chip	0.004599816
21	Call the Exterminators	Rare	10050	Axion Chip	0.004599816
21	Call the Exterminators	Rare	10051	Mirror Matter Chip	0.004599816
21	Call the Exterminators	Rare	15364	Ambush Boost VI	0.009199632
21	Call the Exterminators	Rare	15383	Launch Resist VI	0.0137994476
21	Call the Exterminators	Rare	15384	Smash Resist VI	0.0137994476
21	Call the Exterminators	Rare	15385	Blowdown Resist VI	0.0137994476
21	Call the Exterminators	Rare	15386	Knockback Resist VI	0.0137994476
21	Call the Exterminators	Rare	15396	Reflect Damage Up VI	0.0137994476
21	Call the Exterminators	Rare	15397	Opening Art VI	0.0137994476
21	Call the Exterminators	Rare	528	War God Banner (Common)	0.00321987132
21	Call the Exterminators	Rare	537	Demon Orb (Common)	0.00321987132
21	Call the Exterminators	Rare	549	Violent Stone (Common)	0.00321987132
21	Call the Exterminators	Rare	564	Gargantuan Feather (Common)	0.00321987132
21	Call the Exterminators	Rare	579	Noise Dampener (Common)	0.00321987132
21	Call the Exterminators	Rare	529	War God Banner (Rare)	0.00321987132
21	Call the Exterminators	Rare	538	Demon Orb (Rare)	0.00321987132
21	Call the Exterminators	Rare	550	Violent Stone (Rare)	0.00321987132
21	Call the Exterminators	Rare	565	Gargantuan Feather (Rare)	0.00321987132
21	Call the Exterminators	Rare	580	Noise Dampener (Rare)	0.00321987132
21	Call the Exterminators	Rare	530	War God Banner (Legendary)	0.00321987132
21	Call the Exterminators	Rare	539	Demon Orb (Legendary)	0.00321987132
21	Call the Exterminators	Rare	551	Violent Stone (Legendary)	0.00321987132
21	Call the Exterminators	Rare	566	Gargantuan Feather (Legendary)	0.00321987132
21	Call the Exterminators	Rare	581	Noise Dampener (Legendary)	0.00321987132
21	Call the Exterminators	Rare	488	Terror Masque (Legendary)	0.00321987132
21	Call the Exterminators	Rare	494	Envoy's Footgear (Legendary)	0.00321987132
21	Call the Exterminators	Rare	15010	Physical Defense Up V	0.009199632
21	Call the Exterminators	Rare	15020	Block Rate Up V	0.009199632
21	Call the Exterminators	Rare	15066	Fusion Combo Up V	0.009199632
21	Call the Exterminators	Rare	15076	Reflect Immunity	0.009199632
21	Call the Exterminators	Rare	15091	Outdoor Attack Up V	0.009199632
21	Call the Exterminators	Rare	15153	Evasion Focus V	0.009199632
21	Call the Exterminators	Rare	15183	Break Resist V	0.009199632
21	Call the Exterminators	Rare	15198	Smash Resist V	0.009199632
21	Call the Exterminators	Rare	15208	Knockback Resist V	0.009199632
21	Call the Exterminators	Rare	15238	Arts Aggro Boost V	0.009199632
21	Call the Exterminators	Rare	15263	Sunlight Eye V	0.009199632
21	Call the Exterminators	Rare	15273	Range Boost Up V	0.009199632
21	Call the Exterminators	Rare	15288	Helping Hand V	0.009199632
21	Call the Exterminators	Rare	15308	Hunter's Chemistry V	0.009199632
21	Call the Exterminators	Rare	15318	Fast Blade Switch V	0.009199632
21	Call the Exterminators	Rare	15334	Specials Lv 3 Plus V	0.009199632
21	Call the Exterminators	Rare	15339	Specials Lv 4 Plus V	0.009199632
21	Call the Exterminators	Rare	15344	Affinity MAX Acc V	0.009199632
21	Call the Exterminators	Rare	300	Titanium Vest (Legendary)	0.002299908
21	Call the Exterminators	Rare	303	Ceramic Belt (Legendary)	0.002299908
21	Call the Exterminators	Rare	306	Fiber Hat (Legendary)	0.002299908
21	Call the Exterminators	Rare	309	Carbon Gloves (Legendary)	0.002299908
21	Call the Exterminators	Rare	312	Ester Shoes (Legendary)	0.002299908
21	Call the Exterminators	Rare	315	Comet Choker (Legendary)	0.002299908
21	Call the Exterminators	Rare	336	Optical Headband (Legendary)	0.002299908
21	Call the Exterminators	Rare	342	Graphite Greaves (Legendary)	0.002299908
21	Call the Exterminators	Rare	348	Jet Pauldrons (Legendary)	0.002299908
21	Call the Exterminators	Rare	351	Hero Vambraces (Legendary)	0.002299908
21	Call the Exterminators	Rare	357	Quantum Scarf (Legendary)	0.002299908
21	Call the Exterminators	Rare	383	World Tree Ward (Legendary)	0.002299908
21	Call the Exterminators	Rare	389	Holy Necklace (Legendary)	0.002299908
21	Call the Exterminators	Rare	393	Round Table Medal (Legendary)	0.002299908
21	Call the Exterminators	Rare	396	Nano-Metal Gauntlet (Legendary)	0.002299908
21	Call the Exterminators	Rare	399	Hi-Tech Eyepatch (Legendary)	0.002299908
21	Call the Exterminators	Rare	10056	Positron Chip	0.004599816
21	Call the Exterminators	Rare	15356	Beast Hunter VI	0.009199632
21	Call the Exterminators	Rare	15357	Insect Hunter VI	0.009199632
21	Call the Exterminators	Rare	15358	Aerial Hunter VI	0.009199632
21	Call the Exterminators	Rare	15359	Aquatic Hunter VI	0.009199632
21	Call the Exterminators	Rare	15360	Humanoid Hunter VI	0.009199632
21	Call the Exterminators	Rare	15361	Machine Hunter VI	0.009199632
21	Call the Exterminators	Rare	15362	Titan Hunter VI	0.009199632
21	Call the Exterminators	Rare	15382	Topple Resist VI	0.009199632
21	Call the Exterminators	Rare	15387	Auto-Attack Stealth VI	0.009199632
21	Call the Exterminators	Rare	15388	Aggro Boost VI	0.009199632
21	Call the Exterminators	Rare	15389	Arts Stealth VI	0.009199632
21	Call the Exterminators	Rare	15390	Arts Aggro Boost VI	0.009199632
21	Call the Exterminators	Rare	15394	Night Vision VI	0.009199632
21	Call the Exterminators	Rare	15395	Sunlight Eye VI	0.009199632
21	Call the Exterminators	Rare	15401	Specials Lv 1 Plus VI	0.009199632
21	Call the Exterminators	Rare	15402	Specials Lv 2 Plus VI	0.009199632
21	Call the Exterminators	Rare	15403	Specials Lv 3 Plus VI	0.009199632
21	Call the Exterminators	Rare	15404	Specials Lv 4 Plus VI	0.009199632
21	Call the Exterminators	Rare	465	Augmented Vision Kit (Common)	0.002299908
21	Call the Exterminators	Rare	468	Charm Bangle (Common)	0.002299908
21	Call the Exterminators	Rare	474	Seven-League Circlet (Common)	0.002299908
21	Call the Exterminators	Rare	498	Twin Trunks Vest (Common)	0.002299908
21	Call the Exterminators	Rare	507	Vivid Mitts (Common)	0.002299908
21	Call the Exterminators	Rare	510	Dauntless Boots (Common)	0.002299908
21	Call the Exterminators	Rare	513	Sunlight Choker (Common)	0.002299908
21	Call the Exterminators	Rare	525	Staunch Boots (Common)	0.002299908
21	Call the Exterminators	Rare	552	Enlightened Loincloth (Common)	0.002299908
21	Call the Exterminators	Rare	555	Glamorous Swimsuit (Common)	0.002299908
21	Call the Exterminators	Rare	558	Vanish Hood (Common)	0.002299908
21	Call the Exterminators	Rare	561	Platinum Nopon Mask (Common)	0.002299908
21	Call the Exterminators	Rare	573	Beatific Medal (Common)	0.002299908
21	Call the Exterminators	Rare	466	Augmented Vision Kit (Rare)	0.002299908
21	Call the Exterminators	Rare	469	Charm Bangle (Rare)	0.002299908
21	Call the Exterminators	Rare	475	Seven-League Circlet (Rare)	0.002299908
21	Call the Exterminators	Rare	499	Twin Trunks Vest (Rare)	0.002299908
21	Call the Exterminators	Rare	508	Vivid Mitts (Rare)	0.002299908
21	Call the Exterminators	Rare	511	Dauntless Boots (Rare)	0.002299908
21	Call the Exterminators	Rare	514	Sunlight Choker (Rare)	0.002299908
21	Call the Exterminators	Rare	526	Staunch Boots (Rare)	0.002299908
21	Call the Exterminators	Rare	553	Enlightened Loincloth (Rare)	0.002299908
21	Call the Exterminators	Rare	556	Glamorous Swimsuit (Rare)	0.002299908
21	Call the Exterminators	Rare	559	Vanish Hood (Rare)	0.002299908
21	Call the Exterminators	Rare	562	Platinum Nopon Mask (Rare)	0.002299908
21	Call the Exterminators	Rare	574	Beatific Medal (Rare)	0.002299908
21	Call the Exterminators	Rare	467	Augmented Vision Kit (Legendary)	0.002299908
21	Call the Exterminators	Rare	470	Charm Bangle (Legendary)	0.002299908
21	Call the Exterminators	Rare	476	Seven-League Circlet (Legendary)	0.002299908
21	Call the Exterminators	Rare	500	Twin Trunks Vest (Legendary)	0.002299908
21	Call the Exterminators	Rare	509	Vivid Mitts (Legendary)	0.002299908
21	Call the Exterminators	Rare	512	Dauntless Boots (Legendary)	0.002299908
21	Call the Exterminators	Rare	515	Sunlight Choker (Legendary)	0.002299908
21	Call the Exterminators	Rare	527	Staunch Boots (Legendary)	0.002299908
21	Call the Exterminators	Rare	554	Enlightened Loincloth (Legendary)	0.002299908
21	Call the Exterminators	Rare	557	Glamorous Swimsuit (Legendary)	0.002299908
21	Call the Exterminators	Rare	560	Vanish Hood (Legendary)	0.002299908
21	Call the Exterminators	Rare	563	Platinum Nopon Mask (Legendary)	0.002299908
21	Call the Exterminators	Rare	575	Beatific Medal (Legendary)	0.002299908
21	Call the Exterminators	Legendary	15010	Physical Defense Up V	0.0118694361
21	Call the Exterminators	Legendary	15020	Block Rate Up V	0.0118694361
21	Call the Exterminators	Legendary	15066	Fusion Combo Up V	0.0118694361
21	Call the Exterminators	Legendary	15076	Reflect Immunity	0.0118694361
21	Call the Exterminators	Legendary	15091	Outdoor Attack Up V	0.0118694361
21	Call the Exterminators	Legendary	15153	Evasion Focus V	0.0118694361
21	Call the Exterminators	Legendary	15183	Break Resist V	0.0118694361
21	Call the Exterminators	Legendary	15198	Smash Resist V	0.0118694361
21	Call the Exterminators	Legendary	15208	Knockback Resist V	0.0118694361
21	Call the Exterminators	Legendary	15238	Arts Aggro Boost V	0.0118694361
21	Call the Exterminators	Legendary	15263	Sunlight Eye V	0.0118694361
21	Call the Exterminators	Legendary	15273	Range Boost Up V	0.0118694361
21	Call the Exterminators	Legendary	15288	Helping Hand V	0.0118694361
21	Call the Exterminators	Legendary	15308	Hunter's Chemistry V	0.0118694361
21	Call the Exterminators	Legendary	15318	Fast Blade Switch V	0.0118694361
21	Call the Exterminators	Legendary	15334	Specials Lv 3 Plus V	0.0118694361
21	Call the Exterminators	Legendary	15339	Specials Lv 4 Plus V	0.0118694361
21	Call the Exterminators	Legendary	15344	Affinity MAX Acc V	0.0118694361
21	Call the Exterminators	Legendary	300	Titanium Vest (Legendary)	0.002967359
21	Call the Exterminators	Legendary	303	Ceramic Belt (Legendary)	0.002967359
21	Call the Exterminators	Legendary	306	Fiber Hat (Legendary)	0.002967359
21	Call the Exterminators	Legendary	309	Carbon Gloves (Legendary)	0.002967359
21	Call the Exterminators	Legendary	312	Ester Shoes (Legendary)	0.002967359
21	Call the Exterminators	Legendary	315	Comet Choker (Legendary)	0.002967359
21	Call the Exterminators	Legendary	336	Optical Headband (Legendary)	0.002967359
21	Call the Exterminators	Legendary	342	Graphite Greaves (Legendary)	0.002967359
21	Call the Exterminators	Legendary	348	Jet Pauldrons (Legendary)	0.002967359
21	Call the Exterminators	Legendary	351	Hero Vambraces (Legendary)	0.002967359
21	Call the Exterminators	Legendary	357	Quantum Scarf (Legendary)	0.002967359
21	Call the Exterminators	Legendary	383	World Tree Ward (Legendary)	0.002967359
21	Call the Exterminators	Legendary	389	Holy Necklace (Legendary)	0.002967359
21	Call the Exterminators	Legendary	393	Round Table Medal (Legendary)	0.002967359
21	Call the Exterminators	Legendary	396	Nano-Metal Gauntlet (Legendary)	0.002967359
21	Call the Exterminators	Legendary	399	Hi-Tech Eyepatch (Legendary)	0.002967359
21	Call the Exterminators	Legendary	10056	Positron Chip	0.005934718
21	Call the Exterminators	Legendary	15356	Beast Hunter VI	0.0118694361
21	Call the Exterminators	Legendary	15357	Insect Hunter VI	0.0118694361
21	Call the Exterminators	Legendary	15358	Aerial Hunter VI	0.0118694361
21	Call the Exterminators	Legendary	15359	Aquatic Hunter VI	0.0118694361
21	Call the Exterminators	Legendary	15360	Humanoid Hunter VI	0.0118694361
21	Call the Exterminators	Legendary	15361	Machine Hunter VI	0.0118694361
21	Call the Exterminators	Legendary	15362	Titan Hunter VI	0.0118694361
21	Call the Exterminators	Legendary	15382	Topple Resist VI	0.0118694361
21	Call the Exterminators	Legendary	15387	Auto-Attack Stealth VI	0.0118694361
21	Call the Exterminators	Legendary	15388	Aggro Boost VI	0.0118694361
21	Call the Exterminators	Legendary	15389	Arts Stealth VI	0.0118694361
21	Call the Exterminators	Legendary	15390	Arts Aggro Boost VI	0.0118694361
21	Call the Exterminators	Legendary	15394	Night Vision VI	0.0118694361
21	Call the Exterminators	Legendary	15395	Sunlight Eye VI	0.0118694361
21	Call the Exterminators	Legendary	15401	Specials Lv 1 Plus VI	0.0118694361
21	Call the Exterminators	Legendary	15402	Specials Lv 2 Plus VI	0.0118694361
21	Call the Exterminators	Legendary	15403	Specials Lv 3 Plus VI	0.0118694361
21	Call the Exterminators	Legendary	15404	Specials Lv 4 Plus VI	0.0118694361
21	Call the Exterminators	Legendary	465	Augmented Vision Kit (Common)	0.002967359
21	Call the Exterminators	Legendary	468	Charm Bangle (Common)	0.002967359
21	Call the Exterminators	Legendary	474	Seven-League Circlet (Common)	0.002967359
21	Call the Exterminators	Legendary	498	Twin Trunks Vest (Common)	0.002967359
21	Call the Exterminators	Legendary	507	Vivid Mitts (Common)	0.002967359
21	Call the Exterminators	Legendary	510	Dauntless Boots (Common)	0.002967359
21	Call the Exterminators	Legendary	513	Sunlight Choker (Common)	0.002967359
21	Call the Exterminators	Legendary	525	Staunch Boots (Common)	0.002967359
21	Call the Exterminators	Legendary	552	Enlightened Loincloth (Common)	0.002967359
21	Call the Exterminators	Legendary	555	Glamorous Swimsuit (Common)	0.002967359
21	Call the Exterminators	Legendary	558	Vanish Hood (Common)	0.002967359
21	Call the Exterminators	Legendary	561	Platinum Nopon Mask (Common)	0.002967359
21	Call the Exterminators	Legendary	573	Beatific Medal (Common)	0.002967359
21	Call the Exterminators	Legendary	466	Augmented Vision Kit (Rare)	0.002967359
21	Call the Exterminators	Legendary	469	Charm Bangle (Rare)	0.002967359
21	Call the Exterminators	Legendary	475	Seven-League Circlet (Rare)	0.002967359
21	Call the Exterminators	Legendary	499	Twin Trunks Vest (Rare)	0.002967359
21	Call the Exterminators	Legendary	508	Vivid Mitts (Rare)	0.002967359
21	Call the Exterminators	Legendary	511	Dauntless Boots (Rare)	0.002967359
21	Call the Exterminators	Legendary	514	Sunlight Choker (Rare)	0.002967359
21	Call the Exterminators	Legendary	526	Staunch Boots (Rare)	0.002967359
21	Call the Exterminators	Legendary	553	Enlightened Loincloth (Rare)	0.002967359
21	Call the Exterminators	Legendary	556	Glamorous Swimsuit (Rare)	0.002967359
21	Call the Exterminators	Legendary	559	Vanish Hood (Rare)	0.002967359
21	Call the Exterminators	Legendary	562	Platinum Nopon Mask (Rare)	0.002967359
21	Call the Exterminators	Legendary	574	Beatific Medal (Rare)	0.002967359
21	Call the Exterminators	Legendary	467	Augmented Vision Kit (Legendary)	0.002967359
21	Call the Exterminators	Legendary	470	Charm Bangle (Legendary)	0.002967359
21	Call the Exterminators	Legendary	476	Seven-League Circlet (Legendary)	0.002967359
21	Call the Exterminators	Legendary	500	Twin Trunks Vest (Legendary)	0.002967359
21	Call the Exterminators	Legendary	509	Vivid Mitts (Legendary)	0.002967359
21	Call the Exterminators	Legendary	512	Dauntless Boots (Legendary)	0.002967359
21	Call the Exterminators	Legendary	515	Sunlight Choker (Legendary)	0.002967359
21	Call the Exterminators	Legendary	527	Staunch Boots (Legendary)	0.002967359
21	Call the Exterminators	Legendary	554	Enlightened Loincloth (Legendary)	0.002967359
21	Call the Exterminators	Legendary	557	Glamorous Swimsuit (Legendary)	0.002967359
21	Call the Exterminators	Legendary	560	Vanish Hood (Legendary)	0.002967359
21	Call the Exterminators	Legendary	563	Platinum Nopon Mask (Legendary)	0.002967359
21	Call the Exterminators	Legendary	575	Beatific Medal (Legendary)	0.002967359
21	Call the Exterminators	Legendary	15005	Critical Up V	0.0118694361
21	Call the Exterminators	Legendary	15015	Ether Defense Up V	0.0118694361
21	Call the Exterminators	Legendary	15060	Blade Combo Boost V	0.0118694361
21	Call the Exterminators	Legendary	15158	Swift Evasion V	0.0118694361
21	Call the Exterminators	Legendary	15168	Endurance V	0.0118694361
21	Call the Exterminators	Legendary	15233	Arts Stealth V	0.0118694361
21	Call the Exterminators	Legendary	15248	Movement Heal V	0.0118694361
21	Call the Exterminators	Legendary	15253	Damage Heal V	0.0118694361
21	Call the Exterminators	Legendary	15303	Affinity MAX Evade V	0.0118694361
21	Call the Exterminators	Legendary	10057	Hadron Chip	0.005934718
21	Call the Exterminators	Legendary	15353	Physical Defense Up VI	0.0118694361
21	Call the Exterminators	Legendary	15354	Ether Defense Up VI	0.0118694361
21	Call the Exterminators	Legendary	15368	Fire Def Up VI	0.0178041551
21	Call the Exterminators	Legendary	15369	Water Def Up VI	0.0178041551
21	Call the Exterminators	Legendary	15370	Wind Def Up VI	0.0178041551
21	Call the Exterminators	Legendary	15371	Earth Def Up VI	0.0178041551
21	Call the Exterminators	Legendary	15372	Electric Def Up VI	0.0178041551
21	Call the Exterminators	Legendary	15373	Ice Def Up VI	0.0178041551
21	Call the Exterminators	Legendary	15374	Light Def Up VI	0.0178041551
21	Call the Exterminators	Legendary	15375	Dark Def Up VI	0.0178041551
21	Call the Exterminators	Legendary	15381	Break Resist VI	0.0118694361
21	Call the Exterminators	Legendary	15405	Affinity MAX Acc VI	0.0118694361
21	Call the Exterminators	Legendary	456	Consul Greaves (Common)	0.002967359
21	Call the Exterminators	Legendary	489	Abyss Masque (Common)	0.002967359
21	Call the Exterminators	Legendary	495	Survivor's Footgear (Common)	0.002967359
21	Call the Exterminators	Legendary	501	Beast-Hide Vest (Common)	0.002967359
21	Call the Exterminators	Legendary	504	Prairie Cap (Common)	0.002967359
21	Call the Exterminators	Legendary	519	Crimson Headband (Common)	0.005934718
21	Call the Exterminators	Legendary	531	Consul Pauldrons (Common)	0.002967359
21	Call the Exterminators	Legendary	534	Divine Vambraces (Common)	0.002967359
21	Call the Exterminators	Legendary	540	Tachyon Scarf (Common)	0.005934718
21	Call the Exterminators	Legendary	576	Carbon Gauntlet (Common)	0.002967359
21	Call the Exterminators	Legendary	457	Consul Greaves (Rare)	0.002967359
21	Call the Exterminators	Legendary	490	Abyss Masque (Rare)	0.002967359
21	Call the Exterminators	Legendary	496	Survivor's Footgear (Rare)	0.002967359
21	Call the Exterminators	Legendary	502	Beast-Hide Vest (Rare)	0.002967359
21	Call the Exterminators	Legendary	505	Prairie Cap (Rare)	0.002967359
21	Call the Exterminators	Legendary	520	Crimson Headband (Rare)	0.002967359
21	Call the Exterminators	Legendary	532	Consul Pauldrons (Rare)	0.002967359
21	Call the Exterminators	Legendary	535	Divine Vambraces (Rare)	0.002967359
21	Call the Exterminators	Legendary	541	Tachyon Scarf (Rare)	0.002967359
21	Call the Exterminators	Legendary	577	Carbon Gauntlet (Rare)	0.002967359
21	Call the Exterminators	Legendary	458	Consul Greaves (Legendary)	0.002967359
21	Call the Exterminators	Legendary	491	Abyss Masque (Legendary)	0.002967359
21	Call the Exterminators	Legendary	497	Survivor's Footgear (Legendary)	0.002967359
21	Call the Exterminators	Legendary	503	Beast-Hide Vest (Legendary)	0.002967359
21	Call the Exterminators	Legendary	506	Prairie Cap (Legendary)	0.002967359
21	Call the Exterminators	Legendary	521	Crimson Headband (Legendary)	0.002967359
21	Call the Exterminators	Legendary	533	Consul Pauldrons (Legendary)	0.002967359
21	Call the Exterminators	Legendary	536	Divine Vambraces (Legendary)	0.002967359
21	Call the Exterminators	Legendary	542	Tachyon Scarf (Legendary)	0.002967359
21	Call the Exterminators	Legendary	578	Carbon Gauntlet (Legendary)	0.002967359
21	Call the Exterminators	Legendary	25406	Intermediate Weaponry	0.005934718
22	Attack of the Aspar	Common	15030	Insect Hunter V	0.0114285713
22	Attack of the Aspar	Common	15040	Aquatic Hunter V	0.0114285713
22	Attack of the Aspar	Common	15025	Beast Hunter V	0.0114285713
22	Attack of the Aspar	Common	15035	Aerial Hunter V	0.0114285713
22	Attack of the Aspar	Common	15045	Humanoid Hunter V	0.0114285713
22	Attack of the Aspar	Common	15055	Titan Hunter V	0.0114285713
22	Attack of the Aspar	Common	15050	Machine Hunter V	0.0114285713
22	Attack of the Aspar	Common	15071	Ambush Boost V	0.0114285713
22	Attack of the Aspar	Common	15081	Aggro Attack Up V	0.0114285713
22	Attack of the Aspar	Common	15086	Indoor Attack Up V	0.0114285713
22	Attack of the Aspar	Common	15096	Fire Def Up V	0.0114285713
22	Attack of the Aspar	Common	15101	Water Def Up V	0.0114285713
22	Attack of the Aspar	Common	15106	Earth Def Up V	0.0114285713
22	Attack of the Aspar	Common	15111	Wind Def Up V	0.0114285713
22	Attack of the Aspar	Common	15116	Electric Def Up V	0.0114285713
22	Attack of the Aspar	Common	15121	Ice Def Up V	0.0114285713
22	Attack of the Aspar	Common	15126	Dark Def Up V	0.0114285713
22	Attack of the Aspar	Common	15131	Light Def Up V	0.0114285713
22	Attack of the Aspar	Common	15163	Emergency Guard V	0.0114285713
22	Attack of the Aspar	Common	15173	HP Attack Boost V	0.0114285713
22	Attack of the Aspar	Common	15178	Spike Defense V	0.0114285713
22	Attack of the Aspar	Common	15188	Topple Resist V	0.0114285713
22	Attack of the Aspar	Common	15193	Launch Resist V	0.0114285713
22	Attack of the Aspar	Common	15203	Blowdown Resist V	0.0114285713
22	Attack of the Aspar	Common	15218	Shackle Blade Resist V	0.0114285713
22	Attack of the Aspar	Common	15223	Auto-Attack Stealth V	0.0114285713
22	Attack of the Aspar	Common	15228	Aggro Boost V	0.0114285713
22	Attack of the Aspar	Common	15243	Arts Heal V	0.0114285713
22	Attack of the Aspar	Common	15258	Night Vision V	0.0114285713
22	Attack of the Aspar	Common	15268	Reflect Damage Up V	0.0114285713
22	Attack of the Aspar	Common	15278	Opening Art V	0.0114285713
22	Attack of the Aspar	Common	15283	Telepathy V	0.0114285713
22	Attack of the Aspar	Common	15293	Affinity MAX Barrier V	0.0114285713
22	Attack of the Aspar	Common	15298	Affinity MAX Atk V	0.0114285713
22	Attack of the Aspar	Common	15313	Shoulder to Shoulder V	0.0114285713
22	Attack of the Aspar	Common	15324	Specials Lv 1 Plus V	0.0114285713
22	Attack of the Aspar	Common	15329	Specials Lv 2 Plus V	0.0114285713
22	Attack of the Aspar	Common	15349	Jamming V	0.0114285713
22	Attack of the Aspar	Common	333	Avant-Garde Medal (Legendary)	0.0114285713
22	Attack of the Aspar	Common	345	Ancient Banner (Legendary)	0.0114285713
22	Attack of the Aspar	Common	354	Bloody Orb (Legendary)	0.0114285713
22	Attack of the Aspar	Common	405	Critical Symbol (Legendary)	0.0114285713
22	Attack of the Aspar	Common	116	Resurrection Symbol (Legendary)	0.0114285713
22	Attack of the Aspar	Common	408	Sword Attachment (Legendary)	0.0114285713
22	Attack of the Aspar	Common	409	Scimitar Attachment (Legendary)	0.0114285713
22	Attack of the Aspar	Common	416	Scythe Attachment (Legendary)	0.0114285713
22	Attack of the Aspar	Common	431	Rebirth Amulet (Legendary)	0.0114285713
22	Attack of the Aspar	Common	432	Beta Scope (Legendary)	0.0114285713
22	Attack of the Aspar	Common	10046	Howardite Chip	0.0114285713
22	Attack of the Aspar	Common	10047	Aubrite Chip	0.0114285713
22	Attack of the Aspar	Common	10050	Axion Chip	0.0114285713
22	Attack of the Aspar	Common	10051	Mirror Matter Chip	0.0114285713
22	Attack of the Aspar	Common	15364	Ambush Boost VI	0.0114285713
22	Attack of the Aspar	Common	15383	Launch Resist VI	0.0171428565
22	Attack of the Aspar	Common	15384	Smash Resist VI	0.0171428565
22	Attack of the Aspar	Common	15385	Blowdown Resist VI	0.0171428565
22	Attack of the Aspar	Common	15386	Knockback Resist VI	0.0171428565
22	Attack of the Aspar	Common	15396	Reflect Damage Up VI	0.0171428565
22	Attack of the Aspar	Common	15397	Opening Art VI	0.0171428565
22	Attack of the Aspar	Common	528	War God Banner (Common)	0.0171428565
22	Attack of the Aspar	Common	537	Demon Orb (Common)	0.0171428565
22	Attack of the Aspar	Common	549	Violent Stone (Common)	0.0171428565
22	Attack of the Aspar	Common	564	Gargantuan Feather (Common)	0.0171428565
22	Attack of the Aspar	Common	579	Noise Dampener (Common)	0.0171428565
22	Attack of the Aspar	Common	529	War God Banner (Rare)	0.0171428565
22	Attack of the Aspar	Common	538	Demon Orb (Rare)	0.0171428565
22	Attack of the Aspar	Common	550	Violent Stone (Rare)	0.0171428565
22	Attack of the Aspar	Common	565	Gargantuan Feather (Rare)	0.0171428565
22	Attack of the Aspar	Common	580	Noise Dampener (Rare)	0.0171428565
22	Attack of the Aspar	Common	530	War God Banner (Legendary)	0.0171428565
22	Attack of the Aspar	Common	539	Demon Orb (Legendary)	0.0171428565
22	Attack of the Aspar	Common	551	Violent Stone (Legendary)	0.0171428565
22	Attack of the Aspar	Common	566	Gargantuan Feather (Legendary)	0.0171428565
22	Attack of the Aspar	Common	581	Noise Dampener (Legendary)	0.0171428565
22	Attack of the Aspar	Common	488	Terror Masque (Legendary)	0.0171428565
22	Attack of the Aspar	Common	494	Envoy's Footgear (Legendary)	0.0171428565
22	Attack of the Aspar	Rare	15030	Insect Hunter V	0.00557103055
22	Attack of the Aspar	Rare	15040	Aquatic Hunter V	0.00557103055
22	Attack of the Aspar	Rare	15025	Beast Hunter V	0.00557103055
22	Attack of the Aspar	Rare	15035	Aerial Hunter V	0.00557103055
22	Attack of the Aspar	Rare	15045	Humanoid Hunter V	0.00557103055
22	Attack of the Aspar	Rare	15055	Titan Hunter V	0.00557103055
22	Attack of the Aspar	Rare	15050	Machine Hunter V	0.00557103055
22	Attack of the Aspar	Rare	15071	Ambush Boost V	0.00557103055
22	Attack of the Aspar	Rare	15081	Aggro Attack Up V	0.00557103055
22	Attack of the Aspar	Rare	15086	Indoor Attack Up V	0.00557103055
22	Attack of the Aspar	Rare	15096	Fire Def Up V	0.00557103055
22	Attack of the Aspar	Rare	15101	Water Def Up V	0.00557103055
22	Attack of the Aspar	Rare	15106	Earth Def Up V	0.00557103055
22	Attack of the Aspar	Rare	15111	Wind Def Up V	0.00557103055
22	Attack of the Aspar	Rare	15116	Electric Def Up V	0.00557103055
22	Attack of the Aspar	Rare	15121	Ice Def Up V	0.00557103055
22	Attack of the Aspar	Rare	15126	Dark Def Up V	0.00557103055
22	Attack of the Aspar	Rare	15131	Light Def Up V	0.00557103055
22	Attack of the Aspar	Rare	15163	Emergency Guard V	0.00557103055
22	Attack of the Aspar	Rare	15173	HP Attack Boost V	0.00557103055
22	Attack of the Aspar	Rare	15178	Spike Defense V	0.00557103055
22	Attack of the Aspar	Rare	15188	Topple Resist V	0.00557103055
22	Attack of the Aspar	Rare	15193	Launch Resist V	0.00557103055
22	Attack of the Aspar	Rare	15203	Blowdown Resist V	0.00557103055
22	Attack of the Aspar	Rare	15218	Shackle Blade Resist V	0.00557103055
22	Attack of the Aspar	Rare	15223	Auto-Attack Stealth V	0.00557103055
22	Attack of the Aspar	Rare	15228	Aggro Boost V	0.00557103055
22	Attack of the Aspar	Rare	15243	Arts Heal V	0.00557103055
22	Attack of the Aspar	Rare	15258	Night Vision V	0.00557103055
22	Attack of the Aspar	Rare	15268	Reflect Damage Up V	0.00557103055
22	Attack of the Aspar	Rare	15278	Opening Art V	0.00557103055
22	Attack of the Aspar	Rare	15283	Telepathy V	0.00557103055
22	Attack of the Aspar	Rare	15293	Affinity MAX Barrier V	0.00557103055
22	Attack of the Aspar	Rare	15298	Affinity MAX Atk V	0.00557103055
22	Attack of the Aspar	Rare	15313	Shoulder to Shoulder V	0.00557103055
22	Attack of the Aspar	Rare	15324	Specials Lv 1 Plus V	0.00557103055
22	Attack of the Aspar	Rare	15329	Specials Lv 2 Plus V	0.00557103055
22	Attack of the Aspar	Rare	15349	Jamming V	0.00557103055
22	Attack of the Aspar	Rare	333	Avant-Garde Medal (Legendary)	0.00557103055
22	Attack of the Aspar	Rare	345	Ancient Banner (Legendary)	0.00557103055
22	Attack of the Aspar	Rare	354	Bloody Orb (Legendary)	0.00557103055
22	Attack of the Aspar	Rare	405	Critical Symbol (Legendary)	0.00557103055
22	Attack of the Aspar	Rare	116	Resurrection Symbol (Legendary)	0.00557103055
22	Attack of the Aspar	Rare	408	Sword Attachment (Legendary)	0.00557103055
22	Attack of the Aspar	Rare	409	Scimitar Attachment (Legendary)	0.00557103055
22	Attack of the Aspar	Rare	416	Scythe Attachment (Legendary)	0.00557103055
22	Attack of the Aspar	Rare	431	Rebirth Amulet (Legendary)	0.00557103055
22	Attack of the Aspar	Rare	432	Beta Scope (Legendary)	0.00557103055
22	Attack of the Aspar	Rare	10046	Howardite Chip	0.00557103055
22	Attack of the Aspar	Rare	10047	Aubrite Chip	0.00557103055
22	Attack of the Aspar	Rare	10050	Axion Chip	0.00557103055
22	Attack of the Aspar	Rare	10051	Mirror Matter Chip	0.00557103055
22	Attack of the Aspar	Rare	15364	Ambush Boost VI	0.00557103055
22	Attack of the Aspar	Rare	15383	Launch Resist VI	0.008356546
22	Attack of the Aspar	Rare	15384	Smash Resist VI	0.008356546
22	Attack of the Aspar	Rare	15385	Blowdown Resist VI	0.008356546
22	Attack of the Aspar	Rare	15386	Knockback Resist VI	0.008356546
22	Attack of the Aspar	Rare	15396	Reflect Damage Up VI	0.008356546
22	Attack of the Aspar	Rare	15397	Opening Art VI	0.008356546
22	Attack of the Aspar	Rare	528	War God Banner (Common)	0.008356546
22	Attack of the Aspar	Rare	537	Demon Orb (Common)	0.008356546
22	Attack of the Aspar	Rare	549	Violent Stone (Common)	0.008356546
22	Attack of the Aspar	Rare	564	Gargantuan Feather (Common)	0.008356546
22	Attack of the Aspar	Rare	579	Noise Dampener (Common)	0.008356546
22	Attack of the Aspar	Rare	529	War God Banner (Rare)	0.008356546
22	Attack of the Aspar	Rare	538	Demon Orb (Rare)	0.008356546
22	Attack of the Aspar	Rare	550	Violent Stone (Rare)	0.008356546
22	Attack of the Aspar	Rare	565	Gargantuan Feather (Rare)	0.008356546
22	Attack of the Aspar	Rare	580	Noise Dampener (Rare)	0.008356546
22	Attack of the Aspar	Rare	530	War God Banner (Legendary)	0.008356546
22	Attack of the Aspar	Rare	539	Demon Orb (Legendary)	0.008356546
22	Attack of the Aspar	Rare	551	Violent Stone (Legendary)	0.008356546
22	Attack of the Aspar	Rare	566	Gargantuan Feather (Legendary)	0.008356546
22	Attack of the Aspar	Rare	581	Noise Dampener (Legendary)	0.008356546
22	Attack of the Aspar	Rare	488	Terror Masque (Legendary)	0.008356546
22	Attack of the Aspar	Rare	494	Envoy's Footgear (Legendary)	0.008356546
22	Attack of the Aspar	Rare	15010	Physical Defense Up V	0.00557103055
22	Attack of the Aspar	Rare	15020	Block Rate Up V	0.00557103055
22	Attack of the Aspar	Rare	15066	Fusion Combo Up V	0.00557103055
22	Attack of the Aspar	Rare	15076	Reflect Immunity	0.00557103055
22	Attack of the Aspar	Rare	15091	Outdoor Attack Up V	0.00557103055
22	Attack of the Aspar	Rare	15153	Evasion Focus V	0.00557103055
22	Attack of the Aspar	Rare	15183	Break Resist V	0.00557103055
22	Attack of the Aspar	Rare	15198	Smash Resist V	0.00557103055
22	Attack of the Aspar	Rare	15208	Knockback Resist V	0.00557103055
22	Attack of the Aspar	Rare	15238	Arts Aggro Boost V	0.00557103055
22	Attack of the Aspar	Rare	15263	Sunlight Eye V	0.00557103055
22	Attack of the Aspar	Rare	15273	Range Boost Up V	0.00557103055
22	Attack of the Aspar	Rare	15288	Helping Hand V	0.00557103055
22	Attack of the Aspar	Rare	15308	Hunter's Chemistry V	0.00557103055
22	Attack of the Aspar	Rare	15318	Fast Blade Switch V	0.00557103055
22	Attack of the Aspar	Rare	15334	Specials Lv 3 Plus V	0.00557103055
22	Attack of the Aspar	Rare	15339	Specials Lv 4 Plus V	0.00557103055
22	Attack of the Aspar	Rare	15344	Affinity MAX Acc V	0.00557103055
22	Attack of the Aspar	Rare	300	Titanium Vest (Legendary)	0.00557103055
22	Attack of the Aspar	Rare	303	Ceramic Belt (Legendary)	0.00557103055
22	Attack of the Aspar	Rare	306	Fiber Hat (Legendary)	0.00557103055
22	Attack of the Aspar	Rare	309	Carbon Gloves (Legendary)	0.00557103055
22	Attack of the Aspar	Rare	312	Ester Shoes (Legendary)	0.00557103055
22	Attack of the Aspar	Rare	315	Comet Choker (Legendary)	0.00557103055
22	Attack of the Aspar	Rare	336	Optical Headband (Legendary)	0.00557103055
22	Attack of the Aspar	Rare	342	Graphite Greaves (Legendary)	0.00557103055
22	Attack of the Aspar	Rare	348	Jet Pauldrons (Legendary)	0.00557103055
22	Attack of the Aspar	Rare	351	Hero Vambraces (Legendary)	0.00557103055
22	Attack of the Aspar	Rare	357	Quantum Scarf (Legendary)	0.00557103055
22	Attack of the Aspar	Rare	383	World Tree Ward (Legendary)	0.00557103055
22	Attack of the Aspar	Rare	389	Holy Necklace (Legendary)	0.00557103055
22	Attack of the Aspar	Rare	393	Round Table Medal (Legendary)	0.00557103055
22	Attack of the Aspar	Rare	396	Nano-Metal Gauntlet (Legendary)	0.00557103055
22	Attack of the Aspar	Rare	399	Hi-Tech Eyepatch (Legendary)	0.00557103055
22	Attack of the Aspar	Rare	10056	Positron Chip	0.00557103055
22	Attack of the Aspar	Rare	15356	Beast Hunter VI	0.00557103055
22	Attack of the Aspar	Rare	15357	Insect Hunter VI	0.00557103055
22	Attack of the Aspar	Rare	15358	Aerial Hunter VI	0.00557103055
22	Attack of the Aspar	Rare	15359	Aquatic Hunter VI	0.00557103055
22	Attack of the Aspar	Rare	15360	Humanoid Hunter VI	0.00557103055
22	Attack of the Aspar	Rare	15361	Machine Hunter VI	0.00557103055
22	Attack of the Aspar	Rare	15362	Titan Hunter VI	0.00557103055
22	Attack of the Aspar	Rare	15382	Topple Resist VI	0.00557103055
22	Attack of the Aspar	Rare	15387	Auto-Attack Stealth VI	0.00557103055
22	Attack of the Aspar	Rare	15388	Aggro Boost VI	0.00557103055
22	Attack of the Aspar	Rare	15389	Arts Stealth VI	0.00557103055
22	Attack of the Aspar	Rare	15390	Arts Aggro Boost VI	0.00557103055
22	Attack of the Aspar	Rare	15394	Night Vision VI	0.00557103055
22	Attack of the Aspar	Rare	15395	Sunlight Eye VI	0.00557103055
22	Attack of the Aspar	Rare	15401	Specials Lv 1 Plus VI	0.00557103055
22	Attack of the Aspar	Rare	15402	Specials Lv 2 Plus VI	0.00557103055
22	Attack of the Aspar	Rare	15403	Specials Lv 3 Plus VI	0.00557103055
22	Attack of the Aspar	Rare	15404	Specials Lv 4 Plus VI	0.00557103055
22	Attack of the Aspar	Rare	465	Augmented Vision Kit (Common)	0.00557103055
22	Attack of the Aspar	Rare	468	Charm Bangle (Common)	0.00557103055
22	Attack of the Aspar	Rare	474	Seven-League Circlet (Common)	0.00557103055
22	Attack of the Aspar	Rare	498	Twin Trunks Vest (Common)	0.00557103055
22	Attack of the Aspar	Rare	507	Vivid Mitts (Common)	0.00557103055
22	Attack of the Aspar	Rare	510	Dauntless Boots (Common)	0.00557103055
22	Attack of the Aspar	Rare	513	Sunlight Choker (Common)	0.00557103055
22	Attack of the Aspar	Rare	525	Staunch Boots (Common)	0.00557103055
22	Attack of the Aspar	Rare	552	Enlightened Loincloth (Common)	0.00557103055
22	Attack of the Aspar	Rare	555	Glamorous Swimsuit (Common)	0.00557103055
22	Attack of the Aspar	Rare	558	Vanish Hood (Common)	0.00557103055
22	Attack of the Aspar	Rare	561	Platinum Nopon Mask (Common)	0.00557103055
22	Attack of the Aspar	Rare	573	Beatific Medal (Common)	0.00557103055
22	Attack of the Aspar	Rare	466	Augmented Vision Kit (Rare)	0.00557103055
22	Attack of the Aspar	Rare	469	Charm Bangle (Rare)	0.00557103055
22	Attack of the Aspar	Rare	475	Seven-League Circlet (Rare)	0.00557103055
22	Attack of the Aspar	Rare	499	Twin Trunks Vest (Rare)	0.00557103055
22	Attack of the Aspar	Rare	508	Vivid Mitts (Rare)	0.00557103055
22	Attack of the Aspar	Rare	511	Dauntless Boots (Rare)	0.00557103055
22	Attack of the Aspar	Rare	514	Sunlight Choker (Rare)	0.00557103055
22	Attack of the Aspar	Rare	526	Staunch Boots (Rare)	0.00557103055
22	Attack of the Aspar	Rare	553	Enlightened Loincloth (Rare)	0.00557103055
22	Attack of the Aspar	Rare	556	Glamorous Swimsuit (Rare)	0.00557103055
22	Attack of the Aspar	Rare	559	Vanish Hood (Rare)	0.00557103055
22	Attack of the Aspar	Rare	562	Platinum Nopon Mask (Rare)	0.00557103055
22	Attack of the Aspar	Rare	574	Beatific Medal (Rare)	0.00557103055
22	Attack of the Aspar	Rare	467	Augmented Vision Kit (Legendary)	0.00557103055
22	Attack of the Aspar	Rare	470	Charm Bangle (Legendary)	0.00557103055
22	Attack of the Aspar	Rare	476	Seven-League Circlet (Legendary)	0.00557103055
22	Attack of the Aspar	Rare	500	Twin Trunks Vest (Legendary)	0.00557103055
22	Attack of the Aspar	Rare	509	Vivid Mitts (Legendary)	0.00557103055
22	Attack of the Aspar	Rare	512	Dauntless Boots (Legendary)	0.00557103055
22	Attack of the Aspar	Rare	515	Sunlight Choker (Legendary)	0.00557103055
22	Attack of the Aspar	Rare	527	Staunch Boots (Legendary)	0.00557103055
22	Attack of the Aspar	Rare	554	Enlightened Loincloth (Legendary)	0.00557103055
22	Attack of the Aspar	Rare	557	Glamorous Swimsuit (Legendary)	0.00557103055
22	Attack of the Aspar	Rare	560	Vanish Hood (Legendary)	0.00557103055
22	Attack of the Aspar	Rare	563	Platinum Nopon Mask (Legendary)	0.00557103055
22	Attack of the Aspar	Rare	575	Beatific Medal (Legendary)	0.00557103055
22	Attack of the Aspar	Legendary	15010	Physical Defense Up V	0.00662251655
22	Attack of the Aspar	Legendary	15020	Block Rate Up V	0.00662251655
22	Attack of the Aspar	Legendary	15066	Fusion Combo Up V	0.00662251655
22	Attack of the Aspar	Legendary	15076	Reflect Immunity	0.00662251655
22	Attack of the Aspar	Legendary	15091	Outdoor Attack Up V	0.00662251655
22	Attack of the Aspar	Legendary	15153	Evasion Focus V	0.00662251655
22	Attack of the Aspar	Legendary	15183	Break Resist V	0.00662251655
22	Attack of the Aspar	Legendary	15198	Smash Resist V	0.00662251655
22	Attack of the Aspar	Legendary	15208	Knockback Resist V	0.00662251655
22	Attack of the Aspar	Legendary	15238	Arts Aggro Boost V	0.00662251655
22	Attack of the Aspar	Legendary	15263	Sunlight Eye V	0.00662251655
22	Attack of the Aspar	Legendary	15273	Range Boost Up V	0.00662251655
22	Attack of the Aspar	Legendary	15288	Helping Hand V	0.00662251655
22	Attack of the Aspar	Legendary	15308	Hunter's Chemistry V	0.00662251655
22	Attack of the Aspar	Legendary	15318	Fast Blade Switch V	0.00662251655
22	Attack of the Aspar	Legendary	15334	Specials Lv 3 Plus V	0.00662251655
22	Attack of the Aspar	Legendary	15339	Specials Lv 4 Plus V	0.00662251655
22	Attack of the Aspar	Legendary	15344	Affinity MAX Acc V	0.00662251655
22	Attack of the Aspar	Legendary	300	Titanium Vest (Legendary)	0.00662251655
22	Attack of the Aspar	Legendary	303	Ceramic Belt (Legendary)	0.00662251655
22	Attack of the Aspar	Legendary	306	Fiber Hat (Legendary)	0.00662251655
22	Attack of the Aspar	Legendary	309	Carbon Gloves (Legendary)	0.00662251655
22	Attack of the Aspar	Legendary	312	Ester Shoes (Legendary)	0.00662251655
22	Attack of the Aspar	Legendary	315	Comet Choker (Legendary)	0.00662251655
22	Attack of the Aspar	Legendary	336	Optical Headband (Legendary)	0.00662251655
22	Attack of the Aspar	Legendary	342	Graphite Greaves (Legendary)	0.00662251655
22	Attack of the Aspar	Legendary	348	Jet Pauldrons (Legendary)	0.00662251655
22	Attack of the Aspar	Legendary	351	Hero Vambraces (Legendary)	0.00662251655
22	Attack of the Aspar	Legendary	357	Quantum Scarf (Legendary)	0.00662251655
22	Attack of the Aspar	Legendary	383	World Tree Ward (Legendary)	0.00662251655
22	Attack of the Aspar	Legendary	389	Holy Necklace (Legendary)	0.00662251655
22	Attack of the Aspar	Legendary	393	Round Table Medal (Legendary)	0.00662251655
22	Attack of the Aspar	Legendary	396	Nano-Metal Gauntlet (Legendary)	0.00662251655
22	Attack of the Aspar	Legendary	399	Hi-Tech Eyepatch (Legendary)	0.00662251655
22	Attack of the Aspar	Legendary	10056	Positron Chip	0.00662251655
22	Attack of the Aspar	Legendary	15356	Beast Hunter VI	0.00662251655
22	Attack of the Aspar	Legendary	15357	Insect Hunter VI	0.00662251655
22	Attack of the Aspar	Legendary	15358	Aerial Hunter VI	0.00662251655
22	Attack of the Aspar	Legendary	15359	Aquatic Hunter VI	0.00662251655
22	Attack of the Aspar	Legendary	15360	Humanoid Hunter VI	0.00662251655
22	Attack of the Aspar	Legendary	15361	Machine Hunter VI	0.00662251655
22	Attack of the Aspar	Legendary	15362	Titan Hunter VI	0.00662251655
22	Attack of the Aspar	Legendary	15382	Topple Resist VI	0.00662251655
22	Attack of the Aspar	Legendary	15387	Auto-Attack Stealth VI	0.00662251655
22	Attack of the Aspar	Legendary	15388	Aggro Boost VI	0.00662251655
22	Attack of the Aspar	Legendary	15389	Arts Stealth VI	0.00662251655
22	Attack of the Aspar	Legendary	15390	Arts Aggro Boost VI	0.00662251655
22	Attack of the Aspar	Legendary	15394	Night Vision VI	0.00662251655
22	Attack of the Aspar	Legendary	15395	Sunlight Eye VI	0.00662251655
22	Attack of the Aspar	Legendary	15401	Specials Lv 1 Plus VI	0.00662251655
22	Attack of the Aspar	Legendary	15402	Specials Lv 2 Plus VI	0.00662251655
22	Attack of the Aspar	Legendary	15403	Specials Lv 3 Plus VI	0.00662251655
22	Attack of the Aspar	Legendary	15404	Specials Lv 4 Plus VI	0.00662251655
22	Attack of the Aspar	Legendary	465	Augmented Vision Kit (Common)	0.00662251655
22	Attack of the Aspar	Legendary	468	Charm Bangle (Common)	0.00662251655
22	Attack of the Aspar	Legendary	474	Seven-League Circlet (Common)	0.00662251655
22	Attack of the Aspar	Legendary	498	Twin Trunks Vest (Common)	0.00662251655
22	Attack of the Aspar	Legendary	507	Vivid Mitts (Common)	0.00662251655
22	Attack of the Aspar	Legendary	510	Dauntless Boots (Common)	0.00662251655
22	Attack of the Aspar	Legendary	513	Sunlight Choker (Common)	0.00662251655
22	Attack of the Aspar	Legendary	525	Staunch Boots (Common)	0.00662251655
22	Attack of the Aspar	Legendary	552	Enlightened Loincloth (Common)	0.00662251655
22	Attack of the Aspar	Legendary	555	Glamorous Swimsuit (Common)	0.00662251655
22	Attack of the Aspar	Legendary	558	Vanish Hood (Common)	0.00662251655
22	Attack of the Aspar	Legendary	561	Platinum Nopon Mask (Common)	0.00662251655
22	Attack of the Aspar	Legendary	573	Beatific Medal (Common)	0.00662251655
22	Attack of the Aspar	Legendary	466	Augmented Vision Kit (Rare)	0.00662251655
22	Attack of the Aspar	Legendary	469	Charm Bangle (Rare)	0.00662251655
22	Attack of the Aspar	Legendary	475	Seven-League Circlet (Rare)	0.00662251655
22	Attack of the Aspar	Legendary	499	Twin Trunks Vest (Rare)	0.00662251655
22	Attack of the Aspar	Legendary	508	Vivid Mitts (Rare)	0.00662251655
22	Attack of the Aspar	Legendary	511	Dauntless Boots (Rare)	0.00662251655
22	Attack of the Aspar	Legendary	514	Sunlight Choker (Rare)	0.00662251655
22	Attack of the Aspar	Legendary	526	Staunch Boots (Rare)	0.00662251655
22	Attack of the Aspar	Legendary	553	Enlightened Loincloth (Rare)	0.00662251655
22	Attack of the Aspar	Legendary	556	Glamorous Swimsuit (Rare)	0.00662251655
22	Attack of the Aspar	Legendary	559	Vanish Hood (Rare)	0.00662251655
22	Attack of the Aspar	Legendary	562	Platinum Nopon Mask (Rare)	0.00662251655
22	Attack of the Aspar	Legendary	574	Beatific Medal (Rare)	0.00662251655
22	Attack of the Aspar	Legendary	467	Augmented Vision Kit (Legendary)	0.00662251655
22	Attack of the Aspar	Legendary	470	Charm Bangle (Legendary)	0.00662251655
22	Attack of the Aspar	Legendary	476	Seven-League Circlet (Legendary)	0.00662251655
22	Attack of the Aspar	Legendary	500	Twin Trunks Vest (Legendary)	0.00662251655
22	Attack of the Aspar	Legendary	509	Vivid Mitts (Legendary)	0.00662251655
22	Attack of the Aspar	Legendary	512	Dauntless Boots (Legendary)	0.00662251655
22	Attack of the Aspar	Legendary	515	Sunlight Choker (Legendary)	0.00662251655
22	Attack of the Aspar	Legendary	527	Staunch Boots (Legendary)	0.00662251655
22	Attack of the Aspar	Legendary	554	Enlightened Loincloth (Legendary)	0.00662251655
22	Attack of the Aspar	Legendary	557	Glamorous Swimsuit (Legendary)	0.00662251655
22	Attack of the Aspar	Legendary	560	Vanish Hood (Legendary)	0.00662251655
22	Attack of the Aspar	Legendary	563	Platinum Nopon Mask (Legendary)	0.00662251655
22	Attack of the Aspar	Legendary	575	Beatific Medal (Legendary)	0.00662251655
22	Attack of the Aspar	Legendary	15005	Critical Up V	0.00662251655
22	Attack of the Aspar	Legendary	15015	Ether Defense Up V	0.00662251655
22	Attack of the Aspar	Legendary	15060	Blade Combo Boost V	0.00662251655
22	Attack of the Aspar	Legendary	15158	Swift Evasion V	0.00662251655
22	Attack of the Aspar	Legendary	15168	Endurance V	0.00662251655
22	Attack of the Aspar	Legendary	15233	Arts Stealth V	0.00662251655
22	Attack of the Aspar	Legendary	15248	Movement Heal V	0.00662251655
22	Attack of the Aspar	Legendary	15253	Damage Heal V	0.00662251655
22	Attack of the Aspar	Legendary	15303	Affinity MAX Evade V	0.00662251655
22	Attack of the Aspar	Legendary	10057	Hadron Chip	0.00662251655
22	Attack of the Aspar	Legendary	15353	Physical Defense Up VI	0.00662251655
22	Attack of the Aspar	Legendary	15354	Ether Defense Up VI	0.00662251655
22	Attack of the Aspar	Legendary	15368	Fire Def Up VI	0.009933775
22	Attack of the Aspar	Legendary	15369	Water Def Up VI	0.009933775
22	Attack of the Aspar	Legendary	15370	Wind Def Up VI	0.009933775
22	Attack of the Aspar	Legendary	15371	Earth Def Up VI	0.009933775
22	Attack of the Aspar	Legendary	15372	Electric Def Up VI	0.009933775
22	Attack of the Aspar	Legendary	15373	Ice Def Up VI	0.009933775
22	Attack of the Aspar	Legendary	15374	Light Def Up VI	0.009933775
22	Attack of the Aspar	Legendary	15375	Dark Def Up VI	0.009933775
22	Attack of the Aspar	Legendary	15381	Break Resist VI	0.00662251655
22	Attack of the Aspar	Legendary	15405	Affinity MAX Acc VI	0.00662251655
22	Attack of the Aspar	Legendary	456	Consul Greaves (Common)	0.00662251655
22	Attack of the Aspar	Legendary	489	Abyss Masque (Common)	0.00662251655
22	Attack of the Aspar	Legendary	495	Survivor's Footgear (Common)	0.00662251655
22	Attack of the Aspar	Legendary	501	Beast-Hide Vest (Common)	0.00662251655
22	Attack of the Aspar	Legendary	504	Prairie Cap (Common)	0.00662251655
22	Attack of the Aspar	Legendary	519	Crimson Headband (Common)	0.00662251655
22	Attack of the Aspar	Legendary	531	Consul Pauldrons (Common)	0.00662251655
22	Attack of the Aspar	Legendary	534	Divine Vambraces (Common)	0.00662251655
22	Attack of the Aspar	Legendary	540	Tachyon Scarf (Common)	0.0132450331
22	Attack of the Aspar	Legendary	576	Carbon Gauntlet (Common)	0.00662251655
22	Attack of the Aspar	Legendary	457	Consul Greaves (Rare)	0.00662251655
22	Attack of the Aspar	Legendary	490	Abyss Masque (Rare)	0.00662251655
22	Attack of the Aspar	Legendary	496	Survivor's Footgear (Rare)	0.00662251655
22	Attack of the Aspar	Legendary	502	Beast-Hide Vest (Rare)	0.00662251655
22	Attack of the Aspar	Legendary	505	Prairie Cap (Rare)	0.00662251655
22	Attack of the Aspar	Legendary	520	Crimson Headband (Rare)	0.00662251655
22	Attack of the Aspar	Legendary	532	Consul Pauldrons (Rare)	0.00662251655
22	Attack of the Aspar	Legendary	535	Divine Vambraces (Rare)	0.00662251655
22	Attack of the Aspar	Legendary	541	Tachyon Scarf (Rare)	0.00662251655
22	Attack of the Aspar	Legendary	577	Carbon Gauntlet (Rare)	0.00662251655
22	Attack of the Aspar	Legendary	458	Consul Greaves (Legendary)	0.00662251655
22	Attack of the Aspar	Legendary	491	Abyss Masque (Legendary)	0.00662251655
22	Attack of the Aspar	Legendary	497	Survivor's Footgear (Legendary)	0.00662251655
22	Attack of the Aspar	Legendary	503	Beast-Hide Vest (Legendary)	0.00662251655
22	Attack of the Aspar	Legendary	506	Prairie Cap (Legendary)	0.00662251655
22	Attack of the Aspar	Legendary	521	Crimson Headband (Legendary)	0.00662251655
22	Attack of the Aspar	Legendary	533	Consul Pauldrons (Legendary)	0.00662251655
22	Attack of the Aspar	Legendary	536	Divine Vambraces (Legendary)	0.00662251655
22	Attack of the Aspar	Legendary	542	Tachyon Scarf (Legendary)	0.00662251655
22	Attack of the Aspar	Legendary	578	Carbon Gauntlet (Legendary)	0.00662251655
22	Attack of the Aspar	Legendary	25406	Intermediate Weaponry	0.0132450331
23	Titan Battleship Assault	Common	15007	Physical Defense Up II	0.0222222228
23	Titan Battleship Assault	Common	15027	Insect Hunter II	0.0222222228
23	Titan Battleship Assault	Common	15037	Aquatic Hunter II	0.0222222228
23	Titan Battleship Assault	Common	15047	Machine Hunter II	0.0222222228
23	Titan Battleship Assault	Common	15052	Titan Hunter II	0.0222222228
23	Titan Battleship Assault	Common	15063	Fusion Combo Up II	0.0222222228
23	Titan Battleship Assault	Common	15073	Reflect Immunity	0.0222222228
23	Titan Battleship Assault	Common	15083	Indoor Attack Up II	0.0222222228
23	Titan Battleship Assault	Common	15093	Fire Def Up II	0.0222222228
23	Titan Battleship Assault	Common	15098	Water Def Up II	0.0222222228
23	Titan Battleship Assault	Common	15103	Earth Def Up II	0.0222222228
23	Titan Battleship Assault	Common	15108	Wind Def Up II	0.0222222228
23	Titan Battleship Assault	Common	15113	Electric Def Up II	0.0222222228
23	Titan Battleship Assault	Common	15118	Ice Def Up II	0.0222222228
23	Titan Battleship Assault	Common	15123	Dark Def Up II	0.0222222228
23	Titan Battleship Assault	Common	15128	Light Def Up II	0.0222222228
23	Titan Battleship Assault	Common	15150	Evasion Focus II	0.0222222228
23	Titan Battleship Assault	Common	15160	Emergency Guard II	0.0222222228
23	Titan Battleship Assault	Common	15170	HP Attack Boost II	0.0222222228
23	Titan Battleship Assault	Common	15180	Break Resist II	0.0222222228
23	Titan Battleship Assault	Common	15190	Launch Resist II	0.0222222228
23	Titan Battleship Assault	Common	15200	Blowdown Resist II	0.0222222228
23	Titan Battleship Assault	Common	15220	Auto-Attack Stealth II	0.0222222228
23	Titan Battleship Assault	Common	15230	Arts Stealth II	0.0222222228
23	Titan Battleship Assault	Common	15240	Arts Heal II	0.0222222228
23	Titan Battleship Assault	Common	15250	Damage Heal II	0.0222222228
23	Titan Battleship Assault	Common	15260	Sunlight Eye II	0.0222222228
23	Titan Battleship Assault	Common	15270	Range Boost Up II	0.0222222228
23	Titan Battleship Assault	Common	15275	Opening Art II	0.0222222228
23	Titan Battleship Assault	Common	15285	Helping Hand II	0.0222222228
23	Titan Battleship Assault	Common	15295	Affinity MAX Atk II	0.0222222228
23	Titan Battleship Assault	Common	15305	Hunter's Chemistry II	0.0222222228
23	Titan Battleship Assault	Common	15315	Fast Blade Switch II	0.0222222228
23	Titan Battleship Assault	Common	15346	Jamming II	0.0222222228
23	Titan Battleship Assault	Common	15351	Element Orb Prioritizer	0.0222222228
23	Titan Battleship Assault	Common	298	Gear Vest (Legendary)	0.0111111114
23	Titan Battleship Assault	Common	301	Steam Belt (Legendary)	0.0111111114
23	Titan Battleship Assault	Common	304	Bolt Hat (Legendary)	0.0111111114
23	Titan Battleship Assault	Common	323	Smithy Gloves (Legendary)	0.0111111114
23	Titan Battleship Assault	Common	325	Spring Shoes (Legendary)	0.0111111114
23	Titan Battleship Assault	Common	327	Gold Gear Choker (Legendary)	0.0111111114
23	Titan Battleship Assault	Common	331	Classic Medal (Legendary)	0.0111111114
23	Titan Battleship Assault	Common	334	Iron Headband (Legendary)	0.0111111114
23	Titan Battleship Assault	Common	340	Mechanized Greaves (Legendary)	0.0111111114
23	Titan Battleship Assault	Common	343	Swordfighting Banner (Legendary)	0.0111111114
23	Titan Battleship Assault	Common	349	Apprentice Vambraces (Legendary)	0.0111111114
23	Titan Battleship Assault	Common	355	Chrome Scarf (Legendary)	0.0111111114
23	Titan Battleship Assault	Common	361	Soldier Ring (Legendary)	0.0111111114
23	Titan Battleship Assault	Common	365	Assault Stone (Legendary)	0.0111111114
23	Titan Battleship Assault	Common	373	Camo Hood (Legendary)	0.0111111114
23	Titan Battleship Assault	Common	376	Metal Nopon Mask (Legendary)	0.0111111114
23	Titan Battleship Assault	Common	400	Silver Earrings (Legendary)	0.0111111114
23	Titan Battleship Assault	Common	421	Katana Attachment (Legendary)	0.0111111114
23	Titan Battleship Assault	Common	422	Ball Attachment (Legendary)	0.0111111114
23	Titan Battleship Assault	Common	10027	Magnet Chip	0.0111111114
23	Titan Battleship Assault	Rare	15007	Physical Defense Up II	0.00732600736
23	Titan Battleship Assault	Rare	15027	Insect Hunter II	0.00732600736
23	Titan Battleship Assault	Rare	15037	Aquatic Hunter II	0.00732600736
23	Titan Battleship Assault	Rare	15047	Machine Hunter II	0.00732600736
23	Titan Battleship Assault	Rare	15052	Titan Hunter II	0.00732600736
23	Titan Battleship Assault	Rare	15063	Fusion Combo Up II	0.00732600736
23	Titan Battleship Assault	Rare	15073	Reflect Immunity	0.00732600736
23	Titan Battleship Assault	Rare	15083	Indoor Attack Up II	0.00732600736
23	Titan Battleship Assault	Rare	15093	Fire Def Up II	0.00732600736
23	Titan Battleship Assault	Rare	15098	Water Def Up II	0.00732600736
23	Titan Battleship Assault	Rare	15103	Earth Def Up II	0.00732600736
23	Titan Battleship Assault	Rare	15108	Wind Def Up II	0.00732600736
23	Titan Battleship Assault	Rare	15113	Electric Def Up II	0.00732600736
23	Titan Battleship Assault	Rare	15118	Ice Def Up II	0.00732600736
23	Titan Battleship Assault	Rare	15123	Dark Def Up II	0.00732600736
23	Titan Battleship Assault	Rare	15128	Light Def Up II	0.00732600736
23	Titan Battleship Assault	Rare	15150	Evasion Focus II	0.00732600736
23	Titan Battleship Assault	Rare	15160	Emergency Guard II	0.00732600736
23	Titan Battleship Assault	Rare	15170	HP Attack Boost II	0.00732600736
23	Titan Battleship Assault	Rare	15180	Break Resist II	0.00732600736
23	Titan Battleship Assault	Rare	15190	Launch Resist II	0.00732600736
23	Titan Battleship Assault	Rare	15200	Blowdown Resist II	0.00732600736
23	Titan Battleship Assault	Rare	15220	Auto-Attack Stealth II	0.00732600736
23	Titan Battleship Assault	Rare	15230	Arts Stealth II	0.00732600736
23	Titan Battleship Assault	Rare	15240	Arts Heal II	0.00732600736
23	Titan Battleship Assault	Rare	15250	Damage Heal II	0.00732600736
23	Titan Battleship Assault	Rare	15260	Sunlight Eye II	0.00732600736
23	Titan Battleship Assault	Rare	15270	Range Boost Up II	0.00732600736
23	Titan Battleship Assault	Rare	15275	Opening Art II	0.00732600736
23	Titan Battleship Assault	Rare	15285	Helping Hand II	0.00732600736
23	Titan Battleship Assault	Rare	15295	Affinity MAX Atk II	0.00732600736
23	Titan Battleship Assault	Rare	15305	Hunter's Chemistry II	0.00732600736
23	Titan Battleship Assault	Rare	15315	Fast Blade Switch II	0.00732600736
23	Titan Battleship Assault	Rare	15346	Jamming II	0.00732600736
23	Titan Battleship Assault	Rare	15351	Element Orb Prioritizer	0.00732600736
23	Titan Battleship Assault	Rare	298	Gear Vest (Legendary)	0.00366300368
23	Titan Battleship Assault	Rare	301	Steam Belt (Legendary)	0.00366300368
23	Titan Battleship Assault	Rare	304	Bolt Hat (Legendary)	0.00366300368
23	Titan Battleship Assault	Rare	323	Smithy Gloves (Legendary)	0.00366300368
23	Titan Battleship Assault	Rare	325	Spring Shoes (Legendary)	0.00366300368
23	Titan Battleship Assault	Rare	327	Gold Gear Choker (Legendary)	0.00366300368
23	Titan Battleship Assault	Rare	331	Classic Medal (Legendary)	0.00366300368
23	Titan Battleship Assault	Rare	334	Iron Headband (Legendary)	0.00366300368
23	Titan Battleship Assault	Rare	340	Mechanized Greaves (Legendary)	0.00366300368
23	Titan Battleship Assault	Rare	343	Swordfighting Banner (Legendary)	0.00366300368
23	Titan Battleship Assault	Rare	349	Apprentice Vambraces (Legendary)	0.00366300368
23	Titan Battleship Assault	Rare	355	Chrome Scarf (Legendary)	0.00366300368
23	Titan Battleship Assault	Rare	361	Soldier Ring (Legendary)	0.00366300368
23	Titan Battleship Assault	Rare	365	Assault Stone (Legendary)	0.00366300368
23	Titan Battleship Assault	Rare	373	Camo Hood (Legendary)	0.00366300368
23	Titan Battleship Assault	Rare	376	Metal Nopon Mask (Legendary)	0.00366300368
23	Titan Battleship Assault	Rare	400	Silver Earrings (Legendary)	0.00366300368
23	Titan Battleship Assault	Rare	421	Katana Attachment (Legendary)	0.00366300368
23	Titan Battleship Assault	Rare	422	Ball Attachment (Legendary)	0.00366300368
23	Titan Battleship Assault	Rare	10027	Magnet Chip	0.00366300368
23	Titan Battleship Assault	Rare	15002	Critical Up II	0.0146520147
23	Titan Battleship Assault	Rare	15012	Ether Defense Up II	0.0146520147
23	Titan Battleship Assault	Rare	15017	Block Rate Up II	0.0146520147
23	Titan Battleship Assault	Rare	15022	Beast Hunter II	0.0146520147
23	Titan Battleship Assault	Rare	15032	Aerial Hunter II	0.0146520147
23	Titan Battleship Assault	Rare	15042	Humanoid Hunter II	0.0146520147
23	Titan Battleship Assault	Rare	15057	Blade Combo Boost II	0.0146520147
23	Titan Battleship Assault	Rare	15068	Ambush Boost II	0.0146520147
23	Titan Battleship Assault	Rare	15078	Aggro Attack Up II	0.0146520147
23	Titan Battleship Assault	Rare	15088	Outdoor Attack Up II	0.0146520147
23	Titan Battleship Assault	Rare	15155	Swift Evasion II	0.0146520147
23	Titan Battleship Assault	Rare	15165	Endurance II	0.0146520147
23	Titan Battleship Assault	Rare	15175	Spike Defense II	0.0146520147
23	Titan Battleship Assault	Rare	15185	Topple Resist II	0.0146520147
23	Titan Battleship Assault	Rare	15195	Smash Resist II	0.0146520147
23	Titan Battleship Assault	Rare	15205	Knockback Resist II	0.0146520147
23	Titan Battleship Assault	Rare	15215	Shackle Blade Resist II	0.0146520147
23	Titan Battleship Assault	Rare	15225	Aggro Boost II	0.0146520147
23	Titan Battleship Assault	Rare	15235	Arts Aggro Boost II	0.0146520147
23	Titan Battleship Assault	Rare	15245	Movement Heal II	0.0146520147
23	Titan Battleship Assault	Rare	15255	Night Vision II	0.0146520147
23	Titan Battleship Assault	Rare	15265	Reflect Damage Up II	0.0146520147
23	Titan Battleship Assault	Rare	15280	Telepathy II	0.0146520147
23	Titan Battleship Assault	Rare	15290	Affinity MAX Barrier II	0.0146520147
23	Titan Battleship Assault	Rare	15300	Affinity MAX Evade II	0.0146520147
23	Titan Battleship Assault	Rare	15310	Shoulder to Shoulder II	0.0146520147
23	Titan Battleship Assault	Rare	15321	Specials Lv 1 Plus II	0.0146520147
23	Titan Battleship Assault	Rare	15326	Specials Lv 2 Plus II	0.0146520147
23	Titan Battleship Assault	Rare	15331	Specials Lv 3 Plus II	0.0146520147
23	Titan Battleship Assault	Rare	15336	Specials Lv 4 Plus II	0.0146520147
23	Titan Battleship Assault	Rare	15341	Affinity MAX Acc II	0.0146520147
23	Titan Battleship Assault	Rare	15350	Element Orb Ender	0.0146520147
23	Titan Battleship Assault	Rare	307	Rainbow Gloves (Legendary)	0.00732600736
23	Titan Battleship Assault	Rare	310	Shell Shoes (Legendary)	0.00732600736
23	Titan Battleship Assault	Rare	313	Nacre Choker (Legendary)	0.00732600736
23	Titan Battleship Assault	Rare	328	Garnet (Legendary)	0.00732600736
23	Titan Battleship Assault	Rare	337	Moon Cube (Legendary)	0.00732600736
23	Titan Battleship Assault	Rare	346	Spiked Pauldrons (Legendary)	0.00732600736
23	Titan Battleship Assault	Rare	358	White Belt (Legendary)	0.00732600736
23	Titan Battleship Assault	Rare	379	Silver Feather (Legendary)	0.00732600736
23	Titan Battleship Assault	Rare	382	Spirit Tree Ward (Legendary)	0.00732600736
23	Titan Battleship Assault	Rare	386	Promise Ring (Legendary)	0.00732600736
23	Titan Battleship Assault	Rare	391	Chivalric Medal (Legendary)	0.00732600736
23	Titan Battleship Assault	Rare	394	Gauntlet (Legendary)	0.00732600736
23	Titan Battleship Assault	Rare	423	Knuckle Attachment (Legendary)	0.00732600736
23	Titan Battleship Assault	Rare	427	Love Thread (Legendary)	0.00732600736
23	Titan Battleship Assault	Rare	435	Overclocking Bangle (Legendary)	0.00732600736
23	Titan Battleship Assault	Rare	437	Lavender Potpourri (Legendary)	0.00732600736
23	Titan Battleship Assault	Rare	439	Sage's Auspices (Legendary)	0.00732600736
23	Titan Battleship Assault	Rare	440	Incense of Calm (Legendary)	0.00732600736
23	Titan Battleship Assault	Rare	10015	Glass Chip	0.00732600736
23	Titan Battleship Assault	Rare	10035	Pentagon Chip	0.00732600736
23	Titan Battleship Assault	Rare	462	Night-vision Kit (Common)	0.00915751
23	Titan Battleship Assault	Rare	570	Marble Cameo (Common)	0.00915751
23	Titan Battleship Assault	Rare	463	Night-vision Kit (Rare)	0.00915751
23	Titan Battleship Assault	Rare	571	Marble Cameo (Rare)	0.00915751
23	Titan Battleship Assault	Rare	464	Night-vision Kit (Legendary)	0.00915751
23	Titan Battleship Assault	Rare	572	Marble Cameo (Legendary)	0.00915751
23	Titan Battleship Assault	Legendary	15002	Critical Up II	0.014035088
23	Titan Battleship Assault	Legendary	15012	Ether Defense Up II	0.014035088
23	Titan Battleship Assault	Legendary	15017	Block Rate Up II	0.014035088
23	Titan Battleship Assault	Legendary	15022	Beast Hunter II	0.014035088
23	Titan Battleship Assault	Legendary	15032	Aerial Hunter II	0.014035088
23	Titan Battleship Assault	Legendary	15042	Humanoid Hunter II	0.014035088
23	Titan Battleship Assault	Legendary	15057	Blade Combo Boost II	0.014035088
23	Titan Battleship Assault	Legendary	15068	Ambush Boost II	0.014035088
23	Titan Battleship Assault	Legendary	15078	Aggro Attack Up II	0.014035088
23	Titan Battleship Assault	Legendary	15088	Outdoor Attack Up II	0.014035088
23	Titan Battleship Assault	Legendary	15155	Swift Evasion II	0.014035088
23	Titan Battleship Assault	Legendary	15165	Endurance II	0.014035088
23	Titan Battleship Assault	Legendary	15175	Spike Defense II	0.014035088
23	Titan Battleship Assault	Legendary	15185	Topple Resist II	0.014035088
23	Titan Battleship Assault	Legendary	15195	Smash Resist II	0.014035088
23	Titan Battleship Assault	Legendary	15205	Knockback Resist II	0.014035088
23	Titan Battleship Assault	Legendary	15215	Shackle Blade Resist II	0.014035088
23	Titan Battleship Assault	Legendary	15225	Aggro Boost II	0.014035088
23	Titan Battleship Assault	Legendary	15235	Arts Aggro Boost II	0.014035088
23	Titan Battleship Assault	Legendary	15245	Movement Heal II	0.014035088
23	Titan Battleship Assault	Legendary	15255	Night Vision II	0.014035088
23	Titan Battleship Assault	Legendary	15265	Reflect Damage Up II	0.014035088
23	Titan Battleship Assault	Legendary	15280	Telepathy II	0.014035088
23	Titan Battleship Assault	Legendary	15290	Affinity MAX Barrier II	0.014035088
23	Titan Battleship Assault	Legendary	15300	Affinity MAX Evade II	0.014035088
23	Titan Battleship Assault	Legendary	15310	Shoulder to Shoulder II	0.014035088
23	Titan Battleship Assault	Legendary	15321	Specials Lv 1 Plus II	0.014035088
23	Titan Battleship Assault	Legendary	15326	Specials Lv 2 Plus II	0.014035088
23	Titan Battleship Assault	Legendary	15331	Specials Lv 3 Plus II	0.014035088
23	Titan Battleship Assault	Legendary	15336	Specials Lv 4 Plus II	0.014035088
23	Titan Battleship Assault	Legendary	15341	Affinity MAX Acc II	0.014035088
23	Titan Battleship Assault	Legendary	15350	Element Orb Ender	0.014035088
23	Titan Battleship Assault	Legendary	307	Rainbow Gloves (Legendary)	0.007017544
23	Titan Battleship Assault	Legendary	310	Shell Shoes (Legendary)	0.007017544
23	Titan Battleship Assault	Legendary	313	Nacre Choker (Legendary)	0.007017544
23	Titan Battleship Assault	Legendary	328	Garnet (Legendary)	0.007017544
23	Titan Battleship Assault	Legendary	337	Moon Cube (Legendary)	0.007017544
23	Titan Battleship Assault	Legendary	346	Spiked Pauldrons (Legendary)	0.007017544
23	Titan Battleship Assault	Legendary	358	White Belt (Legendary)	0.007017544
23	Titan Battleship Assault	Legendary	379	Silver Feather (Legendary)	0.007017544
23	Titan Battleship Assault	Legendary	382	Spirit Tree Ward (Legendary)	0.007017544
23	Titan Battleship Assault	Legendary	386	Promise Ring (Legendary)	0.007017544
23	Titan Battleship Assault	Legendary	391	Chivalric Medal (Legendary)	0.007017544
23	Titan Battleship Assault	Legendary	394	Gauntlet (Legendary)	0.007017544
23	Titan Battleship Assault	Legendary	423	Knuckle Attachment (Legendary)	0.007017544
23	Titan Battleship Assault	Legendary	427	Love Thread (Legendary)	0.007017544
23	Titan Battleship Assault	Legendary	435	Overclocking Bangle (Legendary)	0.007017544
23	Titan Battleship Assault	Legendary	437	Lavender Potpourri (Legendary)	0.007017544
23	Titan Battleship Assault	Legendary	439	Sage's Auspices (Legendary)	0.007017544
23	Titan Battleship Assault	Legendary	440	Incense of Calm (Legendary)	0.007017544
23	Titan Battleship Assault	Legendary	10015	Glass Chip	0.007017544
23	Titan Battleship Assault	Legendary	10035	Pentagon Chip	0.007017544
23	Titan Battleship Assault	Legendary	462	Night-vision Kit (Common)	0.00877193
23	Titan Battleship Assault	Legendary	570	Marble Cameo (Common)	0.00877193
23	Titan Battleship Assault	Legendary	463	Night-vision Kit (Rare)	0.00877193
23	Titan Battleship Assault	Legendary	571	Marble Cameo (Rare)	0.00877193
23	Titan Battleship Assault	Legendary	464	Night-vision Kit (Legendary)	0.00877193
23	Titan Battleship Assault	Legendary	572	Marble Cameo (Legendary)	0.00877193
23	Titan Battleship Assault	Legendary	15008	Physical Defense Up III	0.007017544
23	Titan Battleship Assault	Legendary	15028	Insect Hunter III	0.007017544
23	Titan Battleship Assault	Legendary	15038	Aquatic Hunter III	0.007017544
23	Titan Battleship Assault	Legendary	15048	Machine Hunter III	0.007017544
23	Titan Battleship Assault	Legendary	15053	Titan Hunter III	0.007017544
23	Titan Battleship Assault	Legendary	15064	Fusion Combo Up III	0.007017544
23	Titan Battleship Assault	Legendary	15074	Reflect Immunity	0.007017544
23	Titan Battleship Assault	Legendary	15084	Indoor Attack Up III	0.007017544
23	Titan Battleship Assault	Legendary	15094	Fire Def Up III	0.007017544
23	Titan Battleship Assault	Legendary	15099	Water Def Up III	0.007017544
23	Titan Battleship Assault	Legendary	15104	Earth Def Up III	0.007017544
23	Titan Battleship Assault	Legendary	15109	Wind Def Up III	0.007017544
23	Titan Battleship Assault	Legendary	15114	Electric Def Up III	0.007017544
23	Titan Battleship Assault	Legendary	15119	Ice Def Up III	0.007017544
23	Titan Battleship Assault	Legendary	15124	Dark Def Up III	0.007017544
23	Titan Battleship Assault	Legendary	15129	Light Def Up III	0.007017544
23	Titan Battleship Assault	Legendary	15151	Evasion Focus III	0.007017544
23	Titan Battleship Assault	Legendary	15161	Emergency Guard III	0.007017544
23	Titan Battleship Assault	Legendary	15171	HP Attack Boost III	0.007017544
23	Titan Battleship Assault	Legendary	15181	Break Resist III	0.007017544
23	Titan Battleship Assault	Legendary	15191	Launch Resist III	0.007017544
23	Titan Battleship Assault	Legendary	15201	Blowdown Resist III	0.007017544
23	Titan Battleship Assault	Legendary	15221	Auto-Attack Stealth III	0.007017544
23	Titan Battleship Assault	Legendary	15231	Arts Stealth III	0.007017544
23	Titan Battleship Assault	Legendary	15241	Arts Heal III	0.007017544
23	Titan Battleship Assault	Legendary	15251	Damage Heal III	0.007017544
23	Titan Battleship Assault	Legendary	15261	Sunlight Eye III	0.007017544
23	Titan Battleship Assault	Legendary	15271	Range Boost Up III	0.007017544
23	Titan Battleship Assault	Legendary	15276	Opening Art III	0.007017544
23	Titan Battleship Assault	Legendary	15286	Helping Hand III	0.007017544
23	Titan Battleship Assault	Legendary	15296	Affinity MAX Atk III	0.007017544
23	Titan Battleship Assault	Legendary	15306	Hunter's Chemistry III	0.007017544
23	Titan Battleship Assault	Legendary	15316	Fast Blade Switch III	0.007017544
23	Titan Battleship Assault	Legendary	15347	Jamming III	0.007017544
23	Titan Battleship Assault	Legendary	299	Jade Vest (Legendary)	0.003508772
23	Titan Battleship Assault	Legendary	302	Silver Belt (Legendary)	0.003508772
23	Titan Battleship Assault	Legendary	305	Pearl Hat (Legendary)	0.003508772
23	Titan Battleship Assault	Legendary	332	Modern Medal (Legendary)	0.003508772
23	Titan Battleship Assault	Legendary	335	Ice Headband (Legendary)	0.003508772
23	Titan Battleship Assault	Legendary	341	Crystal Greaves (Legendary)	0.003508772
23	Titan Battleship Assault	Legendary	344	Goddess Banner (Legendary)	0.003508772
23	Titan Battleship Assault	Legendary	353	Eraser Orb (Legendary)	0.003508772
23	Titan Battleship Assault	Legendary	356	Unicorn Scarf (Legendary)	0.003508772
23	Titan Battleship Assault	Legendary	362	Berserk Ring (Legendary)	0.003508772
23	Titan Battleship Assault	Legendary	374	Skeleton Hood (Legendary)	0.003508772
23	Titan Battleship Assault	Legendary	377	Gold Nopon Mask (Legendary)	0.003508772
23	Titan Battleship Assault	Legendary	388	Affection Necklace (Legendary)	0.003508772
23	Titan Battleship Assault	Legendary	398	Leader's Eyepatch (Legendary)	0.003508772
23	Titan Battleship Assault	Legendary	404	Burst Symbol (Legendary)	0.003508772
23	Titan Battleship Assault	Legendary	407	Infinity Symbol (Legendary)	0.003508772
23	Titan Battleship Assault	Legendary	410	Ring Attachment (Legendary)	0.003508772
23	Titan Battleship Assault	Legendary	414	Whip Attachment (Legendary)	0.003508772
23	Titan Battleship Assault	Legendary	415	Edge Attachment (Legendary)	0.003508772
23	Titan Battleship Assault	Legendary	425	Cheer Treat (Legendary)	0.003508772
23	Titan Battleship Assault	Legendary	430	Healing Amulet (Legendary)	0.003508772
23	Titan Battleship Assault	Legendary	10031	Motor Chip	0.003508772
23	Titan Battleship Assault	Legendary	10043	Ureilite Chip	0.003508772
23	Titan Battleship Assault	Legendary	486	Terror Masque (Common)	0.005263158
23	Titan Battleship Assault	Legendary	492	Envoy's Footgear (Common)	0.005263158
23	Titan Battleship Assault	Legendary	487	Terror Masque (Rare)	0.005263158
23	Titan Battleship Assault	Legendary	493	Envoy's Footgear (Rare)	0.005263158
23	Titan Battleship Assault	Legendary	488	Terror Masque (Legendary)	0.005263158
23	Titan Battleship Assault	Legendary	494	Envoy's Footgear (Legendary)	0.005263158
23	Titan Battleship Assault	Legendary	25405	Weaponry for Noobs	0.007017544
24	This Year's Heropon	Common	15030	Insect Hunter V	0.008130081
24	This Year's Heropon	Common	15040	Aquatic Hunter V	0.008130081
24	This Year's Heropon	Common	15025	Beast Hunter V	0.008130081
24	This Year's Heropon	Common	15035	Aerial Hunter V	0.008130081
24	This Year's Heropon	Common	15045	Humanoid Hunter V	0.008130081
24	This Year's Heropon	Common	15055	Titan Hunter V	0.008130081
24	This Year's Heropon	Common	15050	Machine Hunter V	0.008130081
24	This Year's Heropon	Common	15071	Ambush Boost V	0.008130081
24	This Year's Heropon	Common	15081	Aggro Attack Up V	0.008130081
24	This Year's Heropon	Common	15086	Indoor Attack Up V	0.008130081
24	This Year's Heropon	Common	15096	Fire Def Up V	0.008130081
24	This Year's Heropon	Common	15101	Water Def Up V	0.008130081
24	This Year's Heropon	Common	15106	Earth Def Up V	0.008130081
24	This Year's Heropon	Common	15111	Wind Def Up V	0.008130081
24	This Year's Heropon	Common	15116	Electric Def Up V	0.008130081
24	This Year's Heropon	Common	15121	Ice Def Up V	0.008130081
24	This Year's Heropon	Common	15126	Dark Def Up V	0.008130081
24	This Year's Heropon	Common	15131	Light Def Up V	0.008130081
24	This Year's Heropon	Common	15163	Emergency Guard V	0.008130081
24	This Year's Heropon	Common	15173	HP Attack Boost V	0.008130081
24	This Year's Heropon	Common	15178	Spike Defense V	0.008130081
24	This Year's Heropon	Common	15188	Topple Resist V	0.008130081
24	This Year's Heropon	Common	15193	Launch Resist V	0.008130081
24	This Year's Heropon	Common	15203	Blowdown Resist V	0.008130081
24	This Year's Heropon	Common	15218	Shackle Blade Resist V	0.008130081
24	This Year's Heropon	Common	15223	Auto-Attack Stealth V	0.008130081
24	This Year's Heropon	Common	15228	Aggro Boost V	0.008130081
24	This Year's Heropon	Common	15243	Arts Heal V	0.008130081
24	This Year's Heropon	Common	15258	Night Vision V	0.008130081
24	This Year's Heropon	Common	15268	Reflect Damage Up V	0.008130081
24	This Year's Heropon	Common	15278	Opening Art V	0.008130081
24	This Year's Heropon	Common	15283	Telepathy V	0.008130081
24	This Year's Heropon	Common	15293	Affinity MAX Barrier V	0.008130081
24	This Year's Heropon	Common	15298	Affinity MAX Atk V	0.008130081
24	This Year's Heropon	Common	15313	Shoulder to Shoulder V	0.008130081
24	This Year's Heropon	Common	15324	Specials Lv 1 Plus V	0.008130081
24	This Year's Heropon	Common	15329	Specials Lv 2 Plus V	0.008130081
24	This Year's Heropon	Common	15349	Jamming V	0.008130081
24	This Year's Heropon	Common	333	Avant-Garde Medal (Legendary)	0.016260162
24	This Year's Heropon	Common	345	Ancient Banner (Legendary)	0.016260162
24	This Year's Heropon	Common	354	Bloody Orb (Legendary)	0.016260162
24	This Year's Heropon	Common	405	Critical Symbol (Legendary)	0.016260162
24	This Year's Heropon	Common	116	Resurrection Symbol (Legendary)	0.016260162
24	This Year's Heropon	Common	408	Sword Attachment (Legendary)	0.016260162
24	This Year's Heropon	Common	409	Scimitar Attachment (Legendary)	0.016260162
24	This Year's Heropon	Common	416	Scythe Attachment (Legendary)	0.016260162
24	This Year's Heropon	Common	431	Rebirth Amulet (Legendary)	0.016260162
24	This Year's Heropon	Common	432	Beta Scope (Legendary)	0.016260162
24	This Year's Heropon	Common	10046	Howardite Chip	0.008130081
24	This Year's Heropon	Common	10047	Aubrite Chip	0.008130081
24	This Year's Heropon	Common	10050	Axion Chip	0.008130081
24	This Year's Heropon	Common	10051	Mirror Matter Chip	0.008130081
24	This Year's Heropon	Common	15364	Ambush Boost VI	0.008130081
24	This Year's Heropon	Common	15383	Launch Resist VI	0.0121951215
24	This Year's Heropon	Common	15384	Smash Resist VI	0.0121951215
24	This Year's Heropon	Common	15385	Blowdown Resist VI	0.0121951215
24	This Year's Heropon	Common	15386	Knockback Resist VI	0.0121951215
24	This Year's Heropon	Common	15396	Reflect Damage Up VI	0.0121951215
24	This Year's Heropon	Common	15397	Opening Art VI	0.0121951215
24	This Year's Heropon	Common	528	War God Banner (Common)	0.024390243
24	This Year's Heropon	Common	537	Demon Orb (Common)	0.024390243
24	This Year's Heropon	Common	549	Violent Stone (Common)	0.024390243
24	This Year's Heropon	Common	564	Gargantuan Feather (Common)	0.024390243
24	This Year's Heropon	Common	579	Noise Dampener (Common)	0.024390243
24	This Year's Heropon	Common	529	War God Banner (Rare)	0.024390243
24	This Year's Heropon	Common	538	Demon Orb (Rare)	0.024390243
24	This Year's Heropon	Common	550	Violent Stone (Rare)	0.024390243
24	This Year's Heropon	Common	565	Gargantuan Feather (Rare)	0.024390243
24	This Year's Heropon	Common	580	Noise Dampener (Rare)	0.024390243
24	This Year's Heropon	Common	530	War God Banner (Legendary)	0.024390243
24	This Year's Heropon	Common	539	Demon Orb (Legendary)	0.024390243
24	This Year's Heropon	Common	551	Violent Stone (Legendary)	0.024390243
24	This Year's Heropon	Common	566	Gargantuan Feather (Legendary)	0.024390243
24	This Year's Heropon	Common	581	Noise Dampener (Legendary)	0.024390243
24	This Year's Heropon	Common	488	Terror Masque (Legendary)	0.024390243
24	This Year's Heropon	Common	494	Envoy's Footgear (Legendary)	0.024390243
24	This Year's Heropon	Rare	15030	Insect Hunter V	0.00363636366
24	This Year's Heropon	Rare	15040	Aquatic Hunter V	0.00363636366
24	This Year's Heropon	Rare	15025	Beast Hunter V	0.00363636366
24	This Year's Heropon	Rare	15035	Aerial Hunter V	0.00363636366
24	This Year's Heropon	Rare	15045	Humanoid Hunter V	0.00363636366
24	This Year's Heropon	Rare	15055	Titan Hunter V	0.00363636366
24	This Year's Heropon	Rare	15050	Machine Hunter V	0.00363636366
24	This Year's Heropon	Rare	15071	Ambush Boost V	0.00363636366
24	This Year's Heropon	Rare	15081	Aggro Attack Up V	0.00363636366
24	This Year's Heropon	Rare	15086	Indoor Attack Up V	0.00363636366
24	This Year's Heropon	Rare	15096	Fire Def Up V	0.00363636366
24	This Year's Heropon	Rare	15101	Water Def Up V	0.00363636366
24	This Year's Heropon	Rare	15106	Earth Def Up V	0.00363636366
24	This Year's Heropon	Rare	15111	Wind Def Up V	0.00363636366
24	This Year's Heropon	Rare	15116	Electric Def Up V	0.00363636366
24	This Year's Heropon	Rare	15121	Ice Def Up V	0.00363636366
24	This Year's Heropon	Rare	15126	Dark Def Up V	0.00363636366
24	This Year's Heropon	Rare	15131	Light Def Up V	0.00363636366
24	This Year's Heropon	Rare	15163	Emergency Guard V	0.00363636366
24	This Year's Heropon	Rare	15173	HP Attack Boost V	0.00363636366
24	This Year's Heropon	Rare	15178	Spike Defense V	0.00363636366
24	This Year's Heropon	Rare	15188	Topple Resist V	0.00363636366
24	This Year's Heropon	Rare	15193	Launch Resist V	0.00363636366
24	This Year's Heropon	Rare	15203	Blowdown Resist V	0.00363636366
24	This Year's Heropon	Rare	15218	Shackle Blade Resist V	0.00363636366
24	This Year's Heropon	Rare	15223	Auto-Attack Stealth V	0.00363636366
24	This Year's Heropon	Rare	15228	Aggro Boost V	0.00363636366
24	This Year's Heropon	Rare	15243	Arts Heal V	0.00363636366
24	This Year's Heropon	Rare	15258	Night Vision V	0.00363636366
24	This Year's Heropon	Rare	15268	Reflect Damage Up V	0.00363636366
24	This Year's Heropon	Rare	15278	Opening Art V	0.00363636366
24	This Year's Heropon	Rare	15283	Telepathy V	0.00363636366
24	This Year's Heropon	Rare	15293	Affinity MAX Barrier V	0.00363636366
24	This Year's Heropon	Rare	15298	Affinity MAX Atk V	0.00363636366
24	This Year's Heropon	Rare	15313	Shoulder to Shoulder V	0.00363636366
24	This Year's Heropon	Rare	15324	Specials Lv 1 Plus V	0.00363636366
24	This Year's Heropon	Rare	15329	Specials Lv 2 Plus V	0.00363636366
24	This Year's Heropon	Rare	15349	Jamming V	0.00363636366
24	This Year's Heropon	Rare	333	Avant-Garde Medal (Legendary)	0.00727272732
24	This Year's Heropon	Rare	345	Ancient Banner (Legendary)	0.00727272732
24	This Year's Heropon	Rare	354	Bloody Orb (Legendary)	0.00727272732
24	This Year's Heropon	Rare	405	Critical Symbol (Legendary)	0.00727272732
24	This Year's Heropon	Rare	116	Resurrection Symbol (Legendary)	0.00727272732
24	This Year's Heropon	Rare	408	Sword Attachment (Legendary)	0.00727272732
24	This Year's Heropon	Rare	409	Scimitar Attachment (Legendary)	0.00727272732
24	This Year's Heropon	Rare	416	Scythe Attachment (Legendary)	0.00727272732
24	This Year's Heropon	Rare	431	Rebirth Amulet (Legendary)	0.00727272732
24	This Year's Heropon	Rare	432	Beta Scope (Legendary)	0.00727272732
24	This Year's Heropon	Rare	10046	Howardite Chip	0.00363636366
24	This Year's Heropon	Rare	10047	Aubrite Chip	0.00363636366
24	This Year's Heropon	Rare	10050	Axion Chip	0.00363636366
24	This Year's Heropon	Rare	10051	Mirror Matter Chip	0.00363636366
24	This Year's Heropon	Rare	15364	Ambush Boost VI	0.00363636366
24	This Year's Heropon	Rare	15383	Launch Resist VI	0.00545454537
24	This Year's Heropon	Rare	15384	Smash Resist VI	0.00545454537
24	This Year's Heropon	Rare	15385	Blowdown Resist VI	0.00545454537
24	This Year's Heropon	Rare	15386	Knockback Resist VI	0.00545454537
24	This Year's Heropon	Rare	15396	Reflect Damage Up VI	0.00545454537
24	This Year's Heropon	Rare	15397	Opening Art VI	0.00545454537
24	This Year's Heropon	Rare	528	War God Banner (Common)	0.0109090907
24	This Year's Heropon	Rare	537	Demon Orb (Common)	0.0109090907
24	This Year's Heropon	Rare	549	Violent Stone (Common)	0.0109090907
24	This Year's Heropon	Rare	564	Gargantuan Feather (Common)	0.0109090907
24	This Year's Heropon	Rare	579	Noise Dampener (Common)	0.0109090907
24	This Year's Heropon	Rare	529	War God Banner (Rare)	0.0109090907
24	This Year's Heropon	Rare	538	Demon Orb (Rare)	0.0109090907
24	This Year's Heropon	Rare	550	Violent Stone (Rare)	0.0109090907
24	This Year's Heropon	Rare	565	Gargantuan Feather (Rare)	0.0109090907
24	This Year's Heropon	Rare	580	Noise Dampener (Rare)	0.0109090907
24	This Year's Heropon	Rare	530	War God Banner (Legendary)	0.0109090907
24	This Year's Heropon	Rare	539	Demon Orb (Legendary)	0.0109090907
24	This Year's Heropon	Rare	551	Violent Stone (Legendary)	0.0109090907
24	This Year's Heropon	Rare	566	Gargantuan Feather (Legendary)	0.0109090907
24	This Year's Heropon	Rare	581	Noise Dampener (Legendary)	0.0109090907
24	This Year's Heropon	Rare	488	Terror Masque (Legendary)	0.0109090907
24	This Year's Heropon	Rare	494	Envoy's Footgear (Legendary)	0.0109090907
24	This Year's Heropon	Rare	15010	Physical Defense Up V	0.00363636366
24	This Year's Heropon	Rare	15020	Block Rate Up V	0.00363636366
24	This Year's Heropon	Rare	15066	Fusion Combo Up V	0.00363636366
24	This Year's Heropon	Rare	15076	Reflect Immunity	0.00363636366
24	This Year's Heropon	Rare	15091	Outdoor Attack Up V	0.00363636366
24	This Year's Heropon	Rare	15153	Evasion Focus V	0.00363636366
24	This Year's Heropon	Rare	15183	Break Resist V	0.00363636366
24	This Year's Heropon	Rare	15198	Smash Resist V	0.00363636366
24	This Year's Heropon	Rare	15208	Knockback Resist V	0.00363636366
24	This Year's Heropon	Rare	15238	Arts Aggro Boost V	0.00363636366
24	This Year's Heropon	Rare	15263	Sunlight Eye V	0.00363636366
24	This Year's Heropon	Rare	15273	Range Boost Up V	0.00363636366
24	This Year's Heropon	Rare	15288	Helping Hand V	0.00363636366
24	This Year's Heropon	Rare	15308	Hunter's Chemistry V	0.00363636366
24	This Year's Heropon	Rare	15318	Fast Blade Switch V	0.00363636366
24	This Year's Heropon	Rare	15334	Specials Lv 3 Plus V	0.00363636366
24	This Year's Heropon	Rare	15339	Specials Lv 4 Plus V	0.00363636366
24	This Year's Heropon	Rare	15344	Affinity MAX Acc V	0.00363636366
24	This Year's Heropon	Rare	300	Titanium Vest (Legendary)	0.00727272732
24	This Year's Heropon	Rare	303	Ceramic Belt (Legendary)	0.00727272732
24	This Year's Heropon	Rare	306	Fiber Hat (Legendary)	0.00727272732
24	This Year's Heropon	Rare	309	Carbon Gloves (Legendary)	0.00727272732
24	This Year's Heropon	Rare	312	Ester Shoes (Legendary)	0.00727272732
24	This Year's Heropon	Rare	315	Comet Choker (Legendary)	0.00727272732
24	This Year's Heropon	Rare	336	Optical Headband (Legendary)	0.00727272732
24	This Year's Heropon	Rare	342	Graphite Greaves (Legendary)	0.00727272732
24	This Year's Heropon	Rare	348	Jet Pauldrons (Legendary)	0.00727272732
24	This Year's Heropon	Rare	351	Hero Vambraces (Legendary)	0.00727272732
24	This Year's Heropon	Rare	357	Quantum Scarf (Legendary)	0.00727272732
24	This Year's Heropon	Rare	383	World Tree Ward (Legendary)	0.00727272732
24	This Year's Heropon	Rare	389	Holy Necklace (Legendary)	0.00727272732
24	This Year's Heropon	Rare	393	Round Table Medal (Legendary)	0.00727272732
24	This Year's Heropon	Rare	396	Nano-Metal Gauntlet (Legendary)	0.00727272732
24	This Year's Heropon	Rare	399	Hi-Tech Eyepatch (Legendary)	0.00727272732
24	This Year's Heropon	Rare	10056	Positron Chip	0.00363636366
24	This Year's Heropon	Rare	15356	Beast Hunter VI	0.00363636366
24	This Year's Heropon	Rare	15357	Insect Hunter VI	0.00363636366
24	This Year's Heropon	Rare	15358	Aerial Hunter VI	0.00363636366
24	This Year's Heropon	Rare	15359	Aquatic Hunter VI	0.00363636366
24	This Year's Heropon	Rare	15360	Humanoid Hunter VI	0.00363636366
24	This Year's Heropon	Rare	15361	Machine Hunter VI	0.00363636366
24	This Year's Heropon	Rare	15362	Titan Hunter VI	0.00363636366
24	This Year's Heropon	Rare	15382	Topple Resist VI	0.00363636366
24	This Year's Heropon	Rare	15387	Auto-Attack Stealth VI	0.00363636366
24	This Year's Heropon	Rare	15388	Aggro Boost VI	0.00363636366
24	This Year's Heropon	Rare	15389	Arts Stealth VI	0.00363636366
24	This Year's Heropon	Rare	15390	Arts Aggro Boost VI	0.00363636366
24	This Year's Heropon	Rare	15394	Night Vision VI	0.00363636366
24	This Year's Heropon	Rare	15395	Sunlight Eye VI	0.00727272732
24	This Year's Heropon	Rare	15401	Specials Lv 1 Plus VI	0.00363636366
24	This Year's Heropon	Rare	15402	Specials Lv 2 Plus VI	0.00363636366
24	This Year's Heropon	Rare	15403	Specials Lv 3 Plus VI	0.00363636366
24	This Year's Heropon	Rare	15404	Specials Lv 4 Plus VI	0.00363636366
24	This Year's Heropon	Rare	465	Augmented Vision Kit (Common)	0.00727272732
24	This Year's Heropon	Rare	468	Charm Bangle (Common)	0.00727272732
24	This Year's Heropon	Rare	474	Seven-League Circlet (Common)	0.00727272732
24	This Year's Heropon	Rare	498	Twin Trunks Vest (Common)	0.00727272732
24	This Year's Heropon	Rare	507	Vivid Mitts (Common)	0.00727272732
24	This Year's Heropon	Rare	510	Dauntless Boots (Common)	0.00727272732
24	This Year's Heropon	Rare	513	Sunlight Choker (Common)	0.0145454546
24	This Year's Heropon	Rare	525	Staunch Boots (Common)	0.00727272732
24	This Year's Heropon	Rare	552	Enlightened Loincloth (Common)	0.00727272732
24	This Year's Heropon	Rare	555	Glamorous Swimsuit (Common)	0.00727272732
24	This Year's Heropon	Rare	558	Vanish Hood (Common)	0.00727272732
24	This Year's Heropon	Rare	561	Platinum Nopon Mask (Common)	0.0145454546
24	This Year's Heropon	Rare	573	Beatific Medal (Common)	0.00727272732
24	This Year's Heropon	Rare	466	Augmented Vision Kit (Rare)	0.00727272732
24	This Year's Heropon	Rare	469	Charm Bangle (Rare)	0.00727272732
24	This Year's Heropon	Rare	475	Seven-League Circlet (Rare)	0.00727272732
24	This Year's Heropon	Rare	499	Twin Trunks Vest (Rare)	0.00727272732
24	This Year's Heropon	Rare	508	Vivid Mitts (Rare)	0.00727272732
24	This Year's Heropon	Rare	511	Dauntless Boots (Rare)	0.00727272732
24	This Year's Heropon	Rare	514	Sunlight Choker (Rare)	0.00727272732
24	This Year's Heropon	Rare	526	Staunch Boots (Rare)	0.00727272732
24	This Year's Heropon	Rare	553	Enlightened Loincloth (Rare)	0.00727272732
24	This Year's Heropon	Rare	556	Glamorous Swimsuit (Rare)	0.00727272732
24	This Year's Heropon	Rare	559	Vanish Hood (Rare)	0.00727272732
24	This Year's Heropon	Rare	562	Platinum Nopon Mask (Rare)	0.00727272732
24	This Year's Heropon	Rare	574	Beatific Medal (Rare)	0.00727272732
24	This Year's Heropon	Rare	467	Augmented Vision Kit (Legendary)	0.00727272732
24	This Year's Heropon	Rare	470	Charm Bangle (Legendary)	0.00727272732
24	This Year's Heropon	Rare	476	Seven-League Circlet (Legendary)	0.00727272732
24	This Year's Heropon	Rare	500	Twin Trunks Vest (Legendary)	0.00727272732
24	This Year's Heropon	Rare	509	Vivid Mitts (Legendary)	0.00727272732
24	This Year's Heropon	Rare	512	Dauntless Boots (Legendary)	0.00727272732
24	This Year's Heropon	Rare	515	Sunlight Choker (Legendary)	0.00727272732
24	This Year's Heropon	Rare	527	Staunch Boots (Legendary)	0.00727272732
24	This Year's Heropon	Rare	554	Enlightened Loincloth (Legendary)	0.00727272732
24	This Year's Heropon	Rare	557	Glamorous Swimsuit (Legendary)	0.00727272732
24	This Year's Heropon	Rare	560	Vanish Hood (Legendary)	0.00727272732
24	This Year's Heropon	Rare	563	Platinum Nopon Mask (Legendary)	0.00727272732
24	This Year's Heropon	Rare	575	Beatific Medal (Legendary)	0.00727272732
24	This Year's Heropon	Legendary	15010	Physical Defense Up V	0.004255319
24	This Year's Heropon	Legendary	15020	Block Rate Up V	0.004255319
24	This Year's Heropon	Legendary	15066	Fusion Combo Up V	0.004255319
24	This Year's Heropon	Legendary	15076	Reflect Immunity	0.004255319
24	This Year's Heropon	Legendary	15091	Outdoor Attack Up V	0.004255319
24	This Year's Heropon	Legendary	15153	Evasion Focus V	0.004255319
24	This Year's Heropon	Legendary	15183	Break Resist V	0.004255319
24	This Year's Heropon	Legendary	15198	Smash Resist V	0.004255319
24	This Year's Heropon	Legendary	15208	Knockback Resist V	0.004255319
24	This Year's Heropon	Legendary	15238	Arts Aggro Boost V	0.004255319
24	This Year's Heropon	Legendary	15263	Sunlight Eye V	0.004255319
24	This Year's Heropon	Legendary	15273	Range Boost Up V	0.004255319
24	This Year's Heropon	Legendary	15288	Helping Hand V	0.004255319
24	This Year's Heropon	Legendary	15308	Hunter's Chemistry V	0.004255319
24	This Year's Heropon	Legendary	15318	Fast Blade Switch V	0.004255319
24	This Year's Heropon	Legendary	15334	Specials Lv 3 Plus V	0.004255319
24	This Year's Heropon	Legendary	15339	Specials Lv 4 Plus V	0.004255319
24	This Year's Heropon	Legendary	15344	Affinity MAX Acc V	0.004255319
24	This Year's Heropon	Legendary	300	Titanium Vest (Legendary)	0.008510638
24	This Year's Heropon	Legendary	303	Ceramic Belt (Legendary)	0.008510638
24	This Year's Heropon	Legendary	306	Fiber Hat (Legendary)	0.008510638
24	This Year's Heropon	Legendary	309	Carbon Gloves (Legendary)	0.008510638
24	This Year's Heropon	Legendary	312	Ester Shoes (Legendary)	0.008510638
24	This Year's Heropon	Legendary	315	Comet Choker (Legendary)	0.008510638
24	This Year's Heropon	Legendary	336	Optical Headband (Legendary)	0.008510638
24	This Year's Heropon	Legendary	342	Graphite Greaves (Legendary)	0.008510638
24	This Year's Heropon	Legendary	348	Jet Pauldrons (Legendary)	0.008510638
24	This Year's Heropon	Legendary	351	Hero Vambraces (Legendary)	0.008510638
24	This Year's Heropon	Legendary	357	Quantum Scarf (Legendary)	0.008510638
24	This Year's Heropon	Legendary	383	World Tree Ward (Legendary)	0.008510638
24	This Year's Heropon	Legendary	389	Holy Necklace (Legendary)	0.008510638
24	This Year's Heropon	Legendary	393	Round Table Medal (Legendary)	0.008510638
24	This Year's Heropon	Legendary	396	Nano-Metal Gauntlet (Legendary)	0.008510638
24	This Year's Heropon	Legendary	399	Hi-Tech Eyepatch (Legendary)	0.008510638
24	This Year's Heropon	Legendary	10056	Positron Chip	0.004255319
24	This Year's Heropon	Legendary	15356	Beast Hunter VI	0.004255319
24	This Year's Heropon	Legendary	15357	Insect Hunter VI	0.004255319
24	This Year's Heropon	Legendary	15358	Aerial Hunter VI	0.004255319
24	This Year's Heropon	Legendary	15359	Aquatic Hunter VI	0.004255319
24	This Year's Heropon	Legendary	15360	Humanoid Hunter VI	0.004255319
24	This Year's Heropon	Legendary	15361	Machine Hunter VI	0.004255319
24	This Year's Heropon	Legendary	15362	Titan Hunter VI	0.004255319
24	This Year's Heropon	Legendary	15382	Topple Resist VI	0.004255319
24	This Year's Heropon	Legendary	15387	Auto-Attack Stealth VI	0.004255319
24	This Year's Heropon	Legendary	15388	Aggro Boost VI	0.004255319
24	This Year's Heropon	Legendary	15389	Arts Stealth VI	0.004255319
24	This Year's Heropon	Legendary	15390	Arts Aggro Boost VI	0.004255319
24	This Year's Heropon	Legendary	15394	Night Vision VI	0.004255319
24	This Year's Heropon	Legendary	15395	Sunlight Eye VI	0.004255319
24	This Year's Heropon	Legendary	15401	Specials Lv 1 Plus VI	0.004255319
24	This Year's Heropon	Legendary	15402	Specials Lv 2 Plus VI	0.004255319
24	This Year's Heropon	Legendary	15403	Specials Lv 3 Plus VI	0.004255319
24	This Year's Heropon	Legendary	15404	Specials Lv 4 Plus VI	0.004255319
24	This Year's Heropon	Legendary	465	Augmented Vision Kit (Common)	0.008510638
24	This Year's Heropon	Legendary	468	Charm Bangle (Common)	0.008510638
24	This Year's Heropon	Legendary	474	Seven-League Circlet (Common)	0.008510638
24	This Year's Heropon	Legendary	498	Twin Trunks Vest (Common)	0.008510638
24	This Year's Heropon	Legendary	507	Vivid Mitts (Common)	0.008510638
24	This Year's Heropon	Legendary	510	Dauntless Boots (Common)	0.008510638
24	This Year's Heropon	Legendary	513	Sunlight Choker (Common)	0.008510638
24	This Year's Heropon	Legendary	525	Staunch Boots (Common)	0.008510638
24	This Year's Heropon	Legendary	552	Enlightened Loincloth (Common)	0.008510638
24	This Year's Heropon	Legendary	555	Glamorous Swimsuit (Common)	0.008510638
24	This Year's Heropon	Legendary	558	Vanish Hood (Common)	0.008510638
24	This Year's Heropon	Legendary	561	Platinum Nopon Mask (Common)	0.008510638
24	This Year's Heropon	Legendary	573	Beatific Medal (Common)	0.008510638
24	This Year's Heropon	Legendary	466	Augmented Vision Kit (Rare)	0.008510638
24	This Year's Heropon	Legendary	469	Charm Bangle (Rare)	0.008510638
24	This Year's Heropon	Legendary	475	Seven-League Circlet (Rare)	0.008510638
24	This Year's Heropon	Legendary	499	Twin Trunks Vest (Rare)	0.008510638
24	This Year's Heropon	Legendary	508	Vivid Mitts (Rare)	0.008510638
24	This Year's Heropon	Legendary	511	Dauntless Boots (Rare)	0.008510638
24	This Year's Heropon	Legendary	514	Sunlight Choker (Rare)	0.008510638
24	This Year's Heropon	Legendary	526	Staunch Boots (Rare)	0.008510638
24	This Year's Heropon	Legendary	553	Enlightened Loincloth (Rare)	0.008510638
24	This Year's Heropon	Legendary	556	Glamorous Swimsuit (Rare)	0.008510638
24	This Year's Heropon	Legendary	559	Vanish Hood (Rare)	0.008510638
24	This Year's Heropon	Legendary	562	Platinum Nopon Mask (Rare)	0.008510638
24	This Year's Heropon	Legendary	574	Beatific Medal (Rare)	0.008510638
24	This Year's Heropon	Legendary	467	Augmented Vision Kit (Legendary)	0.008510638
24	This Year's Heropon	Legendary	470	Charm Bangle (Legendary)	0.008510638
24	This Year's Heropon	Legendary	476	Seven-League Circlet (Legendary)	0.008510638
24	This Year's Heropon	Legendary	500	Twin Trunks Vest (Legendary)	0.008510638
24	This Year's Heropon	Legendary	509	Vivid Mitts (Legendary)	0.008510638
24	This Year's Heropon	Legendary	512	Dauntless Boots (Legendary)	0.008510638
24	This Year's Heropon	Legendary	515	Sunlight Choker (Legendary)	0.008510638
24	This Year's Heropon	Legendary	527	Staunch Boots (Legendary)	0.008510638
24	This Year's Heropon	Legendary	554	Enlightened Loincloth (Legendary)	0.008510638
24	This Year's Heropon	Legendary	557	Glamorous Swimsuit (Legendary)	0.008510638
24	This Year's Heropon	Legendary	560	Vanish Hood (Legendary)	0.008510638
24	This Year's Heropon	Legendary	563	Platinum Nopon Mask (Legendary)	0.008510638
24	This Year's Heropon	Legendary	575	Beatific Medal (Legendary)	0.008510638
24	This Year's Heropon	Legendary	15005	Critical Up V	0.004255319
24	This Year's Heropon	Legendary	15015	Ether Defense Up V	0.004255319
24	This Year's Heropon	Legendary	15060	Blade Combo Boost V	0.004255319
24	This Year's Heropon	Legendary	15158	Swift Evasion V	0.004255319
24	This Year's Heropon	Legendary	15168	Endurance V	0.004255319
24	This Year's Heropon	Legendary	15233	Arts Stealth V	0.004255319
24	This Year's Heropon	Legendary	15248	Movement Heal V	0.004255319
24	This Year's Heropon	Legendary	15253	Damage Heal V	0.004255319
24	This Year's Heropon	Legendary	15303	Affinity MAX Evade V	0.004255319
24	This Year's Heropon	Legendary	10057	Hadron Chip	0.004255319
24	This Year's Heropon	Legendary	15353	Physical Defense Up VI	0.004255319
24	This Year's Heropon	Legendary	15354	Ether Defense Up VI	0.004255319
24	This Year's Heropon	Legendary	15368	Fire Def Up VI	0.00638297852
24	This Year's Heropon	Legendary	15369	Water Def Up VI	0.00638297852
24	This Year's Heropon	Legendary	15370	Wind Def Up VI	0.00638297852
24	This Year's Heropon	Legendary	15371	Earth Def Up VI	0.00638297852
24	This Year's Heropon	Legendary	15372	Electric Def Up VI	0.00638297852
24	This Year's Heropon	Legendary	15373	Ice Def Up VI	0.00638297852
24	This Year's Heropon	Legendary	15374	Light Def Up VI	0.00638297852
24	This Year's Heropon	Legendary	15375	Dark Def Up VI	0.00638297852
24	This Year's Heropon	Legendary	15381	Break Resist VI	0.004255319
24	This Year's Heropon	Legendary	15405	Affinity MAX Acc VI	0.004255319
24	This Year's Heropon	Legendary	456	Consul Greaves (Common)	0.008510638
24	This Year's Heropon	Legendary	489	Abyss Masque (Common)	0.008510638
24	This Year's Heropon	Legendary	495	Survivor's Footgear (Common)	0.008510638
24	This Year's Heropon	Legendary	501	Beast-Hide Vest (Common)	0.008510638
24	This Year's Heropon	Legendary	504	Prairie Cap (Common)	0.008510638
24	This Year's Heropon	Legendary	519	Crimson Headband (Common)	0.008510638
24	This Year's Heropon	Legendary	531	Consul Pauldrons (Common)	0.008510638
24	This Year's Heropon	Legendary	534	Divine Vambraces (Common)	0.008510638
24	This Year's Heropon	Legendary	540	Tachyon Scarf (Common)	0.008510638
24	This Year's Heropon	Legendary	576	Carbon Gauntlet (Common)	0.008510638
24	This Year's Heropon	Legendary	457	Consul Greaves (Rare)	0.008510638
24	This Year's Heropon	Legendary	490	Abyss Masque (Rare)	0.008510638
24	This Year's Heropon	Legendary	496	Survivor's Footgear (Rare)	0.008510638
24	This Year's Heropon	Legendary	502	Beast-Hide Vest (Rare)	0.008510638
24	This Year's Heropon	Legendary	505	Prairie Cap (Rare)	0.008510638
24	This Year's Heropon	Legendary	520	Crimson Headband (Rare)	0.008510638
24	This Year's Heropon	Legendary	532	Consul Pauldrons (Rare)	0.008510638
24	This Year's Heropon	Legendary	535	Divine Vambraces (Rare)	0.008510638
24	This Year's Heropon	Legendary	541	Tachyon Scarf (Rare)	0.008510638
24	This Year's Heropon	Legendary	577	Carbon Gauntlet (Rare)	0.008510638
24	This Year's Heropon	Legendary	458	Consul Greaves (Legendary)	0.008510638
24	This Year's Heropon	Legendary	491	Abyss Masque (Legendary)	0.008510638
24	This Year's Heropon	Legendary	497	Survivor's Footgear (Legendary)	0.008510638
24	This Year's Heropon	Legendary	503	Beast-Hide Vest (Legendary)	0.008510638
24	This Year's Heropon	Legendary	506	Prairie Cap (Legendary)	0.008510638
24	This Year's Heropon	Legendary	521	Crimson Headband (Legendary)	0.008510638
24	This Year's Heropon	Legendary	533	Consul Pauldrons (Legendary)	0.008510638
24	This Year's Heropon	Legendary	536	Divine Vambraces (Legendary)	0.008510638
24	This Year's Heropon	Legendary	542	Tachyon Scarf (Legendary)	0.008510638
24	This Year's Heropon	Legendary	578	Carbon Gauntlet (Legendary)	0.008510638
24	This Year's Heropon	Legendary	25406	Intermediate Weaponry	0.008510638
\.


--
-- Data for Name: chip_locations; Type: TABLE DATA; Schema: xeno2; Owner: poppi
--

COPY xeno2.chip_locations (chip, location) FROM stdin;
Lead Chip	Gormott Province
Tin Chip	Gormott Province
Bronze Chip	Kingdom of Uraya
Silver Chip	Gormott Province
Silver Chip	Temperantia
Iron Chip	Argentum Trade Guild
Cobalt Chip	Argentum Trade Guild
Steel Chip	Argentum Trade Guild
Gold Chip	Kingdom of Uraya
Gold Chip	Empire of Mor Ardain
Fang Chip	Gormott Province
Wing Chip	Gormott Province
Scale Chip	Gormott Province
Horn Chip	Gormott Province
Wood Chip	Leftherian Archipelago
Flower Chip	Leftherian Archipelago
Glass Chip	Leftherian Archipelago
Forest Chip	Gormott Province
Turquoise Chip	Kingdom of Uraya
Spinel Chip	Kingdom of Uraya
Amethyst Chip	Kingdom of Uraya
Fluorite Chip	Kingdom of Uraya
Fluorite Chip	Empire of Mor Ardain
Garnet Chip	Spirit Crucible Elpys
Aquamarine Chip	Spirit Crucible Elpys
Opal Chip	Spirit Crucible Elpys
Zircon Chip	Kingdom of Uraya
Coil Chip	Empire of Mor Ardain
Chain Chip	Empire of Mor Ardain
Magnet Chip	Empire of Mor Ardain
Shaft Chip	Gormott Province
Shaft Chip	Empire of Mor Ardain
Battery Chip	Kingdom of Tantal
Engine Chip	Kingdom of Tantal
Motor Chip	Kingdom of Tantal
Booster Chip	Empire of Mor Ardain
Tri-Chip	Gormott Province
Rhombus Chip	Gormott Province
Pentagon Chip	Gormott Province
Hexagon Chip	Gormott Province
Sphere Chip	Indoline Praetorium
Cube Chip	Indoline Praetorium
Polygon Chip	Temperantia
Spiral Chip	Kingdom of Tantal
Lodranite Chip	Kingdom of Tantal
Brachinite Chip	Kingdom of Tantal
Ureilite Chip	Kingdom of Tantal
Winonaite Chip	Kingdom of Uraya
Winonaite Chip	Temperantia
Nakhlite Chip	Land of Morytha
Howardite Chip	Land of Morytha
Aubrite Chip	Land of Morytha
Angrite Chip	Kingdom of Uraya
Angrite Chip	Temperantia
Dark Matter Chip	World Tree
Axion Chip	World Tree
Mirror Matter Chip	World Tree
Shining Star Chip	Temperantia
Moon Matter Chip	Kingdom of Tantal
Sunlight Chip	World Tree
Photon Chip	World Tree
Positron Chip	World Tree
Hadron Chip	World Tree
Dilaton Chip	Cliffs of Morytha
Preon Chip	Empire of Mor Ardain
Tachyon Chip	Temperantia
\.


--
-- Data for Name: chip_weapons; Type: TABLE DATA; Schema: xeno2; Owner: poppi
--

COPY xeno2.chip_weapons (chip, weapon) FROM stdin;
Lead Chip	Primitive Sword
Lead Chip	Primitive Scimitar
Lead Chip	Primitive Rings
Lead Chip	Primitive Shield
Lead Chip	Primitive Arms
Lead Chip	Primitive Saber
Lead Chip	Primitive Whips
Lead Chip	Primitive Edge
Lead Chip	Primitive Scythes
Lead Chip	Primitive Axe
Lead Chip	Primitive Lance
Lead Chip	Primitive Cannon
Lead Chip	Primitive Hammer
Lead Chip	Nameless Katana
Lead Chip	Primitive Ball
Lead Chip	Primitive Knuckles
Lead Chip	Monado (Lead)
Lead Chip	Well-Used Blades (Lead)
Lead Chip	Archetype Ralzes (Lead)
Lead Chip	Halteclere (Lead)
Tin Chip	Plain Sword
Tin Chip	Plain Scimitar
Tin Chip	Plain Rings
Tin Chip	Plain Shield
Tin Chip	Plain Arms
Tin Chip	Plain Saber
Tin Chip	Plain Whips
Tin Chip	Plain Edge
Tin Chip	Plain Scythes
Tin Chip	Plain Axe
Tin Chip	Plain Lance
Tin Chip	Plain Cannon
Tin Chip	Plain Hammer
Tin Chip	Eastern Tachi
Tin Chip	Plain Ball
Tin Chip	Plain Knuckles
Tin Chip	Monado (Tin)
Tin Chip	Well-Used Blades (Tin)
Tin Chip	Archetype Ralzes (Tin)
Tin Chip	Halteclere (Tin)
Bronze Chip	Flatform Sword
Bronze Chip	Flatform Scimitar
Bronze Chip	Flatform Rings
Bronze Chip	Flatform Shield
Bronze Chip	Flatform Arms
Bronze Chip	Flatform Saber
Bronze Chip	Flatform Whips
Bronze Chip	Flatform Edge
Bronze Chip	Flatform Scythes
Bronze Chip	Flatform Axe
Bronze Chip	Flatform Lance
Bronze Chip	Flatform Cannon
Bronze Chip	Flatform Hammer
Bronze Chip	Vagrant Tachi
Bronze Chip	Flatform Ball
Bronze Chip	Flatform Knuckles
Bronze Chip	Monado (Bronze)
Bronze Chip	Well-Used Blades (Bronze)
Bronze Chip	Archetype Ralzes (Bronze)
Bronze Chip	Halteclere (Bronze)
Silver Chip	Ornate Sword
Silver Chip	Ornate Scimitar
Silver Chip	Rings of Plenty
Silver Chip	Shield of Plenty
Silver Chip	Ornate Arms
Silver Chip	Ornate Saber
Silver Chip	Whips of Plenty
Silver Chip	Edge of Plenty
Silver Chip	Sickles of Plenty
Silver Chip	Hatchet of Plenty
Silver Chip	Ornate Lance
Silver Chip	Ornate Cannon
Silver Chip	Ornate Hammer
Silver Chip	Katana of Plenty
Silver Chip	Ornate Ball
Silver Chip	Ornate Knuckles
Silver Chip	Monado (Silver)
Silver Chip	Well-Used Blades (Silver)
Silver Chip	Archetype Ralzes (Silver)
Silver Chip	Halteclere (Silver)
Iron Chip	Breaker Sword
Iron Chip	Breaker Scimitar
Iron Chip	Breaker Rings
Iron Chip	Breaker Shield
Iron Chip	Breaker Arms
Iron Chip	Breaker Saber
Iron Chip	Breaker Whips
Iron Chip	Breaker Edge
Iron Chip	Breaker Scythes
Iron Chip	Breaker Axe
Iron Chip	Breaker Lance
Iron Chip	Breaker Cannon
Iron Chip	Breaker Hammer
Iron Chip	Breaker Tachi
Iron Chip	Breaker Ball
Iron Chip	Breaker Knuckles
Iron Chip	Monado (Iron)
Iron Chip	Well-Used Blades (Iron)
Iron Chip	Archetype Ralzes (Iron)
Iron Chip	Halteclere (Iron)
Cobalt Chip	Duelist's Sword
Cobalt Chip	Duelist's Scimitar
Cobalt Chip	Duelist's Rings
Cobalt Chip	Duelist's Shield
Cobalt Chip	Duelist's Arms
Cobalt Chip	Duelist's Saber
Cobalt Chip	Duelist's Whips
Cobalt Chip	Duelist's Edge
Cobalt Chip	Duelist's Scythes
Cobalt Chip	Duelist's Axe
Cobalt Chip	Duelist's Lance
Cobalt Chip	Duelist's Cannon
Cobalt Chip	Duelist's Hammer
Cobalt Chip	Duelist's Tachi
Cobalt Chip	Duelist's Ball
Cobalt Chip	Duelist's Knuckles
Cobalt Chip	Monado (Cobalt)
Cobalt Chip	Well-Used Blades (Cobalt)
Cobalt Chip	Archetype Ralzes (Cobalt)
Cobalt Chip	Halteclere (Cobalt)
Steel Chip	Battle Sword
Steel Chip	Battle Scimitar
Steel Chip	Battle Rings
Steel Chip	Battle Shield
Steel Chip	Battle Arms
Steel Chip	Battle Saber
Steel Chip	Battle Whips
Steel Chip	Battle Edge
Steel Chip	Battle Scythes
Steel Chip	Battle Axe
Steel Chip	Battle Lance
Steel Chip	Battle Cannon
Steel Chip	Battle Hammer
Steel Chip	War Tachi
Steel Chip	Battle Ball
Steel Chip	Battle Knuckles
Steel Chip	Monado (Steel)
Steel Chip	Well-Used Blades (Steel)
Steel Chip	Archetype Ralzes (Steel)
Steel Chip	Halteclere (Steel)
Gold Chip	Snare Sword
Gold Chip	Snare Scimitar
Gold Chip	Plunder Rings
Gold Chip	Plunder Shield
Gold Chip	Snare Arms
Gold Chip	Snare Saber
Gold Chip	Plunder Whips
Gold Chip	Plunder Edge
Gold Chip	Plunder Sickles
Gold Chip	Plunder Hatchet
Gold Chip	Snare Lance
Gold Chip	Snare Cannon
Gold Chip	Snare Hammer
Gold Chip	Plunder Katana
Gold Chip	Snare Ball
Gold Chip	Snare Knuckles
Gold Chip	Monado (Gold)
Gold Chip	Well-Used Blades (Gold)
Gold Chip	Archetype Ralzes (Gold)
Gold Chip	Halteclere (Gold)
Fang Chip	Sword of the Fox
Fang Chip	Scimitar of Shores
Fang Chip	Wild Rings
Fang Chip	Bitey Bitey Shield
Fang Chip	Studded Arms
Fang Chip	Deadly Saber
Fang Chip	Whips of the Sparrow
Fang Chip	Flighty Edge
Fang Chip	Pixie Scythes
Fang Chip	Large Axe
Fang Chip	Spike Lance
Fang Chip	Osseous Cannon
Fang Chip	Horn Hammer
Fang Chip	Wildflower Tachi
Fang Chip	Wooden Ball
Fang Chip	Knuckles of the Crow
Fang Chip	Monado (Fang)
Fang Chip	Well-Used Blades (Fang)
Fang Chip	Archetype Ralzes (Fang)
Fang Chip	Halteclere (Fang)
Wing Chip	Sword of the Dingo
Wing Chip	Scimitar of Waves
Wing Chip	Howling Rings
Wing Chip	Gnashy Gnashy Shield
Wing Chip	Rash Arms
Wing Chip	Razorgraze Saber
Wing Chip	Whips of the Robin
Wing Chip	Feathered Edge
Wing Chip	Sylph's Scythes
Wing Chip	Grand Axe
Wing Chip	Needle Lance
Wing Chip	Roaring Cannon
Wing Chip	Beastly Hammer
Wing Chip	Meadow Katana
Wing Chip	Maple Ball
Wing Chip	Peak Knuckles
Wing Chip	Monado (Wing)
Wing Chip	Well-Used Blades (Wing)
Wing Chip	Archetype Ralzes (Wing)
Wing Chip	Halteclere (Wing)
Scale Chip	Sword of the Lycaon
Scale Chip	Scimitar of Calm
Scale Chip	Shell Rings
Scale Chip	Nibbly Nibbly Shield
Scale Chip	Battering Arms
Scale Chip	Whirlchip Saber
Scale Chip	Whips of the Lark
Scale Chip	Winged Edge
Scale Chip	Faerie Scythes
Scale Chip	Huge Axe
Scale Chip	Sharp Lance
Scale Chip	Loud Cannon
Scale Chip	Raider's Hammer
Scale Chip	Herbalist's Katana
Scale Chip	Birch Ball
Scale Chip	Crested Knuckles
Scale Chip	Monado (Scale)
Scale Chip	Well-Used Blades (Scale)
Scale Chip	Archetype Ralzes (Scale)
Scale Chip	Halteclere (Scale)
Horn Chip	Sword of the Jackal
Horn Chip	Scimitar of Affection
Horn Chip	Rings of the Earth
Horn Chip	Pokey Pokey Shield
Horn Chip	Pounding Arms
Horn Chip	Songslice Saber
Horn Chip	Whips of the Swift
Horn Chip	Triumph Edge
Horn Chip	Titania's Scythes
Horn Chip	Enormous Axe
Horn Chip	Stinger Lance
Horn Chip	Skull Cannon
Horn Chip	Crushing Hammer
Horn Chip	Katana of Springtime
Horn Chip	Pine Ball
Horn Chip	Titan Knuckles
Horn Chip	Monado (Horn)
Horn Chip	Well-Used Blades (Horn)
Horn Chip	Archetype Ralzes (Horn)
Horn Chip	Halteclere (Horn)
Wood Chip	Sword of the Jaguar
Wood Chip	Scimitar of Purity
Wood Chip	Ripper Rings
Wood Chip	Blasty Blasty Shield
Wood Chip	Crushing Arms
Wood Chip	Chopcuff Saber
Wood Chip	Whips of the Crane
Wood Chip	Avian Edge
Wood Chip	Spriggan's Scythes
Wood Chip	Gargantuan Axe
Wood Chip	Lance of Harm
Wood Chip	Gourmand's Cannon
Wood Chip	Druid's Hammer
Wood Chip	Shadeleaf Tachi
Wood Chip	Linden Ball
Wood Chip	Raider's Knuckles
Wood Chip	Monado (Wood)
Wood Chip	Well-Used Blades (Wood)
Wood Chip	Archetype Ralzes (Wood)
Wood Chip	Halteclere (Wood)
Flower Chip	Sword of the Lynx
Flower Chip	Scimitar of Splendor
Flower Chip	Dicer Rings
Flower Chip	Cheery Cheery Shield
Flower Chip	Thumping Arms
Flower Chip	Swishslash Saber
Flower Chip	Whips of the Ibis
Flower Chip	Edge of the Raptor
Flower Chip	Banshee Scythes
Flower Chip	Violent Axe
Flower Chip	Lance of Torment
Flower Chip	Monstrous Cannon
Flower Chip	Forest Hammer
Flower Chip	Budding Katana
Flower Chip	Camellia Ball
Flower Chip	Jawbone Knuckles
Flower Chip	Monado (Flower)
Flower Chip	Well-Used Blades (Flower)
Flower Chip	Archetype Ralzes (Flower)
Flower Chip	Halteclere (Flower)
Glass Chip	Sword of the Puma
Glass Chip	Scimitar of Integrity
Glass Chip	Slicer Rings
Glass Chip	Rippy Rippy Shield
Glass Chip	Pummeling Arms
Glass Chip	Twirlslip Saber
Glass Chip	Whips of the Shrike
Glass Chip	Edge of the Vulture
Glass Chip	Ainsel's Scythes
Glass Chip	Berserker's Axe
Glass Chip	Plague Lance
Glass Chip	Brutal Cannon
Glass Chip	Highland Hammer
Glass Chip	Greenbough Tachi
Glass Chip	Magnolia Ball
Glass Chip	Bear Knuckles
Glass Chip	Monado (Glass)
Glass Chip	Well-Used Blades (Glass)
Glass Chip	Archetype Ralzes (Glass)
Glass Chip	Halteclere (Glass)
Forest Chip	Insect Slayer
Forest Chip	Scimitar of Grace
Forest Chip	Slasher Rings
Forest Chip	Carnivore's Shield
Forest Chip	Strongjaw Gauntlets
Forest Chip	Insect Slicer
Forest Chip	The Cormorants
Forest Chip	Predator's Edge
Forest Chip	Elf King's Scythes
Forest Chip	Axe of Wrath
Forest Chip	Dread Lance
Forest Chip	Glutton's Cannon
Forest Chip	Gaia Hammer
Forest Chip	Aesthete's Katana
Forest Chip	Ivy Ball
Forest Chip	Chimaera Knuckles
Forest Chip	Monado (Forest)
Forest Chip	Well-Used Blades (Forest)
Forest Chip	Archetype Ralzes (Forest)
Forest Chip	Halteclere (Forest)
Turquoise Chip	Knight's Sword
Turquoise Chip	Knight's Scimitar
Turquoise Chip	Knight's Rings
Turquoise Chip	Knight's Shield
Turquoise Chip	Knight's Arms
Turquoise Chip	Knight's Saber
Turquoise Chip	Knight's Whips
Turquoise Chip	Knight's Edge
Turquoise Chip	Knight's Scythes
Turquoise Chip	Knight's Axe
Turquoise Chip	Knight's Lance
Turquoise Chip	Knight's Cannon
Turquoise Chip	Knight's Hammer
Turquoise Chip	Warrior's Tachi
Turquoise Chip	Knight's Ball
Turquoise Chip	Knight's Knuckles
Turquoise Chip	Monado (Turquoise)
Turquoise Chip	Well-Used Blades (Turquoise)
Turquoise Chip	Archetype Ralzes (Turquoise)
Turquoise Chip	Halteclere (Turquoise)
Spinel Chip	Guardian's Sword
Spinel Chip	Guardian's Scimitar
Spinel Chip	Guardian's Rings
Spinel Chip	Guardian's Shield
Spinel Chip	Guardian's Arms
Spinel Chip	Guardian's Saber
Spinel Chip	Guardian's Whips
Spinel Chip	Guardian's Edge
Spinel Chip	Guardian's Scythes
Spinel Chip	Guardian's Axe
Spinel Chip	Guardian's Lance
Spinel Chip	Guardian's Cannon
Spinel Chip	Guardian's Hammer
Spinel Chip	Yojimbo
Spinel Chip	Guardian's Ball
Spinel Chip	Guardian's Knuckles
Spinel Chip	Monado (Spinel)
Spinel Chip	Well-Used Blades (Spinel)
Spinel Chip	Archetype Ralzes (Spinel)
Spinel Chip	Halteclere (Spinel)
Amethyst Chip	Cavalry Sword
Amethyst Chip	Scimitar of Prayer
Amethyst Chip	Rings of the Maiden
Amethyst Chip	Daring Shield
Amethyst Chip	Temptation Gauntlets
Amethyst Chip	Saint's Saber
Amethyst Chip	Whips of the Sun
Amethyst Chip	Orion's Rise
Amethyst Chip	Augur's Scythes
Amethyst Chip	Hatchet of the Round
Amethyst Chip	Cleric's Lance
Amethyst Chip	Sniper Cannon
Amethyst Chip	Concert Hammer
Amethyst Chip	Fencer's Tachi
Amethyst Chip	Chancy Ball
Amethyst Chip	Face Punchers
Amethyst Chip	Monado (Amethyst)
Amethyst Chip	Well-Used Blades (Amethyst)
Amethyst Chip	Archetype Ralzes (Amethyst)
Amethyst Chip	Halteclere (Amethyst)
Fluorite Chip	Valkyrie's Sword
Fluorite Chip	Valkyrie's Scimitar
Fluorite Chip	Valkyrie's Rings
Fluorite Chip	Valkyrie's Shield
Fluorite Chip	Valkyrie's Arms
Fluorite Chip	Valkyrie's Saber
Fluorite Chip	Valkyrie's Whips
Fluorite Chip	Valkyrie's Edge
Fluorite Chip	Valkyrie's Scythes
Fluorite Chip	Valkyrie's Axe
Fluorite Chip	Valkyrie's Lance
Fluorite Chip	Valkyrie's Cannon
Fluorite Chip	Valkyrie's Hammer
Fluorite Chip	Flowing Tachi
Fluorite Chip	Valkyrie's Ball
Fluorite Chip	Valkyrie's Knuckles
Fluorite Chip	Monado (Fluorite)
Fluorite Chip	Well-Used Blades (Fluorite)
Fluorite Chip	Archetype Ralzes (Fluorite)
Fluorite Chip	Halteclere (Fluorite)
Garnet Chip	Paladin's Sword
Garnet Chip	Paladin's Scimitar
Garnet Chip	Paladin's Rings
Garnet Chip	Paladin's Shield
Garnet Chip	Paladin's Arms
Garnet Chip	Paladin's Saber
Garnet Chip	Paladin's Whips
Garnet Chip	Paladin's Edge
Garnet Chip	Paladin's Scythes
Garnet Chip	Paladin's Axe
Garnet Chip	Paladin's Lance
Garnet Chip	Paladin's Cannon
Garnet Chip	Paladin's Hammer
Garnet Chip	Flagbearer's Tachi
Garnet Chip	Paladin's Ball
Garnet Chip	Paladin's Knuckles
Garnet Chip	Monado (Garnet)
Garnet Chip	Well-Used Blades (Garnet)
Garnet Chip	Archetype Ralzes (Garnet)
Garnet Chip	Halteclere (Garnet)
Aquamarine Chip	Holy Sword
Aquamarine Chip	Holy Scimitar
Aquamarine Chip	Holy Rings
Aquamarine Chip	Holy Shield
Aquamarine Chip	Holy Arms
Aquamarine Chip	Holy Saber
Aquamarine Chip	Holy Whips
Aquamarine Chip	Holy Edge
Aquamarine Chip	Holy Scythes
Aquamarine Chip	Holy Axe
Aquamarine Chip	Holy Lance
Aquamarine Chip	Holy Cannon
Aquamarine Chip	Holy Hammer
Aquamarine Chip	Lifeline Katana
Aquamarine Chip	Holy Ball
Aquamarine Chip	Holy Knuckles
Aquamarine Chip	Monado (Aquamarine)
Aquamarine Chip	Well-Used Blades (Aquamarine)
Aquamarine Chip	Archetype Ralzes (Aquamarine)
Aquamarine Chip	Halteclere (Aquamarine)
Opal Chip	Sword of Valor
Opal Chip	Scimitar of Valor
Opal Chip	Rings of Valor
Opal Chip	Shield of Valor
Opal Chip	Arms of Valor
Opal Chip	Saber of Valor
Opal Chip	Whips of Valor
Opal Chip	Edge of Valor
Opal Chip	Scythes of Valor
Opal Chip	Axe of Valor
Opal Chip	Lance of Valor
Opal Chip	Cannon of Valor
Opal Chip	Hammer of Valor
Opal Chip	Brave Katana
Opal Chip	Ball of Valor
Opal Chip	Knuckles of Valor
Opal Chip	Monado (Opal)
Opal Chip	Well-Used Blades (Opal)
Opal Chip	Archetype Ralzes (Opal)
Opal Chip	Halteclere (Opal)
Zircon Chip	Zephyr Sword
Zircon Chip	Winged Scimitar
Zircon Chip	Airslash Rings
Zircon Chip	Birdivore Shield
Zircon Chip	Hunter's Arms
Zircon Chip	Regal Saber
Zircon Chip	Soaring Swallows
Zircon Chip	Arbiter's Brand
Zircon Chip	Executioner's Sickles
Zircon Chip	Axe of Order
Zircon Chip	Lance of Longinus
Zircon Chip	Buzzard Cannon
Zircon Chip	The Maestro
Zircon Chip	Clearglass Katana
Zircon Chip	Homing Ball
Zircon Chip	Kaiser Knuckles
Zircon Chip	Monado (Zircon)
Zircon Chip	Well-Used Blades (Zircon)
Zircon Chip	Archetype Ralzes (Zircon)
Zircon Chip	Halteclere (Zircon)
Coil Chip	Custom Sword
Coil Chip	Custom Scimitar
Coil Chip	Custom Rings
Coil Chip	Custom Shield
Coil Chip	Custom Arms
Coil Chip	Custom Saber
Coil Chip	Custom Whips
Coil Chip	Custom Edge
Coil Chip	Custom Scythes
Coil Chip	Custom Axe
Coil Chip	Custom Lance
Coil Chip	Custom Cannon
Coil Chip	Custom Hammer
Coil Chip	Trick Katana
Coil Chip	Custom Ball
Coil Chip	Custom Knuckles
Coil Chip	Monado (Coil)
Coil Chip	Well-Used Blades (Coil)
Coil Chip	Archetype Ralzes (Coil)
Coil Chip	Halteclere (Coil)
Chain Chip	Clockwork Sword
Chain Chip	Clockwork Scimitar
Chain Chip	Clockwork Rings
Chain Chip	Clockwork Shield
Chain Chip	Clockwork Arms
Chain Chip	Clockwork Saber
Chain Chip	Clockwork Whips
Chain Chip	Clockwork Edge
Chain Chip	Clockwork Scythes
Chain Chip	Clockwork Axe
Chain Chip	Clockwork Lance
Chain Chip	Clockwork Cannon
Chain Chip	Clockwork Hammer
Chain Chip	Blackiron Tachi
Chain Chip	Clockwork Ball
Chain Chip	Clockwork Knuckles
Chain Chip	Monado (Chain)
Chain Chip	Well-Used Blades (Chain)
Chain Chip	Archetype Ralzes (Chain)
Chain Chip	Halteclere (Chain)
Magnet Chip	Technical Sword
Magnet Chip	Scimitar of the Owl
Magnet Chip	Rings of Revival
Magnet Chip	Loud Shield
Magnet Chip	Turbojet Arms
Magnet Chip	Ranger's Saber
Magnet Chip	Muscle Whips
Magnet Chip	Fearful Symmetry
Magnet Chip	Tenacious Sickles
Magnet Chip	General's Axe
Magnet Chip	Charged Lance
Magnet Chip	Darkseeker
Magnet Chip	Sonic Hammer
Magnet Chip	Eightfold Tachi
Magnet Chip	Stealth Ball
Magnet Chip	Brawler Knuckles
Magnet Chip	Monado (Magnet)
Magnet Chip	Well-Used Blades (Magnet)
Magnet Chip	Archetype Ralzes (Magnet)
Magnet Chip	Halteclere (Magnet)
Shaft Chip	Accelerator Sword
Shaft Chip	Accelerator Scimitar
Shaft Chip	Accelerator Rings
Shaft Chip	Accelerator Shield
Shaft Chip	Accelerator Arms
Shaft Chip	Accelerator Saber
Shaft Chip	Accelerator Whips
Shaft Chip	Accelerator Edge
Shaft Chip	Accelerator Scythes
Shaft Chip	Accelerator Axe
Shaft Chip	Accelerator Lance
Shaft Chip	Accelerator Cannon
Shaft Chip	Accelerator Hammer
Shaft Chip	Armored Tachi
Shaft Chip	Accelerator Ball
Shaft Chip	Accelerator Knuckles
Shaft Chip	Monado (Shaft)
Shaft Chip	Well-Used Blades (Shaft)
Shaft Chip	Archetype Ralzes (Shaft)
Shaft Chip	Halteclere (Shaft)
Battery Chip	Turbine Sword
Battery Chip	Turbine Scimitar
Battery Chip	Turbine Rings
Battery Chip	Turbine Shield
Battery Chip	Turbine Arms
Battery Chip	Turbine Saber
Battery Chip	Turbine Whips
Battery Chip	Turbine Edge
Battery Chip	Turbine Scythes
Battery Chip	Turbine Axe
Battery Chip	Turbine Lance
Battery Chip	Turbine Cannon
Battery Chip	Turbine Hammer
Battery Chip	Mechatronic Tachi
Battery Chip	Turbine Ball
Battery Chip	Turbine Knuckles
Battery Chip	Monado (Battery)
Battery Chip	Well-Used Blades (Battery)
Battery Chip	Archetype Ralzes (Battery)
Battery Chip	Halteclere (Battery)
Engine Chip	Ceramic Sword
Engine Chip	Ceramic Scimitar
Engine Chip	Ceramic Rings
Engine Chip	Ceramic Shield
Engine Chip	Ceramic Arms
Engine Chip	Ceramic Saber
Engine Chip	Ceramic Whips
Engine Chip	Ceramic Edge
Engine Chip	Ceramic Scythes
Engine Chip	Ceramic Axe
Engine Chip	Ceramic Lance
Engine Chip	Ceramic Cannon
Engine Chip	Ceramic Hammer
Engine Chip	Steamdrive Tachi
Engine Chip	Ceramic Ball
Engine Chip	Ceramic Knuckles
Engine Chip	Monado (Engine)
Engine Chip	Well-Used Blades (Engine)
Engine Chip	Archetype Ralzes (Engine)
Engine Chip	Halteclere (Engine)
Motor Chip	Mechanized Sword
Motor Chip	Mechanized Scimitar
Motor Chip	Mechanized Rings
Motor Chip	Mechanized Shield
Motor Chip	Mechanized Arms
Motor Chip	Mechanized Saber
Motor Chip	Mechanized Whips
Motor Chip	Mechanized Edge
Motor Chip	Mechanized Scythes
Motor Chip	Mechanized Axe
Motor Chip	Mechanized Lance
Motor Chip	Mechanized Cannon
Motor Chip	Mechanized Hammer
Motor Chip	Galvanic Katana
Motor Chip	Mechanized Ball
Motor Chip	Mechanized Knuckles
Motor Chip	Monado (Motor)
Motor Chip	Well-Used Blades (Motor)
Motor Chip	Archetype Ralzes (Motor)
Motor Chip	Halteclere (Motor)
Booster Chip	Machine Slayer
Booster Chip	Machine Cleaver
Booster Chip	Ferrous Rings
Booster Chip	Supreme Destroyer
Booster Chip	Machine Busters
Booster Chip	Commando's Saber
Booster Chip	Nitro Whips
Booster Chip	The Ingot
Booster Chip	Optimized Scythes
Booster Chip	Admiral's Axe
Booster Chip	Stalk, Mecha-Spear
Booster Chip	Full Metal Cannon
Booster Chip	The Flattener
Booster Chip	Deus Ex Tachi
Booster Chip	Advanced Ball
Booster Chip	Thunderstrikers
Booster Chip	Monado (Booster)
Booster Chip	Well-Used Blades (Booster)
Booster Chip	Archetype Ralzes (Booster)
Booster Chip	Halteclere (Booster)
Tri-Chip	Ancient Sword
Tri-Chip	Ancient Scimitar
Tri-Chip	Ancient Rings
Tri-Chip	Ancient Shield
Tri-Chip	Ancient Arms
Tri-Chip	Ancient Saber
Tri-Chip	Ancient Whips
Tri-Chip	Ancient Edge
Tri-Chip	Ancient Scythes
Tri-Chip	Ancient Axe
Tri-Chip	Ancient Lance
Tri-Chip	Ancient Cannon
Tri-Chip	Ancient Hammer
Tri-Chip	Antique Tachi
Tri-Chip	Ancient Ball
Tri-Chip	Ancient Knuckles
Tri-Chip	Monado (Tri-Chip)
Tri-Chip	Well-Used Blades (Tri-Chip)
Tri-Chip	Archetype Ralzes (Tri-Chip)
Tri-Chip	Halteclere (Tri-Chip)
Rhombus Chip	Elder Sword
Rhombus Chip	Elder Scimitar
Rhombus Chip	Elder Rings
Rhombus Chip	Elder Shield
Rhombus Chip	Elder Arms
Rhombus Chip	Elder Saber
Rhombus Chip	Elder Whips
Rhombus Chip	Elder Edge
Rhombus Chip	Elder Scythes
Rhombus Chip	Elder Axe
Rhombus Chip	Elder Lance
Rhombus Chip	Elder Cannon
Rhombus Chip	Elder Hammer
Rhombus Chip	Eternal Tachi
Rhombus Chip	Elder Ball
Rhombus Chip	Elder Knuckles
Rhombus Chip	Monado (Rhombus)
Rhombus Chip	Well-Used Blades (Rhombus)
Rhombus Chip	Archetype Ralzes (Rhombus)
Rhombus Chip	Halteclere (Rhombus)
Pentagon Chip	Blessed Sword
Pentagon Chip	Furtive Scimitar
Pentagon Chip	Rage of the Oceans
Pentagon Chip	Escutcheon of Athena
Pentagon Chip	Gauntlets of Lament
Pentagon Chip	Mystical Saber
Pentagon Chip	Whips of the Chariot
Pentagon Chip	Edge of the Mother
Pentagon Chip	Emperor Scythes
Pentagon Chip	Antique Greataxe
Pentagon Chip	Ancestral Lance
Pentagon Chip	Arcanum Cannon
Pentagon Chip	Faultless
Pentagon Chip	Mysterious Tachi
Pentagon Chip	Spirit Ball
Pentagon Chip	Mirage Knuckles
Pentagon Chip	Monado (Pentagon)
Pentagon Chip	Well-Used Blades (Pentagon)
Pentagon Chip	Archetype Ralzes (Pentagon)
Pentagon Chip	Halteclere (Pentagon)
Hexagon Chip	Legendary Sword
Hexagon Chip	Legendary Scimitar
Hexagon Chip	Legendary Rings
Hexagon Chip	Legendary Shield
Hexagon Chip	Legendary Arms
Hexagon Chip	Legendary Saber
Hexagon Chip	Legendary Whips
Hexagon Chip	Legendary Edge
Hexagon Chip	Legendary Scythes
Hexagon Chip	Legendary Axe
Hexagon Chip	Legendary Lance
Hexagon Chip	Legendary Cannon
Hexagon Chip	Legendary Hammer
Hexagon Chip	Legendary Tachi
Hexagon Chip	Legendary Ball
Hexagon Chip	Legendary Knuckles
Hexagon Chip	Monado (Hexagon)
Hexagon Chip	Well-Used Blades (Hexagon)
Hexagon Chip	Archetype Ralzes (Hexagon)
Hexagon Chip	Halteclere (Hexagon)
Sphere Chip	Agarthan Sword
Sphere Chip	Agarthan Scimitar
Sphere Chip	Agarthan Rings
Sphere Chip	Agarthan Shield
Sphere Chip	Agarthan Arms
Sphere Chip	Agarthan Saber
Sphere Chip	Agarthan Whips
Sphere Chip	Agarthan Edge
Sphere Chip	Agarthan Scythes
Sphere Chip	Agarthan Axe
Sphere Chip	Agarthan Lance
Sphere Chip	Agarthan Cannon
Sphere Chip	Agarthan Hammer
Sphere Chip	Tectonic Katana
Sphere Chip	Agarthan Ball
Sphere Chip	Agarthan Knuckles
Sphere Chip	Monado (Sphere)
Sphere Chip	Well-Used Blades (Sphere)
Sphere Chip	Archetype Ralzes (Sphere)
Sphere Chip	Halteclere (Sphere)
Cube Chip	Sword of El Dorado
Cube Chip	Scimitar of El Dorado
Cube Chip	Rings of El Dorado
Cube Chip	Shield of El Dorado
Cube Chip	Arms of El Dorado
Cube Chip	Saber of El Dorado
Cube Chip	Whips of El Dorado
Cube Chip	Edge of El Dorado
Cube Chip	Scythes of El Dorado
Cube Chip	Axe of El Dorado
Cube Chip	Lance of El Dorado
Cube Chip	Cannon of El Dorado
Cube Chip	Hammer of El Dorado
Cube Chip	24-Carat Tachi
Cube Chip	Ball of El Dorado
Cube Chip	Knuckles of El Dorado
Cube Chip	Monado (Cube)
Cube Chip	Well-Used Blades (Cube)
Cube Chip	Archetype Ralzes (Cube)
Cube Chip	Halteclere (Cube)
Polygon Chip	Sword of Eden
Polygon Chip	Scimitar of Eden
Polygon Chip	Rings of Eden
Polygon Chip	Shield of Eden
Polygon Chip	Arms of Eden
Polygon Chip	Saber of Eden
Polygon Chip	Whips of Eden
Polygon Chip	Edge of Eden
Polygon Chip	Scythes of Eden
Polygon Chip	Axe of Eden
Polygon Chip	Lance of Eden
Polygon Chip	Cannon of Eden
Polygon Chip	Hammer of Eden
Polygon Chip	Neverdull Tachi
Polygon Chip	Ball of Eden
Polygon Chip	Knuckles of Eden
Polygon Chip	Monado (Polygon)
Polygon Chip	Well-Used Blades (Polygon)
Polygon Chip	Archetype Ralzes (Polygon)
Polygon Chip	Halteclere (Polygon)
Spiral Chip	King of Sharks
Spiral Chip	The Kraken
Spiral Chip	Marine Slayers
Spiral Chip	Maelstrom Plate
Spiral Chip	Doom of Atlantis
Spiral Chip	Rifled Saber
Spiral Chip	Avalon
Spiral Chip	Just Oceanus
Spiral Chip	Amazon's Scythes
Spiral Chip	Sealed Hatchet
Spiral Chip	Empress' Lance
Spiral Chip	Gordian Cannon
Spiral Chip	Nautilus Hammer
Spiral Chip	Illusive Tachi
Spiral Chip	Jewel of Yore
Spiral Chip	Fists of the Advent
Spiral Chip	Monado (Spiral)
Spiral Chip	Well-Used Blades (Spiral)
Spiral Chip	Archetype Ralzes (Spiral)
Spiral Chip	Halteclere (Spiral)
Lodranite Chip	Adamant Sword
Lodranite Chip	Adamant Scimitar
Lodranite Chip	Adamant Rings
Lodranite Chip	Adamant Shield
Lodranite Chip	Adamant Arms
Lodranite Chip	Adamant Saber
Lodranite Chip	Adamant Whips
Lodranite Chip	Adamant Edge
Lodranite Chip	Adamant Scythes
Lodranite Chip	Adamant Axe
Lodranite Chip	Adamant Lance
Lodranite Chip	Adamant Cannon
Lodranite Chip	Adamant Hammer
Lodranite Chip	Tempered Katana
Lodranite Chip	Adamant Ball
Lodranite Chip	Adamant Knuckles
Lodranite Chip	Monado (Lodranite)
Lodranite Chip	Well-Used Blades (Lodranite)
Lodranite Chip	Archetype Ralzes (Lodranite)
Lodranite Chip	Halteclere (Lodranite)
Brachinite Chip	Wootz Sword
Brachinite Chip	Wootz Scimitar
Brachinite Chip	Wootz Rings
Brachinite Chip	Wootz Shield
Brachinite Chip	Wootz Arms
Brachinite Chip	Wootz Saber
Brachinite Chip	Wootz Whips
Brachinite Chip	Wootz Edge
Brachinite Chip	Wootz Scythes
Brachinite Chip	Wootz Axe
Brachinite Chip	Wootz Lance
Brachinite Chip	Wootz Cannon
Brachinite Chip	Wootz Hammer
Brachinite Chip	Darksilver Tachi
Brachinite Chip	Wootz Ball
Brachinite Chip	Wootz Knuckles
Brachinite Chip	Monado (Brachinite)
Brachinite Chip	Well-Used Blades (Brachinite)
Brachinite Chip	Archetype Ralzes (Brachinite)
Brachinite Chip	Halteclere (Brachinite)
Ureilite Chip	Energy Edge
Ureilite Chip	Assassin's Scimitar
Ureilite Chip	Rings of Serendipity
Ureilite Chip	Damascene Shield
Ureilite Chip	Most Wanted
Ureilite Chip	Ether Saber
Ureilite Chip	The Assessors
Ureilite Chip	Black Chronos
Ureilite Chip	Enigma Scythes
Ureilite Chip	Axe of Fortune
Ureilite Chip	The Phalanx
Ureilite Chip	Silent Gunner
Ureilite Chip	Infallible
Ureilite Chip	Rippling Tachi
Ureilite Chip	The Peacemaker
Ureilite Chip	Fists of Healing
Ureilite Chip	Monado (Ureilite)
Ureilite Chip	Well-Used Blades (Ureilite)
Ureilite Chip	Archetype Ralzes (Ureilite)
Ureilite Chip	Halteclere (Ureilite)
Winonaite Chip	Orichalcum Sword
Winonaite Chip	Orichalcum Scimitar
Winonaite Chip	Orichalcum Rings
Winonaite Chip	Orichalcum Shield
Winonaite Chip	Orichalcum Arms
Winonaite Chip	Orichalcum Saber
Winonaite Chip	Orichalcum Whips
Winonaite Chip	Orichalcum Edge
Winonaite Chip	Orichalcum Scythes
Winonaite Chip	Orichalcum Axe
Winonaite Chip	Orichalcum Lance
Winonaite Chip	Orichalcum Cannon
Winonaite Chip	Orichalcum Hammer
Winonaite Chip	Unbreakable Katana
Winonaite Chip	Orichalcum Ball
Winonaite Chip	Orichalcum Knuckles
Winonaite Chip	Monado (Winonaite)
Winonaite Chip	Well-Used Blades (Winonaite)
Winonaite Chip	Archetype Ralzes (Winonaite)
Winonaite Chip	Halteclere (Winonaite)
Nakhlite Chip	Sigma Sword
Nakhlite Chip	Sigma Scimitar
Nakhlite Chip	Sigma Rings
Nakhlite Chip	Sigma Shield
Nakhlite Chip	Sigma Arms
Nakhlite Chip	Sigma Saber
Nakhlite Chip	Sigma Whips
Nakhlite Chip	Sigma Edge
Nakhlite Chip	Sigma Scythes
Nakhlite Chip	Sigma Axe
Nakhlite Chip	Sigma Lance
Nakhlite Chip	Sigma Cannon
Nakhlite Chip	Sigma Hammer
Nakhlite Chip	Zero Tachi
Nakhlite Chip	Sigma Ball
Nakhlite Chip	Sigma Knuckles
Nakhlite Chip	Monado (Nakhlite)
Nakhlite Chip	Well-Used Blades (Nakhlite)
Nakhlite Chip	Archetype Ralzes (Nakhlite)
Nakhlite Chip	Halteclere (Nakhlite)
Howardite Chip	Delta Sword
Howardite Chip	Delta Scimitar
Howardite Chip	Delta Rings
Howardite Chip	Delta Shield
Howardite Chip	Delta Arms
Howardite Chip	Delta Saber
Howardite Chip	Delta Whips
Howardite Chip	Delta Edge
Howardite Chip	Delta Scythes
Howardite Chip	Delta Axe
Howardite Chip	Delta Lance
Howardite Chip	Delta Cannon
Howardite Chip	Delta Hammer
Howardite Chip	Zetsu
Howardite Chip	Delta Ball
Howardite Chip	Delta Knuckles
Howardite Chip	Monado (Howardite)
Howardite Chip	Well-Used Blades (Howardite)
Howardite Chip	Archetype Ralzes (Howardite)
Howardite Chip	Halteclere (Howardite)
Aubrite Chip	Godspeed Sword
Aubrite Chip	Energy Scimitar
Aubrite Chip	Invisible Rings
Aubrite Chip	Legionnaire's Shield
Aubrite Chip	Terminal Velocity
Aubrite Chip	Sanguine Saber
Aubrite Chip	Whips of Celerity
Aubrite Chip	Barghest's Claw
Aubrite Chip	Dark Order
Aubrite Chip	Truestrike Axe
Aubrite Chip	Nuclear Lance
Aubrite Chip	The Longstone
Aubrite Chip	Growler Half-Full
Aubrite Chip	Dimensional Katana
Aubrite Chip	Cypher
Aubrite Chip	Lambda Knuckles
Aubrite Chip	Monado (Aubrite)
Aubrite Chip	Well-Used Blades (Aubrite)
Aubrite Chip	Archetype Ralzes (Aubrite)
Aubrite Chip	Halteclere (Aubrite)
Angrite Chip	Saintslayer Brand
Angrite Chip	Seraphsbane
Angrite Chip	Deity Erasers
Angrite Chip	Saintslayer Pavise
Angrite Chip	Deserved Retribution
Angrite Chip	Creation Eater
Angrite Chip	Ascension Denied
Angrite Chip	Sainthunter
Angrite Chip	Titan Gutters
Angrite Chip	Mythical Greataxe
Angrite Chip	Vindicator
Angrite Chip	Cannon of Babel
Angrite Chip	Traitor to the Cause
Angrite Chip	The Empty Sky
Angrite Chip	Omega Ball
Angrite Chip	Spirits of the Knife
Angrite Chip	Monado (Angrite)
Angrite Chip	Well-Used Blades (Angrite)
Angrite Chip	Archetype Ralzes (Angrite)
Angrite Chip	Halteclere (Angrite)
Dark Matter Chip	Sword of Despair
Dark Matter Chip	Scimitar of Despair
Dark Matter Chip	Rings of Despair
Dark Matter Chip	Shield of Despair
Dark Matter Chip	Arms of Despair
Dark Matter Chip	Saber of Despair
Dark Matter Chip	Whips of Despair
Dark Matter Chip	Edge of Despair
Dark Matter Chip	Scythes of Despair
Dark Matter Chip	Axe of Despair
Dark Matter Chip	Lance of Despair
Dark Matter Chip	Cannon of Despair
Dark Matter Chip	Hammer of Despair
Dark Matter Chip	Katana of Lost Hopes
Dark Matter Chip	Ball of Despair
Dark Matter Chip	Knuckles of Despair
Dark Matter Chip	Monado (Dark Matter)
Dark Matter Chip	Well-Used Blades (Dark Matter)
Dark Matter Chip	Archetype Ralzes (Dark Matter)
Dark Matter Chip	Halteclere (Dark Matter)
Axion Chip	Sword of Chaos
Axion Chip	Scimitar of Chaos
Axion Chip	Rings of Chaos
Axion Chip	Shield of Chaos
Axion Chip	Arms of Chaos
Axion Chip	Saber of Chaos
Axion Chip	Whips of Chaos
Axion Chip	Edge of Chaos
Axion Chip	Scythes of Chaos
Axion Chip	Axe of Chaos
Axion Chip	Lance of Chaos
Axion Chip	Cannon of Chaos
Axion Chip	Hammer of Chaos
Axion Chip	Katana of Chaos
Axion Chip	Ball of Chaos
Axion Chip	Knuckles of Chaos
Axion Chip	Monado (Axion)
Axion Chip	Well-Used Blades (Axion)
Axion Chip	Archetype Ralzes (Axion)
Axion Chip	Halteclere (Axion)
Mirror Matter Chip	Mutinous Sword
Mirror Matter Chip	Supersonic Scimitar
Mirror Matter Chip	Rings of the Kingslayer
Mirror Matter Chip	Thundercrash Shield
Mirror Matter Chip	Insatiable Gauntlets
Mirror Matter Chip	Barbatos, the Durable
Mirror Matter Chip	Belial's Whips
Mirror Matter Chip	Apocalypse
Mirror Matter Chip	Inferno
Mirror Matter Chip	Reactionary Axe
Mirror Matter Chip	Vampiric Lance
Mirror Matter Chip	Spectral Cannon
Mirror Matter Chip	Demon's Hoof
Mirror Matter Chip	Katana of Demise
Mirror Matter Chip	Public Enemy No. 1
Mirror Matter Chip	Hands of Ruin
Mirror Matter Chip	Monado (Mirror Matter)
Mirror Matter Chip	Well-Used Blades (Mirror Matter)
Mirror Matter Chip	Archetype Ralzes (Mirror Matter)
Mirror Matter Chip	Halteclere (Mirror Matter)
Shining Star Chip	Sword of Thanatos
Shining Star Chip	Scimitar of Thanatos
Shining Star Chip	Rings of Thanatos
Shining Star Chip	Shield of Thanatos
Shining Star Chip	Arms of Thanatos
Shining Star Chip	Saber of Thanatos
Shining Star Chip	Whips of Thanatos
Shining Star Chip	Edge of Thanatos
Shining Star Chip	Scythes of Thanatos
Shining Star Chip	Axe of Thanatos
Shining Star Chip	Lance of Thanatos
Shining Star Chip	Cannon of Thanatos
Shining Star Chip	Hammer of Thanatos
Shining Star Chip	Katana of Slaughter
Shining Star Chip	Ball of Thanatos
Shining Star Chip	Knuckles of Thanatos
Shining Star Chip	Monado (Shining Star)
Shining Star Chip	Well-Used Blades (Shining Star)
Shining Star Chip	Archetype Ralzes (Shining Star)
Shining Star Chip	Halteclere (Shining Star)
Moon Matter Chip	Sword of Banishing
Moon Matter Chip	Scimitar of Banishing
Moon Matter Chip	Rings of Banishing
Moon Matter Chip	Shield of Banishing
Moon Matter Chip	Arms of Banishing
Moon Matter Chip	Saber of Banishing
Moon Matter Chip	Whips of Banishing
Moon Matter Chip	Edge of Banishing
Moon Matter Chip	Scythes of Banishing
Moon Matter Chip	Axe of Banishing
Moon Matter Chip	Lance of Banishing
Moon Matter Chip	Cannon of Banishing
Moon Matter Chip	Hammer of Banishing
Moon Matter Chip	Exorcist's Katana
Moon Matter Chip	Ball of Banishing
Moon Matter Chip	Knuckles of Banishing
Moon Matter Chip	Monado (Moon Matter)
Moon Matter Chip	Well-Used Blades (Moon Matter)
Moon Matter Chip	Archetype Ralzes (Moon Matter)
Moon Matter Chip	Halteclere (Moon Matter)
Sunlight Chip	Eater of Souls
Sunlight Chip	The Trickster
Sunlight Chip	Specters
Sunlight Chip	Nemesis Shield
Sunlight Chip	Arms of Hermes
Sunlight Chip	Metatron's Saber
Sunlight Chip	Dominion
Sunlight Chip	Rightful Payback
Sunlight Chip	The Grim Reapers
Sunlight Chip	Ruinous Hatchet
Sunlight Chip	Warhead
Sunlight Chip	The Ashen Horse
Sunlight Chip	The Lidless Eye
Sunlight Chip	Wisdom's Cradle
Sunlight Chip	Morningstar Ascending
Sunlight Chip	Sacrifice
Sunlight Chip	Monado (Sunlight)
Sunlight Chip	Well-Used Blades (Sunlight)
Sunlight Chip	Archetype Ralzes (Sunlight)
Sunlight Chip	Halteclere (Sunlight)
Photon Chip	Sword of Origin
Photon Chip	Scimitar of Origin
Photon Chip	Rings of Origin
Photon Chip	Shield of Origin
Photon Chip	Arms of Origin
Photon Chip	Saber of Origin
Photon Chip	Whips of Origin
Photon Chip	Edge of Origin
Photon Chip	Scythes of Origin
Photon Chip	Axe of Origin
Photon Chip	Lance of Origin
Photon Chip	Cannon of Origin
Photon Chip	Hammer of Origin
Photon Chip	Original Tachi
Photon Chip	Ball of Origin
Photon Chip	Knuckles of Origin
Photon Chip	Monado (Photon)
Photon Chip	Well-Used Blades (Photon)
Photon Chip	Archetype Ralzes (Photon)
Photon Chip	Halteclere (Photon)
Positron Chip	Eternal Sword
Positron Chip	Eternal Scimitar
Positron Chip	Eternal Rings
Positron Chip	Eternal Shield
Positron Chip	Eternal Arms
Positron Chip	Eternal Saber
Positron Chip	Eternal Whips
Positron Chip	Eternal Edge
Positron Chip	Eternal Scythes
Positron Chip	Eternal Axe
Positron Chip	Eternal Lance
Positron Chip	Eternal Cannon
Positron Chip	Eternal Hammer
Positron Chip	Tachi of Forever
Positron Chip	Eternal Ball
Positron Chip	Eternal Knuckles
Positron Chip	Monado (Positron)
Positron Chip	Well-Used Blades (Positron)
Positron Chip	Archetype Ralzes (Positron)
Positron Chip	Halteclere (Positron)
Hadron Chip	Final Sword
Hadron Chip	Final Scimitar
Hadron Chip	Final Rings
Hadron Chip	Final Shield
Hadron Chip	Final Arms
Hadron Chip	Final Saber
Hadron Chip	Final Whips
Hadron Chip	Final Edge
Hadron Chip	Final Scythes
Hadron Chip	Final Axe
Hadron Chip	Final Lance
Hadron Chip	Final Cannon
Hadron Chip	Final Hammer
Hadron Chip	All That Is
Hadron Chip	Final Ball
Hadron Chip	Final Knuckles
Hadron Chip	Monado (Hadron)
Hadron Chip	Well-Used Blades (Hadron)
Hadron Chip	Archetype Ralzes (Hadron)
Hadron Chip	Halteclere (Hadron)
Dilaton Chip	Satellite Sword
Dilaton Chip	Satellite Scimitar
Dilaton Chip	Satellite Rings
Dilaton Chip	Satellite Shield
Dilaton Chip	Satellite Arms
Dilaton Chip	Satellite Saber
Dilaton Chip	Satellite Whips
Dilaton Chip	Satellite Edge
Dilaton Chip	Satellite Scythes
Dilaton Chip	Satellite Axe
Dilaton Chip	Satellite Lance
Dilaton Chip	Satellite Cannon
Dilaton Chip	Satellite Hammer
Dilaton Chip	Celestial Tachi
Dilaton Chip	Satellite Ball
Dilaton Chip	Satellite Knuckles
Dilaton Chip	Monado (Dilaton)
Dilaton Chip	Well-Used Blades (Dilaton)
Dilaton Chip	Archetype Ralzes (Dilaton)
Dilaton Chip	Halteclere (Dilaton)
Preon Chip	Meteorite Sword
Preon Chip	Meteorite Scimitar
Preon Chip	Meteorite Rings
Preon Chip	Meteorite Shield
Preon Chip	Meteorite Arms
Preon Chip	Meteorite Saber
Preon Chip	Meteorite Whips
Preon Chip	Meteorite Edge
Preon Chip	Meteorite Scythes
Preon Chip	Meteorite Axe
Preon Chip	Meteorite Lance
Preon Chip	Meteorite Cannon
Preon Chip	Meteorite Hammer
Preon Chip	Shooting Star Katana
Preon Chip	Meteorite Ball
Preon Chip	Meteorite Knuckles
Preon Chip	Monado (Preon)
Preon Chip	Well-Used Blades (Preon)
Preon Chip	Archetype Ralzes (Preon)
Preon Chip	Halteclere (Preon)
Tachyon Chip	Shooting Star
Tachyon Chip	Scimitar of Creation
Tachyon Chip	Transmigration
Tachyon Chip	Cosmic Impact
Tachyon Chip	Gigantomachy
Tachyon Chip	Ultima Ratio
Tachyon Chip	The Dreadnoughts
Tachyon Chip	Bigger Bang
Tachyon Chip	Spendthrift Knight
Tachyon Chip	Galaxy Dusking
Tachyon Chip	Extinction Event
Tachyon Chip	Regurgitator
Tachyon Chip	Graviton Smasher
Tachyon Chip	Andromeda
Tachyon Chip	Eclipse of Reason
Tachyon Chip	The First Principle
Tachyon Chip	Monado (Tachyon)
Tachyon Chip	Well-Used Blades (Tachyon)
Tachyon Chip	Archetype Ralzes (Tachyon)
Tachyon Chip	Halteclere (Tachyon)
\.


--
-- Data for Name: chips; Type: TABLE DATA; Schema: xeno2; Owner: poppi
--

COPY xeno2.chips (name, rank, sell_price, rarity) FROM stdin;
Lead Chip	1	900	Common
Tin Chip	1	800	Common
Bronze Chip	3	1400	Common
Silver Chip	15	9000	Legendary
Iron Chip	5	2400	Common
Cobalt Chip	5	2400	Common
Steel Chip	5	2400	Common
Gold Chip	15	9000	Legendary
Fang Chip	2	1000	Common
Wing Chip	2	1300	Common
Scale Chip	3	1700	Common
Horn Chip	16	9900	Legendary
Wood Chip	7	3800	Common
Flower Chip	7	3800	Common
Glass Chip	7	3400	Rare
Forest Chip	16	9900	Legendary
Turquoise Chip	4	2200	Common
Spinel Chip	4	2600	Common
Amethyst Chip	4	2600	Rare
Fluorite Chip	17	10800	Legendary
Garnet Chip	10	7000	Common
Aquamarine Chip	10	7000	Common
Opal Chip	10	6300	Rare
Zircon Chip	17	10800	Legendary
Coil Chip	6	2700	Common
Chain Chip	6	2700	Common
Magnet Chip	6	3300	Rare
Shaft Chip	18	11700	Legendary
Battery Chip	9	5000	Common
Engine Chip	9	5000	Common
Motor Chip	9	5300	Rare
Booster Chip	18	11700	Legendary
Tri-Chip	8	4200	Common
Rhombus Chip	8	4200	Common
Pentagon Chip	8	4800	Rare
Hexagon Chip	19	12600	Legendary
Sphere Chip	11	7600	Common
Cube Chip	11	7600	Common
Polygon Chip	11	7600	Rare
Spiral Chip	19	12600	Legendary
Lodranite Chip	9	5800	Common
Brachinite Chip	9	6200	Common
Ureilite Chip	9	6200	Rare
Winonaite Chip	19	13100	Legendary
Nakhlite Chip	12	7600	Common
Howardite Chip	12	8300	Common
Aubrite Chip	12	8300	Rare
Angrite Chip	19	12600	Legendary
Dark Matter Chip	13	8200	Common
Axion Chip	13	8200	Common
Mirror Matter Chip	13	8200	Rare
Shining Star Chip	20	13500	Legendary
Moon Matter Chip	20	13500	Legendary
Sunlight Chip	20	13500	Legendary
Photon Chip	14	8200	Rare
Positron Chip	14	8200	Rare
Hadron Chip	14	8200	Rare
Dilaton Chip	20	13500	Legendary
Preon Chip	20	13500	Legendary
Tachyon Chip	20	13500	Legendary
\.


--
-- Data for Name: class_roles; Type: TABLE DATA; Schema: xeno2; Owner: poppi
--

COPY xeno2.class_roles (class, role) FROM stdin;
Fighter	ATK
Defender	TNK
Healer	HLR
Elite Fighter	ATK
Elite Fighter	ATK
Warrior	ATK
Warrior	TNK
Cavalier	ATK
Cavalier	HLR
Elite Defender	TNK
Elite Defender	TNK
Knight	TNK
Knight	HLR
Elite Healer	HLR
Elite Healer	HLR
Master Fighter	ATK
Master Fighter	ATK
Master Fighter	ATK
Wild Warrior	ATK
Wild Warrior	ATK
Wild Warrior	TNK
Wild Cavalier	ATK
Wild Cavalier	ATK
Wild Cavalier	HLR
Master Defender	TNK
Master Defender	TNK
Master Defender	TNK
Royal Warrior	TNK
Royal Warrior	TNK
Royal Warrior	ATK
Royal Knight	TNK
Royal Knight	TNK
Royal Knight	HLR
Master Healer	HLR
Master Healer	HLR
Master Healer	HLR
Holy Cavalier	HLR
Holy Cavalier	HLR
Holy Cavalier	ATK
Holy Knight	HLR
Holy Knight	HLR
Holy Knight	TNK
Jack-of-all-Trades	ATK
Jack-of-all-Trades	TNK
Jack-of-all-Trades	HLR
\.


--
-- Data for Name: classes; Type: TABLE DATA; Schema: xeno2; Owner: poppi
--

COPY xeno2.classes (name, damage_given, damage_recieved, healing_given, auto_attack_aggro, arts_aggro, potion_collect, prioritize_revive) FROM stdin;
Fighter	10	0	0	0	0	f	f
Defender	0	10	0	1	4	f	f
Healer	0	0	30	0	-4	t	f
Elite Fighter	15	0	0	0	0	f	f
Warrior	10	10	0	0	4	f	f
Cavalier	10	0	30	0	-4	t	t
Elite Defender	0	15	0	2	8	f	f
Knight	0	10	30	0	0	t	t
Elite Healer	0	0	40	0	-8	t	t
Master Fighter	20	0	0	0	0	f	f
Wild Warrior	15	10	0	0	4	f	f
Wild Cavalier	15	0	30	0	-4	t	f
Master Defender	0	20	0	3	12	f	f
Royal Warrior	10	15	0	0	8	f	f
Royal Knight	0	15	30	0	4	t	f
Master Healer	0	0	50	0	-12	t	t
Holy Cavalier	10	0	40	0	-8	t	t
Holy Knight	0	10	40	0	-4	t	t
Jack-of-all-Trades	10	10	30	0	0	t	f
\.


--
-- Data for Name: collection_point_drops; Type: TABLE DATA; Schema: xeno2; Owner: poppi
--

COPY xeno2.collection_point_drops (collection_point, item, probability) FROM stdin;
colle_ma02a_c001	Sweet Wasabi	35
colle_ma02a_c001	Argentum Monkfish	35
colle_ma02a_c001	Wet Rat	20
colle_ma02a_c001	Anchortail	10
colle_ma02a_c002	Glitterspud	35
colle_ma02a_c002	Tartan Ladybird	35
colle_ma02a_c002	Oil Oyster	20
colle_ma02a_c002	Hexafly	10
colle_ma02a_c003	Sweet Wasabi	35
colle_ma02a_c003	Argentum Monkfish	35
colle_ma02a_c003	Puri Leaf Cabbage	20
colle_ma02a_c003	Hexafly	10
colle_ma02a_c004	Glitterspud	35
colle_ma02a_c004	Tartan Ladybird	35
colle_ma02a_c004	Oil Oyster	20
colle_ma02a_c004	Melodious Melon	10
colle_ma05a_f001	Puzzletree Wood	40
colle_ma05a_f001	Vinegar Leaf	40
colle_ma05a_f001	Confusion Ivy	15
colle_ma05a_f001	Muscle Branch	5
colle_ma05a_f002	Tree Crab	40
colle_ma05a_f002	Hustle Hyacinth	40
colle_ma05a_f002	Clarity Moss	15
colle_ma05a_f002	Soft Sea Cucumber	5
colle_ma05a_f004	Puzzletree Wood	40
colle_ma05a_f004	Vinegar Leaf	40
colle_ma05a_f004	Confusion Ivy	15
colle_ma05a_f004	Muscle Branch	5
colle_ma05a_f005	Tree Crab	45
colle_ma05a_f005	Mint Fish	45
colle_ma05a_f005	Steel Salmon	9
colle_ma05a_f005	Soft Sea Cucumber	1
colle_ma05a_f006	Forrestone	45
colle_ma05a_f006	Binding Roots	30
colle_ma05a_f006	Armored Centipede	20
colle_ma05a_f006	Dicy Stone	5
colle_ma05a_f007	Puzzletree Wood	40
colle_ma05a_f007	Vinegar Leaf	40
colle_ma05a_f007	Confusion Ivy	15
colle_ma05a_f007	Muscle Branch	5
colle_ma05a_f008	Puzzletree Wood	35
colle_ma05a_f008	Deer Wood	35
colle_ma05a_f008	Confusion Ivy	20
colle_ma05a_f008	Muscle Branch	10
colle_ma05a_f009	Vinegar Leaf	30
colle_ma05a_f009	Confusion Ivy	25
colle_ma05a_f009	Dawn Hydrangea	25
colle_ma05a_f009	Muscle Branch	20
colle_ma05a_f010	Tree Crab	45
colle_ma05a_f010	Mint Fish	45
colle_ma05a_f010	Steel Salmon	9
colle_ma05a_f010	Soft Sea Cucumber	1
colle_ma05a_f011	Deer Wood	43
colle_ma05a_f011	Binding Roots	43
colle_ma05a_f011	Clarity Moss	9
colle_ma05a_f011	Muscle Branch	5
colle_ma05a_f012	Tree Crab	45
colle_ma05a_f012	Mint Fish	45
colle_ma05a_f012	Steel Salmon	9
colle_ma05a_f012	Soft Sea Cucumber	1
colle_ma05a_f013	Panda Pansy	60
colle_ma05a_f013	Sumpkin	30
colle_ma05a_f013	Giant Stag Beetle	5
colle_ma05a_f013	Dawn Hydrangea	5
colle_ma05a_f014	Sunflower Rogue	20
colle_ma05a_f014	Sumpkin	30
colle_ma05a_f014	Moonbeam Banana	25
colle_ma05a_f014	Dawn Hydrangea	25
colle_ma05a_f015	Panda Pansy	30
colle_ma05a_f015	Shepherd's Purse	30
colle_ma05a_f015	Sunflower Rogue	30
colle_ma05a_f015	Prairie Dragonfly	10
colle_ma05a_f016	Tree Crab	45
colle_ma05a_f016	Mint Fish	45
colle_ma05a_f016	Steel Salmon	9
colle_ma05a_f016	Soft Sea Cucumber	1
colle_ma05a_f017	Prairie Dragonfly	45
colle_ma05a_f017	Armored Centipede	45
colle_ma05a_f017	Jet Snake	9
colle_ma05a_f017	Giant Stag Beetle	1
colle_ma05a_f018	Forrestone	45
colle_ma05a_f018	Armored Centipede	30
colle_ma05a_f018	Dicy Stone	20
colle_ma05a_f018	Dilemma Rock	5
colle_ma05a_f019	Puzzletree Wood	40
colle_ma05a_f019	Vinegar Leaf	40
colle_ma05a_f019	Confusion Ivy	15
colle_ma05a_f019	Muscle Branch	5
colle_ma05a_f020	Shepherd's Purse	40
colle_ma05a_f020	Cranberry Bell	40
colle_ma05a_f020	Sumpkin	10
colle_ma05a_f020	Jet Snake	10
colle_ma05a_f021	Armored Centipede	40
colle_ma05a_f021	Sunflower Rogue	40
colle_ma05a_f021	Jet Snake	15
colle_ma05a_f021	Giant Stag Beetle	5
colle_ma05a_f022	Tree Crab	40
colle_ma05a_f022	Hustle Hyacinth	40
colle_ma05a_f022	Clarity Moss	15
colle_ma05a_f022	Soft Sea Cucumber	5
colle_ma05a_f023	Tree Crab	45
colle_ma05a_f023	Mint Fish	45
colle_ma05a_f023	Steel Salmon	9
colle_ma05a_f023	Soft Sea Cucumber	1
colle_ma05a_f024	Panda Pansy	30
colle_ma05a_f024	Shepherd's Purse	30
colle_ma05a_f024	Sunflower Rogue	30
colle_ma05a_f024	Prairie Dragonfly	10
colle_ma05a_f026	Armored Centipede	40
colle_ma05a_f026	Sunflower Rogue	40
colle_ma05a_f026	Jet Snake	15
colle_ma05a_f026	Giant Stag Beetle	5
colle_ma05a_f027	Panda Pansy	30
colle_ma05a_f027	Shepherd's Purse	30
colle_ma05a_f027	Sunflower Rogue	30
colle_ma05a_f027	Prairie Dragonfly	10
colle_ma05a_f028	Panda Pansy	30
colle_ma05a_f028	Shepherd's Purse	30
colle_ma05a_f028	Sunflower Rogue	30
colle_ma05a_f028	Prairie Dragonfly	10
colle_ma05a_f029	Hot Orange	55
colle_ma05a_f029	Moonbeam Banana	20
colle_ma05a_f029	Sumpkin	20
colle_ma05a_f029	Dawn Hydrangea	5
colle_ma05a_f030	Hot Orange	30
colle_ma05a_f030	Meaty Carrot	30
colle_ma05a_f030	Cranberry Bell	30
colle_ma05a_f030	Forrestone	10
colle_ma05a_f032	Hot Orange	30
colle_ma05a_f032	Meaty Carrot	30
colle_ma05a_f032	Cranberry Bell	30
colle_ma05a_f032	Forrestone	10
colle_ma05a_f033	Cranberry Bell	35
colle_ma05a_f033	Meaty Carrot	35
colle_ma05a_f033	Sumpkin	15
colle_ma05a_f033	Moonbeam Banana	15
colle_ma05a_f034	Armored Centipede	40
colle_ma05a_f034	Sunflower Rogue	40
colle_ma05a_f034	Jet Snake	15
colle_ma05a_f034	Giant Stag Beetle	5
colle_ma05a_f035	Prairie Dragonfly	45
colle_ma05a_f035	Armored Centipede	45
colle_ma05a_f035	Jet Snake	9
colle_ma05a_f035	Giant Stag Beetle	1
colle_ma05a_f036	Armored Centipede	40
colle_ma05a_f036	Sunflower Rogue	40
colle_ma05a_f036	Jet Snake	15
colle_ma05a_f036	Giant Stag Beetle	5
colle_ma05a_f037	Tree Crab	45
colle_ma05a_f037	Mint Fish	45
colle_ma05a_f037	Steel Salmon	9
colle_ma05a_f037	Soft Sea Cucumber	1
colle_ma05a_f038	Panda Pansy	30
colle_ma05a_f038	Shepherd's Purse	30
colle_ma05a_f038	Sunflower Rogue	30
colle_ma05a_f038	Prairie Dragonfly	10
colle_ma05a_f039	Puzzletree Wood	40
colle_ma05a_f039	Vinegar Leaf	40
colle_ma05a_f039	Confusion Ivy	15
colle_ma05a_f039	Muscle Branch	5
colle_ma05a_f040	Prairie Dragonfly	45
colle_ma05a_f040	Armored Centipede	45
colle_ma05a_f040	Jet Snake	9
colle_ma05a_f040	Giant Stag Beetle	1
colle_ma05a_f041	Puzzletree Wood	40
colle_ma05a_f041	Vinegar Leaf	40
colle_ma05a_f041	Confusion Ivy	15
colle_ma05a_f041	Muscle Branch	5
colle_ma05a_f043	Hot Orange	30
colle_ma05a_f043	Meaty Carrot	30
colle_ma05a_f043	Cranberry Bell	30
colle_ma05a_f043	Forrestone	10
colle_ma05a_f044	Prairie Dragonfly	45
colle_ma05a_f044	Armored Centipede	45
colle_ma05a_f044	Jet Snake	9
colle_ma05a_f044	Giant Stag Beetle	1
colle_ma05a_f045	Tree Crab	45
colle_ma05a_f045	Mint Fish	45
colle_ma05a_f045	Steel Salmon	9
colle_ma05a_f045	Soft Sea Cucumber	1
colle_ma05a_f047	Cranberry Bell	35
colle_ma05a_f047	Meaty Carrot	35
colle_ma05a_f047	Sumpkin	15
colle_ma05a_f047	Moonbeam Banana	15
colle_ma05a_f048	Forrestone	45
colle_ma05a_f048	Binding Roots	30
colle_ma05a_f048	Armored Centipede	20
colle_ma05a_f048	Dicy Stone	5
colle_ma05a_f051	Forrestone	45
colle_ma05a_f051	Binding Roots	30
colle_ma05a_f051	Armored Centipede	20
colle_ma05a_f051	Dicy Stone	5
colle_ma05a_f052	Hot Orange	55
colle_ma05a_f052	Moonbeam Banana	20
colle_ma05a_f052	Sumpkin	20
colle_ma05a_f052	Dawn Hydrangea	5
colle_ma05a_f055	Cranberry Bell	35
colle_ma05a_f055	Meaty Carrot	35
colle_ma05a_f055	Sumpkin	15
colle_ma05a_f055	Moonbeam Banana	15
colle_ma05a_f056	Cranberry Bell	35
colle_ma05a_f056	Meaty Carrot	35
colle_ma05a_f056	Sumpkin	15
colle_ma05a_f056	Moonbeam Banana	15
colle_ma05a_f058	Hustle Hyacinth	59
colle_ma05a_f058	Clarity Moss	20
colle_ma05a_f058	Steel Salmon	20
colle_ma05a_f058	Soft Sea Cucumber	1
colle_ma05a_f059	Hot Orange	30
colle_ma05a_f059	Meaty Carrot	30
colle_ma05a_f059	Cranberry Bell	30
colle_ma05a_f059	Forrestone	10
colle_ma05a_f060	Prairie Dragonfly	45
colle_ma05a_f060	Armored Centipede	45
colle_ma05a_f060	Jet Snake	9
colle_ma05a_f060	Giant Stag Beetle	1
colle_ma05a_f061	Deer Wood	43
colle_ma05a_f061	Binding Roots	43
colle_ma05a_f061	Clarity Moss	9
colle_ma05a_f061	Muscle Branch	5
colle_ma05a_f062	Shepherd's Purse	40
colle_ma05a_f062	Cranberry Bell	40
colle_ma05a_f062	Sumpkin	10
colle_ma05a_f062	Jet Snake	10
colle_ma05a_f063	Forrestone	45
colle_ma05a_f063	Armored Centipede	30
colle_ma05a_f063	Dicy Stone	20
colle_ma05a_f063	Dilemma Rock	5
colle_ma05a_f064	Tree Crab	45
colle_ma05a_f064	Mint Fish	45
colle_ma05a_f064	Steel Salmon	9
colle_ma05a_f064	Soft Sea Cucumber	1
colle_ma05a_f065	Hot Orange	30
colle_ma05a_f065	Meaty Carrot	30
colle_ma05a_f065	Cranberry Bell	30
colle_ma05a_f065	Forrestone	10
colle_ma05a_f066	Prairie Dragonfly	45
colle_ma05a_f066	Armored Centipede	45
colle_ma05a_f066	Jet Snake	9
colle_ma05a_f066	Giant Stag Beetle	1
colle_ma05a_f067	Forrestone	45
colle_ma05a_f067	Binding Roots	30
colle_ma05a_f067	Armored Centipede	20
colle_ma05a_f067	Dicy Stone	5
colle_ma05a_f069	Cranberry Bell	35
colle_ma05a_f069	Meaty Carrot	35
colle_ma05a_f069	Sumpkin	15
colle_ma05a_f069	Moonbeam Banana	15
colle_ma05a_f070	Hot Orange	30
colle_ma05a_f070	Meaty Carrot	30
colle_ma05a_f070	Cranberry Bell	30
colle_ma05a_f070	Forrestone	10
colle_ma05a_f071	Forrestone	45
colle_ma05a_f071	Binding Roots	30
colle_ma05a_f071	Armored Centipede	20
colle_ma05a_f071	Dicy Stone	5
colle_ma05a_f072	Panda Pansy	30
colle_ma05a_f072	Shepherd's Purse	30
colle_ma05a_f072	Sunflower Rogue	30
colle_ma05a_f072	Prairie Dragonfly	10
colle_ma05a_f073	Forrestone	45
colle_ma05a_f073	Binding Roots	30
colle_ma05a_f073	Armored Centipede	20
colle_ma05a_f073	Dicy Stone	5
colle_ma05a_f076	Puzzletree Wood	40
colle_ma05a_f076	Vinegar Leaf	40
colle_ma05a_f076	Confusion Ivy	15
colle_ma05a_f076	Muscle Branch	5
colle_ma05a_f077	Cranberry Bell	35
colle_ma05a_f077	Meaty Carrot	35
colle_ma05a_f077	Sumpkin	15
colle_ma05a_f077	Moonbeam Banana	15
colle_ma05a_f078	Forrestone	55
colle_ma05a_f078	Jet Snake	20
colle_ma05a_f078	Dicy Stone	20
colle_ma05a_f078	Dilemma Rock	5
colle_ma05a_f079	Panda Pansy	30
colle_ma05a_f079	Shepherd's Purse	30
colle_ma05a_f079	Sunflower Rogue	30
colle_ma05a_f079	Prairie Dragonfly	10
colle_ma05a_f081	Forrestone	45
colle_ma05a_f081	Armored Centipede	30
colle_ma05a_f081	Dicy Stone	20
colle_ma05a_f081	Dilemma Rock	5
colle_ma05a_f082	Deer Wood	43
colle_ma05a_f082	Binding Roots	43
colle_ma05a_f082	Clarity Moss	9
colle_ma05a_f082	Muscle Branch	5
colle_ma05a_f083	Puzzletree Wood	40
colle_ma05a_f083	Vinegar Leaf	40
colle_ma05a_f083	Confusion Ivy	15
colle_ma05a_f083	Muscle Branch	5
colle_ma05a_f085	Forrestone	55
colle_ma05a_f085	Jet Snake	20
colle_ma05a_f085	Dicy Stone	20
colle_ma05a_f085	Dilemma Rock	5
colle_ma05a_f086	Meaty Carrot	20
colle_ma05a_f086	Hot Orange	60
colle_ma05a_f086	Moonbeam Banana	10
colle_ma05a_f086	Sumpkin	10
colle_ma05a_f087	Forrestone	45
colle_ma05a_f087	Binding Roots	30
colle_ma05a_f087	Armored Centipede	20
colle_ma05a_f087	Dicy Stone	5
colle_ma05a_f088	Panda Pansy	30
colle_ma05a_f088	Shepherd's Purse	30
colle_ma05a_f088	Sunflower Rogue	30
colle_ma05a_f088	Prairie Dragonfly	10
colle_ma05a_f089	Tree Crab	45
colle_ma05a_f089	Mint Fish	45
colle_ma05a_f089	Steel Salmon	9
colle_ma05a_f089	Soft Sea Cucumber	1
colle_ma05a_f090	Forrestone	45
colle_ma05a_f090	Binding Roots	30
colle_ma05a_f090	Armored Centipede	20
colle_ma05a_f090	Dicy Stone	5
colle_ma05a_f091	Prairie Dragonfly	45
colle_ma05a_f091	Armored Centipede	45
colle_ma05a_f091	Jet Snake	9
colle_ma05a_f091	Giant Stag Beetle	1
colle_ma05a_f092	Forrestone	45
colle_ma05a_f092	Armored Centipede	30
colle_ma05a_f092	Dicy Stone	20
colle_ma05a_f092	Dilemma Rock	5
colle_ma05a_f093	Prairie Dragonfly	45
colle_ma05a_f093	Armored Centipede	45
colle_ma05a_f093	Jet Snake	9
colle_ma05a_f093	Giant Stag Beetle	1
colle_ma05a_f094	Shepherd's Purse	40
colle_ma05a_f094	Cranberry Bell	40
colle_ma05a_f094	Sumpkin	10
colle_ma05a_f094	Jet Snake	10
colle_ma05a_f095	Binding Roots	50
colle_ma05a_f095	Confusion Ivy	25
colle_ma05a_f095	Clarity Moss	20
colle_ma05a_f095	Dawn Hydrangea	5
colle_ma05a_f096	Puzzletree Wood	35
colle_ma05a_f096	Deer Wood	35
colle_ma05a_f096	Confusion Ivy	20
colle_ma05a_f096	Muscle Branch	10
colle_ma05a_f097	Forrestone	45
colle_ma05a_f097	Armored Centipede	30
colle_ma05a_f097	Dicy Stone	20
colle_ma05a_f097	Dilemma Rock	5
colle_ma05a_f098	Tree Crab	45
colle_ma05a_f098	Mint Fish	45
colle_ma05a_f098	Steel Salmon	9
colle_ma05a_f098	Soft Sea Cucumber	1
colle_ma05a_f099	Prairie Dragonfly	35
colle_ma05a_f099	Cranberry Bell	35
colle_ma05a_f099	Jet Snake	20
colle_ma05a_f099	Giant Stag Beetle	10
colle_ma05a_f100	Cranberry Bell	35
colle_ma05a_f100	Meaty Carrot	35
colle_ma05a_f100	Sumpkin	15
colle_ma05a_f100	Moonbeam Banana	15
colle_ma05a_f101	Prairie Dragonfly	45
colle_ma05a_f101	Armored Centipede	45
colle_ma05a_f101	Jet Snake	9
colle_ma05a_f101	Giant Stag Beetle	1
colle_ma05a_f102	Forrestone	45
colle_ma05a_f102	Binding Roots	30
colle_ma05a_f102	Armored Centipede	20
colle_ma05a_f102	Dicy Stone	25
colle_ma05a_f104	Forrestone	45
colle_ma05a_f104	Binding Roots	30
colle_ma05a_f104	Armored Centipede	20
colle_ma05a_f104	Dicy Stone	5
colle_ma05a_f106	Armored Centipede	40
colle_ma05a_f106	Sunflower Rogue	40
colle_ma05a_f106	Jet Snake	15
colle_ma05a_f106	Giant Stag Beetle	5
colle_ma05a_f107	Binding Roots	50
colle_ma05a_f107	Confusion Ivy	25
colle_ma05a_f107	Clarity Moss	20
colle_ma05a_f107	Dawn Hydrangea	5
colle_ma05a_f109	Panda Pansy	30
colle_ma05a_f109	Shepherd's Purse	30
colle_ma05a_f109	Sunflower Rogue	30
colle_ma05a_f109	Prairie Dragonfly	10
colle_ma05a_f110	Shepherd's Purse	40
colle_ma05a_f110	Cranberry Bell	40
colle_ma05a_f110	Sumpkin	10
colle_ma05a_f110	Jet Snake	10
colle_ma05a_f111	Forrestone	45
colle_ma05a_f111	Binding Roots	30
colle_ma05a_f111	Armored Centipede	20
colle_ma05a_f111	Dicy Stone	5
colle_ma05a_f112	Deer Wood	43
colle_ma05a_f112	Binding Roots	43
colle_ma05a_f112	Clarity Moss	9
colle_ma05a_f112	Muscle Branch	5
colle_ma05a_f113	Forrestone	45
colle_ma05a_f113	Armored Centipede	30
colle_ma05a_f113	Dicy Stone	20
colle_ma05a_f113	Dilemma Rock	5
colle_ma05a_f114	Panda Pansy	30
colle_ma05a_f114	Shepherd's Purse	30
colle_ma05a_f114	Sunflower Rogue	30
colle_ma05a_f114	Prairie Dragonfly	10
colle_ma05a_f115	Cranberry Bell	35
colle_ma05a_f115	Meaty Carrot	35
colle_ma05a_f115	Sumpkin	15
colle_ma05a_f115	Moonbeam Banana	15
colle_ma05a_f116	Puzzletree Wood	35
colle_ma05a_f116	Deer Wood	35
colle_ma05a_f116	Confusion Ivy	20
colle_ma05a_f116	Muscle Branch	10
colle_ma05a_f117	Vinegar Leaf	30
colle_ma05a_f117	Confusion Ivy	25
colle_ma05a_f117	Dawn Hydrangea	25
colle_ma05a_f117	Muscle Branch	20
colle_ma05a_f118	Cranberry Bell	35
colle_ma05a_f118	Meaty Carrot	35
colle_ma05a_f118	Sumpkin	15
colle_ma05a_f118	Moonbeam Banana	15
colle_ma05a_f119	Tree Crab	45
colle_ma05a_f119	Mint Fish	45
colle_ma05a_f119	Steel Salmon	9
colle_ma05a_f119	Soft Sea Cucumber	1
colle_ma05a_f120	Tree Crab	45
colle_ma05a_f120	Mint Fish	45
colle_ma05a_f120	Steel Salmon	9
colle_ma05a_f120	Soft Sea Cucumber	1
colle_ma05a_f121	Tree Crab	40
colle_ma05a_f121	Hustle Hyacinth	40
colle_ma05a_f121	Clarity Moss	15
colle_ma05a_f121	Soft Sea Cucumber	5
colle_ma05a_f122	Panda Pansy	60
colle_ma05a_f122	Sumpkin	30
colle_ma05a_f122	Giant Stag Beetle	5
colle_ma05a_f122	Dawn Hydrangea	5
colle_ma05a_f123	Armored Centipede	40
colle_ma05a_f123	Sunflower Rogue	40
colle_ma05a_f123	Jet Snake	15
colle_ma05a_f123	Giant Stag Beetle	5
colle_ma05a_f124	Hot Orange	30
colle_ma05a_f124	Meaty Carrot	30
colle_ma05a_f124	Cranberry Bell	30
colle_ma05a_f124	Forrestone	10
colle_ma05a_f125	Hot Orange	30
colle_ma05a_f125	Meaty Carrot	30
colle_ma05a_f125	Cranberry Bell	30
colle_ma05a_f125	Forrestone	10
colle_ma05a_f127	Forrestone	45
colle_ma05a_f127	Armored Centipede	30
colle_ma05a_f127	Dicy Stone	20
colle_ma05a_f127	Dilemma Rock	5
colle_ma05a_f128	Panda Pansy	30
colle_ma05a_f128	Shepherd's Purse	30
colle_ma05a_f128	Sunflower Rogue	30
colle_ma05a_f128	Prairie Dragonfly	10
colle_ma05a_f129	Deer Wood	43
colle_ma05a_f129	Binding Roots	43
colle_ma05a_f129	Clarity Moss	9
colle_ma05a_f129	Muscle Branch	5
colle_ma05a_f130	Panda Pansy	30
colle_ma05a_f130	Shepherd's Purse	30
colle_ma05a_f130	Sunflower Rogue	30
colle_ma05a_f130	Prairie Dragonfly	10
colle_ma05a_f131	Puzzletree Wood	40
colle_ma05a_f131	Vinegar Leaf	40
colle_ma05a_f131	Confusion Ivy	15
colle_ma05a_f131	Muscle Branch	5
colle_ma05a_f132	Deer Wood	43
colle_ma05a_f132	Binding Roots	43
colle_ma05a_f132	Clarity Moss	9
colle_ma05a_f132	Muscle Branch	5
colle_ma05a_f133	Panda Pansy	30
colle_ma05a_f133	Shepherd's Purse	30
colle_ma05a_f133	Sunflower Rogue	30
colle_ma05a_f133	Prairie Dragonfly	10
colle_ma05a_f134	Panda Pansy	30
colle_ma05a_f134	Shepherd's Purse	30
colle_ma05a_f134	Sunflower Rogue	30
colle_ma05a_f134	Prairie Dragonfly	10
colle_ma05a_f135	Deer Wood	5
colle_ma05a_f135	Shepherd's Purse	5
colle_ma05a_f135	Armored Centipede	5
colle_ma05a_f135	Melosian Honey	85
colle_ma05a_f136	Deer Wood	5
colle_ma05a_f136	Shepherd's Purse	5
colle_ma05a_f136	Armored Centipede	5
colle_ma05a_f136	Melosian Honey	85
colle_ma05a_f137	Prairie Dragonfly	35
colle_ma05a_f137	Cranberry Bell	35
colle_ma05a_f137	Jet Snake	20
colle_ma05a_f137	Giant Stag Beetle	10
colle_ma05a_f138	Hustle Hyacinth	59
colle_ma05a_f138	Clarity Moss	20
colle_ma05a_f138	Steel Salmon	20
colle_ma05a_f138	Soft Sea Cucumber	1
colle_ma05a_f139	Forrestone	45
colle_ma05a_f139	Armored Centipede	30
colle_ma05a_f139	Dicy Stone	20
colle_ma05a_f139	Dilemma Rock	5
colle_ma05a_f140	Prairie Dragonfly	45
colle_ma05a_f140	Armored Centipede	45
colle_ma05a_f140	Jet Snake	9
colle_ma05a_f140	Giant Stag Beetle	1
colle_ma05a_f142	Forrestone	45
colle_ma05a_f142	Binding Roots	30
colle_ma05a_f142	Armored Centipede	20
colle_ma05a_f142	Dicy Stone	5
colle_ma05a_f143	Panda Pansy	60
colle_ma05a_f143	Sumpkin	30
colle_ma05a_f143	Giant Stag Beetle	5
colle_ma05a_f143	Dawn Hydrangea	5
colle_ma05a_f144	Panda Pansy	60
colle_ma05a_f144	Sumpkin	30
colle_ma05a_f144	Giant Stag Beetle	5
colle_ma05a_f144	Dawn Hydrangea	5
colle_ma05a_f145	Forrestone	45
colle_ma05a_f145	Binding Roots	30
colle_ma05a_f145	Armored Centipede	20
colle_ma05a_f145	Dicy Stone	5
colle_ma05a_f146	Prairie Dragonfly	45
colle_ma05a_f146	Armored Centipede	45
colle_ma05a_f146	Jet Snake	9
colle_ma05a_f146	Giant Stag Beetle	1
colle_ma05a_f147	Meaty Carrot	60
colle_ma05a_f147	Hot Orange	20
colle_ma05a_f147	Moonbeam Banana	10
colle_ma05a_f147	Sumpkin	10
colle_ma05a_f148	Panda Pansy	30
colle_ma05a_f148	Shepherd's Purse	30
colle_ma05a_f148	Sunflower Rogue	30
colle_ma05a_f148	Prairie Dragonfly	10
colle_ma05a_f149	Puzzletree Wood	40
colle_ma05a_f149	Vinegar Leaf	40
colle_ma05a_f149	Confusion Ivy	15
colle_ma05a_f149	Muscle Branch	5
colle_ma05a_f150	Forrestone	45
colle_ma05a_f150	Binding Roots	30
colle_ma05a_f150	Armored Centipede	20
colle_ma05a_f150	Dicy Stone	5
colle_ma05a_f151	Puzzletree Wood	35
colle_ma05a_f151	Deer Wood	35
colle_ma05a_f151	Confusion Ivy	20
colle_ma05a_f151	Muscle Branch	10
colle_ma05a_f152	Sunflower Rogue	20
colle_ma05a_f152	Sumpkin	30
colle_ma05a_f152	Moonbeam Banana	25
colle_ma05a_f152	Dawn Hydrangea	25
colle_ma05a_f153	Panda Pansy	30
colle_ma05a_f153	Shepherd's Purse	30
colle_ma05a_f153	Sunflower Rogue	30
colle_ma05a_f153	Prairie Dragonfly	10
colle_ma05a_f154	Panda Pansy	30
colle_ma05a_f154	Shepherd's Purse	30
colle_ma05a_f154	Sunflower Rogue	30
colle_ma05a_f154	Prairie Dragonfly	10
colle_ma05a_f155	Prairie Dragonfly	45
colle_ma05a_f155	Armored Centipede	45
colle_ma05a_f155	Jet Snake	9
colle_ma05a_f155	Giant Stag Beetle	1
colle_ma05a_f156	Prairie Dragonfly	35
colle_ma05a_f156	Cranberry Bell	35
colle_ma05a_f156	Jet Snake	20
colle_ma05a_f156	Giant Stag Beetle	10
colle_ma05a_f157	Mint Fish	40
colle_ma05a_f157	Clarity Moss	25
colle_ma05a_f157	Steel Salmon	25
colle_ma05a_f157	Soft Sea Cucumber	10
colle_ma05a_f159	Puzzletree Wood	35
colle_ma05a_f159	Deer Wood	35
colle_ma05a_f159	Confusion Ivy	20
colle_ma05a_f159	Muscle Branch	25
colle_ma05a_f160	Vinegar Leaf	30
colle_ma05a_f160	Confusion Ivy	25
colle_ma05a_f160	Dawn Hydrangea	25
colle_ma05a_f160	Muscle Branch	20
colle_ma05a_f161	Puzzletree Wood	35
colle_ma05a_f161	Deer Wood	35
colle_ma05a_f161	Confusion Ivy	20
colle_ma05a_f161	Muscle Branch	10
colle_ma05a_f162	Forrestone	55
colle_ma05a_f162	Jet Snake	20
colle_ma05a_f162	Dicy Stone	20
colle_ma05a_f162	Dilemma Rock	5
colle_ma05a_f163	Shepherd's Purse	40
colle_ma05a_f163	Cranberry Bell	40
colle_ma05a_f163	Sumpkin	10
colle_ma05a_f163	Jet Snake	10
colle_ma05a_f164	Armored Centipede	40
colle_ma05a_f164	Sunflower Rogue	40
colle_ma05a_f164	Jet Snake	15
colle_ma05a_f164	Giant Stag Beetle	5
colle_ma05a_f166	Hot Orange	30
colle_ma05a_f166	Meaty Carrot	30
colle_ma05a_f166	Cranberry Bell	30
colle_ma05a_f166	Forrestone	10
colle_ma05a_f167	Puzzletree Wood	40
colle_ma05a_f167	Vinegar Leaf	40
colle_ma05a_f167	Confusion Ivy	15
colle_ma05a_f167	Muscle Branch	5
colle_ma05a_f168	Forrestone	45
colle_ma05a_f168	Armored Centipede	30
colle_ma05a_f168	Dicy Stone	20
colle_ma05a_f168	Dilemma Rock	5
colle_ma05a_f169	Prairie Dragonfly	45
colle_ma05a_f169	Armored Centipede	45
colle_ma05a_f169	Jet Snake	9
colle_ma05a_f169	Giant Stag Beetle	1
colle_ma05a_f170	Puzzletree Wood	35
colle_ma05a_f170	Deer Wood	35
colle_ma05a_f170	Confusion Ivy	20
colle_ma05a_f170	Muscle Branch	10
colle_ma05a_f171	Forrestone	45
colle_ma05a_f171	Binding Roots	30
colle_ma05a_f171	Armored Centipede	20
colle_ma05a_f171	Dicy Stone	5
colle_ma05a_f172	Puzzletree Wood	35
colle_ma05a_f172	Deer Wood	35
colle_ma05a_f172	Confusion Ivy	20
colle_ma05a_f172	Muscle Branch	10
colle_ma05a_f173	Deer Wood	43
colle_ma05a_f173	Binding Roots	43
colle_ma05a_f173	Clarity Moss	9
colle_ma05a_f173	Muscle Branch	5
colle_ma05a_f174	Puzzletree Wood	40
colle_ma05a_f174	Vinegar Leaf	40
colle_ma05a_f174	Confusion Ivy	15
colle_ma05a_f174	Muscle Branch	5
colle_ma05a_f175	Puzzletree Wood	35
colle_ma05a_f175	Deer Wood	35
colle_ma05a_f175	Confusion Ivy	20
colle_ma05a_f175	Muscle Branch	10
colle_ma05a_f176	Hot Orange	30
colle_ma05a_f176	Meaty Carrot	30
colle_ma05a_f176	Cranberry Bell	30
colle_ma05a_f176	Forrestone	10
colle_ma05a_f177	Forrestone	45
colle_ma05a_f177	Binding Roots	30
colle_ma05a_f177	Armored Centipede	20
colle_ma05a_f177	Dicy Stone	5
colle_ma05a_f178	Hot Orange	30
colle_ma05a_f178	Meaty Carrot	30
colle_ma05a_f178	Cranberry Bell	30
colle_ma05a_f178	Forrestone	10
colle_ma05a_f179	Hot Orange	30
colle_ma05a_f179	Meaty Carrot	30
colle_ma05a_f179	Cranberry Bell	30
colle_ma05a_f179	Forrestone	10
colle_ma05a_f180	Panda Pansy	30
colle_ma05a_f180	Shepherd's Purse	30
colle_ma05a_f180	Sunflower Rogue	30
colle_ma05a_f180	Prairie Dragonfly	10
colle_ma05a_f181	Prairie Dragonfly	45
colle_ma05a_f181	Armored Centipede	45
colle_ma05a_f181	Jet Snake	9
colle_ma05a_f181	Giant Stag Beetle	1
colle_ma05a_f182	Hot Orange	30
colle_ma05a_f182	Meaty Carrot	30
colle_ma05a_f182	Cranberry Bell	30
colle_ma05a_f182	Forrestone	10
colle_ma05a_f183	Hot Orange	30
colle_ma05a_f183	Meaty Carrot	30
colle_ma05a_f183	Cranberry Bell	30
colle_ma05a_f183	Forrestone	10
colle_ma05a_f184	Hot Orange	30
colle_ma05a_f184	Meaty Carrot	30
colle_ma05a_f184	Cranberry Bell	30
colle_ma05a_f184	Forrestone	10
colle_ma05a_f185	Binding Roots	50
colle_ma05a_f185	Confusion Ivy	25
colle_ma05a_f185	Clarity Moss	20
colle_ma05a_f185	Dawn Hydrangea	5
colle_ma05a_f186	Hot Orange	30
colle_ma05a_f186	Meaty Carrot	30
colle_ma05a_f186	Cranberry Bell	30
colle_ma05a_f186	Forrestone	10
colle_ma05a_f187	Prairie Dragonfly	45
colle_ma05a_f187	Armored Centipede	45
colle_ma05a_f187	Jet Snake	9
colle_ma05a_f187	Giant Stag Beetle	1
colle_ma05a_f188	Prairie Dragonfly	45
colle_ma05a_f188	Armored Centipede	45
colle_ma05a_f188	Jet Snake	9
colle_ma05a_f188	Giant Stag Beetle	1
colle_ma05a_f189	Puzzletree Wood	40
colle_ma05a_f189	Vinegar Leaf	40
colle_ma05a_f189	Confusion Ivy	15
colle_ma05a_f189	Muscle Branch	5
colle_ma05a_f190	Binding Roots	50
colle_ma05a_f190	Confusion Ivy	25
colle_ma05a_f190	Clarity Moss	20
colle_ma05a_f190	Dawn Hydrangea	5
colle_ma05a_f191	Hot Orange	30
colle_ma05a_f191	Meaty Carrot	30
colle_ma05a_f191	Cranberry Bell	30
colle_ma05a_f191	Forrestone	10
colle_ma05a_f192	Deer Wood	5
colle_ma05a_f192	Shepherd's Purse	5
colle_ma05a_f192	Armored Centipede	5
colle_ma05a_f192	Melosian Honey	85
colle_ma05a_f193	Panda Pansy	30
colle_ma05a_f193	Shepherd's Purse	30
colle_ma05a_f193	Sunflower Rogue	30
colle_ma05a_f193	Prairie Dragonfly	10
colle_ma05a_f194	Binding Roots	45
colle_ma05a_f194	Sumpkin	20
colle_ma05a_f194	Clarity Moss	20
colle_ma05a_f194	Dawn Hydrangea	15
colle_ma05a_f195	Panda Pansy	30
colle_ma05a_f195	Shepherd's Purse	30
colle_ma05a_f195	Sunflower Rogue	30
colle_ma05a_f195	Prairie Dragonfly	10
colle_ma05a_f196	Puzzletree Wood	40
colle_ma05a_f196	Vinegar Leaf	40
colle_ma05a_f196	Confusion Ivy	15
colle_ma05a_f196	Muscle Branch	5
colle_ma05a_f197	Prairie Dragonfly	35
colle_ma05a_f197	Cranberry Bell	35
colle_ma05a_f197	Jet Snake	20
colle_ma05a_f197	Giant Stag Beetle	10
colle_ma05a_f198	Tree Crab	40
colle_ma05a_f198	Hustle Hyacinth	40
colle_ma05a_f198	Clarity Moss	15
colle_ma05a_f198	Soft Sea Cucumber	5
colle_ma05a_c001	Shepherd's Purse	40
colle_ma05a_c001	Cranberry Bell	40
colle_ma05a_c001	Sumpkin	10
colle_ma05a_c001	Jet Snake	10
colle_ma05a_c002	Deer Wood	45
colle_ma05a_c002	Binding Roots	45
colle_ma05a_c002	Clarity Moss	9
colle_ma05a_c002	Muscle Branch	1
colle_ma05a_c003	Meaty Carrot	60
colle_ma05a_c003	Hot Orange	20
colle_ma05a_c003	Moonbeam Banana	10
colle_ma05a_c003	Sumpkin	10
colle_ma05a_c004	Meaty Carrot	60
colle_ma05a_c004	Hot Orange	20
colle_ma05a_c004	Moonbeam Banana	10
colle_ma05a_c004	Sumpkin	10
colle_ma05a_c005	Meaty Carrot	20
colle_ma05a_c005	Hot Orange	60
colle_ma05a_c005	Moonbeam Banana	10
colle_ma05a_c005	Sumpkin	10
colle_ma05a_d001	Tree Crab	45
colle_ma05a_d001	Mint Fish	45
colle_ma05a_d001	Steel Salmon	9
colle_ma05a_d001	Soft Sea Cucumber	1
colle_ma05a_d002	Tree Crab	40
colle_ma05a_d002	Hustle Hyacinth	40
colle_ma05a_d002	Clarity Moss	15
colle_ma05a_d002	Soft Sea Cucumber	5
colle_ma05a_f199	Binding Roots	50
colle_ma05a_f199	Confusion Ivy	25
colle_ma05a_f199	Clarity Moss	20
colle_ma05a_f199	Dawn Hydrangea	5
colle_ma05a_f200	Prairie Dragonfly	35
colle_ma05a_f200	Cranberry Bell	35
colle_ma05a_f200	Jet Snake	20
colle_ma05a_f200	Giant Stag Beetle	10
colle_ma05a_f201	Tree Crab	40
colle_ma05a_f201	Hustle Hyacinth	40
colle_ma05a_f201	Clarity Moss	15
colle_ma05a_f201	Soft Sea Cucumber	5
colle_ma05a_f202	Hustle Hyacinth	59
colle_ma05a_f202	Clarity Moss	20
colle_ma05a_f202	Steel Salmon	20
colle_ma05a_f202	Soft Sea Cucumber	1
colle_ma05a_f203	Hustle Hyacinth	59
colle_ma05a_f203	Clarity Moss	20
colle_ma05a_f203	Steel Salmon	20
colle_ma05a_f203	Soft Sea Cucumber	1
colle_ma07a_c001	Doomsday Poppy	40
colle_ma07a_c001	Blue Ladybird	35
colle_ma07a_c001	Bright Fig	15
colle_ma07a_c001	Victory Loquat	10
colle_ma07a_c002	Sickle Cricket	40
colle_ma07a_c002	Fusty Fungus	40
colle_ma07a_c002	Shark Gecko	15
colle_ma07a_c002	Rainbow Bug	5
colle_ma07a_c003	Missing Tree	45
colle_ma07a_c003	Spark Cucumber	45
colle_ma07a_c003	Bright Fig	9
colle_ma07a_c003	Victory Loquat	1
colle_ma07a_c004	Gromrice	40
colle_ma07a_c004	Blue Ladybird	30
colle_ma07a_c004	Sirius Anemone	20
colle_ma07a_c004	Crystal Camellia	10
colle_ma07a_c011	Gromrice	40
colle_ma07a_c011	Blue Ladybird	30
colle_ma07a_c011	Sirius Anemone	20
colle_ma07a_c011	Crystal Camellia	10
colle_ma07a_c012	Gromrice	40
colle_ma07a_c012	Blue Ladybird	30
colle_ma07a_c012	Sirius Anemone	20
colle_ma07a_c012	Crystal Camellia	10
colle_ma07a_c013	Bamboo Seed	30
colle_ma07a_c013	Mossplash	30
colle_ma07a_c013	Bamboo Seed	30
colle_ma07a_c013	Bright Fig	10
colle_ma07a_c014	Spark Cucumber	33
colle_ma07a_c014	Marriage Bluegill	33
colle_ma07a_c014	Tricolor Rock	33
colle_ma07a_c014	Victory Loquat	1
colle_ma07a_c015	Doomsday Poppy	40
colle_ma07a_c015	Blue Ladybird	35
colle_ma07a_c015	Bright Fig	15
colle_ma07a_c015	Victory Loquat	10
colle_ma07a_f021	Spark Cucumber	31
colle_ma07a_f021	Marriage Bluegill	31
colle_ma07a_f021	Tricolor Rock	33
colle_ma07a_f021	Victory Loquat	5
colle_ma07a_f022	Black Pomegranate	30
colle_ma07a_f022	Space Cardoon	30
colle_ma07a_f022	Ruby Mangosteen	30
colle_ma07a_f022	Ruby Mangosteen	10
colle_ma07a_f023	Sickle Cricket	40
colle_ma07a_f023	Space Cardoon	35
colle_ma07a_f023	Sirius Anemone	15
colle_ma07a_f023	Rainbow Bug	10
colle_ma07a_f024	Pearl Lobster	40
colle_ma07a_f024	Sickle Cricket	40
colle_ma07a_f024	Cobalt Eel	15
colle_ma07a_f024	Rainbow Bug	5
colle_ma07a_f025	Pearl Lobster	40
colle_ma07a_f025	Sickle Cricket	40
colle_ma07a_f025	Cobalt Eel	15
colle_ma07a_f025	Rainbow Bug	5
colle_ma07a_f026	Doomsday Poppy	30
colle_ma07a_f026	Blue Ladybird	30
colle_ma07a_f026	Bamboo Seed	30
colle_ma07a_f026	Shark Gecko	10
colle_ma07a_f027	Black Pomegranate	30
colle_ma07a_f027	Space Cardoon	30
colle_ma07a_f027	Ruby Mangosteen	30
colle_ma07a_f027	Ruby Mangosteen	10
colle_ma07a_f028	Black Pomegranate	30
colle_ma07a_f028	Space Cardoon	30
colle_ma07a_f028	Ruby Mangosteen	30
colle_ma07a_f028	Ruby Mangosteen	10
colle_ma07a_f029	Doomsday Poppy	30
colle_ma07a_f029	Blue Ladybird	30
colle_ma07a_f029	Bamboo Seed	30
colle_ma07a_f029	Shark Gecko	10
colle_ma07a_f030	Doomsday Poppy	35
colle_ma07a_f030	Blue Ladybird	35
colle_ma07a_f030	Bright Fig	15
colle_ma07a_f030	Victory Loquat	15
colle_ma07a_f031	Doomsday Poppy	30
colle_ma07a_f031	Blue Ladybird	30
colle_ma07a_f031	Bamboo Seed	30
colle_ma07a_f031	Shark Gecko	10
colle_ma07a_f032	Doomsday Poppy	30
colle_ma07a_f032	Blue Ladybird	30
colle_ma07a_f032	Bamboo Seed	30
colle_ma07a_f032	Shark Gecko	10
colle_ma07a_f033	Black Pomegranate	30
colle_ma07a_f033	Space Cardoon	30
colle_ma07a_f033	Ruby Mangosteen	30
colle_ma07a_f033	Ruby Mangosteen	10
colle_ma07a_f034	Black Pomegranate	30
colle_ma07a_f034	Space Cardoon	30
colle_ma07a_f034	Ruby Mangosteen	30
colle_ma07a_f034	Ruby Mangosteen	10
colle_ma07a_f035	Rainbow Slug	22
colle_ma07a_f035	Bipedal Crab	23
colle_ma07a_f035	Pearl Lobster	25
colle_ma07a_f035	Cobalt Eel	30
colle_ma07a_f036	Bipedal Crab	45
colle_ma07a_f036	Rainbow Slug	45
colle_ma07a_f036	Bully Tuna	9
colle_ma07a_f036	Speckled Whalefish	1
colle_ma07a_f037	Doomsday Poppy	30
colle_ma07a_f037	Blue Ladybird	30
colle_ma07a_f037	Bamboo Seed	30
colle_ma07a_f037	Shark Gecko	10
colle_ma07a_f038	Black Pomegranate	30
colle_ma07a_f038	Space Cardoon	30
colle_ma07a_f038	Ruby Mangosteen	30
colle_ma07a_f038	Ruby Mangosteen	10
colle_ma07a_f039	Bipedal Crab	45
colle_ma07a_f039	Rainbow Slug	45
colle_ma07a_f039	Bully Tuna	9
colle_ma07a_f039	Speckled Whalefish	1
colle_ma07a_f040	Rainbow Slug	22
colle_ma07a_f040	Bipedal Crab	23
colle_ma07a_f040	Pearl Lobster	25
colle_ma07a_f040	Cobalt Eel	30
colle_ma07a_f041	Black Pomegranate	30
colle_ma07a_f041	Space Cardoon	30
colle_ma07a_f041	Ruby Mangosteen	30
colle_ma07a_f041	Ruby Mangosteen	10
colle_ma07a_f042	Spark Cucumber	31
colle_ma07a_f042	Marriage Bluegill	31
colle_ma07a_f042	Tricolor Rock	33
colle_ma07a_f042	Victory Loquat	5
colle_ma07a_f043	Mille-Feuille Rock	45
colle_ma07a_f043	Soap Coral	45
colle_ma07a_f043	Digidigite	9
colle_ma07a_f043	Vermilion Bark	1
colle_ma07a_f044	Salty Soil	30
colle_ma07a_f044	Tricolor Rock	30
colle_ma07a_f044	Mille-Feuille Rock	30
colle_ma07a_f044	Pione Stone	10
colle_ma07a_f045	Doomsday Poppy	35
colle_ma07a_f045	Blue Ladybird	35
colle_ma07a_f045	Bright Fig	15
colle_ma07a_f045	Victory Loquat	15
colle_ma07a_f046	Bipedal Crab	45
colle_ma07a_f046	Rainbow Slug	45
colle_ma07a_f046	Bully Tuna	9
colle_ma07a_f046	Speckled Whalefish	1
colle_ma07a_f047	Missing Tree	43
colle_ma07a_f047	Spark Cucumber	43
colle_ma07a_f047	Bright Fig	9
colle_ma07a_f047	Victory Loquat	5
colle_ma07a_f048	Spark Cucumber	31
colle_ma07a_f048	Marriage Bluegill	31
colle_ma07a_f048	Tricolor Rock	33
colle_ma07a_f048	Victory Loquat	5
colle_ma07a_f049	Doomsday Poppy	30
colle_ma07a_f049	Blue Ladybird	30
colle_ma07a_f049	Bamboo Seed	30
colle_ma07a_f049	Shark Gecko	10
colle_ma07a_f050	Rainbow Slug	40
colle_ma07a_f050	Bully Tuna	25
colle_ma07a_f050	Shark Gecko	25
colle_ma07a_f050	Dragon Incense	10
colle_ma07a_f051	Rainbow Slug	40
colle_ma07a_f051	Bully Tuna	25
colle_ma07a_f051	Shark Gecko	25
colle_ma07a_f051	Dragon Incense	10
colle_ma07a_f052	Rainbow Slug	40
colle_ma07a_f052	Bully Tuna	25
colle_ma07a_f052	Shark Gecko	25
colle_ma07a_f052	Dragon Incense	10
colle_ma07a_f053	Doomsday Poppy	30
colle_ma07a_f053	Blue Ladybird	30
colle_ma07a_f053	Bamboo Seed	30
colle_ma07a_f053	Shark Gecko	10
colle_ma07a_f054	Space Cardoon	38
colle_ma07a_f054	Black Pomegranate	37
colle_ma07a_f054	Ruby Mangosteen	15
colle_ma07a_f054	Victory Loquat	10
colle_ma07a_f055	Bamboo Seed	30
colle_ma07a_f055	Mossplash	30
colle_ma07a_f055	Bamboo Seed	30
colle_ma07a_f055	Bright Fig	10
colle_ma07a_f056	Bamboo Seed	30
colle_ma07a_f056	Mossplash	30
colle_ma07a_f056	Bamboo Seed	30
colle_ma07a_f056	Bright Fig	10
colle_ma07a_f057	Bamboo Seed	30
colle_ma07a_f057	Mossplash	30
colle_ma07a_f057	Bamboo Seed	30
colle_ma07a_f057	Bright Fig	10
colle_ma07a_f058	Spark Cucumber	45
colle_ma07a_f058	Black Pomegranate	45
colle_ma07a_f058	Twinkle Leaf	9
colle_ma07a_f058	Vermilion Bark	1
colle_ma07a_f059	Pearl Lobster	60
colle_ma07a_f059	Cobalt Eel	15
colle_ma07a_f059	Bully Tuna	15
colle_ma07a_f059	Speckled Whalefish	10
colle_ma07a_f060	Bipedal Crab	45
colle_ma07a_f060	Rainbow Slug	45
colle_ma07a_f060	Bully Tuna	9
colle_ma07a_f060	Speckled Whalefish	1
colle_ma07a_f061	Black Pomegranate	30
colle_ma07a_f061	Space Cardoon	30
colle_ma07a_f061	Ruby Mangosteen	30
colle_ma07a_f061	Ruby Mangosteen	10
colle_ma07a_f062	Doomsday Poppy	35
colle_ma07a_f062	Blue Ladybird	35
colle_ma07a_f062	Bright Fig	15
colle_ma07a_f062	Victory Loquat	15
colle_ma07a_f063	Doomsday Poppy	30
colle_ma07a_f063	Blue Ladybird	30
colle_ma07a_f063	Bamboo Seed	30
colle_ma07a_f063	Shark Gecko	10
colle_ma07a_f064	Mossplash	30
colle_ma07a_f064	Missing Tree	30
colle_ma07a_f064	Mille-Feuille Rock	30
colle_ma07a_f064	Twinkle Leaf	10
colle_ma07a_f065	Mossplash	30
colle_ma07a_f065	Missing Tree	30
colle_ma07a_f065	Mille-Feuille Rock	30
colle_ma07a_f065	Twinkle Leaf	10
colle_ma07a_f066	Doomsday Poppy	30
colle_ma07a_f066	Blue Ladybird	30
colle_ma07a_f066	Bamboo Seed	30
colle_ma07a_f066	Shark Gecko	10
colle_ma07a_f067	Black Pomegranate	30
colle_ma07a_f067	Space Cardoon	30
colle_ma07a_f067	Ruby Mangosteen	30
colle_ma07a_f067	Ruby Mangosteen	10
colle_ma07a_f068	Pearl Lobster	60
colle_ma07a_f068	Cobalt Eel	15
colle_ma07a_f068	Bully Tuna	15
colle_ma07a_f068	Speckled Whalefish	10
colle_ma07a_f069	Mille-Feuille Rock	45
colle_ma07a_f069	Soap Coral	45
colle_ma07a_f069	Digidigite	9
colle_ma07a_f069	Vermilion Bark	1
colle_ma07a_f070	Black Pomegranate	30
colle_ma07a_f070	Space Cardoon	30
colle_ma07a_f070	Ruby Mangosteen	30
colle_ma07a_f070	Ruby Mangosteen	10
colle_ma07a_f071	Salty Soil	40
colle_ma07a_f071	Digidigite	40
colle_ma07a_f071	Pione Stone	15
colle_ma07a_f071	Crystal Camellia	5
colle_ma07a_f072	Salty Soil	30
colle_ma07a_f072	Tricolor Rock	30
colle_ma07a_f072	Mille-Feuille Rock	30
colle_ma07a_f072	Pione Stone	10
colle_ma07a_f073	Soap Coral	55
colle_ma07a_f073	Twinkle Leaf	20
colle_ma07a_f073	Shark Gecko	20
colle_ma07a_f073	Speckled Whalefish	5
colle_ma07a_f074	Soap Coral	55
colle_ma07a_f074	Twinkle Leaf	20
colle_ma07a_f074	Shark Gecko	20
colle_ma07a_f074	Speckled Whalefish	5
colle_ma07a_f075	Soap Coral	55
colle_ma07a_f075	Twinkle Leaf	20
colle_ma07a_f075	Shark Gecko	20
colle_ma07a_f075	Speckled Whalefish	5
colle_ma07a_f076	Soap Coral	55
colle_ma07a_f076	Twinkle Leaf	20
colle_ma07a_f076	Shark Gecko	20
colle_ma07a_f076	Speckled Whalefish	5
colle_ma07a_f077	Soap Coral	55
colle_ma07a_f077	Twinkle Leaf	20
colle_ma07a_f077	Shark Gecko	20
colle_ma07a_f077	Speckled Whalefish	5
colle_ma07a_f078	Soap Coral	55
colle_ma07a_f078	Twinkle Leaf	20
colle_ma07a_f078	Shark Gecko	20
colle_ma07a_f078	Speckled Whalefish	5
colle_ma07a_f079	Doomsday Poppy	40
colle_ma07a_f079	Marriage Bluegill	35
colle_ma07a_f079	Bright Fig	15
colle_ma07a_f079	Vermilion Bark	10
colle_ma07a_f080	Sickle Cricket	40
colle_ma07a_f080	Space Cardoon	35
colle_ma07a_f080	Sirius Anemone	15
colle_ma07a_f080	Rainbow Bug	10
colle_ma07a_f081	Mossplash	35
colle_ma07a_f081	Missing Tree	35
colle_ma07a_f081	Twinkle Leaf	20
colle_ma07a_f081	Vermilion Bark	10
colle_ma07a_f082	Salty Soil	40
colle_ma07a_f082	Digidigite	40
colle_ma07a_f082	Pione Stone	15
colle_ma07a_f082	Crystal Camellia	5
colle_ma07a_f083	Salty Soil	30
colle_ma07a_f083	Tricolor Rock	30
colle_ma07a_f083	Mille-Feuille Rock	30
colle_ma07a_f083	Pione Stone	10
colle_ma07a_f084	Mille-Feuille Rock	45
colle_ma07a_f084	Soap Coral	45
colle_ma07a_f084	Digidigite	9
colle_ma07a_f084	Vermilion Bark	1
colle_ma07a_f085	Salty Soil	30
colle_ma07a_f085	Tricolor Rock	30
colle_ma07a_f085	Mille-Feuille Rock	30
colle_ma07a_f085	Pione Stone	10
colle_ma07a_f086	Salty Soil	30
colle_ma07a_f086	Tricolor Rock	30
colle_ma07a_f086	Mille-Feuille Rock	30
colle_ma07a_f086	Pione Stone	10
colle_ma07a_f087	Salty Soil	30
colle_ma07a_f087	Tricolor Rock	30
colle_ma07a_f087	Mille-Feuille Rock	30
colle_ma07a_f087	Pione Stone	10
colle_ma07a_f088	Mille-Feuille Rock	45
colle_ma07a_f088	Soap Coral	45
colle_ma07a_f088	Digidigite	9
colle_ma07a_f088	Vermilion Bark	1
colle_ma07a_f089	Mille-Feuille Rock	45
colle_ma07a_f089	Soap Coral	45
colle_ma07a_f089	Digidigite	9
colle_ma07a_f089	Vermilion Bark	1
colle_ma07a_f090	Sirius Anemone	30
colle_ma07a_f090	Digidigite	30
colle_ma07a_f090	Pione Stone	30
colle_ma07a_f090	Crystal Camellia	10
colle_ma07a_f091	Sirius Anemone	30
colle_ma07a_f091	Digidigite	30
colle_ma07a_f091	Pione Stone	30
colle_ma07a_f091	Crystal Camellia	10
colle_ma07a_f092	Sirius Anemone	30
colle_ma07a_f092	Digidigite	30
colle_ma07a_f092	Pione Stone	30
colle_ma07a_f092	Crystal Camellia	10
colle_ma07a_f093	Rainbow Slug	22
colle_ma07a_f093	Bipedal Crab	23
colle_ma07a_f093	Pearl Lobster	25
colle_ma07a_f093	Cobalt Eel	30
colle_ma07a_f094	Marriage Bluegill	45
colle_ma07a_f094	Cobalt Eel	20
colle_ma07a_f094	Bully Tuna	20
colle_ma07a_f094	Speckled Whalefish	15
colle_ma07a_f095	Sickle Cricket	40
colle_ma07a_f095	Space Cardoon	35
colle_ma07a_f095	Sirius Anemone	15
colle_ma07a_f095	Rainbow Bug	10
colle_ma07a_f096	Salty Soil	30
colle_ma07a_f096	Tricolor Rock	30
colle_ma07a_f096	Mille-Feuille Rock	30
colle_ma07a_f096	Pione Stone	10
colle_ma07a_f097	Salty Soil	30
colle_ma07a_f097	Tricolor Rock	30
colle_ma07a_f097	Mille-Feuille Rock	30
colle_ma07a_f097	Pione Stone	10
colle_ma07a_f098	Salty Soil	40
colle_ma07a_f098	Digidigite	40
colle_ma07a_f098	Pione Stone	15
colle_ma07a_f098	Crystal Camellia	5
colle_ma07a_f099	Soap Coral	40
colle_ma07a_f099	Digidigite	25
colle_ma07a_f099	Pione Stone	25
colle_ma07a_f099	Crystal Camellia	10
colle_ma07a_f100	Bipedal Crab	30
colle_ma07a_f100	Tricolor Rock	30
colle_ma07a_f100	Salty Soil	30
colle_ma07a_f100	Pione Stone	10
colle_ma07a_f101	Mossplash	30
colle_ma07a_f101	Missing Tree	30
colle_ma07a_f101	Mille-Feuille Rock	30
colle_ma07a_f101	Twinkle Leaf	10
colle_ma07a_f102	Rainbow Slug	22
colle_ma07a_f102	Bipedal Crab	23
colle_ma07a_f102	Pearl Lobster	25
colle_ma07a_f102	Cobalt Eel	30
colle_ma07a_f103	Black Pomegranate	30
colle_ma07a_f103	Space Cardoon	30
colle_ma07a_f103	Ruby Mangosteen	30
colle_ma07a_f103	Ruby Mangosteen	10
colle_ma07a_f104	Salty Soil	40
colle_ma07a_f104	Digidigite	40
colle_ma07a_f104	Pione Stone	15
colle_ma07a_f104	Crystal Camellia	5
colle_ma07a_f105	Soap Coral	40
colle_ma07a_f105	Digidigite	25
colle_ma07a_f105	Pione Stone	25
colle_ma07a_f105	Crystal Camellia	10
colle_ma07a_f106	Doomsday Poppy	35
colle_ma07a_f106	Blue Ladybird	35
colle_ma07a_f106	Bright Fig	15
colle_ma07a_f106	Victory Loquat	15
colle_ma07a_f107	Sirius Anemone	30
colle_ma07a_f107	Digidigite	30
colle_ma07a_f107	Pione Stone	30
colle_ma07a_f107	Crystal Camellia	10
colle_ma07a_f108	Pearl Lobster	40
colle_ma07a_f108	Sickle Cricket	40
colle_ma07a_f108	Cobalt Eel	15
colle_ma07a_f108	Rainbow Bug	5
colle_ma07a_f109	Pearl Lobster	40
colle_ma07a_f109	Sickle Cricket	40
colle_ma07a_f109	Cobalt Eel	15
colle_ma07a_f109	Rainbow Bug	5
colle_ma07a_f110	Rainbow Slug	40
colle_ma07a_f110	Bully Tuna	25
colle_ma07a_f110	Shark Gecko	25
colle_ma07a_f110	Dragon Incense	10
colle_ma07a_f111	Rainbow Slug	40
colle_ma07a_f111	Bully Tuna	25
colle_ma07a_f111	Shark Gecko	25
colle_ma07a_f111	Dragon Incense	10
colle_ma07a_f112	Rainbow Slug	40
colle_ma07a_f112	Bully Tuna	25
colle_ma07a_f112	Shark Gecko	25
colle_ma07a_f112	Dragon Incense	10
colle_ma07a_f113	Rainbow Slug	22
colle_ma07a_f113	Bipedal Crab	23
colle_ma07a_f113	Pearl Lobster	25
colle_ma07a_f113	Cobalt Eel	30
colle_ma07a_f114	Space Cardoon	38
colle_ma07a_f114	Black Pomegranate	37
colle_ma07a_f114	Ruby Mangosteen	15
colle_ma07a_f114	Victory Loquat	10
colle_ma07a_f115	Bipedal Crab	45
colle_ma07a_f115	Rainbow Slug	45
colle_ma07a_f115	Bully Tuna	9
colle_ma07a_f115	Speckled Whalefish	1
colle_ma07a_f116	Black Pomegranate	30
colle_ma07a_f116	Space Cardoon	30
colle_ma07a_f116	Ruby Mangosteen	30
colle_ma07a_f116	Ruby Mangosteen	10
colle_ma07a_f117	Doomsday Poppy	35
colle_ma07a_f117	Blue Ladybird	35
colle_ma07a_f117	Bright Fig	15
colle_ma07a_f117	Victory Loquat	15
colle_ma07a_f118	Missing Tree	43
colle_ma07a_f118	Spark Cucumber	43
colle_ma07a_f118	Bright Fig	9
colle_ma07a_f118	Victory Loquat	5
colle_ma07a_f119	Bipedal Crab	45
colle_ma07a_f119	Rainbow Slug	45
colle_ma07a_f119	Bully Tuna	9
colle_ma07a_f119	Speckled Whalefish	1
colle_ma07a_f120	Rainbow Slug	22
colle_ma07a_f120	Bipedal Crab	23
colle_ma07a_f120	Pearl Lobster	25
colle_ma07a_f120	Cobalt Eel	30
colle_ma07a_f121	Missing Tree	43
colle_ma07a_f121	Spark Cucumber	43
colle_ma07a_f121	Bright Fig	9
colle_ma07a_f121	Victory Loquat	5
colle_ma07a_f122	Spark Cucumber	45
colle_ma07a_f122	Black Pomegranate	45
colle_ma07a_f122	Twinkle Leaf	9
colle_ma07a_f122	Vermilion Bark	1
colle_ma07a_f123	Mille-Feuille Rock	45
colle_ma07a_f123	Soap Coral	45
colle_ma07a_f123	Digidigite	9
colle_ma07a_f123	Vermilion Bark	1
colle_ma07a_f124	Marriage Bluegill	45
colle_ma07a_f124	Cobalt Eel	20
colle_ma07a_f124	Bully Tuna	20
colle_ma07a_f124	Speckled Whalefish	15
colle_ma07a_f125	Sirius Anemone	35
colle_ma07a_f125	Bright Fig	35
colle_ma07a_f125	Ruby Mangosteen	20
colle_ma07a_f125	Rainbow Bug	10
colle_ma07a_f126	Doomsday Poppy	40
colle_ma07a_f126	Marriage Bluegill	35
colle_ma07a_f126	Bright Fig	15
colle_ma07a_f126	Vermilion Bark	10
colle_ma07a_f127	Sirius Anemone	35
colle_ma07a_f127	Bright Fig	35
colle_ma07a_f127	Ruby Mangosteen	20
colle_ma07a_f127	Rainbow Bug	10
colle_ma07a_f128	Bipedal Crab	30
colle_ma07a_f128	Tricolor Rock	30
colle_ma07a_f128	Salty Soil	30
colle_ma07a_f128	Pione Stone	10
colle_ma07a_f129	Salty Soil	30
colle_ma07a_f129	Tricolor Rock	30
colle_ma07a_f129	Mille-Feuille Rock	30
colle_ma07a_f129	Pione Stone	10
colle_ma07a_f130	Sickle Cricket	40
colle_ma07a_f130	Space Cardoon	35
colle_ma07a_f130	Sirius Anemone	15
colle_ma07a_f130	Rainbow Bug	10
colle_ma07a_f131	Black Pomegranate	30
colle_ma07a_f131	Space Cardoon	30
colle_ma07a_f131	Ruby Mangosteen	30
colle_ma07a_f131	Ruby Mangosteen	10
colle_ma07a_f132	Black Pomegranate	30
colle_ma07a_f132	Space Cardoon	30
colle_ma07a_f132	Ruby Mangosteen	30
colle_ma07a_f132	Ruby Mangosteen	10
colle_ma07a_f133	Doomsday Poppy	30
colle_ma07a_f133	Blue Ladybird	30
colle_ma07a_f133	Bamboo Seed	30
colle_ma07a_f133	Shark Gecko	10
colle_ma07a_f134	Salty Soil	30
colle_ma07a_f134	Tricolor Rock	30
colle_ma07a_f134	Mille-Feuille Rock	30
colle_ma07a_f134	Pione Stone	10
colle_ma09a_d001	Shield Bug	55
colle_ma09a_d001	Pilehorn Rhino Beetle	20
colle_ma09a_d001	Maple Bite	20
colle_ma09a_d001	Love Raspberry	5
colle_ma09a_d004	Dusk Bamboo	40
colle_ma09a_d004	Dolphin Carrot	40
colle_ma09a_d004	Fan Skink	15
colle_ma09a_d004	Pilehorn Rhino Beetle	5
colle_ma09a_d005	Glutinous Sand	45
colle_ma09a_d005	Propeller Poppy	45
colle_ma09a_d005	Sunset Clover	9
colle_ma09a_d005	Pilehorn Rhino Beetle	1
colle_ma09a_d007	Devilmask Cricket	40
colle_ma09a_d007	Shield Bug	40
colle_ma09a_d007	Empress Beetle	15
colle_ma09a_d007	Love Raspberry	5
colle_ma09a_d008	Sand Salmon	45
colle_ma09a_d008	Welcome Cactus	45
colle_ma09a_d008	Flying Flounder	9
colle_ma09a_d008	Tender Shark	1
colle_ma09a_d011	Scent Stone	40
colle_ma09a_d011	Propeller Poppy	40
colle_ma09a_d011	Maple Bite	9
colle_ma09a_d011	Cubic Diamond	1
colle_ma09a_d012	Glutinous Sand	40
colle_ma09a_d012	Welcome Cactus	40
colle_ma09a_d012	Charcoal Leg	15
colle_ma09a_d012	Amber Leaf	5
colle_ma09a_d014	Glutinous Sand	45
colle_ma09a_d014	Propeller Poppy	45
colle_ma09a_d014	Sunset Clover	9
colle_ma09a_d014	Pilehorn Rhino Beetle	1
colle_ma09a_d016	Dusk Bamboo	40
colle_ma09a_d016	Dolphin Carrot	40
colle_ma09a_d016	Fan Skink	15
colle_ma09a_d016	Pilehorn Rhino Beetle	5
colle_ma09a_d017	Dusk Bamboo	40
colle_ma09a_d017	Dolphin Carrot	40
colle_ma09a_d017	Fan Skink	15
colle_ma09a_d017	Pilehorn Rhino Beetle	5
colle_ma09a_d018	Dusk Bamboo	40
colle_ma09a_d018	Dolphin Carrot	40
colle_ma09a_d018	Fan Skink	15
colle_ma09a_d018	Pilehorn Rhino Beetle	5
colle_ma09a_d019	Dusk Bamboo	40
colle_ma09a_d019	Dolphin Carrot	40
colle_ma09a_d019	Fan Skink	15
colle_ma09a_d019	Pilehorn Rhino Beetle	5
colle_ma09a_d020	Dusk Bamboo	40
colle_ma09a_d020	Dolphin Carrot	40
colle_ma09a_d020	Fan Skink	15
colle_ma09a_d020	Pilehorn Rhino Beetle	5
colle_ma09a_d021	Scent Stone	40
colle_ma09a_d021	Propeller Poppy	40
colle_ma09a_d021	Maple Bite	9
colle_ma09a_d021	Cubic Diamond	1
colle_ma09a_d023	Dusk Bamboo	40
colle_ma09a_d023	Dolphin Carrot	40
colle_ma09a_d023	Fan Skink	15
colle_ma09a_d023	Pilehorn Rhino Beetle	5
colle_ma09a_d024	Dusk Bamboo	40
colle_ma09a_d024	Dolphin Carrot	40
colle_ma09a_d024	Fan Skink	15
colle_ma09a_d024	Pilehorn Rhino Beetle	5
colle_ma09a_d027	Devilmask Cricket	40
colle_ma09a_d027	Shield Bug	40
colle_ma09a_d027	Empress Beetle	15
colle_ma09a_d027	Love Raspberry	5
colle_ma09a_d029	Black Ash	30
colle_ma09a_d029	Emperor Beetle	30
colle_ma09a_d029	Breath Charcoal	30
colle_ma09a_d029	Nitrotoluite	10
colle_ma09a_d030	Dusk Bamboo	40
colle_ma09a_d030	Dolphin Carrot	40
colle_ma09a_d030	Fan Skink	15
colle_ma09a_d030	Pilehorn Rhino Beetle	5
colle_ma09a_d032	Fatal Belladonna	40
colle_ma09a_d032	Sunset Clover	25
colle_ma09a_d032	Fan Skink	25
colle_ma09a_d032	Mookah Flour	10
colle_ma09a_d033	Glutinous Sand	45
colle_ma09a_d033	Propeller Poppy	45
colle_ma09a_d033	Sunset Clover	9
colle_ma09a_d033	Pilehorn Rhino Beetle	1
colle_ma09a_d034	Dusk Bamboo	40
colle_ma09a_d034	Dolphin Carrot	40
colle_ma09a_d034	Fan Skink	15
colle_ma09a_d034	Pilehorn Rhino Beetle	5
colle_ma09a_d035	Scent Stone	40
colle_ma09a_d035	Fatal Belladonna	40
colle_ma09a_d035	Nitrotoluite	15
colle_ma09a_d035	Cubic Diamond	5
colle_ma09a_d036	Dusk Bamboo	40
colle_ma09a_d036	Dolphin Carrot	40
colle_ma09a_d036	Fan Skink	15
colle_ma09a_d036	Pilehorn Rhino Beetle	5
colle_ma09a_d037	Fatal Belladonna	40
colle_ma09a_d037	Sunset Clover	25
colle_ma09a_d037	Fan Skink	25
colle_ma09a_d037	Mookah Flour	10
colle_ma08a_f001	Scent Stone	38
colle_ma08a_f001	Fatal Belladonna	37
colle_ma08a_f001	Nitrotoluite	15
colle_ma08a_f001	Cubic Diamond	10
colle_ma08a_f002	Dolphin Carrot	43
colle_ma08a_f002	Black Ash	43
colle_ma08a_f002	Crunchy Passion Fruit	9
colle_ma08a_f002	Love Raspberry	5
colle_ma08a_f003	Dolphin Carrot	43
colle_ma08a_f003	Black Ash	43
colle_ma08a_f003	Crunchy Passion Fruit	9
colle_ma08a_f003	Love Raspberry	5
colle_ma08a_f004	Dolphin Carrot	43
colle_ma08a_f004	Black Ash	43
colle_ma08a_f004	Crunchy Passion Fruit	9
colle_ma08a_f004	Love Raspberry	5
colle_ma08a_f005	Dusk Bamboo	43
colle_ma08a_f005	Welcome Cactus	43
colle_ma08a_f005	Sunset Clover	9
colle_ma08a_f005	Amber Leaf	5
colle_ma08a_f006	Glutinous Sand	40
colle_ma08a_f006	Welcome Cactus	40
colle_ma08a_f006	Charcoal Leg	15
colle_ma08a_f006	Amber Leaf	5
colle_ma08a_f007	Scent Stone	43
colle_ma08a_f007	Propeller Poppy	43
colle_ma08a_f007	Maple Bite	9
colle_ma08a_f007	Cubic Diamond	5
colle_ma08a_f008	Sand Salmon	45
colle_ma08a_f008	Welcome Cactus	45
colle_ma08a_f008	Flying Flounder	9
colle_ma08a_f008	Tender Shark	1
colle_ma08a_f009	Black Ash	30
colle_ma08a_f009	Emperor Beetle	30
colle_ma08a_f009	Breath Charcoal	30
colle_ma08a_f009	Nitrotoluite	10
colle_ma08a_f010	Scent Stone	43
colle_ma08a_f010	Propeller Poppy	43
colle_ma08a_f010	Maple Bite	9
colle_ma08a_f010	Cubic Diamond	5
colle_ma08a_f011	Black Ash	50
colle_ma08a_f011	Nitrotoluite	20
colle_ma08a_f011	Crunchy Passion Fruit	20
colle_ma08a_f011	Mookah Flour	10
colle_ma08a_f012	Scent Stone	43
colle_ma08a_f012	Propeller Poppy	43
colle_ma08a_f012	Maple Bite	9
colle_ma08a_f012	Cubic Diamond	5
colle_ma08a_f013	Shield Bug	50
colle_ma08a_f013	Pilehorn Rhino Beetle	20
colle_ma08a_f013	Maple Bite	20
colle_ma08a_f013	Love Raspberry	10
colle_ma08a_f014	Dolphin Carrot	43
colle_ma08a_f014	Black Ash	43
colle_ma08a_f014	Crunchy Passion Fruit	9
colle_ma08a_f014	Love Raspberry	5
colle_ma08a_f015	Dusk Bamboo	43
colle_ma08a_f015	Welcome Cactus	43
colle_ma08a_f015	Sunset Clover	9
colle_ma08a_f015	Amber Leaf	5
colle_ma08a_f016	Black Ash	30
colle_ma08a_f016	Emperor Beetle	30
colle_ma08a_f016	Breath Charcoal	30
colle_ma08a_f016	Nitrotoluite	10
colle_ma08a_f017	Scent Stone	43
colle_ma08a_f017	Propeller Poppy	43
colle_ma08a_f017	Maple Bite	9
colle_ma08a_f017	Cubic Diamond	5
colle_ma08a_f018	Black Ash	50
colle_ma08a_f018	Nitrotoluite	20
colle_ma08a_f018	Crunchy Passion Fruit	20
colle_ma08a_f018	Mookah Flour	10
colle_ma08a_f019	Glutinous Sand	45
colle_ma08a_f019	Propeller Poppy	45
colle_ma08a_f019	Sunset Clover	9
colle_ma08a_f019	Pilehorn Rhino Beetle	1
colle_ma08a_f020	Glutinous Sand	40
colle_ma08a_f020	Welcome Cactus	40
colle_ma08a_f020	Charcoal Leg	15
colle_ma08a_f020	Amber Leaf	5
colle_ma08a_f021	Dolphin Carrot	43
colle_ma08a_f021	Black Ash	43
colle_ma08a_f021	Crunchy Passion Fruit	9
colle_ma08a_f021	Love Raspberry	5
colle_ma08a_f022	Dusk Bamboo	43
colle_ma08a_f022	Welcome Cactus	43
colle_ma08a_f022	Sunset Clover	9
colle_ma08a_f022	Amber Leaf	5
colle_ma08a_f023	Dolphin Carrot	43
colle_ma08a_f023	Black Ash	43
colle_ma08a_f023	Crunchy Passion Fruit	9
colle_ma08a_f023	Love Raspberry	5
colle_ma08a_f024	Black Ash	30
colle_ma08a_f024	Emperor Beetle	30
colle_ma08a_f024	Breath Charcoal	30
colle_ma08a_f024	Nitrotoluite	10
colle_ma08a_f025	Dolphin Carrot	43
colle_ma08a_f025	Black Ash	43
colle_ma08a_f025	Crunchy Passion Fruit	9
colle_ma08a_f025	Love Raspberry	5
colle_ma08a_f026	Dusk Bamboo	43
colle_ma08a_f026	Welcome Cactus	43
colle_ma08a_f026	Sunset Clover	9
colle_ma08a_f026	Amber Leaf	5
colle_ma08a_f027	Glutinous Sand	40
colle_ma08a_f027	Welcome Cactus	40
colle_ma08a_f027	Charcoal Leg	15
colle_ma08a_f027	Amber Leaf	5
colle_ma08a_f028	Propeller Poppy	35
colle_ma08a_f028	Fatal Belladonna	35
colle_ma08a_f028	Nitrotoluite	20
colle_ma08a_f028	Mookah Flour	10
colle_ma08a_f029	Dusk Bamboo	43
colle_ma08a_f029	Welcome Cactus	43
colle_ma08a_f029	Sunset Clover	9
colle_ma08a_f029	Amber Leaf	5
colle_ma08a_f030	Shield Bug	50
colle_ma08a_f030	Pilehorn Rhino Beetle	20
colle_ma08a_f030	Maple Bite	20
colle_ma08a_f030	Love Raspberry	10
colle_ma08a_f031	Black Ash	50
colle_ma08a_f031	Nitrotoluite	20
colle_ma08a_f031	Crunchy Passion Fruit	20
colle_ma08a_f031	Mookah Flour	10
colle_ma08a_f032	Glutinous Sand	45
colle_ma08a_f032	Propeller Poppy	45
colle_ma08a_f032	Sunset Clover	9
colle_ma08a_f032	Pilehorn Rhino Beetle	1
colle_ma08a_f033	Dolphin Carrot	43
colle_ma08a_f033	Black Ash	43
colle_ma08a_f033	Crunchy Passion Fruit	9
colle_ma08a_f033	Love Raspberry	5
colle_ma08a_f034	Scent Stone	43
colle_ma08a_f034	Propeller Poppy	43
colle_ma08a_f034	Maple Bite	9
colle_ma08a_f034	Cubic Diamond	5
colle_ma08a_f035	Dolphin Carrot	43
colle_ma08a_f035	Black Ash	43
colle_ma08a_f035	Crunchy Passion Fruit	9
colle_ma08a_f035	Love Raspberry	5
colle_ma08a_f036	Black Ash	30
colle_ma08a_f036	Emperor Beetle	30
colle_ma08a_f036	Breath Charcoal	30
colle_ma08a_f036	Nitrotoluite	10
colle_ma08a_f037	Scent Stone	43
colle_ma08a_f037	Propeller Poppy	43
colle_ma08a_f037	Maple Bite	9
colle_ma08a_f037	Cubic Diamond	5
colle_ma08a_f038	Glutinous Sand	45
colle_ma08a_f038	Propeller Poppy	45
colle_ma08a_f038	Sunset Clover	9
colle_ma08a_f038	Pilehorn Rhino Beetle	1
colle_ma08a_f039	Glutinous Sand	45
colle_ma08a_f039	Propeller Poppy	45
colle_ma08a_f039	Sunset Clover	9
colle_ma08a_f039	Pilehorn Rhino Beetle	1
colle_ma08a_f040	Devilmask Cricket	28
colle_ma08a_f040	Emperor Beetle	28
colle_ma08a_f040	Dusk Bamboo	29
colle_ma08a_f040	Love Raspberry	15
colle_ma08a_f041	Scent Stone	38
colle_ma08a_f041	Fatal Belladonna	37
colle_ma08a_f041	Nitrotoluite	15
colle_ma08a_f041	Cubic Diamond	10
colle_ma08a_f042	Dolphin Carrot	30
colle_ma08a_f042	Glutinous Sand	30
colle_ma08a_f042	Crunchy Passion Fruit	20
colle_ma08a_f042	Amber Leaf	20
colle_ma08a_f043	Glutinous Sand	45
colle_ma08a_f043	Propeller Poppy	45
colle_ma08a_f043	Sunset Clover	9
colle_ma08a_f043	Pilehorn Rhino Beetle	1
colle_ma08a_f044	Black Ash	30
colle_ma08a_f044	Emperor Beetle	30
colle_ma08a_f044	Breath Charcoal	30
colle_ma08a_f044	Nitrotoluite	10
colle_ma08a_f045	Dusk Bamboo	43
colle_ma08a_f045	Welcome Cactus	43
colle_ma08a_f045	Sunset Clover	9
colle_ma08a_f045	Amber Leaf	5
colle_ma08a_f046	Glutinous Sand	45
colle_ma08a_f046	Propeller Poppy	45
colle_ma08a_f046	Sunset Clover	9
colle_ma08a_f046	Pilehorn Rhino Beetle	1
colle_ma08a_f047	Glutinous Sand	40
colle_ma08a_f047	Welcome Cactus	40
colle_ma08a_f047	Charcoal Leg	15
colle_ma08a_f047	Amber Leaf	5
colle_ma08a_f048	Glutinous Sand	40
colle_ma08a_f048	Maple Bite	20
colle_ma08a_f048	Charcoal Leg	20
colle_ma08a_f048	Cubic Diamond	20
colle_ma08a_f049	Propeller Poppy	35
colle_ma08a_f049	Fatal Belladonna	35
colle_ma08a_f049	Nitrotoluite	20
colle_ma08a_f049	Mookah Flour	10
colle_ma08a_f050	Scent Stone	38
colle_ma08a_f050	Fatal Belladonna	37
colle_ma08a_f050	Nitrotoluite	15
colle_ma08a_f050	Cubic Diamond	10
colle_ma08a_f051	Black Ash	30
colle_ma08a_f051	Emperor Beetle	30
colle_ma08a_f051	Breath Charcoal	30
colle_ma08a_f051	Nitrotoluite	10
colle_ma08a_f052	Glutinous Sand	45
colle_ma08a_f052	Propeller Poppy	45
colle_ma08a_f052	Sunset Clover	9
colle_ma08a_f052	Pilehorn Rhino Beetle	1
colle_ma08a_f053	Sand Salmon	45
colle_ma08a_f053	Welcome Cactus	45
colle_ma08a_f053	Flying Flounder	9
colle_ma08a_f053	Tender Shark	1
colle_ma08a_f054	Dolphin Carrot	30
colle_ma08a_f054	Glutinous Sand	30
colle_ma08a_f054	Crunchy Passion Fruit	20
colle_ma08a_f054	Amber Leaf	20
colle_ma08a_f055	Glutinous Sand	45
colle_ma08a_f055	Propeller Poppy	45
colle_ma08a_f055	Sunset Clover	9
colle_ma08a_f055	Pilehorn Rhino Beetle	1
colle_ma08a_f056	Glutinous Sand	45
colle_ma08a_f056	Propeller Poppy	45
colle_ma08a_f056	Sunset Clover	9
colle_ma08a_f056	Pilehorn Rhino Beetle	1
colle_ma08a_f057	Dusk Bamboo	43
colle_ma08a_f057	Welcome Cactus	43
colle_ma08a_f057	Sunset Clover	9
colle_ma08a_f057	Amber Leaf	5
colle_ma08a_f058	Lazy Crayfish	45
colle_ma08a_f058	Breath Charcoal	45
colle_ma08a_f058	Flying Flounder	9
colle_ma08a_f058	Tender Shark	1
colle_ma08a_f059	Glutinous Sand	45
colle_ma08a_f059	Propeller Poppy	45
colle_ma08a_f059	Sunset Clover	9
colle_ma08a_f059	Pilehorn Rhino Beetle	1
colle_ma08a_f060	Dusk Bamboo	43
colle_ma08a_f060	Welcome Cactus	43
colle_ma08a_f060	Sunset Clover	9
colle_ma08a_f060	Amber Leaf	5
colle_ma08a_f061	Dolphin Carrot	43
colle_ma08a_f061	Black Ash	43
colle_ma08a_f061	Crunchy Passion Fruit	9
colle_ma08a_f061	Love Raspberry	5
colle_ma08a_f062	Shield Bug	50
colle_ma08a_f062	Pilehorn Rhino Beetle	20
colle_ma08a_f062	Maple Bite	20
colle_ma08a_f062	Love Raspberry	10
colle_ma08a_f063	Lazy Crayfish	45
colle_ma08a_f063	Breath Charcoal	45
colle_ma08a_f063	Flying Flounder	9
colle_ma08a_f063	Tender Shark	1
colle_ma08a_f064	Dusk Bamboo	43
colle_ma08a_f064	Welcome Cactus	43
colle_ma08a_f064	Sunset Clover	9
colle_ma08a_f064	Amber Leaf	5
colle_ma08a_f065	Sand Salmon	45
colle_ma08a_f065	Welcome Cactus	45
colle_ma08a_f065	Flying Flounder	9
colle_ma08a_f065	Tender Shark	1
colle_ma08a_f066	Devilmask Cricket	40
colle_ma08a_f066	Lazy Crayfish	30
colle_ma08a_f066	Flying Flounder	20
colle_ma08a_f066	Tender Shark	10
colle_ma08a_f067	Dusk Bamboo	40
colle_ma08a_f067	Dolphin Carrot	40
colle_ma08a_f067	Fan Skink	15
colle_ma08a_f067	Pilehorn Rhino Beetle	5
colle_ma08a_f068	Dusk Bamboo	40
colle_ma08a_f068	Dolphin Carrot	40
colle_ma08a_f068	Fan Skink	15
colle_ma08a_f068	Pilehorn Rhino Beetle	5
colle_ma08a_f069	Devilmask Cricket	38
colle_ma08a_f069	Shield Bug	37
colle_ma08a_f069	Empress Beetle	15
colle_ma08a_f069	Love Raspberry	10
colle_ma08a_f070	Dusk Bamboo	40
colle_ma08a_f070	Dolphin Carrot	40
colle_ma08a_f070	Fan Skink	15
colle_ma08a_f070	Pilehorn Rhino Beetle	5
colle_ma08a_f071	Fatal Belladonna	40
colle_ma08a_f071	Sunset Clover	25
colle_ma08a_f071	Fan Skink	25
colle_ma08a_f071	Mookah Flour	10
colle_ma08a_f072	Devilmask Cricket	38
colle_ma08a_f072	Shield Bug	37
colle_ma08a_f072	Empress Beetle	15
colle_ma08a_f072	Love Raspberry	10
colle_ma08a_f073	Dusk Bamboo	40
colle_ma08a_f073	Dolphin Carrot	40
colle_ma08a_f073	Fan Skink	15
colle_ma08a_f073	Pilehorn Rhino Beetle	5
colle_ma08a_f074	Scent Stone	20
colle_ma08a_f074	Charcoal Leg	30
colle_ma08a_f074	Empress Beetle	30
colle_ma08a_f074	Cubic Diamond	20
colle_ma08a_f075	Black Ash	30
colle_ma08a_f075	Emperor Beetle	30
colle_ma08a_f075	Breath Charcoal	30
colle_ma08a_f075	Nitrotoluite	10
colle_ma08a_f076	Dusk Bamboo	40
colle_ma08a_f076	Dolphin Carrot	40
colle_ma08a_f076	Fan Skink	15
colle_ma08a_f076	Pilehorn Rhino Beetle	5
colle_ma08a_f077	Devilmask Cricket	38
colle_ma08a_f077	Shield Bug	37
colle_ma08a_f077	Empress Beetle	15
colle_ma08a_f077	Love Raspberry	10
colle_ma08a_f078	Devilmask Cricket	28
colle_ma08a_f078	Emperor Beetle	28
colle_ma08a_f078	Dusk Bamboo	29
colle_ma08a_f078	Love Raspberry	15
colle_ma08a_f079	Emperor Beetle	40
colle_ma08a_f079	Breath Charcoal	40
colle_ma08a_f079	Fan Skink	15
colle_ma08a_f079	Amber Leaf	5
colle_ma08a_f080	Emperor Beetle	40
colle_ma08a_f080	Breath Charcoal	40
colle_ma08a_f080	Fan Skink	15
colle_ma08a_f080	Amber Leaf	5
colle_ma08a_f081	Emperor Beetle	40
colle_ma08a_f081	Breath Charcoal	40
colle_ma08a_f081	Fan Skink	15
colle_ma08a_f081	Amber Leaf	5
colle_ma08a_f082	Devilmask Cricket	28
colle_ma08a_f082	Emperor Beetle	28
colle_ma08a_f082	Dusk Bamboo	29
colle_ma08a_f082	Love Raspberry	15
colle_ma08a_f083	Emperor Beetle	40
colle_ma08a_f083	Breath Charcoal	40
colle_ma08a_f083	Fan Skink	15
colle_ma08a_f083	Amber Leaf	5
colle_ma08a_f084	Emperor Beetle	40
colle_ma08a_f084	Breath Charcoal	40
colle_ma08a_f084	Fan Skink	15
colle_ma08a_f084	Amber Leaf	5
colle_ma08a_f085	Emperor Beetle	40
colle_ma08a_f085	Breath Charcoal	40
colle_ma08a_f085	Fan Skink	15
colle_ma08a_f085	Amber Leaf	5
colle_ma08a_f086	Glutinous Sand	40
colle_ma08a_f086	Welcome Cactus	40
colle_ma08a_f086	Charcoal Leg	15
colle_ma08a_f086	Amber Leaf	5
colle_ma08a_f087	Black Ash	30
colle_ma08a_f087	Emperor Beetle	30
colle_ma08a_f087	Breath Charcoal	30
colle_ma08a_f087	Nitrotoluite	10
colle_ma08a_f088	Shield Bug	50
colle_ma08a_f088	Pilehorn Rhino Beetle	20
colle_ma08a_f088	Maple Bite	20
colle_ma08a_f088	Love Raspberry	10
colle_ma08a_f089	Scent Stone	43
colle_ma08a_f089	Propeller Poppy	43
colle_ma08a_f089	Maple Bite	9
colle_ma08a_f089	Cubic Diamond	5
colle_ma08a_f090	Sand Salmon	45
colle_ma08a_f090	Welcome Cactus	45
colle_ma08a_f090	Flying Flounder	9
colle_ma08a_f090	Tender Shark	1
colle_ma08a_f091	Sand Salmon	45
colle_ma08a_f091	Welcome Cactus	45
colle_ma08a_f091	Flying Flounder	9
colle_ma08a_f091	Tender Shark	1
colle_ma08a_f092	Sand Salmon	35
colle_ma08a_f092	Maple Bite	25
colle_ma08a_f092	Flying Flounder	25
colle_ma08a_f092	Tender Shark	15
colle_ma08a_f093	Propeller Poppy	35
colle_ma08a_f093	Fatal Belladonna	35
colle_ma08a_f093	Nitrotoluite	20
colle_ma08a_f093	Mookah Flour	10
colle_ma08a_f094	Glutinous Sand	40
colle_ma08a_f094	Maple Bite	20
colle_ma08a_f094	Charcoal Leg	20
colle_ma08a_f094	Cubic Diamond	20
colle_ma08a_c001	Scent Stone	40
colle_ma08a_c001	Fatal Belladonna	40
colle_ma08a_c001	Nitrotoluite	15
colle_ma08a_c001	Cubic Diamond	5
colle_ma08a_c002	Scent Stone	40
colle_ma08a_c002	Propeller Poppy	40
colle_ma08a_c002	Maple Bite	9
colle_ma08a_c002	Cubic Diamond	1
colle_ma08a_c003	Propeller Poppy	88
colle_ma08a_c003	Amber Leaf	4
colle_ma08a_c003	Love Raspberry	4
colle_ma08a_c003	Pilehorn Rhino Beetle	4
colle_ma10a_001	Ripper Ant	35
colle_ma10a_001	Metallipede	35
colle_ma10a_001	Fire Tarantula	25
colle_ma10a_001	Quadriga Darner	5
colle_ma10a_002	Heroic Starsand	45
colle_ma10a_002	Wraithwood	45
colle_ma10a_002	Wibbleweed	9
colle_ma10a_002	Lightning Stump	1
colle_ma10a_003	Ripper Ant	70
colle_ma10a_003	Metallipede	10
colle_ma10a_003	Scimitar Grass	15
colle_ma10a_003	Quadriga Darner	5
colle_ma10a_004	Ripper Ant	70
colle_ma10a_004	Metallipede	10
colle_ma10a_004	Scimitar Grass	15
colle_ma10a_004	Quadriga Darner	5
colle_ma10a_005	Ripper Ant	70
colle_ma10a_005	Metallipede	10
colle_ma10a_005	Scimitar Grass	15
colle_ma10a_005	Quadriga Darner	5
colle_ma10a_006	Scimitar Grass	45
colle_ma10a_006	Walnut Grape	45
colle_ma10a_006	Acid Tomato	9
colle_ma10a_006	Death Mushroom	1
colle_ma10a_007	Ripper Ant	35
colle_ma10a_007	Metallipede	35
colle_ma10a_007	Fire Tarantula	25
colle_ma10a_007	Quadriga Darner	5
colle_ma10a_008	Heroic Starsand	30
colle_ma10a_008	Abyss Heather	30
colle_ma10a_008	Fire Tarantula	30
colle_ma10a_008	Hezodron Petra	10
colle_ma10a_009	Ripper Ant	30
colle_ma10a_009	Metallipede	30
colle_ma10a_009	Walnut Grape	30
colle_ma10a_009	Lightning Stump	10
colle_ma10a_010	Insanity Moss	35
colle_ma10a_010	Rising Dragon Rock	35
colle_ma10a_010	Ripple Stone	25
colle_ma10a_010	Hezodron Petra	5
colle_ma10a_012	Poison Flash	35
colle_ma10a_012	Olsteprinium	35
colle_ma10a_012	Hedron Stonefish	25
colle_ma10a_012	Secret Turf	5
colle_ma10a_013	Poison Flash	35
colle_ma10a_013	Olsteprinium	35
colle_ma10a_013	Hedron Stonefish	25
colle_ma10a_013	Secret Turf	5
colle_ma10a_014	Trippy Catfish	30
colle_ma10a_014	Heroic Starsand	30
colle_ma10a_014	Insanity Moss	30
colle_ma10a_014	Glory Angler	10
colle_ma10a_016	Heroic Starsand	45
colle_ma10a_016	Wraithwood	45
colle_ma10a_016	Wibbleweed	9
colle_ma10a_016	Lightning Stump	1
colle_ma10a_017	Night Lily	40
colle_ma10a_017	Wibbleweed	25
colle_ma10a_017	Olsteprinium	25
colle_ma10a_017	Death Mushroom	10
colle_ma10a_018	Trippy Catfish	45
colle_ma10a_018	Poison Flash	45
colle_ma10a_018	Hedron Stonefish	9
colle_ma10a_018	Glory Angler	1
colle_ma10a_019	Trippy Catfish	30
colle_ma10a_019	Heroic Starsand	30
colle_ma10a_019	Insanity Moss	30
colle_ma10a_019	Glory Angler	10
colle_ma10a_020	Poison Flash	35
colle_ma10a_020	Olsteprinium	35
colle_ma10a_020	Hedron Stonefish	25
colle_ma10a_020	Secret Turf	5
colle_ma10a_021	Scimitar Grass	45
colle_ma10a_021	Walnut Grape	45
colle_ma10a_021	Acid Tomato	9
colle_ma10a_021	Death Mushroom	1
colle_ma10a_022	Night Lily	30
colle_ma10a_022	Abyss Heather	30
colle_ma10a_022	Scimitar Grass	30
colle_ma10a_022	Secret Turf	10
colle_ma10a_024	Ripper Ant	30
colle_ma10a_024	Metallipede	30
colle_ma10a_024	Walnut Grape	30
colle_ma10a_024	Lightning Stump	10
colle_ma10a_025	Night Lily	40
colle_ma10a_025	Wibbleweed	25
colle_ma10a_025	Olsteprinium	25
colle_ma10a_025	Death Mushroom	10
colle_ma10a_027	Abyss Heather	30
colle_ma10a_027	Insanity Moss	30
colle_ma10a_027	Wraithwood	30
colle_ma10a_027	Quadriga Darner	10
colle_ma10a_028	Night Lily	45
colle_ma10a_028	Scimitar Grass	45
colle_ma10a_028	Olsteprinium	9
colle_ma10a_028	Secret Turf	1
colle_ma10a_029	Night Lily	45
colle_ma10a_029	Scimitar Grass	45
colle_ma10a_029	Olsteprinium	9
colle_ma10a_029	Secret Turf	1
colle_ma10a_030	Night Lily	45
colle_ma10a_030	Scimitar Grass	45
colle_ma10a_030	Olsteprinium	9
colle_ma10a_030	Secret Turf	1
colle_ma10a_031	Ripper Ant	30
colle_ma10a_031	Metallipede	30
colle_ma10a_031	Walnut Grape	30
colle_ma10a_031	Lightning Stump	10
colle_ma10a_032	Heroic Starsand	45
colle_ma10a_032	Wraithwood	45
colle_ma10a_032	Wibbleweed	9
colle_ma10a_032	Lightning Stump	1
colle_ma10a_033	Heroic Starsand	45
colle_ma10a_033	Rising Dragon Rock	45
colle_ma10a_033	Ripple Stone	9
colle_ma10a_033	Hezodron Petra	1
colle_ma10a_034	Walnut Grape	45
colle_ma10a_034	Rising Dragon Rock	45
colle_ma10a_034	Ripple Stone	9
colle_ma10a_034	Hezodron Petra	1
colle_ma10a_036	Walnut Grape	45
colle_ma10a_036	Rising Dragon Rock	45
colle_ma10a_036	Ripple Stone	9
colle_ma10a_036	Hezodron Petra	1
colle_ma10a_037	Heroic Starsand	45
colle_ma10a_037	Rising Dragon Rock	45
colle_ma10a_037	Ripple Stone	9
colle_ma10a_037	Hezodron Petra	1
colle_ma10a_038	Ripper Ant	35
colle_ma10a_038	Metallipede	35
colle_ma10a_038	Fire Tarantula	25
colle_ma10a_038	Quadriga Darner	5
colle_ma10a_039	Insanity Moss	35
colle_ma10a_039	Rising Dragon Rock	35
colle_ma10a_039	Ripple Stone	25
colle_ma10a_039	Hezodron Petra	5
colle_ma10a_040	Trippy Catfish	45
colle_ma10a_040	Poison Flash	45
colle_ma10a_040	Hedron Stonefish	9
colle_ma10a_040	Glory Angler	1
colle_ma10a_041	Scimitar Grass	45
colle_ma10a_041	Walnut Grape	45
colle_ma10a_041	Acid Tomato	9
colle_ma10a_041	Death Mushroom	1
colle_ma10a_042	Insanity Moss	35
colle_ma10a_042	Rising Dragon Rock	35
colle_ma10a_042	Ripple Stone	25
colle_ma10a_042	Hezodron Petra	5
colle_ma10a_044	Rising Dragon Rock	35
colle_ma10a_044	Wraithwood	35
colle_ma10a_044	Olsteprinium	25
colle_ma10a_044	Lightning Stump	5
colle_ma10a_046	Trippy Catfish	45
colle_ma10a_046	Poison Flash	45
colle_ma10a_046	Hedron Stonefish	9
colle_ma10a_046	Glory Angler	1
colle_ma10a_047	Poison Flash	35
colle_ma10a_047	Olsteprinium	35
colle_ma10a_047	Hedron Stonefish	25
colle_ma10a_047	Secret Turf	5
colle_ma10a_048	Walnut Grape	45
colle_ma10a_048	Rising Dragon Rock	45
colle_ma10a_048	Ripple Stone	9
colle_ma10a_048	Hezodron Petra	1
colle_ma10a_049	Walnut Grape	45
colle_ma10a_049	Rising Dragon Rock	45
colle_ma10a_049	Ripple Stone	9
colle_ma10a_049	Hezodron Petra	1
colle_ma10a_050	Heroic Starsand	45
colle_ma10a_050	Wraithwood	45
colle_ma10a_050	Wibbleweed	9
colle_ma10a_050	Lightning Stump	1
colle_ma10a_051	Insanity Moss	35
colle_ma10a_051	Rising Dragon Rock	35
colle_ma10a_051	Ripple Stone	25
colle_ma10a_051	Hezodron Petra	5
colle_ma10a_052	Heroic Starsand	45
colle_ma10a_052	Wraithwood	45
colle_ma10a_052	Wibbleweed	9
colle_ma10a_052	Lightning Stump	1
colle_ma10a_053	Abyss Heather	30
colle_ma10a_053	Insanity Moss	30
colle_ma10a_053	Wraithwood	30
colle_ma10a_053	Quadriga Darner	10
colle_ma10a_054	Heroic Starsand	45
colle_ma10a_054	Rising Dragon Rock	45
colle_ma10a_054	Ripple Stone	9
colle_ma10a_054	Hezodron Petra	1
colle_ma10a_055	Walnut Grape	45
colle_ma10a_055	Rising Dragon Rock	45
colle_ma10a_055	Ripple Stone	9
colle_ma10a_055	Hezodron Petra	1
colle_ma10a_056	Ripper Ant	30
colle_ma10a_056	Metallipede	30
colle_ma10a_056	Walnut Grape	30
colle_ma10a_056	Lightning Stump	10
colle_ma10a_058	Heroic Starsand	45
colle_ma10a_058	Wraithwood	45
colle_ma10a_058	Wibbleweed	9
colle_ma10a_058	Lightning Stump	1
colle_ma10a_061	Scimitar Grass	45
colle_ma10a_061	Wibbleweed	25
colle_ma10a_061	Acid Tomato	25
colle_ma10a_061	Death Mushroom	5
colle_ma10a_063	Night Lily	45
colle_ma10a_063	Scimitar Grass	45
colle_ma10a_063	Olsteprinium	9
colle_ma10a_063	Secret Turf	1
colle_ma10a_064	Scimitar Grass	45
colle_ma10a_064	Walnut Grape	45
colle_ma10a_064	Acid Tomato	9
colle_ma10a_064	Death Mushroom	1
colle_ma10a_065	Night Lily	30
colle_ma10a_065	Abyss Heather	30
colle_ma10a_065	Scimitar Grass	30
colle_ma10a_065	Secret Turf	10
colle_ma10a_067	Night Lily	30
colle_ma10a_067	Abyss Heather	30
colle_ma10a_067	Scimitar Grass	30
colle_ma10a_067	Secret Turf	10
colle_ma10a_069	Night Lily	30
colle_ma10a_069	Abyss Heather	30
colle_ma10a_069	Scimitar Grass	30
colle_ma10a_069	Secret Turf	10
colle_ma10a_070	Abyss Heather	30
colle_ma10a_070	Insanity Moss	30
colle_ma10a_070	Wraithwood	30
colle_ma10a_070	Quadriga Darner	10
colle_ma10a_071	Ripper Ant	30
colle_ma10a_071	Metallipede	30
colle_ma10a_071	Walnut Grape	30
colle_ma10a_071	Lightning Stump	10
colle_ma10a_072	Night Lily	45
colle_ma10a_072	Scimitar Grass	45
colle_ma10a_072	Olsteprinium	9
colle_ma10a_072	Secret Turf	1
colle_ma10a_075	Night Lily	30
colle_ma10a_075	Abyss Heather	30
colle_ma10a_075	Scimitar Grass	30
colle_ma10a_075	Secret Turf	10
colle_ma10a_076	Night Lily	45
colle_ma10a_076	Scimitar Grass	45
colle_ma10a_076	Olsteprinium	9
colle_ma10a_076	Secret Turf	1
colle_ma10a_077	Abyss Heather	30
colle_ma10a_077	Insanity Moss	30
colle_ma10a_077	Wraithwood	30
colle_ma10a_077	Quadriga Darner	10
colle_ma10a_078	Scimitar Grass	45
colle_ma10a_078	Walnut Grape	45
colle_ma10a_078	Acid Tomato	9
colle_ma10a_078	Death Mushroom	1
colle_ma10a_079	Heroic Starsand	45
colle_ma10a_079	Wraithwood	45
colle_ma10a_079	Wibbleweed	9
colle_ma10a_079	Lightning Stump	1
colle_ma10a_080	Ripper Ant	30
colle_ma10a_080	Metallipede	30
colle_ma10a_080	Walnut Grape	30
colle_ma10a_080	Lightning Stump	10
colle_ma10a_081	Heroic Starsand	30
colle_ma10a_081	Abyss Heather	30
colle_ma10a_081	Fire Tarantula	30
colle_ma10a_081	Hezodron Petra	10
colle_ma10a_082	Walnut Grape	45
colle_ma10a_082	Rising Dragon Rock	45
colle_ma10a_082	Ripple Stone	9
colle_ma10a_082	Hezodron Petra	1
colle_ma10a_083	Ripper Ant	30
colle_ma10a_083	Metallipede	30
colle_ma10a_083	Walnut Grape	30
colle_ma10a_083	Lightning Stump	10
colle_ma10a_084	Ripper Ant	30
colle_ma10a_084	Metallipede	30
colle_ma10a_084	Walnut Grape	30
colle_ma10a_084	Lightning Stump	10
colle_ma10a_085	Night Lily	30
colle_ma10a_085	Abyss Heather	30
colle_ma10a_085	Scimitar Grass	30
colle_ma10a_085	Secret Turf	10
colle_ma10a_086	Scimitar Grass	45
colle_ma10a_086	Wibbleweed	25
colle_ma10a_086	Acid Tomato	25
colle_ma10a_086	Death Mushroom	5
colle_ma10a_087	Heroic Starsand	45
colle_ma10a_087	Rising Dragon Rock	45
colle_ma10a_087	Ripple Stone	9
colle_ma10a_087	Hezodron Petra	1
colle_ma10a_088	Walnut Grape	45
colle_ma10a_088	Rising Dragon Rock	45
colle_ma10a_088	Ripple Stone	9
colle_ma10a_088	Hezodron Petra	1
colle_ma10a_089	Heroic Starsand	30
colle_ma10a_089	Abyss Heather	30
colle_ma10a_089	Fire Tarantula	30
colle_ma10a_089	Hezodron Petra	10
colle_ma10a_090	Abyss Heather	30
colle_ma10a_090	Insanity Moss	30
colle_ma10a_090	Wraithwood	30
colle_ma10a_090	Quadriga Darner	10
colle_ma10a_091	Night Lily	30
colle_ma10a_091	Abyss Heather	30
colle_ma10a_091	Scimitar Grass	30
colle_ma10a_091	Secret Turf	10
colle_ma10a_092	Heroic Starsand	45
colle_ma10a_092	Wraithwood	45
colle_ma10a_092	Wibbleweed	9
colle_ma10a_092	Lightning Stump	1
colle_ma10a_093	Insanity Moss	35
colle_ma10a_093	Rising Dragon Rock	35
colle_ma10a_093	Ripple Stone	25
colle_ma10a_093	Hezodron Petra	5
colle_ma10a_094	Walnut Grape	45
colle_ma10a_094	Rising Dragon Rock	45
colle_ma10a_094	Ripple Stone	9
colle_ma10a_094	Hezodron Petra	1
colle_ma10a_095	Walnut Grape	45
colle_ma10a_095	Rising Dragon Rock	45
colle_ma10a_095	Ripple Stone	9
colle_ma10a_095	Hezodron Petra	1
colle_ma10a_096	Ripper Ant	35
colle_ma10a_096	Metallipede	35
colle_ma10a_096	Fire Tarantula	25
colle_ma10a_096	Quadriga Darner	5
colle_ma10a_097	Ripper Ant	30
colle_ma10a_097	Metallipede	30
colle_ma10a_097	Walnut Grape	30
colle_ma10a_097	Lightning Stump	10
colle_ma10a_098	Scimitar Grass	45
colle_ma10a_098	Walnut Grape	45
colle_ma10a_098	Acid Tomato	9
colle_ma10a_098	Death Mushroom	1
colle_ma10a_099	Heroic Starsand	45
colle_ma10a_099	Rising Dragon Rock	45
colle_ma10a_099	Ripple Stone	9
colle_ma10a_099	Hezodron Petra	1
colle_ma10a_101	Heroic Starsand	45
colle_ma10a_101	Rising Dragon Rock	45
colle_ma10a_101	Ripple Stone	9
colle_ma10a_101	Hezodron Petra	1
colle_ma10a_102	Scimitar Grass	45
colle_ma10a_102	Walnut Grape	45
colle_ma10a_102	Acid Tomato	9
colle_ma10a_102	Death Mushroom	1
colle_ma10a_103	Rising Dragon Rock	35
colle_ma10a_103	Wraithwood	35
colle_ma10a_103	Olsteprinium	25
colle_ma10a_103	Lightning Stump	5
colle_ma10a_106	Ripper Ant	35
colle_ma10a_106	Metallipede	35
colle_ma10a_106	Fire Tarantula	25
colle_ma10a_106	Quadriga Darner	5
colle_ma10a_107	Ripper Ant	30
colle_ma10a_107	Metallipede	30
colle_ma10a_107	Walnut Grape	30
colle_ma10a_107	Lightning Stump	10
colle_ma10a_109	Heroic Starsand	45
colle_ma10a_109	Rising Dragon Rock	45
colle_ma10a_109	Ripple Stone	9
colle_ma10a_109	Hezodron Petra	1
colle_ma10a_110	Abyss Heather	30
colle_ma10a_110	Insanity Moss	30
colle_ma10a_110	Wraithwood	30
colle_ma10a_110	Quadriga Darner	10
colle_ma10a_111	Night Lily	45
colle_ma10a_111	Scimitar Grass	45
colle_ma10a_111	Olsteprinium	9
colle_ma10a_111	Secret Turf	1
colle_ma10a_112	Ripper Ant	30
colle_ma10a_112	Metallipede	30
colle_ma10a_112	Walnut Grape	30
colle_ma10a_112	Lightning Stump	10
colle_ma10a_113	Scimitar Grass	45
colle_ma10a_113	Walnut Grape	45
colle_ma10a_113	Acid Tomato	9
colle_ma10a_113	Death Mushroom	1
colle_ma10a_114	Heroic Starsand	45
colle_ma10a_114	Rising Dragon Rock	45
colle_ma10a_114	Ripple Stone	9
colle_ma10a_114	Hezodron Petra	1
colle_ma10a_115	Walnut Grape	45
colle_ma10a_115	Rising Dragon Rock	45
colle_ma10a_115	Ripple Stone	9
colle_ma10a_115	Hezodron Petra	1
colle_ma10a_116	Walnut Grape	45
colle_ma10a_116	Rising Dragon Rock	45
colle_ma10a_116	Ripple Stone	9
colle_ma10a_116	Hezodron Petra	1
colle_ma10a_117	Heroic Starsand	30
colle_ma10a_117	Abyss Heather	30
colle_ma10a_117	Fire Tarantula	30
colle_ma10a_117	Hezodron Petra	10
colle_ma10a_118	Trippy Catfish	30
colle_ma10a_118	Heroic Starsand	30
colle_ma10a_118	Insanity Moss	30
colle_ma10a_118	Glory Angler	10
colle_ma10a_120	Heroic Starsand	45
colle_ma10a_120	Wraithwood	45
colle_ma10a_120	Wibbleweed	9
colle_ma10a_120	Lightning Stump	1
colle_ma10a_121	Rising Dragon Rock	35
colle_ma10a_121	Wraithwood	35
colle_ma10a_121	Olsteprinium	25
colle_ma10a_121	Lightning Stump	5
colle_ma10a_122	Insanity Moss	35
colle_ma10a_122	Rising Dragon Rock	35
colle_ma10a_122	Ripple Stone	25
colle_ma10a_122	Hezodron Petra	5
colle_ma10a_123	Walnut Grape	45
colle_ma10a_123	Rising Dragon Rock	45
colle_ma10a_123	Ripple Stone	9
colle_ma10a_123	Hezodron Petra	1
colle_ma10a_125	Trippy Catfish	45
colle_ma10a_125	Poison Flash	45
colle_ma10a_125	Hedron Stonefish	9
colle_ma10a_125	Glory Angler	1
colle_ma10a_127	Heroic Starsand	45
colle_ma10a_127	Rising Dragon Rock	45
colle_ma10a_127	Ripple Stone	9
colle_ma10a_127	Hezodron Petra	1
colle_ma10a_128	Heroic Starsand	45
colle_ma10a_128	Wraithwood	45
colle_ma10a_128	Wibbleweed	9
colle_ma10a_128	Lightning Stump	1
colle_ma10a_129	Insanity Moss	35
colle_ma10a_129	Rising Dragon Rock	35
colle_ma10a_129	Ripple Stone	25
colle_ma10a_129	Hezodron Petra	5
colle_ma10a_130	Abyss Heather	30
colle_ma10a_130	Insanity Moss	30
colle_ma10a_130	Wraithwood	30
colle_ma10a_130	Quadriga Darner	10
colle_ma10a_131	Scimitar Grass	45
colle_ma10a_131	Walnut Grape	45
colle_ma10a_131	Acid Tomato	9
colle_ma10a_131	Death Mushroom	1
colle_ma10a_132	Night Lily	45
colle_ma10a_132	Scimitar Grass	45
colle_ma10a_132	Olsteprinium	9
colle_ma10a_132	Secret Turf	1
colle_ma10a_133	Ripper Ant	30
colle_ma10a_133	Metallipede	30
colle_ma10a_133	Walnut Grape	30
colle_ma10a_133	Lightning Stump	10
colle_ma10a_134	Trippy Catfish	45
colle_ma10a_134	Poison Flash	45
colle_ma10a_134	Hedron Stonefish	9
colle_ma10a_134	Glory Angler	1
colle_ma10a_135	Trippy Catfish	45
colle_ma10a_135	Poison Flash	45
colle_ma10a_135	Hedron Stonefish	9
colle_ma10a_135	Glory Angler	1
colle_ma10a_136	Scimitar Grass	45
colle_ma10a_136	Wibbleweed	25
colle_ma10a_136	Acid Tomato	25
colle_ma10a_136	Death Mushroom	5
colle_ma10a_137	Night Lily	40
colle_ma10a_137	Wibbleweed	25
colle_ma10a_137	Olsteprinium	25
colle_ma10a_137	Death Mushroom	10
colle_ma10a_138	Rising Dragon Rock	35
colle_ma10a_138	Wraithwood	35
colle_ma10a_138	Olsteprinium	25
colle_ma10a_138	Lightning Stump	5
colle_ma10a_139	Heroic Starsand	45
colle_ma10a_139	Wraithwood	45
colle_ma10a_139	Wibbleweed	9
colle_ma10a_139	Lightning Stump	1
colle_ma10a_141	Heroic Starsand	30
colle_ma10a_141	Abyss Heather	30
colle_ma10a_141	Fire Tarantula	30
colle_ma10a_141	Hezodron Petra	10
colle_ma10a_142	Insanity Moss	35
colle_ma10a_142	Rising Dragon Rock	35
colle_ma10a_142	Ripple Stone	25
colle_ma10a_142	Hezodron Petra	5
colle_ma10a_143	Trippy Catfish	30
colle_ma10a_143	Heroic Starsand	30
colle_ma10a_143	Insanity Moss	30
colle_ma10a_143	Glory Angler	10
colle_ma10a_144	Heroic Starsand	30
colle_ma10a_144	Abyss Heather	30
colle_ma10a_144	Fire Tarantula	30
colle_ma10a_144	Hezodron Petra	10
colle_ma10a_145	Scimitar Grass	45
colle_ma10a_145	Wibbleweed	25
colle_ma10a_145	Acid Tomato	25
colle_ma10a_145	Death Mushroom	5
colle_ma10a_146	Insanity Moss	35
colle_ma10a_146	Rising Dragon Rock	35
colle_ma10a_146	Ripple Stone	25
colle_ma10a_146	Hezodron Petra	5
colle_ma10a_148	Heroic Starsand	45
colle_ma10a_148	Rising Dragon Rock	45
colle_ma10a_148	Ripple Stone	9
colle_ma10a_148	Hezodron Petra	1
colle_ma10a_149	Night Lily	45
colle_ma10a_149	Scimitar Grass	45
colle_ma10a_149	Olsteprinium	9
colle_ma10a_149	Secret Turf	1
colle_ma10a_153	Ripper Ant	30
colle_ma10a_153	Metallipede	30
colle_ma10a_153	Walnut Grape	30
colle_ma10a_153	Lightning Stump	10
colle_ma10a_154	Abyss Heather	30
colle_ma10a_154	Insanity Moss	30
colle_ma10a_154	Wraithwood	30
colle_ma10a_154	Quadriga Darner	10
colle_ma10a_156	Heroic Starsand	45
colle_ma10a_156	Rising Dragon Rock	45
colle_ma10a_156	Ripple Stone	9
colle_ma10a_156	Hezodron Petra	1
colle_ma10a_157	Abyss Heather	30
colle_ma10a_157	Insanity Moss	30
colle_ma10a_157	Wraithwood	30
colle_ma10a_157	Quadriga Darner	10
colle_ma10a_159	Trippy Catfish	30
colle_ma10a_159	Heroic Starsand	30
colle_ma10a_159	Insanity Moss	30
colle_ma10a_159	Glory Angler	10
colle_ma10a_160	Ripper Ant	35
colle_ma10a_160	Metallipede	35
colle_ma10a_160	Fire Tarantula	25
colle_ma10a_160	Quadriga Darner	5
colle_ma10a_161	Night Lily	30
colle_ma10a_161	Abyss Heather	30
colle_ma10a_161	Scimitar Grass	30
colle_ma10a_161	Secret Turf	10
colle_ma10a_162	Night Lily	30
colle_ma10a_162	Abyss Heather	30
colle_ma10a_162	Scimitar Grass	30
colle_ma10a_162	Secret Turf	10
colle_ma10a_164	Abyss Heather	30
colle_ma10a_164	Insanity Moss	30
colle_ma10a_164	Wraithwood	30
colle_ma10a_164	Quadriga Darner	10
colle_ma10a_165	Walnut Grape	45
colle_ma10a_165	Rising Dragon Rock	45
colle_ma10a_165	Ripple Stone	9
colle_ma10a_165	Hezodron Petra	1
colle_ma10a_166	Rising Dragon Rock	35
colle_ma10a_166	Wraithwood	35
colle_ma10a_166	Olsteprinium	25
colle_ma10a_166	Lightning Stump	5
colle_ma10a_167	Heroic Starsand	45
colle_ma10a_167	Wraithwood	45
colle_ma10a_167	Wibbleweed	9
colle_ma10a_167	Lightning Stump	1
colle_ma10a_168	Heroic Starsand	45
colle_ma10a_168	Rising Dragon Rock	45
colle_ma10a_168	Ripple Stone	9
colle_ma10a_168	Hezodron Petra	1
colle_ma10a_169	Heroic Starsand	45
colle_ma10a_169	Rising Dragon Rock	45
colle_ma10a_169	Ripple Stone	9
colle_ma10a_169	Hezodron Petra	1
colle_ma10a_170	Trippy Catfish	45
colle_ma10a_170	Poison Flash	45
colle_ma10a_170	Hedron Stonefish	9
colle_ma10a_170	Glory Angler	1
colle_ma10a_171	Night Lily	45
colle_ma10a_171	Scimitar Grass	45
colle_ma10a_171	Olsteprinium	9
colle_ma10a_171	Secret Turf	1
colle_ma10a_173	Night Lily	40
colle_ma10a_173	Wibbleweed	25
colle_ma10a_173	Olsteprinium	25
colle_ma10a_173	Death Mushroom	10
colle_ma11a_c001	Glutinous Sand	35
colle_ma11a_c001	Charged Elbaite	35
colle_ma11a_c001	Lemon Stone	25
colle_ma11a_c001	Border Sapphire	5
colle_ma11a_c002	Forrestone	55
colle_ma11a_c002	Maple Bite	20
colle_ma11a_c002	Dicy Stone	20
colle_ma11a_c002	Dilemma Rock	5
colle_ma13a_f001	Melancholy Leaf	45
colle_ma13a_f001	Emerald Snow	25
colle_ma13a_f001	Gypsum Branch	25
colle_ma13a_f001	Foolin' Ivy	5
colle_ma13a_f003	Love Beetle	45
colle_ma13a_f003	Fluffy Snow Bug	45
colle_ma13a_f003	Freezing Chameleon	9
colle_ma13a_f003	Luckroach	1
colle_ma13a_f005	Lewisia Silver	35
colle_ma13a_f005	Love Lemon	35
colle_ma13a_f005	Ice Cabbage	20
colle_ma13a_f005	Amethyst Vanilla	10
colle_ma13a_f006	Fluffy Snow Bug	45
colle_ma13a_f006	Love Lemon	45
colle_ma13a_f006	Ice Cabbage	9
colle_ma13a_f006	Amethyst Vanilla	1
colle_ma13a_f007	Melancholy Leaf	45
colle_ma13a_f007	Emerald Snow	25
colle_ma13a_f007	Gypsum Branch	25
colle_ma13a_f007	Foolin' Ivy	5
colle_ma13a_f008	Wavelet Stone	35
colle_ma13a_f008	Lacquer Stone	35
colle_ma13a_f008	Shell Rock	25
colle_ma13a_f008	Icicle Marine	5
colle_ma13a_f009	Lewisia Silver	35
colle_ma13a_f009	Melancholy Rose	35
colle_ma13a_f009	Ghost Dudleya	25
colle_ma13a_f009	Bellflower Crystal	5
colle_ma13a_f010	Wavelet Stone	35
colle_ma13a_f010	Lacquer Stone	35
colle_ma13a_f010	Shell Rock	25
colle_ma13a_f010	Icicle Marine	5
colle_ma13a_f011	Vinenut	45
colle_ma13a_f011	Melancholy Leaf	45
colle_ma13a_f011	Love Beetle	9
colle_ma13a_f011	Foolin' Ivy	1
colle_ma13a_f012	Fluffy Snow Bug	45
colle_ma13a_f012	Love Lemon	45
colle_ma13a_f012	Ice Cabbage	9
colle_ma13a_f012	Amethyst Vanilla	1
colle_ma13a_f013	Love Beetle	45
colle_ma13a_f013	Fluffy Snow Bug	45
colle_ma13a_f013	Freezing Chameleon	9
colle_ma13a_f013	Luckroach	1
colle_ma13a_f014	Lacquer Stone	40
colle_ma13a_f014	Shell Rock	25
colle_ma13a_f014	Emerald Snow	25
colle_ma13a_f014	Icicle Marine	10
colle_ma13a_f015	Wavelet Stone	35
colle_ma13a_f015	Lacquer Stone	35
colle_ma13a_f015	Shell Rock	25
colle_ma13a_f015	Icicle Marine	5
colle_ma13a_f016	Lacquer Stone	40
colle_ma13a_f016	Shell Rock	25
colle_ma13a_f016	Emerald Snow	25
colle_ma13a_f016	Icicle Marine	10
colle_ma13a_f017	Love Beetle	45
colle_ma13a_f017	Fluffy Snow Bug	45
colle_ma13a_f017	Freezing Chameleon	9
colle_ma13a_f017	Luckroach	1
colle_ma13a_f018	Lewisia Silver	35
colle_ma13a_f018	Melancholy Rose	35
colle_ma13a_f018	Ghost Dudleya	25
colle_ma13a_f018	Bellflower Crystal	5
colle_ma13a_f019	Lacquer Stone	40
colle_ma13a_f019	Shell Rock	25
colle_ma13a_f019	Emerald Snow	25
colle_ma13a_f019	Icicle Marine	10
colle_ma13a_f020	Lacquer Stone	45
colle_ma13a_f020	Silvermound Clam	45
colle_ma13a_f020	Fragrant Shrimp	9
colle_ma13a_f020	Abyssturgeon	1
colle_ma13a_f021	Lewisia Silver	35
colle_ma13a_f021	Sea Berry	35
colle_ma13a_f021	Gravity Rock	29
colle_ma13a_f021	Bellflower Crystal	1
colle_ma13a_f022	Melancholy Leaf	45
colle_ma13a_f022	Emerald Snow	25
colle_ma13a_f022	Gypsum Branch	25
colle_ma13a_f022	Foolin' Ivy	5
colle_ma13a_f023	Love Beetle	45
colle_ma13a_f023	Fluffy Snow Bug	45
colle_ma13a_f023	Freezing Chameleon	9
colle_ma13a_f023	Luckroach	1
colle_ma13a_f024	Wavelet Stone	35
colle_ma13a_f024	Lacquer Stone	35
colle_ma13a_f024	Shell Rock	25
colle_ma13a_f024	Icicle Marine	5
colle_ma13a_f025	Fluffy Snow Bug	45
colle_ma13a_f025	Love Lemon	45
colle_ma13a_f025	Ice Cabbage	9
colle_ma13a_f025	Amethyst Vanilla	1
colle_ma13a_f026	Love Beetle	45
colle_ma13a_f026	Fluffy Snow Bug	45
colle_ma13a_f026	Freezing Chameleon	9
colle_ma13a_f026	Luckroach	1
colle_ma13a_f027	Lacquer Stone	45
colle_ma13a_f027	Silvermound Clam	45
colle_ma13a_f027	Fragrant Shrimp	9
colle_ma13a_f027	Abyssturgeon	1
colle_ma13a_f028	Silvermound Clam	40
colle_ma13a_f028	Ghost Dudleya	25
colle_ma13a_f028	Fragrant Shrimp	25
colle_ma13a_f028	Abyssturgeon	10
colle_ma13a_f029	Love Beetle	45
colle_ma13a_f029	Fluffy Snow Bug	45
colle_ma13a_f029	Freezing Chameleon	9
colle_ma13a_f029	Luckroach	1
colle_ma13a_f030	Fluffy Snow Bug	45
colle_ma13a_f030	Love Lemon	45
colle_ma13a_f030	Ice Cabbage	9
colle_ma13a_f030	Amethyst Vanilla	1
colle_ma13a_f031	Wavelet Stone	35
colle_ma13a_f031	Silvermound Clam	35
colle_ma13a_f031	Emerald Snow	25
colle_ma13a_f031	Abyssturgeon	5
colle_ma13a_f032	Fluffy Snow Bug	45
colle_ma13a_f032	Love Lemon	45
colle_ma13a_f032	Ice Cabbage	9
colle_ma13a_f032	Amethyst Vanilla	1
colle_ma13a_f033	Lewisia Silver	35
colle_ma13a_f033	Sea Berry	35
colle_ma13a_f033	Gravity Rock	29
colle_ma13a_f033	Bellflower Crystal	1
colle_ma13a_f034	Wavelet Stone	35
colle_ma13a_f034	Lacquer Stone	35
colle_ma13a_f034	Shell Rock	25
colle_ma13a_f034	Icicle Marine	5
colle_ma13a_f036	Sea Berry	35
colle_ma13a_f036	Broom Icicle	35
colle_ma13a_f036	Gypsum Branch	25
colle_ma13a_f036	Melancholy Leaf	5
colle_ma13a_f037	Fluffy Snow Bug	45
colle_ma13a_f037	Love Lemon	45
colle_ma13a_f037	Ice Cabbage	9
colle_ma13a_f037	Amethyst Vanilla	1
colle_ma13a_f038	Wavelet Stone	35
colle_ma13a_f038	Lacquer Stone	35
colle_ma13a_f038	Emerald Snow	25
colle_ma13a_f038	Icicle Marine	5
colle_ma13a_f039	Wavelet Stone	35
colle_ma13a_f039	Lacquer Stone	35
colle_ma13a_f039	Shell Rock	25
colle_ma13a_f039	Icicle Marine	5
colle_ma13a_f040	Vinenut	45
colle_ma13a_f040	Melancholy Leaf	45
colle_ma13a_f040	Love Beetle	9
colle_ma13a_f040	Foolin' Ivy	1
colle_ma13a_f041	Broom Icicle	45
colle_ma13a_f041	Melancholy Leaf	45
colle_ma13a_f041	Gypsum Branch	9
colle_ma13a_f041	Foolin' Ivy	1
colle_ma13a_f042	Broom Icicle	45
colle_ma13a_f042	Melancholy Leaf	45
colle_ma13a_f042	Gypsum Branch	9
colle_ma13a_f042	Foolin' Ivy	1
colle_ma13a_f043	Sea Berry	35
colle_ma13a_f043	Broom Icicle	35
colle_ma13a_f043	Gypsum Branch	25
colle_ma13a_f043	Melancholy Leaf	5
colle_ma13a_f044	Love Beetle	45
colle_ma13a_f044	Fluffy Snow Bug	45
colle_ma13a_f044	Freezing Chameleon	9
colle_ma13a_f044	Luckroach	1
colle_ma13a_f045	Fluffy Snow Bug	45
colle_ma13a_f045	Love Lemon	45
colle_ma13a_f045	Ice Cabbage	9
colle_ma13a_f045	Amethyst Vanilla	1
colle_ma13a_f046	Love Beetle	45
colle_ma13a_f046	Fluffy Snow Bug	45
colle_ma13a_f046	Freezing Chameleon	9
colle_ma13a_f046	Luckroach	1
colle_ma13a_f047	Vinenut	30
colle_ma13a_f047	Love Lemon	30
colle_ma13a_f047	Freezing Chameleon	30
colle_ma13a_f047	Amethyst Vanilla	10
colle_ma13a_f049	Fluffy Snow Bug	45
colle_ma13a_f049	Love Lemon	45
colle_ma13a_f049	Ice Cabbage	9
colle_ma13a_f049	Amethyst Vanilla	1
colle_ma13a_f050	Wavelet Stone	35
colle_ma13a_f050	Lacquer Stone	35
colle_ma13a_f050	Emerald Snow	25
colle_ma13a_f050	Icicle Marine	5
colle_ma13a_f051	Love Beetle	45
colle_ma13a_f051	Ice Cabbage	25
colle_ma13a_f051	Freezing Chameleon	25
colle_ma13a_f051	Luckroach	5
colle_ma13a_f052	Wavelet Stone	35
colle_ma13a_f052	Lacquer Stone	35
colle_ma13a_f052	Emerald Snow	25
colle_ma13a_f052	Icicle Marine	5
colle_ma13a_f053	Fluffy Snow Bug	45
colle_ma13a_f053	Love Lemon	45
colle_ma13a_f053	Ice Cabbage	9
colle_ma13a_f053	Amethyst Vanilla	1
colle_ma13a_f054	Sea Berry	30
colle_ma13a_f054	Lewisia Silver	30
colle_ma13a_f054	Melancholy Rose	30
colle_ma13a_f054	Bellflower Crystal	10
colle_ma13a_f055	Love Beetle	45
colle_ma13a_f055	Ice Cabbage	25
colle_ma13a_f055	Freezing Chameleon	25
colle_ma13a_f055	Luckroach	5
colle_ma13a_f057	Wavelet Stone	35
colle_ma13a_f057	Lacquer Stone	35
colle_ma13a_f057	Emerald Snow	25
colle_ma13a_f057	Icicle Marine	5
colle_ma13a_f058	Wavelet Stone	35
colle_ma13a_f058	Lacquer Stone	35
colle_ma13a_f058	Emerald Snow	25
colle_ma13a_f058	Icicle Marine	5
colle_ma13a_f059	Love Beetle	45
colle_ma13a_f059	Ice Cabbage	25
colle_ma13a_f059	Freezing Chameleon	25
colle_ma13a_f059	Luckroach	5
colle_ma13a_f060	Love Beetle	45
colle_ma13a_f060	Fluffy Snow Bug	45
colle_ma13a_f060	Freezing Chameleon	9
colle_ma13a_f060	Luckroach	1
colle_ma13a_f061	Wavelet Stone	35
colle_ma13a_f061	Silvermound Clam	35
colle_ma13a_f061	Emerald Snow	25
colle_ma13a_f061	Abyssturgeon	5
colle_ma13a_f062	Wavelet Stone	35
colle_ma13a_f062	Silvermound Clam	35
colle_ma13a_f062	Emerald Snow	25
colle_ma13a_f062	Abyssturgeon	5
colle_ma13a_f063	Lewisia Silver	35
colle_ma13a_f063	Love Lemon	35
colle_ma13a_f063	Ice Cabbage	20
colle_ma13a_f063	Amethyst Vanilla	10
colle_ma13a_f064	Wavelet Stone	35
colle_ma13a_f064	Lacquer Stone	35
colle_ma13a_f064	Shell Rock	25
colle_ma13a_f064	Icicle Marine	5
colle_ma13a_f065	Lewisia Silver	35
colle_ma13a_f065	Sea Berry	35
colle_ma13a_f065	Gravity Rock	29
colle_ma13a_f065	Bellflower Crystal	1
colle_ma13a_f068	Lewisia Silver	35
colle_ma13a_f068	Sea Berry	35
colle_ma13a_f068	Gravity Rock	29
colle_ma13a_f068	Bellflower Crystal	1
colle_ma13a_f069	Wavelet Stone	35
colle_ma13a_f069	Silvermound Clam	35
colle_ma13a_f069	Emerald Snow	25
colle_ma13a_f069	Abyssturgeon	5
colle_ma13a_f070	Fluffy Snow Bug	45
colle_ma13a_f070	Love Lemon	45
colle_ma13a_f070	Ice Cabbage	9
colle_ma13a_f070	Amethyst Vanilla	1
colle_ma13a_f071	Broom Icicle	45
colle_ma13a_f071	Melancholy Leaf	45
colle_ma13a_f071	Gypsum Branch	9
colle_ma13a_f071	Foolin' Ivy	1
colle_ma13a_f072	Wavelet Stone	35
colle_ma13a_f072	Lacquer Stone	35
colle_ma13a_f072	Emerald Snow	25
colle_ma13a_f072	Icicle Marine	5
colle_ma13a_f073	Love Beetle	45
colle_ma13a_f073	Fluffy Snow Bug	45
colle_ma13a_f073	Freezing Chameleon	9
colle_ma13a_f073	Luckroach	1
colle_ma13a_f074	Fluffy Snow Bug	45
colle_ma13a_f074	Love Lemon	45
colle_ma13a_f074	Ice Cabbage	9
colle_ma13a_f074	Amethyst Vanilla	1
colle_ma13a_f075	Fluffy Snow Bug	45
colle_ma13a_f075	Love Lemon	45
colle_ma13a_f075	Ice Cabbage	9
colle_ma13a_f075	Amethyst Vanilla	1
colle_ma13a_f077	Fluffy Snow Bug	45
colle_ma13a_f077	Love Lemon	45
colle_ma13a_f077	Ice Cabbage	9
colle_ma13a_f077	Amethyst Vanilla	1
colle_ma13a_f078	Vinenut	30
colle_ma13a_f078	Love Lemon	30
colle_ma13a_f078	Freezing Chameleon	30
colle_ma13a_f078	Amethyst Vanilla	10
colle_ma13a_f079	Wavelet Stone	35
colle_ma13a_f079	Lacquer Stone	35
colle_ma13a_f079	Emerald Snow	25
colle_ma13a_f079	Icicle Marine	5
colle_ma13a_f080	Wavelet Stone	35
colle_ma13a_f080	Lacquer Stone	35
colle_ma13a_f080	Shell Rock	25
colle_ma13a_f080	Icicle Marine	5
colle_ma13a_f081	Sea Berry	35
colle_ma13a_f081	Broom Icicle	35
colle_ma13a_f081	Gypsum Branch	25
colle_ma13a_f081	Melancholy Leaf	5
colle_ma13a_f082	Fluffy Snow Bug	45
colle_ma13a_f082	Love Lemon	45
colle_ma13a_f082	Ice Cabbage	9
colle_ma13a_f082	Amethyst Vanilla	1
colle_ma13a_f083	Wavelet Stone	35
colle_ma13a_f083	Silvermound Clam	35
colle_ma13a_f083	Emerald Snow	25
colle_ma13a_f083	Abyssturgeon	5
colle_ma13a_f084	Vinenut	45
colle_ma13a_f084	Melancholy Leaf	45
colle_ma13a_f084	Love Beetle	9
colle_ma13a_f084	Foolin' Ivy	1
colle_ma13a_f085	Broom Icicle	45
colle_ma13a_f085	Melancholy Leaf	45
colle_ma13a_f085	Gypsum Branch	9
colle_ma13a_f085	Foolin' Ivy	1
colle_ma13a_f086	Love Beetle	45
colle_ma13a_f086	Fluffy Snow Bug	45
colle_ma13a_f086	Freezing Chameleon	9
colle_ma13a_f086	Luckroach	1
colle_ma13a_f087	Vinenut	30
colle_ma13a_f087	Love Lemon	30
colle_ma13a_f087	Freezing Chameleon	30
colle_ma13a_f087	Amethyst Vanilla	10
colle_ma13a_f088	Lewisia Silver	35
colle_ma13a_f088	Sea Berry	35
colle_ma13a_f088	Gravity Rock	29
colle_ma13a_f088	Bellflower Crystal	1
colle_ma13a_f089	Lewisia Silver	35
colle_ma13a_f089	Sea Berry	35
colle_ma13a_f089	Gravity Rock	29
colle_ma13a_f089	Bellflower Crystal	1
colle_ma13a_f090	Fluffy Snow Bug	45
colle_ma13a_f090	Love Lemon	45
colle_ma13a_f090	Ice Cabbage	9
colle_ma13a_f090	Amethyst Vanilla	1
colle_ma13a_f091	Love Beetle	45
colle_ma13a_f091	Fluffy Snow Bug	45
colle_ma13a_f091	Freezing Chameleon	9
colle_ma13a_f091	Luckroach	1
colle_ma13a_f092	Love Beetle	45
colle_ma13a_f092	Fluffy Snow Bug	45
colle_ma13a_f092	Freezing Chameleon	9
colle_ma13a_f092	Luckroach	1
colle_ma13a_f093	Lewisia Silver	35
colle_ma13a_f093	Sea Berry	35
colle_ma13a_f093	Gravity Rock	29
colle_ma13a_f093	Bellflower Crystal	1
colle_ma13a_f094	Melancholy Leaf	45
colle_ma13a_f094	Emerald Snow	25
colle_ma13a_f094	Gypsum Branch	25
colle_ma13a_f094	Foolin' Ivy	5
colle_ma13a_f095	Lewisia Silver	35
colle_ma13a_f095	Sea Berry	35
colle_ma13a_f095	Gravity Rock	29
colle_ma13a_f095	Bellflower Crystal	1
colle_ma13a_f096	Fluffy Snow Bug	45
colle_ma13a_f096	Love Lemon	45
colle_ma13a_f096	Ice Cabbage	9
colle_ma13a_f096	Amethyst Vanilla	1
colle_ma13a_f097	Wavelet Stone	35
colle_ma13a_f097	Lacquer Stone	35
colle_ma13a_f097	Emerald Snow	25
colle_ma13a_f097	Icicle Marine	5
colle_ma13a_f098	Lewisia Silver	35
colle_ma13a_f098	Melancholy Rose	35
colle_ma13a_f098	Ghost Dudleya	25
colle_ma13a_f098	Bellflower Crystal	5
colle_ma13a_f099	Vinenut	45
colle_ma13a_f099	Melancholy Leaf	45
colle_ma13a_f099	Love Beetle	9
colle_ma13a_f099	Foolin' Ivy	1
colle_ma13a_f100	Lewisia Silver	35
colle_ma13a_f100	Sea Berry	35
colle_ma13a_f100	Gravity Rock	29
colle_ma13a_f100	Bellflower Crystal	1
colle_ma13a_f101	Fluffy Snow Bug	45
colle_ma13a_f101	Love Lemon	45
colle_ma13a_f101	Ice Cabbage	9
colle_ma13a_f101	Amethyst Vanilla	1
colle_ma13a_f102	Broom Icicle	45
colle_ma13a_f102	Melancholy Leaf	45
colle_ma13a_f102	Gypsum Branch	9
colle_ma13a_f102	Foolin' Ivy	1
colle_ma13a_f103	Vinenut	45
colle_ma13a_f103	Melancholy Leaf	45
colle_ma13a_f103	Love Beetle	9
colle_ma13a_f103	Foolin' Ivy	1
colle_ma13a_f104	Broom Icicle	45
colle_ma13a_f104	Melancholy Leaf	45
colle_ma13a_f104	Gypsum Branch	9
colle_ma13a_f104	Foolin' Ivy	1
colle_ma13a_f105	Wavelet Stone	35
colle_ma13a_f105	Lacquer Stone	35
colle_ma13a_f105	Shell Rock	25
colle_ma13a_f105	Icicle Marine	5
colle_ma13a_f106	Wavelet Stone	35
colle_ma13a_f106	Lacquer Stone	35
colle_ma13a_f106	Shell Rock	25
colle_ma13a_f106	Icicle Marine	5
colle_ma13a_f107	Vinenut	45
colle_ma13a_f107	Melancholy Leaf	45
colle_ma13a_f107	Love Beetle	9
colle_ma13a_f107	Foolin' Ivy	1
colle_ma13a_f108	Lewisia Silver	35
colle_ma13a_f108	Sea Berry	35
colle_ma13a_f108	Gravity Rock	29
colle_ma13a_f108	Bellflower Crystal	1
colle_ma13a_f109	Sea Berry	35
colle_ma13a_f109	Broom Icicle	35
colle_ma13a_f109	Gypsum Branch	25
colle_ma13a_f109	Melancholy Leaf	5
colle_ma13a_f110	Love Beetle	45
colle_ma13a_f110	Fluffy Snow Bug	45
colle_ma13a_f110	Freezing Chameleon	9
colle_ma13a_f110	Luckroach	1
colle_ma13a_f111	Wavelet Stone	35
colle_ma13a_f111	Lacquer Stone	35
colle_ma13a_f111	Emerald Snow	25
colle_ma13a_f111	Icicle Marine	5
colle_ma13a_f112	Lacquer Stone	40
colle_ma13a_f112	Shell Rock	25
colle_ma13a_f112	Emerald Snow	25
colle_ma13a_f112	Icicle Marine	10
colle_ma13a_f113	Love Beetle	45
colle_ma13a_f113	Ice Cabbage	25
colle_ma13a_f113	Freezing Chameleon	25
colle_ma13a_f113	Luckroach	5
colle_ma13a_f114	Wavelet Stone	35
colle_ma13a_f114	Lacquer Stone	35
colle_ma13a_f114	Shell Rock	25
colle_ma13a_f114	Icicle Marine	5
colle_ma13a_f115	Love Beetle	45
colle_ma13a_f115	Fluffy Snow Bug	45
colle_ma13a_f115	Freezing Chameleon	9
colle_ma13a_f115	Luckroach	1
colle_ma13a_f116	Gravity Rock	30
colle_ma13a_f116	Wavelet Stone	30
colle_ma13a_f116	Lacquer Stone	30
colle_ma13a_f116	Icicle Marine	10
colle_ma13a_f117	Gravity Rock	30
colle_ma13a_f117	Wavelet Stone	30
colle_ma13a_f117	Lacquer Stone	30
colle_ma13a_f117	Icicle Marine	10
colle_ma13a_f118	Lewisia Silver	35
colle_ma13a_f118	Sea Berry	35
colle_ma13a_f118	Gravity Rock	29
colle_ma13a_f118	Bellflower Crystal	1
colle_ma13a_f119	Lewisia Silver	35
colle_ma13a_f119	Melancholy Rose	35
colle_ma13a_f119	Ghost Dudleya	25
colle_ma13a_f119	Bellflower Crystal	5
colle_ma13a_f120	Lewisia Silver	35
colle_ma13a_f120	Melancholy Rose	35
colle_ma13a_f120	Ghost Dudleya	25
colle_ma13a_f120	Bellflower Crystal	5
colle_ma13a_f121	Gravity Rock	30
colle_ma13a_f121	Wavelet Stone	30
colle_ma13a_f121	Lacquer Stone	30
colle_ma13a_f121	Icicle Marine	10
colle_ma13a_f122	Love Beetle	45
colle_ma13a_f122	Fluffy Snow Bug	45
colle_ma13a_f122	Freezing Chameleon	9
colle_ma13a_f122	Luckroach	1
colle_ma13a_f123	Gravity Rock	30
colle_ma13a_f123	Wavelet Stone	30
colle_ma13a_f123	Lacquer Stone	30
colle_ma13a_f123	Icicle Marine	10
colle_ma13a_f124	Love Beetle	45
colle_ma13a_f124	Fluffy Snow Bug	45
colle_ma13a_f124	Freezing Chameleon	9
colle_ma13a_f124	Luckroach	1
colle_ma13a_f125	Gravity Rock	30
colle_ma13a_f125	Wavelet Stone	30
colle_ma13a_f125	Lacquer Stone	30
colle_ma13a_f125	Icicle Marine	10
colle_ma13a_f126	Melancholy Rose	35
colle_ma13a_f126	Sea Berry	35
colle_ma13a_f126	Ghost Dudleya	25
colle_ma13a_f126	Bellflower Crystal	5
colle_ma13a_f127	Gravity Rock	30
colle_ma13a_f127	Wavelet Stone	30
colle_ma13a_f127	Lacquer Stone	30
colle_ma13a_f127	Icicle Marine	10
colle_ma13a_f128	Gravity Rock	45
colle_ma13a_f128	Shell Rock	25
colle_ma13a_f128	Emerald Snow	25
colle_ma13a_f128	Icicle Marine	5
colle_ma13a_f129	Melancholy Rose	35
colle_ma13a_f129	Sea Berry	35
colle_ma13a_f129	Ghost Dudleya	25
colle_ma13a_f129	Bellflower Crystal	5
colle_ma13a_f130	Gravity Rock	30
colle_ma13a_f130	Wavelet Stone	30
colle_ma13a_f130	Lacquer Stone	30
colle_ma13a_f130	Icicle Marine	10
colle_ma13a_f131	Lewisia Silver	35
colle_ma13a_f131	Sea Berry	35
colle_ma13a_f131	Gravity Rock	29
colle_ma13a_f131	Bellflower Crystal	1
colle_ma13a_f132	Gravity Rock	45
colle_ma13a_f132	Shell Rock	25
colle_ma13a_f132	Emerald Snow	25
colle_ma13a_f132	Icicle Marine	5
colle_ma13a_f133	Gravity Rock	30
colle_ma13a_f133	Wavelet Stone	30
colle_ma13a_f133	Lacquer Stone	30
colle_ma13a_f133	Icicle Marine	10
colle_ma13a_f134	Gravity Rock	30
colle_ma13a_f134	Wavelet Stone	30
colle_ma13a_f134	Lacquer Stone	30
colle_ma13a_f134	Icicle Marine	10
colle_ma13a_f135	Gravity Rock	30
colle_ma13a_f135	Wavelet Stone	30
colle_ma13a_f135	Lacquer Stone	30
colle_ma13a_f135	Icicle Marine	10
colle_ma13a_f136	Lacquer Stone	40
colle_ma13a_f136	Shell Rock	25
colle_ma13a_f136	Emerald Snow	25
colle_ma13a_f136	Icicle Marine	10
colle_ma13a_f137	Wavelet Stone	35
colle_ma13a_f137	Lacquer Stone	35
colle_ma13a_f137	Emerald Snow	25
colle_ma13a_f137	Icicle Marine	5
colle_ma13a_f138	Lacquer Stone	40
colle_ma13a_f138	Shell Rock	25
colle_ma13a_f138	Emerald Snow	25
colle_ma13a_f138	Icicle Marine	10
colle_ma13a_f140	Melancholy Rose	35
colle_ma13a_f140	Sea Berry	35
colle_ma13a_f140	Ghost Dudleya	25
colle_ma13a_f140	Bellflower Crystal	5
colle_ma13a_f141	Fluffy Snow Bug	50
colle_ma13a_f141	Freezing Chameleon	20
colle_ma13a_f141	Gypsum Branch	20
colle_ma13a_f141	Luckroach	10
colle_ma13a_f142	Lewisia Silver	50
colle_ma13a_f142	Ghost Dudleya	20
colle_ma13a_f142	Gypsum Branch	20
colle_ma13a_f142	Foolin' Ivy	10
colle_ma13a_f143	Lewisia Silver	35
colle_ma13a_f143	Sea Berry	35
colle_ma13a_f143	Gravity Rock	29
colle_ma13a_f143	Bellflower Crystal	1
colle_ma13a_f144	Wavelet Stone	35
colle_ma13a_f144	Lacquer Stone	35
colle_ma13a_f144	Emerald Snow	25
colle_ma13a_f144	Icicle Marine	5
colle_ma13a_f145	Sea Berry	30
colle_ma13a_f145	Lewisia Silver	30
colle_ma13a_f145	Melancholy Rose	30
colle_ma13a_f145	Bellflower Crystal	10
colle_ma13a_f147	Gravity Rock	30
colle_ma13a_f147	Wavelet Stone	30
colle_ma13a_f147	Lacquer Stone	30
colle_ma13a_f147	Icicle Marine	10
colle_ma13a_f148	Gravity Rock	45
colle_ma13a_f148	Shell Rock	25
colle_ma13a_f148	Emerald Snow	25
colle_ma13a_f148	Icicle Marine	5
colle_ma13a_f149	Melancholy Rose	35
colle_ma13a_f149	Sea Berry	35
colle_ma13a_f149	Ghost Dudleya	25
colle_ma13a_f149	Bellflower Crystal	5
colle_ma13a_f150	Gravity Rock	30
colle_ma13a_f150	Wavelet Stone	30
colle_ma13a_f150	Lacquer Stone	30
colle_ma13a_f150	Icicle Marine	10
colle_ma13a_f151	Gravity Rock	30
colle_ma13a_f151	Wavelet Stone	30
colle_ma13a_f151	Lacquer Stone	30
colle_ma13a_f151	Icicle Marine	10
colle_ma13a_f152	Gravity Rock	45
colle_ma13a_f152	Shell Rock	25
colle_ma13a_f152	Emerald Snow	25
colle_ma13a_f152	Icicle Marine	5
colle_ma13a_f153	Fluffy Snow Bug	45
colle_ma13a_f153	Love Lemon	45
colle_ma13a_f153	Ice Cabbage	9
colle_ma13a_f153	Amethyst Vanilla	1
colle_ma13a_f154	Gravity Rock	30
colle_ma13a_f154	Wavelet Stone	30
colle_ma13a_f154	Lacquer Stone	30
colle_ma13a_f154	Icicle Marine	10
colle_ma13a_f156	Wavelet Stone	35
colle_ma13a_f156	Lacquer Stone	35
colle_ma13a_f156	Emerald Snow	25
colle_ma13a_f156	Icicle Marine	5
colle_ma13a_f158	Gravity Rock	45
colle_ma13a_f158	Shell Rock	25
colle_ma13a_f158	Emerald Snow	25
colle_ma13a_f158	Icicle Marine	5
colle_ma13a_f159	Wavelet Stone	35
colle_ma13a_f159	Silvermound Clam	35
colle_ma13a_f159	Emerald Snow	25
colle_ma13a_f159	Abyssturgeon	5
colle_ma13a_f160	Lewisia Silver	35
colle_ma13a_f160	Sea Berry	35
colle_ma13a_f160	Gravity Rock	29
colle_ma13a_f160	Bellflower Crystal	1
colle_ma13a_f161	Fluffy Snow Bug	50
colle_ma13a_f161	Freezing Chameleon	20
colle_ma13a_f161	Gypsum Branch	20
colle_ma13a_f161	Luckroach	10
colle_ma13a_f162	Vinenut	45
colle_ma13a_f162	Melancholy Leaf	45
colle_ma13a_f162	Love Beetle	9
colle_ma13a_f162	Foolin' Ivy	1
colle_ma13a_f163	Broom Icicle	45
colle_ma13a_f163	Melancholy Leaf	45
colle_ma13a_f163	Gypsum Branch	9
colle_ma13a_f163	Foolin' Ivy	1
colle_ma13a_f164	Love Beetle	45
colle_ma13a_f164	Fluffy Snow Bug	45
colle_ma13a_f164	Freezing Chameleon	9
colle_ma13a_f164	Luckroach	1
colle_ma13a_f165	Broom Icicle	45
colle_ma13a_f165	Melancholy Leaf	45
colle_ma13a_f165	Gypsum Branch	9
colle_ma13a_f165	Foolin' Ivy	1
colle_ma13a_f168	Broom Icicle	45
colle_ma13a_f168	Melancholy Leaf	45
colle_ma13a_f168	Gypsum Branch	9
colle_ma13a_f168	Foolin' Ivy	1
colle_ma13a_f169	Fluffy Snow Bug	45
colle_ma13a_f169	Love Lemon	45
colle_ma13a_f169	Ice Cabbage	9
colle_ma13a_f169	Amethyst Vanilla	1
colle_ma13a_f170	Vinenut	45
colle_ma13a_f170	Melancholy Leaf	45
colle_ma13a_f170	Love Beetle	9
colle_ma13a_f170	Foolin' Ivy	1
colle_ma13a_f174	Lewisia Silver	35
colle_ma13a_f174	Love Lemon	35
colle_ma13a_f174	Ice Cabbage	20
colle_ma13a_f174	Amethyst Vanilla	10
colle_ma13a_f175	Love Beetle	45
colle_ma13a_f175	Fluffy Snow Bug	45
colle_ma13a_f175	Freezing Chameleon	9
colle_ma13a_f175	Luckroach	1
colle_ma13a_f176	Fluffy Snow Bug	45
colle_ma13a_f176	Love Lemon	45
colle_ma13a_f176	Ice Cabbage	9
colle_ma13a_f176	Amethyst Vanilla	1
colle_ma13a_f177	Love Beetle	45
colle_ma13a_f177	Fluffy Snow Bug	45
colle_ma13a_f177	Freezing Chameleon	9
colle_ma13a_f177	Luckroach	1
colle_ma13a_f178	Lewisia Silver	50
colle_ma13a_f178	Ghost Dudleya	20
colle_ma13a_f178	Gypsum Branch	20
colle_ma13a_f178	Foolin' Ivy	10
colle_ma13a_f179	Lewisia Silver	35
colle_ma13a_f179	Love Lemon	35
colle_ma13a_f179	Ice Cabbage	20
colle_ma13a_f179	Amethyst Vanilla	10
colle_ma13a_f180	Wavelet Stone	35
colle_ma13a_f180	Silvermound Clam	35
colle_ma13a_f180	Emerald Snow	25
colle_ma13a_f180	Abyssturgeon	5
colle_ma13a_f181	Lewisia Silver	35
colle_ma13a_f181	Love Lemon	35
colle_ma13a_f181	Ice Cabbage	20
colle_ma13a_f181	Amethyst Vanilla	10
colle_ma13a_f182	Wavelet Stone	35
colle_ma13a_f182	Lacquer Stone	35
colle_ma13a_f182	Emerald Snow	25
colle_ma13a_f182	Icicle Marine	5
colle_ma13a_f183	Wavelet Stone	35
colle_ma13a_f183	Lacquer Stone	35
colle_ma13a_f183	Emerald Snow	25
colle_ma13a_f183	Icicle Marine	5
colle_ma13a_f184	Melancholy Leaf	45
colle_ma13a_f184	Emerald Snow	25
colle_ma13a_f184	Gypsum Branch	25
colle_ma13a_f184	Foolin' Ivy	5
colle_ma13a_f185	Melancholy Leaf	45
colle_ma13a_f185	Emerald Snow	25
colle_ma13a_f185	Gypsum Branch	25
colle_ma13a_f185	Foolin' Ivy	5
colle_ma13a_f186	Fluffy Snow Bug	50
colle_ma13a_f186	Ice Cabbage	20
colle_ma13a_f186	Ghost Dudleya	20
colle_ma13a_f186	Amethyst Vanilla	10
colle_ma13a_f187	Lewisia Silver	50
colle_ma13a_f187	Ghost Dudleya	20
colle_ma13a_f187	Gypsum Branch	20
colle_ma13a_f187	Foolin' Ivy	10
colle_ma13a_f188	Lacquer Stone	40
colle_ma13a_f188	Shell Rock	25
colle_ma13a_f188	Emerald Snow	25
colle_ma13a_f188	Icicle Marine	10
colle_ma13a_f189	Silvermound Clam	40
colle_ma13a_f189	Ghost Dudleya	25
colle_ma13a_f189	Fragrant Shrimp	25
colle_ma13a_f189	Abyssturgeon	10
colle_ma13a_f190	Lacquer Stone	45
colle_ma13a_f190	Silvermound Clam	45
colle_ma13a_f190	Fragrant Shrimp	9
colle_ma13a_f190	Abyssturgeon	1
colle_ma13a_f191	Lacquer Stone	45
colle_ma13a_f191	Silvermound Clam	45
colle_ma13a_f191	Fragrant Shrimp	9
colle_ma13a_f191	Abyssturgeon	1
colle_ma13a_f192	Silvermound Clam	40
colle_ma13a_f192	Ghost Dudleya	25
colle_ma13a_f192	Fragrant Shrimp	25
colle_ma13a_f192	Abyssturgeon	10
colle_ma13a_f193	Silvermound Clam	40
colle_ma13a_f193	Ghost Dudleya	25
colle_ma13a_f193	Fragrant Shrimp	25
colle_ma13a_f193	Abyssturgeon	10
colle_ma13a_f194	Lacquer Stone	45
colle_ma13a_f194	Silvermound Clam	45
colle_ma13a_f194	Fragrant Shrimp	9
colle_ma13a_f194	Abyssturgeon	1
colle_ma13a_c001	Love Beetle	45
colle_ma13a_c001	Fluffy Snow Bug	45
colle_ma13a_c001	Freezing Chameleon	9
colle_ma13a_c001	Luckroach	1
colle_ma13a_f195	Lewisia Silver	50
colle_ma13a_f195	Ghost Dudleya	20
colle_ma13a_f195	Gypsum Branch	20
colle_ma13a_f195	Foolin' Ivy	10
colle_ma13a_f196	Fluffy Snow Bug	50
colle_ma13a_f196	Ice Cabbage	20
colle_ma13a_f196	Ghost Dudleya	20
colle_ma13a_f196	Amethyst Vanilla	10
colle_ma15a_f001	Choice Cherry	45
colle_ma15a_f001	Beautiful Shoot	45
colle_ma15a_f001	Belloat Grass	9
colle_ma15a_f001	Jellyfish Balsam	1
colle_ma15a_f002	Stream Navy	35
colle_ma15a_f002	Lemon Stone	25
colle_ma15a_f002	Pinfin	30
colle_ma15a_f002	Killi-Killi Killifish	10
colle_ma15a_f003	Marine Chowfish	45
colle_ma15a_f003	Beat Shrimp	45
colle_ma15a_f003	Emblazoned Ray	9
colle_ma15a_f003	Killi-Killi Killifish	1
colle_ma15a_f004	Marine Chowfish	42
colle_ma15a_f004	Stream Navy	42
colle_ma15a_f004	Pinfin	15
colle_ma15a_f004	Killi-Killi Killifish	1
colle_ma15a_f005	Energy Aubergine	43
colle_ma15a_f005	Charged Elbaite	43
colle_ma15a_f005	Lemon Stone	9
colle_ma15a_f005	Border Sapphire	5
colle_ma15a_f006	Belloat Grass	45
colle_ma15a_f006	Feather Leaf	45
colle_ma15a_f006	Groove Wood	9
colle_ma15a_f006	Hide 'n' Creeper	1
colle_ma15a_f007	Spirit Clematis	45
colle_ma15a_f007	Silent Wood	45
colle_ma15a_f007	Groove Wood	9
colle_ma15a_f007	Hide 'n' Creeper	1
colle_ma15a_f008	Charged Elbaite	45
colle_ma15a_f008	Plumage Peach	20
colle_ma15a_f008	Lemon Stone	20
colle_ma15a_f008	Border Sapphire	15
colle_ma15a_f009	Beautiful Shoot	35
colle_ma15a_f009	Feather Leaf	35
colle_ma15a_f009	Groove Wood	25
colle_ma15a_f009	Hide 'n' Creeper	5
colle_ma15a_f010	Energy Aubergine	43
colle_ma15a_f010	Charged Elbaite	43
colle_ma15a_f010	Lemon Stone	9
colle_ma15a_f010	Border Sapphire	5
colle_ma15a_f011	Spirit Clematis	35
colle_ma15a_f011	Beautiful Shoot	35
colle_ma15a_f011	Belloat Grass	20
colle_ma15a_f011	Jellyfish Balsam	10
colle_ma15a_f012	Spirit Clematis	45
colle_ma15a_f012	Silent Wood	45
colle_ma15a_f012	Groove Wood	9
colle_ma15a_f012	Hide 'n' Creeper	1
colle_ma15a_f013	Choice Cherry	45
colle_ma15a_f013	Beautiful Shoot	45
colle_ma15a_f013	Belloat Grass	9
colle_ma15a_f013	Jellyfish Balsam	1
colle_ma15a_f014	Choice Cherry	30
colle_ma15a_f014	Groove Wood	25
colle_ma15a_f014	Pinfin	25
colle_ma15a_f014	Whisper Tomato	20
colle_ma15a_f018	Energy Aubergine	43
colle_ma15a_f018	Charged Elbaite	43
colle_ma15a_f018	Lemon Stone	9
colle_ma15a_f018	Border Sapphire	5
colle_ma15a_f019	Mysteroe	30
colle_ma15a_f019	Marine Chowfish	30
colle_ma15a_f019	Beat Shrimp	30
colle_ma15a_f019	Killi-Killi Killifish	10
colle_ma15a_f020	Mysteroe	30
colle_ma15a_f020	Marine Chowfish	30
colle_ma15a_f020	Beat Shrimp	30
colle_ma15a_f020	Killi-Killi Killifish	10
colle_ma15a_f021	Feather Leaf	30
colle_ma15a_f021	Stream Navy	30
colle_ma15a_f021	Beat Shrimp	30
colle_ma15a_f021	Killi-Killi Killifish	10
colle_ma15a_f022	Stream Navy	35
colle_ma15a_f022	Lemon Stone	25
colle_ma15a_f022	Pinfin	30
colle_ma15a_f022	Killi-Killi Killifish	10
colle_ma15a_f023	Feather Leaf	30
colle_ma15a_f023	Stream Navy	30
colle_ma15a_f023	Beat Shrimp	30
colle_ma15a_f023	Killi-Killi Killifish	10
colle_ma15a_f024	Digging Sandfly	32
colle_ma15a_f024	Energy Aubergine	33
colle_ma15a_f024	Lemon Stone	25
colle_ma15a_f024	Border Sapphire	10
colle_ma15a_f025	Mysteroe	30
colle_ma15a_f025	Marine Chowfish	30
colle_ma15a_f025	Beat Shrimp	30
colle_ma15a_f025	Killi-Killi Killifish	10
colle_ma15a_f026	Choice Cherry	25
colle_ma15a_f026	Silent Wood	25
colle_ma15a_f026	Groove Wood	30
colle_ma15a_f026	Hide 'n' Creeper	20
colle_ma15a_f027	Charged Elbaite	10
colle_ma15a_f027	Silent Wood	40
colle_ma15a_f027	Mystery Firefly	40
colle_ma15a_f027	Benign Cricket	10
colle_ma15a_f028	Beautiful Shoot	45
colle_ma15a_f028	Belloat Grass	25
colle_ma15a_f028	Mystery Firefly	25
colle_ma15a_f028	Benign Cricket	5
colle_ma15a_f029	Beautiful Shoot	35
colle_ma15a_f029	Digging Sandfly	35
colle_ma15a_f029	Mystery Firefly	20
colle_ma15a_f029	Benign Cricket	10
colle_ma15a_f030	Marine Chowfish	45
colle_ma15a_f030	Beat Shrimp	45
colle_ma15a_f030	Emblazoned Ray	9
colle_ma15a_f030	Killi-Killi Killifish	1
colle_ma15a_f031	Marine Chowfish	42
colle_ma15a_f031	Stream Navy	42
colle_ma15a_f031	Pinfin	15
colle_ma15a_f031	Killi-Killi Killifish	1
colle_ma15a_f032	Silent Wood	43
colle_ma15a_f032	Charged Elbaite	43
colle_ma15a_f032	Lemon Stone	9
colle_ma15a_f032	Border Sapphire	5
colle_ma15a_f033	Choice Cherry	45
colle_ma15a_f033	Beautiful Shoot	45
colle_ma15a_f033	Belloat Grass	9
colle_ma15a_f033	Jellyfish Balsam	1
colle_ma15a_f034	Digging Sandfly	35
colle_ma15a_f034	Energy Aubergine	35
colle_ma15a_f034	Jellyfish Balsam	10
colle_ma15a_f034	Whisper Tomato	20
colle_ma15a_f035	Charged Elbaite	30
colle_ma15a_f035	Groove Wood	20
colle_ma15a_f035	Lemon Stone	20
colle_ma15a_f035	Border Sapphire	30
colle_ma15a_f036	Beautiful Shoot	35
colle_ma15a_f036	Feather Leaf	35
colle_ma15a_f036	Groove Wood	25
colle_ma15a_f036	Hide 'n' Creeper	5
colle_ma15a_f037	Spirit Clematis	45
colle_ma15a_f037	Silent Wood	45
colle_ma15a_f037	Groove Wood	9
colle_ma15a_f037	Hide 'n' Creeper	1
colle_ma15a_f038	Belloat Grass	45
colle_ma15a_f038	Feather Leaf	45
colle_ma15a_f038	Groove Wood	9
colle_ma15a_f038	Hide 'n' Creeper	1
colle_ma15a_f039	Belloat Grass	45
colle_ma15a_f039	Feather Leaf	45
colle_ma15a_f039	Groove Wood	9
colle_ma15a_f039	Hide 'n' Creeper	1
colle_ma15a_f040	Energy Aubergine	43
colle_ma15a_f040	Charged Elbaite	43
colle_ma15a_f040	Lemon Stone	9
colle_ma15a_f040	Border Sapphire	5
colle_ma15a_f041	Feather Leaf	45
colle_ma15a_f041	Spirit Clematis	45
colle_ma15a_f041	Belloat Grass	9
colle_ma15a_f041	Jellyfish Balsam	1
colle_ma15a_f042	Silent Wood	43
colle_ma15a_f042	Charged Elbaite	43
colle_ma15a_f042	Lemon Stone	9
colle_ma15a_f042	Border Sapphire	5
colle_ma15a_f043	Energy Aubergine	43
colle_ma15a_f043	Charged Elbaite	43
colle_ma15a_f043	Lemon Stone	9
colle_ma15a_f043	Border Sapphire	5
colle_ma15a_f044	Silent Wood	43
colle_ma15a_f044	Charged Elbaite	43
colle_ma15a_f044	Lemon Stone	9
colle_ma15a_f044	Border Sapphire	5
colle_ma15a_f045	Beat Shrimp	40
colle_ma15a_f045	Mystery Firefly	25
colle_ma15a_f045	Emblazoned Ray	25
colle_ma15a_f045	Killi-Killi Killifish	10
colle_ma15a_f046	Choice Cherry	30
colle_ma15a_f046	Groove Wood	25
colle_ma15a_f046	Pinfin	25
colle_ma15a_f046	Whisper Tomato	20
colle_ma15a_f047	Energy Aubergine	43
colle_ma15a_f047	Charged Elbaite	43
colle_ma15a_f047	Lemon Stone	9
colle_ma15a_f047	Border Sapphire	5
colle_ma15a_f048	Charged Elbaite	10
colle_ma15a_f048	Silent Wood	40
colle_ma15a_f048	Mystery Firefly	40
colle_ma15a_f048	Benign Cricket	10
colle_ma15a_f049	Belloat Grass	45
colle_ma15a_f049	Feather Leaf	45
colle_ma15a_f049	Groove Wood	9
colle_ma15a_f049	Hide 'n' Creeper	1
colle_ma15a_f050	Charged Elbaite	10
colle_ma15a_f050	Silent Wood	40
colle_ma15a_f050	Mystery Firefly	40
colle_ma15a_f050	Benign Cricket	10
colle_ma15a_f051	Digging Sandfly	32
colle_ma15a_f051	Energy Aubergine	33
colle_ma15a_f051	Lemon Stone	25
colle_ma15a_f051	Border Sapphire	10
colle_ma15a_f052	Digging Sandfly	30
colle_ma15a_f052	Energy Aubergine	30
colle_ma15a_f052	Choice Cherry	30
colle_ma15a_f052	Benign Cricket	10
colle_ma15a_f053	Energy Aubergine	43
colle_ma15a_f053	Charged Elbaite	43
colle_ma15a_f053	Lemon Stone	9
colle_ma15a_f053	Border Sapphire	5
colle_ma15a_f054	Digging Sandfly	32
colle_ma15a_f054	Energy Aubergine	33
colle_ma15a_f054	Lemon Stone	25
colle_ma15a_f054	Border Sapphire	10
colle_ma15a_f055	Stream Navy	35
colle_ma15a_f055	Lemon Stone	25
colle_ma15a_f055	Pinfin	30
colle_ma15a_f055	Killi-Killi Killifish	10
colle_ma15a_f056	Choice Cherry	45
colle_ma15a_f056	Beautiful Shoot	45
colle_ma15a_f056	Belloat Grass	9
colle_ma15a_f056	Jellyfish Balsam	1
colle_ma15a_f057	Feather Leaf	45
colle_ma15a_f057	Spirit Clematis	45
colle_ma15a_f057	Belloat Grass	9
colle_ma15a_f057	Jellyfish Balsam	1
colle_ma15a_f058	Feather Leaf	55
colle_ma15a_f058	Plumage Peach	20
colle_ma15a_f058	Belloat Grass	20
colle_ma15a_f058	Jellyfish Balsam	5
colle_ma15a_f059	Silent Wood	43
colle_ma15a_f059	Charged Elbaite	43
colle_ma15a_f059	Lemon Stone	9
colle_ma15a_f059	Border Sapphire	5
colle_ma15a_f060	Beautiful Shoot	35
colle_ma15a_f060	Digging Sandfly	35
colle_ma15a_f060	Mystery Firefly	20
colle_ma15a_f060	Benign Cricket	10
colle_ma15a_f061	Spirit Clematis	45
colle_ma15a_f061	Silent Wood	45
colle_ma15a_f061	Groove Wood	9
colle_ma15a_f061	Hide 'n' Creeper	1
colle_ma15a_f062	Marine Chowfish	42
colle_ma15a_f062	Stream Navy	42
colle_ma15a_f062	Pinfin	15
colle_ma15a_f062	Killi-Killi Killifish	1
colle_ma15a_f063	Choice Cherry	25
colle_ma15a_f063	Silent Wood	25
colle_ma15a_f063	Groove Wood	30
colle_ma15a_f063	Hide 'n' Creeper	20
colle_ma15a_f064	Choice Cherry	30
colle_ma15a_f064	Groove Wood	25
colle_ma15a_f064	Pinfin	25
colle_ma15a_f064	Whisper Tomato	20
colle_ma15a_f065	Mysteroe	45
colle_ma15a_f065	Spirit Clematis	20
colle_ma15a_f065	Emblazoned Ray	15
colle_ma15a_f065	Pinfin	20
colle_ma15a_c001	Beautiful Shoot	35
colle_ma15a_c001	Choice Cherry	35
colle_ma15a_c001	Plumage Peach	25
colle_ma15a_c001	Whisper Tomato	5
colle_ma15a_c002	Digging Sandfly	35
colle_ma15a_c002	Energy Aubergine	35
colle_ma15a_c002	Plumage Peach	25
colle_ma15a_c002	Whisper Tomato	5
colle_ma15a_c003	Digging Sandfly	30
colle_ma15a_c003	Energy Aubergine	30
colle_ma15a_c003	Choice Cherry	30
colle_ma15a_c003	Benign Cricket	10
colle_ma15a_f066	Choice Cherry	45
colle_ma15a_f066	Beautiful Shoot	45
colle_ma15a_f066	Belloat Grass	9
colle_ma15a_f066	Jellyfish Balsam	1
colle_ma15a_f067	Spirit Clematis	35
colle_ma15a_f067	Beautiful Shoot	35
colle_ma15a_f067	Belloat Grass	20
colle_ma15a_f067	Jellyfish Balsam	10
colle_ma16a_d002	Noise Bite	45
colle_ma16a_d002	Libra Stone	45
colle_ma16a_d002	Deep Fellstone	9
colle_ma16a_d002	Addam's Tear	1
colle_ma16a_d003	Noise Bite	45
colle_ma16a_d003	Rainbow Crystal	45
colle_ma16a_d003	Frozen Sapphire	9
colle_ma16a_d003	Addam's Tear	1
colle_ma16a_d004	Shade Trout	45
colle_ma16a_d004	Horned Bonytongue	45
colle_ma16a_d004	Chandelier Monkfish	9
colle_ma16a_d004	Necromanta Ray	1
colle_ma16a_d006	Chain Grass	35
colle_ma16a_d006	Sporefruit	35
colle_ma16a_d006	Deep Fellstone	20
colle_ma16a_d006	Mystic Dahlia	10
colle_ma16a_d007	Noise Bite	45
colle_ma16a_d007	Libra Stone	45
colle_ma16a_d007	Deep Fellstone	9
colle_ma16a_d007	Addam's Tear	1
colle_ma16a_d008	Gleambug	45
colle_ma16a_d008	Sporefruit	45
colle_ma16a_d008	Frozen Sapphire	9
colle_ma16a_d008	Mystic Dahlia	1
colle_ma16a_d009	Hammer Fern	45
colle_ma16a_d009	Sporefruit	45
colle_ma16a_d009	Deep Fellstone	9
colle_ma16a_d009	Tarnish Apple	1
colle_ma16a_d012	Noise Bite	45
colle_ma16a_d012	Hammer Fern	45
colle_ma16a_d012	Deadly Kiwi	9
colle_ma16a_d012	Tarnish Apple	1
colle_ma16a_d013	Libra Stone	40
colle_ma16a_d013	Wisteria Bud	25
colle_ma16a_d013	Deadly Kiwi	25
colle_ma16a_d013	Tarnish Apple	10
colle_ma16a_d014	Noise Bite	45
colle_ma16a_d014	Rainbow Crystal	45
colle_ma16a_d014	Frozen Sapphire	9
colle_ma16a_d014	Addam's Tear	1
colle_ma16a_d015	Noise Bite	45
colle_ma16a_d015	Hammer Fern	45
colle_ma16a_d015	Deadly Kiwi	9
colle_ma16a_d015	Tarnish Apple	1
colle_ma16a_d016	Gleambug	45
colle_ma16a_d016	Sporefruit	45
colle_ma16a_d016	Frozen Sapphire	9
colle_ma16a_d016	Mystic Dahlia	1
colle_ma16a_d017	Noise Bite	45
colle_ma16a_d017	Hammer Fern	45
colle_ma16a_d017	Deadly Kiwi	9
colle_ma16a_d017	Tarnish Apple	1
colle_ma16a_d018	Horned Bonytongue	40
colle_ma16a_d018	Frozen Sapphire	25
colle_ma16a_d018	Chandelier Monkfish	25
colle_ma16a_d018	Necromanta Ray	10
colle_ma16a_d019	Horned Bonytongue	40
colle_ma16a_d019	Frozen Sapphire	25
colle_ma16a_d019	Chandelier Monkfish	25
colle_ma16a_d019	Necromanta Ray	10
colle_ma16a_d020	Shade Trout	30
colle_ma16a_d020	Dark Firefly	30
colle_ma16a_d020	Rainbow Crystal	30
colle_ma16a_d020	Necromanta Ray	10
colle_ma16a_d021	Fortune Mallow	45
colle_ma16a_d021	Chain Grass	45
colle_ma16a_d021	Wisteria Bud	9
colle_ma16a_d021	Mystic Dahlia	1
colle_ma16a_d022	Hammer Fern	40
colle_ma16a_d022	Deadly Kiwi	25
colle_ma16a_d022	Wisteria Bud	25
colle_ma16a_d022	Mystic Dahlia	10
colle_ma16a_d023	Fortune Mallow	45
colle_ma16a_d023	Chain Grass	45
colle_ma16a_d023	Wisteria Bud	9
colle_ma16a_d023	Mystic Dahlia	1
colle_ma16a_d024	Hammer Fern	45
colle_ma16a_d024	Sporefruit	45
colle_ma16a_d024	Deep Fellstone	9
colle_ma16a_d024	Tarnish Apple	1
colle_ma16a_d025	Noise Bite	45
colle_ma16a_d025	Hammer Fern	45
colle_ma16a_d025	Deadly Kiwi	9
colle_ma16a_d025	Tarnish Apple	1
colle_ma16a_d026	Chain Grass	25
colle_ma16a_d026	Watering Spider	25
colle_ma16a_d026	Hades Beetle	30
colle_ma16a_d026	Sworlbug	20
colle_ma16a_d027	Watering Spider	45
colle_ma16a_d027	Gleambug	45
colle_ma16a_d027	Hades Beetle	9
colle_ma16a_d027	Sworlbug	1
colle_ma16a_d028	Noise Bite	45
colle_ma16a_d028	Libra Stone	45
colle_ma16a_d028	Deep Fellstone	9
colle_ma16a_d028	Addam's Tear	1
colle_ma16a_d029	Noise Bite	45
colle_ma16a_d029	Libra Stone	45
colle_ma16a_d029	Deep Fellstone	9
colle_ma16a_d029	Addam's Tear	1
colle_ma16a_d030	Shade Trout	45
colle_ma16a_d030	Horned Bonytongue	45
colle_ma16a_d030	Chandelier Monkfish	9
colle_ma16a_d030	Necromanta Ray	1
colle_ma16a_d031	Gleambug	40
colle_ma16a_d031	Frozen Sapphire	25
colle_ma16a_d031	Deep Fellstone	25
colle_ma16a_d031	Addam's Tear	10
colle_ma16a_d032	Noise Bite	45
colle_ma16a_d032	Rainbow Crystal	45
colle_ma16a_d032	Frozen Sapphire	9
colle_ma16a_d032	Addam's Tear	1
colle_ma16a_d033	Noise Bite	45
colle_ma16a_d033	Hammer Fern	45
colle_ma16a_d033	Deadly Kiwi	9
colle_ma16a_d033	Tarnish Apple	1
colle_ma16a_d034	Noise Bite	45
colle_ma16a_d034	Hammer Fern	45
colle_ma16a_d034	Deadly Kiwi	9
colle_ma16a_d034	Tarnish Apple	1
colle_ma16a_d035	Libra Stone	40
colle_ma16a_d035	Wisteria Bud	25
colle_ma16a_d035	Deadly Kiwi	25
colle_ma16a_d035	Tarnish Apple	10
colle_ma16a_d036	Fortune Mallow	45
colle_ma16a_d036	Hades Beetle	25
colle_ma16a_d036	Chandelier Monkfish	25
colle_ma16a_d036	Necromanta Ray	5
colle_ma16a_d037	Fortune Mallow	45
colle_ma16a_d037	Chain Grass	45
colle_ma16a_d037	Wisteria Bud	9
colle_ma16a_d037	Mystic Dahlia	1
colle_ma16a_d038	Shade Trout	30
colle_ma16a_d038	Dark Firefly	30
colle_ma16a_d038	Rainbow Crystal	30
colle_ma16a_d038	Necromanta Ray	10
colle_ma16a_d039	Shade Trout	45
colle_ma16a_d039	Horned Bonytongue	45
colle_ma16a_d039	Chandelier Monkfish	9
colle_ma16a_d039	Necromanta Ray	1
colle_ma16a_d041	Gleambug	45
colle_ma16a_d041	Sporefruit	45
colle_ma16a_d041	Frozen Sapphire	9
colle_ma16a_d041	Mystic Dahlia	1
colle_ma16a_d042	Gleambug	45
colle_ma16a_d042	Sporefruit	45
colle_ma16a_d042	Frozen Sapphire	9
colle_ma16a_d042	Mystic Dahlia	1
colle_ma16a_d045	Chain Grass	35
colle_ma16a_d045	Sporefruit	35
colle_ma16a_d045	Deep Fellstone	20
colle_ma16a_d045	Mystic Dahlia	10
colle_ma16a_d046	Fortune Mallow	45
colle_ma16a_d046	Hades Beetle	25
colle_ma16a_d046	Chandelier Monkfish	25
colle_ma16a_d046	Necromanta Ray	5
colle_ma16a_d047	Fortune Mallow	40
colle_ma16a_d047	Wisteria Bud	25
colle_ma16a_d047	Deadly Kiwi	25
colle_ma16a_d047	Tarnish Apple	10
colle_ma16a_d048	Fortune Mallow	45
colle_ma16a_d048	Chain Grass	45
colle_ma16a_d048	Wisteria Bud	9
colle_ma16a_d048	Mystic Dahlia	1
colle_ma16a_d049	Hammer Fern	45
colle_ma16a_d049	Sporefruit	45
colle_ma16a_d049	Deep Fellstone	9
colle_ma16a_d049	Tarnish Apple	1
colle_ma16a_d051	Hammer Fern	40
colle_ma16a_d051	Deadly Kiwi	25
colle_ma16a_d051	Wisteria Bud	25
colle_ma16a_d051	Mystic Dahlia	10
colle_ma16a_d052	Hammer Fern	45
colle_ma16a_d052	Sporefruit	45
colle_ma16a_d052	Deep Fellstone	9
colle_ma16a_d052	Tarnish Apple	1
colle_ma16a_d053	Hammer Fern	45
colle_ma16a_d053	Sporefruit	45
colle_ma16a_d053	Deep Fellstone	9
colle_ma16a_d053	Tarnish Apple	1
colle_ma16a_d055	Noise Bite	45
colle_ma16a_d055	Rainbow Crystal	45
colle_ma16a_d055	Frozen Sapphire	9
colle_ma16a_d055	Addam's Tear	1
colle_ma16a_d056	Fortune Mallow	40
colle_ma16a_d056	Wisteria Bud	25
colle_ma16a_d056	Deadly Kiwi	25
colle_ma16a_d056	Tarnish Apple	10
colle_ma16a_d058	Fortune Mallow	40
colle_ma16a_d058	Wisteria Bud	25
colle_ma16a_d058	Deadly Kiwi	25
colle_ma16a_d058	Tarnish Apple	10
colle_ma16a_d059	Hammer Fern	45
colle_ma16a_d059	Sporefruit	45
colle_ma16a_d059	Deep Fellstone	9
colle_ma16a_d059	Tarnish Apple	1
colle_ma16a_d060	Gleambug	45
colle_ma16a_d060	Sporefruit	45
colle_ma16a_d060	Frozen Sapphire	9
colle_ma16a_d060	Mystic Dahlia	1
colle_ma16a_d061	Noise Bite	45
colle_ma16a_d061	Rainbow Crystal	45
colle_ma16a_d061	Frozen Sapphire	9
colle_ma16a_d061	Addam's Tear	1
colle_ma16a_d063	Noise Bite	45
colle_ma16a_d063	Libra Stone	45
colle_ma16a_d063	Deep Fellstone	9
colle_ma16a_d063	Addam's Tear	1
colle_ma16a_d065	Gleambug	45
colle_ma16a_d065	Sporefruit	45
colle_ma16a_d065	Frozen Sapphire	9
colle_ma16a_d065	Mystic Dahlia	1
colle_ma16a_d066	Gleambug	40
colle_ma16a_d066	Frozen Sapphire	25
colle_ma16a_d066	Deep Fellstone	25
colle_ma16a_d066	Addam's Tear	10
colle_ma16a_d067	Chain Grass	35
colle_ma16a_d067	Sporefruit	35
colle_ma16a_d067	Deep Fellstone	20
colle_ma16a_d067	Mystic Dahlia	10
colle_ma16a_d069	Gleambug	45
colle_ma16a_d069	Sporefruit	45
colle_ma16a_d069	Frozen Sapphire	9
colle_ma16a_d069	Mystic Dahlia	1
colle_ma16a_d071	Watering Spider	45
colle_ma16a_d071	Gleambug	45
colle_ma16a_d071	Hades Beetle	9
colle_ma16a_d071	Sworlbug	1
colle_ma16a_d073	Watering Spider	45
colle_ma16a_d073	Gleambug	45
colle_ma16a_d073	Hades Beetle	9
colle_ma16a_d073	Sworlbug	1
colle_ma16a_d074	Watering Spider	45
colle_ma16a_d074	Gleambug	45
colle_ma16a_d074	Hades Beetle	9
colle_ma16a_d074	Sworlbug	1
colle_ma16a_d075	Watering Spider	45
colle_ma16a_d075	Dark Firefly	45
colle_ma16a_d075	Hades Beetle	9
colle_ma16a_d075	Sworlbug	1
colle_ma16a_d076	Noise Bite	45
colle_ma16a_d076	Libra Stone	45
colle_ma16a_d076	Deep Fellstone	9
colle_ma16a_d076	Addam's Tear	1
colle_ma16a_d077	Watering Spider	45
colle_ma16a_d077	Gleambug	45
colle_ma16a_d077	Hades Beetle	9
colle_ma16a_d077	Sworlbug	1
colle_ma16a_d078	Watering Spider	45
colle_ma16a_d078	Dark Firefly	45
colle_ma16a_d078	Hades Beetle	9
colle_ma16a_d078	Sworlbug	1
colle_ma16a_d079	Chain Grass	25
colle_ma16a_d079	Watering Spider	25
colle_ma16a_d079	Hades Beetle	30
colle_ma16a_d079	Sworlbug	20
colle_ma16a_d080	Watering Spider	45
colle_ma16a_d080	Dark Firefly	45
colle_ma16a_d080	Hades Beetle	9
colle_ma16a_d080	Sworlbug	1
colle_ma16a_d081	Noise Bite	45
colle_ma16a_d081	Hammer Fern	45
colle_ma16a_d081	Deadly Kiwi	9
colle_ma16a_d081	Tarnish Apple	1
colle_ma16a_d082	Gleambug	45
colle_ma16a_d082	Sporefruit	45
colle_ma16a_d082	Frozen Sapphire	9
colle_ma16a_d082	Mystic Dahlia	1
colle_ma16a_d083	Noise Bite	45
colle_ma16a_d083	Libra Stone	45
colle_ma16a_d083	Deep Fellstone	9
colle_ma16a_d083	Addam's Tear	1
colle_ma16a_d084	Noise Bite	45
colle_ma16a_d084	Libra Stone	45
colle_ma16a_d084	Deep Fellstone	9
colle_ma16a_d084	Addam's Tear	1
colle_ma16a_d085	Gleambug	40
colle_ma16a_d085	Frozen Sapphire	25
colle_ma16a_d085	Deep Fellstone	25
colle_ma16a_d085	Addam's Tear	10
colle_ma16a_d086	Noise Bite	45
colle_ma16a_d086	Libra Stone	45
colle_ma16a_d086	Deep Fellstone	9
colle_ma16a_d086	Addam's Tear	1
colle_ma16a_d087	Noise Bite	45
colle_ma16a_d087	Rainbow Crystal	45
colle_ma16a_d087	Frozen Sapphire	9
colle_ma16a_d087	Addam's Tear	1
colle_ma16a_d088	Libra Stone	40
colle_ma16a_d088	Wisteria Bud	25
colle_ma16a_d088	Deadly Kiwi	25
colle_ma16a_d088	Tarnish Apple	10
colle_ma17a_f001	Wool Rock	60
colle_ma17a_f001	Snipe Pea	15
colle_ma17a_f001	Nail Stone	15
colle_ma17a_f001	Magnet Clay	20
colle_ma17a_f002	King Marigold	43
colle_ma17a_f002	Yehu Fish	43
colle_ma17a_f002	Snipe Pea	9
colle_ma17a_f002	Frozen Flan	5
colle_ma17a_f003	Firering Radish	43
colle_ma17a_f003	King Marigold	43
colle_ma17a_f003	Snipe Pea	9
colle_ma17a_f003	Neon Grape	5
colle_ma17a_f004	Moon Flower	55
colle_ma17a_f004	Oil Branch	15
colle_ma17a_f004	Snipe Pea	15
colle_ma17a_f004	Frozen Flan	15
colle_ma17a_f005	Firering Radish	45
colle_ma17a_f005	Oil Branch	15
colle_ma17a_f005	Neon Grape	10
colle_ma17a_f005	Linka Honey	30
colle_ma17a_f006	Firering Radish	45
colle_ma17a_f006	Oil Branch	15
colle_ma17a_f006	Neon Grape	10
colle_ma17a_f006	Linka Honey	30
colle_ma17a_f007	Firering Radish	45
colle_ma17a_f007	Oil Branch	15
colle_ma17a_f007	Neon Grape	10
colle_ma17a_f007	Linka Honey	30
colle_ma17a_f008	Firering Radish	43
colle_ma17a_f008	King Marigold	43
colle_ma17a_f008	Snipe Pea	9
colle_ma17a_f008	Neon Grape	5
colle_ma17a_f009	Yehu Fish	50
colle_ma17a_f009	Hill Firefly	15
colle_ma17a_f009	Horsecrab	15
colle_ma17a_f009	Bonito Sailfish	20
colle_ma17a_f010	Rib Grasshopper	43
colle_ma17a_f010	Giant Pine Cone	42
colle_ma17a_f010	Hill Firefly	10
colle_ma17a_f010	Beelze Mosquito	5
colle_ma17a_f011	Wool Rock	45
colle_ma17a_f011	Moon Flower	45
colle_ma17a_f011	Nail Stone	9
colle_ma17a_f011	Magnet Clay	5
colle_ma17a_f012	Moon Flower	55
colle_ma17a_f012	Oil Branch	15
colle_ma17a_f012	Snipe Pea	15
colle_ma17a_f012	Frozen Flan	15
colle_ma17a_f013	Wool Rock	60
colle_ma17a_f013	Snipe Pea	15
colle_ma17a_f013	Nail Stone	15
colle_ma17a_f013	Magnet Clay	20
colle_ma17a_f014	Rib Grasshopper	43
colle_ma17a_f014	Giant Pine Cone	42
colle_ma17a_f014	Hill Firefly	10
colle_ma17a_f014	Beelze Mosquito	5
colle_ma17a_f015	Climbing Goby	43
colle_ma17a_f015	Wool Rock	43
colle_ma17a_f015	Horsecrab	9
colle_ma17a_f015	Bonito Sailfish	5
colle_ma17a_f016	Rib Grasshopper	43
colle_ma17a_f016	Firering Radish	42
colle_ma17a_f016	Hill Firefly	10
colle_ma17a_f016	Beelze Mosquito	5
colle_ma17a_f017	Rib Grasshopper	43
colle_ma17a_f017	Giant Pine Cone	42
colle_ma17a_f017	Hill Firefly	10
colle_ma17a_f017	Beelze Mosquito	5
colle_ma17a_f018	Wool Rock	45
colle_ma17a_f018	Moon Flower	45
colle_ma17a_f018	Nail Stone	9
colle_ma17a_f018	Magnet Clay	5
colle_ma17a_f019	Rib Grasshopper	43
colle_ma17a_f019	Firering Radish	42
colle_ma17a_f019	Hill Firefly	10
colle_ma17a_f019	Beelze Mosquito	5
colle_ma17a_f020	Climbing Goby	43
colle_ma17a_f020	Wool Rock	43
colle_ma17a_f020	Horsecrab	9
colle_ma17a_f020	Bonito Sailfish	5
colle_ma17a_f021	King Marigold	43
colle_ma17a_f021	Yehu Fish	43
colle_ma17a_f021	Snipe Pea	9
colle_ma17a_f021	Frozen Flan	5
colle_ma17a_f022	King Marigold	43
colle_ma17a_f022	Yehu Fish	43
colle_ma17a_f022	Snipe Pea	9
colle_ma17a_f022	Frozen Flan	5
colle_ma17a_f023	Giant Pine Cone	60
colle_ma17a_f023	Nail Stone	15
colle_ma17a_f023	Oil Branch	15
colle_ma17a_f023	Millewire Pine	10
colle_ma17a_f024	Giant Pine Cone	45
colle_ma17a_f024	Climbing Goby	45
colle_ma17a_f024	Horsecrab	9
colle_ma17a_f024	Millewire Pine	1
colle_ma17a_f025	Climbing Goby	43
colle_ma17a_f025	Wool Rock	43
colle_ma17a_f025	Horsecrab	9
colle_ma17a_f025	Bonito Sailfish	5
colle_ma17a_f026	Giant Pine Cone	45
colle_ma17a_f026	Climbing Goby	45
colle_ma17a_f026	Horsecrab	9
colle_ma17a_f026	Millewire Pine	1
colle_ma17a_f027	King Marigold	43
colle_ma17a_f027	Yehu Fish	43
colle_ma17a_f027	Snipe Pea	9
colle_ma17a_f027	Frozen Flan	5
colle_ma17a_f028	Wool Rock	45
colle_ma17a_f028	Moon Flower	45
colle_ma17a_f028	Nail Stone	9
colle_ma17a_f028	Magnet Clay	5
colle_ma17a_f029	Rib Grasshopper	43
colle_ma17a_f029	Firering Radish	42
colle_ma17a_f029	Hill Firefly	10
colle_ma17a_f029	Beelze Mosquito	5
colle_ma18a_f001	Abyss Metal	40
colle_ma18a_f001	Rubble Gem	40
colle_ma18a_f001	Ambler Stigma	19
colle_ma18a_f001	Platinatriumarine	1
colle_ma18a_f002	Dark Sprout	30
colle_ma18a_f002	Charcoal Cube	30
colle_ma18a_f002	Curse Branch	30
colle_ma18a_f002	Gloomy Pitcher Plant	10
colle_ma18a_f003	Abyss Metal	40
colle_ma18a_f003	Rubble Gem	40
colle_ma18a_f003	Ambler Stigma	19
colle_ma18a_f003	Platinatriumarine	1
colle_ma18a_f004	Abyss Metal	40
colle_ma18a_f004	Rubble Gem	40
colle_ma18a_f004	Ambler Stigma	19
colle_ma18a_f004	Platinatriumarine	1
colle_ma18a_f005	Charcoal Cube	35
colle_ma18a_f005	Rubble Gem	35
colle_ma18a_f005	Electric Cricket	25
colle_ma18a_f005	Platinatriumarine	5
colle_ma18a_f006	Abyss Metal	35
colle_ma18a_f006	Charcoal Cube	35
colle_ma18a_f006	Ambler Stigma	25
colle_ma18a_f006	Platinatriumarine	5
colle_ma18a_f007	Abyss Metal	40
colle_ma18a_f007	Rubble Gem	40
colle_ma18a_f007	Ambler Stigma	19
colle_ma18a_f007	Platinatriumarine	1
colle_ma18a_f008	Delerium Foxglove	45
colle_ma18a_f008	Bronze Wood	45
colle_ma18a_f008	Curse Branch	9
colle_ma18a_f008	Soapberry Box	1
colle_ma18a_f009	Dark Sprout	30
colle_ma18a_f009	Charcoal Cube	30
colle_ma18a_f009	Curse Branch	30
colle_ma18a_f009	Gloomy Pitcher Plant	10
colle_ma18a_f010	Bronze Wood	40
colle_ma18a_f010	Ambler Stigma	25
colle_ma18a_f010	Blood Walnut	25
colle_ma18a_f010	Grim Olive	10
colle_ma18a_f011	Dark Sprout	30
colle_ma18a_f011	Charcoal Cube	30
colle_ma18a_f011	Curse Branch	30
colle_ma18a_f011	Gloomy Pitcher Plant	10
colle_ma18a_f012	Bronze Wood	40
colle_ma18a_f012	Ambler Stigma	25
colle_ma18a_f012	Blood Walnut	25
colle_ma18a_f012	Grim Olive	10
colle_ma18a_f013	Charcoal Cube	35
colle_ma18a_f013	Rubble Gem	35
colle_ma18a_f013	Electric Cricket	25
colle_ma18a_f013	Platinatriumarine	5
colle_ma18a_f014	Charcoal Cube	35
colle_ma18a_f014	Rubble Gem	35
colle_ma18a_f014	Electric Cricket	25
colle_ma18a_f014	Platinatriumarine	5
colle_ma18a_f015	Delerium Foxglove	45
colle_ma18a_f015	Bronze Wood	45
colle_ma18a_f015	Curse Branch	9
colle_ma18a_f015	Soapberry Box	1
colle_ma18a_f016	Abyss Metal	35
colle_ma18a_f016	Charcoal Cube	35
colle_ma18a_f016	Ambler Stigma	25
colle_ma18a_f016	Platinatriumarine	5
colle_ma18a_f017	Sore Worm	45
colle_ma18a_f017	Dark Sprout	45
colle_ma18a_f017	Blood Walnut	9
colle_ma18a_f017	Grim Olive	1
colle_ma18a_f018	Sore Worm	45
colle_ma18a_f018	Dark Sprout	45
colle_ma18a_f018	Electric Cricket	9
colle_ma18a_f018	Pound Viper	1
colle_ma18a_f019	Magmalachite	40
colle_ma18a_f019	Soapberry Box	25
colle_ma18a_f019	Electric Cricket	25
colle_ma18a_f019	Pound Viper	10
colle_ma18a_f020	Sore Worm	45
colle_ma18a_f020	Dark Sprout	45
colle_ma18a_f020	Electric Cricket	9
colle_ma18a_f020	Pound Viper	1
colle_ma18a_f021	Delerium Foxglove	45
colle_ma18a_f021	Magmalachite	25
colle_ma18a_f021	Electric Cricket	25
colle_ma18a_f021	Pound Viper	5
colle_ma18a_f022	Delerium Foxglove	45
colle_ma18a_f022	Magmalachite	25
colle_ma18a_f022	Electric Cricket	25
colle_ma18a_f022	Pound Viper	5
colle_ma18a_f023	Bronze Wood	45
colle_ma18a_f023	Delerium Foxglove	45
colle_ma18a_f023	Curse Branch	9
colle_ma18a_f023	Gloomy Pitcher Plant	1
colle_ma18a_f024	Sore Worm	45
colle_ma18a_f024	Dark Sprout	45
colle_ma18a_f024	Blood Walnut	9
colle_ma18a_f024	Grim Olive	1
colle_ma18a_f025	Delerium Foxglove	45
colle_ma18a_f025	Bronze Wood	45
colle_ma18a_f025	Curse Branch	9
colle_ma18a_f025	Soapberry Box	1
colle_ma18a_f026	Rubble Gem	40
colle_ma18a_f026	Abyss Metal	25
colle_ma18a_f026	Magmalachite	25
colle_ma18a_f026	Platinatriumarine	10
colle_ma18a_f027	Abyss Metal	40
colle_ma18a_f027	Rubble Gem	40
colle_ma18a_f027	Ambler Stigma	19
colle_ma18a_f027	Platinatriumarine	1
colle_ma18a_f028	Abyss Metal	40
colle_ma18a_f028	Rubble Gem	40
colle_ma18a_f028	Ambler Stigma	19
colle_ma18a_f028	Platinatriumarine	1
colle_ma18a_f029	Delerium Foxglove	45
colle_ma18a_f029	Bronze Wood	45
colle_ma18a_f029	Curse Branch	9
colle_ma18a_f029	Soapberry Box	1
colle_ma18a_f030	Charcoal Cube	35
colle_ma18a_f030	Rubble Gem	35
colle_ma18a_f030	Electric Cricket	25
colle_ma18a_f030	Platinatriumarine	5
colle_ma18a_f031	Abyss Metal	40
colle_ma18a_f031	Rubble Gem	40
colle_ma18a_f031	Ambler Stigma	19
colle_ma18a_f031	Platinatriumarine	1
colle_ma18a_f032	Sore Worm	45
colle_ma18a_f032	Dark Sprout	45
colle_ma18a_f032	Electric Cricket	9
colle_ma18a_f032	Pound Viper	1
colle_ma18a_f033	Dark Sprout	35
colle_ma18a_f033	Sore Worm	35
colle_ma18a_f033	Curse Branch	25
colle_ma18a_f033	Soapberry Box	5
colle_ma18a_f034	Sore Worm	35
colle_ma18a_f034	Ambler Stigma	30
colle_ma18a_f034	Blood Walnut	25
colle_ma18a_f034	Grim Olive	10
colle_ma20a_d001	Throwing Star Rock	43
colle_ma20a_d001	Jujube Silver	43
colle_ma20a_d001	Mossy Panel	9
colle_ma20a_d001	Slime Rock	5
colle_ma20a_d002	Throwing Star Rock	55
colle_ma20a_d002	Screw Coil	20
colle_ma20a_d002	Mossy Panel	15
colle_ma20a_d002	Slime Rock	10
colle_ma20a_d003	Jabara Bug	40
colle_ma20a_d003	Mechanical Branch	40
colle_ma20a_d003	Benign Butterfly	10
colle_ma20a_d003	Leaf Coil	10
colle_ma20a_d004	Throwing Star Rock	43
colle_ma20a_d004	Jujube Silver	43
colle_ma20a_d004	Mossy Panel	9
colle_ma20a_d004	Slime Rock	5
colle_ma20a_d005	Throwing Star Rock	43
colle_ma20a_d005	Jujube Silver	43
colle_ma20a_d005	Mossy Panel	9
colle_ma20a_d005	Slime Rock	5
colle_ma20a_d006	Numbing Clownfish	45
colle_ma20a_d006	Black Liver Bean	45
colle_ma20a_d006	Noughtilus	9
colle_ma20a_d006	Robotic Placoderm	1
colle_ma20a_d007	Jabara Bug	40
colle_ma20a_d007	Split-Hop Gizmo	40
colle_ma20a_d007	Benign Butterfly	10
colle_ma20a_d007	Modern Resistor	10
colle_ma20a_d008	Mechanical Branch	50
colle_ma20a_d008	Elima Leaf	20
colle_ma20a_d008	Hollow Lantern	20
colle_ma20a_d008	World Supplement	10
colle_ma20a_d009	Jabara Bug	45
colle_ma20a_d009	Elima Leaf	25
colle_ma20a_d009	Art Core Coil	20
colle_ma20a_d009	Minute Mantis	10
colle_ma20a_d010	Throwing Star Rock	55
colle_ma20a_d010	Screw Coil	20
colle_ma20a_d010	Mossy Panel	15
colle_ma20a_d010	Slime Rock	10
colle_ma20a_d011	Jabara Bug	40
colle_ma20a_d011	Mechanical Branch	40
colle_ma20a_d011	Benign Butterfly	10
colle_ma20a_d011	Leaf Coil	10
colle_ma20a_d012	Jujube Silver	60
colle_ma20a_d012	Art Core Coil	25
colle_ma20a_d012	Vortex Panel	5
colle_ma20a_d012	Limitless Rose	10
colle_ma20a_d013	Black Liver Bean	65
colle_ma20a_d013	Screw Coil	20
colle_ma20a_d013	Vortex Panel	5
colle_ma20a_d013	Minute Mantis	10
colle_ma20a_d014	Jabara Bug	45
colle_ma20a_d014	Elima Leaf	25
colle_ma20a_d014	Art Core Coil	20
colle_ma20a_d014	Minute Mantis	10
colle_ma20a_d015	Throwing Star Rock	55
colle_ma20a_d015	Screw Coil	20
colle_ma20a_d015	Mossy Panel	15
colle_ma20a_d015	Slime Rock	10
colle_ma20a_d016	Throwing Star Rock	43
colle_ma20a_d016	Jujube Silver	43
colle_ma20a_d016	Mossy Panel	9
colle_ma20a_d016	Slime Rock	5
colle_ma20a_d017	Throwing Star Rock	50
colle_ma20a_d017	Benign Butterfly	20
colle_ma20a_d017	Hollow Lantern	20
colle_ma20a_d017	Slime Rock	10
colle_ma20a_d018	Jabara Bug	40
colle_ma20a_d018	Split-Hop Gizmo	40
colle_ma20a_d018	Benign Butterfly	10
colle_ma20a_d018	Modern Resistor	10
colle_ma20a_d019	Jabara Bug	40
colle_ma20a_d019	Mechanical Branch	40
colle_ma20a_d019	Benign Butterfly	10
colle_ma20a_d019	Leaf Coil	10
colle_ma20a_d020	Mechanical Branch	50
colle_ma20a_d020	Elima Leaf	20
colle_ma20a_d020	Hollow Lantern	20
colle_ma20a_d020	World Supplement	10
colle_ma20a_d021	Jabara Bug	45
colle_ma20a_d021	Elima Leaf	25
colle_ma20a_d021	Art Core Coil	20
colle_ma20a_d021	Minute Mantis	10
colle_ma20a_d022	Throwing Star Rock	55
colle_ma20a_d022	Screw Coil	20
colle_ma20a_d022	Mossy Panel	15
colle_ma20a_d022	Slime Rock	10
colle_ma20a_d023	Throwing Star Rock	43
colle_ma20a_d023	Jujube Silver	43
colle_ma20a_d023	Mossy Panel	9
colle_ma20a_d023	Slime Rock	5
colle_ma20a_d024	Jabara Bug	40
colle_ma20a_d024	Split-Hop Gizmo	40
colle_ma20a_d024	Benign Butterfly	10
colle_ma20a_d024	Modern Resistor	10
colle_ma20a_d025	Jujube Silver	60
colle_ma20a_d025	Art Core Coil	25
colle_ma20a_d025	Vortex Panel	5
colle_ma20a_d025	Limitless Rose	10
colle_ma20a_d026	Throwing Star Rock	55
colle_ma20a_d026	Screw Coil	20
colle_ma20a_d026	Mossy Panel	15
colle_ma20a_d026	Slime Rock	10
colle_ma20a_d027	Throwing Star Rock	43
colle_ma20a_d027	Jujube Silver	43
colle_ma20a_d027	Mossy Panel	9
colle_ma20a_d027	Slime Rock	5
colle_ma20a_d028	Mechanical Branch	45
colle_ma20a_d028	Split-Hop Gizmo	45
colle_ma20a_d028	Elima Leaf	9
colle_ma20a_d028	World Supplement	1
colle_ma20a_d029	Jujube Silver	45
colle_ma20a_d029	Split-Hop Gizmo	45
colle_ma20a_d029	Rosary Moss	9
colle_ma20a_d029	Limitless Rose	1
colle_ma20a_d030	Modern Resistor	20
colle_ma20a_d030	Black Liver Bean	45
colle_ma20a_d030	Starry Persimmon	30
colle_ma20a_d030	Nameko Gem	5
colle_ma20a_d031	Black Liver Bean	65
colle_ma20a_d031	Screw Coil	20
colle_ma20a_d031	Vortex Panel	5
colle_ma20a_d031	Minute Mantis	10
colle_ma20a_d032	Mechanical Branch	45
colle_ma20a_d032	Black Liver Bean	45
colle_ma20a_d032	Starry Persimmon	9
colle_ma20a_d032	Nameko Gem	1
colle_ma20a_d033	Mechanical Branch	50
colle_ma20a_d033	Elima Leaf	20
colle_ma20a_d033	Hollow Lantern	20
colle_ma20a_d033	World Supplement	10
colle_ma20a_d034	Jujube Silver	60
colle_ma20a_d034	Art Core Coil	25
colle_ma20a_d034	Vortex Panel	5
colle_ma20a_d034	Limitless Rose	10
colle_ma20a_d035	Jujube Silver	45
colle_ma20a_d035	Rosary Moss	25
colle_ma20a_d035	Elima Leaf	25
colle_ma20a_d035	World Supplement	5
colle_ma20a_d036	Jujube Silver	45
colle_ma20a_d036	Split-Hop Gizmo	45
colle_ma20a_d036	Rosary Moss	9
colle_ma20a_d036	Limitless Rose	1
colle_ma20a_d037	Mechanical Branch	45
colle_ma20a_d037	Black Liver Bean	45
colle_ma20a_d037	Starry Persimmon	9
colle_ma20a_d037	Nameko Gem	1
colle_ma20a_d038	Mechanical Branch	45
colle_ma20a_d038	Split-Hop Gizmo	45
colle_ma20a_d038	Elima Leaf	9
colle_ma20a_d038	World Supplement	1
colle_ma20a_d039	Throwing Star Rock	50
colle_ma20a_d039	Benign Butterfly	20
colle_ma20a_d039	Hollow Lantern	20
colle_ma20a_d039	Slime Rock	10
colle_ma20a_d040	Black Liver Bean	65
colle_ma20a_d040	Screw Coil	20
colle_ma20a_d040	Vortex Panel	5
colle_ma20a_d040	Minute Mantis	10
colle_ma20a_d041	Throwing Star Rock	50
colle_ma20a_d041	Benign Butterfly	20
colle_ma20a_d041	Hollow Lantern	20
colle_ma20a_d041	Slime Rock	10
colle_ma20a_d042	Throwing Star Rock	55
colle_ma20a_d042	Screw Coil	20
colle_ma20a_d042	Mossy Panel	15
colle_ma20a_d042	Slime Rock	10
colle_ma20a_d043	Throwing Star Rock	43
colle_ma20a_d043	Jujube Silver	43
colle_ma20a_d043	Mossy Panel	9
colle_ma20a_d043	Slime Rock	5
colle_ma20a_d044	Black Liver Bean	65
colle_ma20a_d044	Screw Coil	20
colle_ma20a_d044	Vortex Panel	5
colle_ma20a_d044	Minute Mantis	10
colle_ma20a_d045	Throwing Star Rock	43
colle_ma20a_d045	Jujube Silver	43
colle_ma20a_d045	Mossy Panel	9
colle_ma20a_d045	Slime Rock	5
colle_ma20a_d046	Jujube Silver	60
colle_ma20a_d046	Art Core Coil	25
colle_ma20a_d046	Vortex Panel	5
colle_ma20a_d046	Limitless Rose	10
colle_ma20a_d047	Throwing Star Rock	43
colle_ma20a_d047	Jujube Silver	43
colle_ma20a_d047	Mossy Panel	9
colle_ma20a_d047	Slime Rock	5
colle_ma20a_d048	Throwing Star Rock	50
colle_ma20a_d048	Benign Butterfly	20
colle_ma20a_d048	Hollow Lantern	20
colle_ma20a_d048	Slime Rock	10
colle_ma20a_d049	Numbing Clownfish	45
colle_ma20a_d049	Black Liver Bean	45
colle_ma20a_d049	Noughtilus	9
colle_ma20a_d049	Robotic Placoderm	1
colle_ma20a_d050	Numbing Clownfish	55
colle_ma20a_d050	Rosary Moss	20
colle_ma20a_d050	Noughtilus	20
colle_ma20a_d050	Robotic Placoderm	5
colle_ma20a_d051	Numbing Clownfish	45
colle_ma20a_d051	Black Liver Bean	45
colle_ma20a_d051	Noughtilus	9
colle_ma20a_d051	Robotic Placoderm	1
colle_ma20a_d052	Throwing Star Rock	43
colle_ma20a_d052	Jujube Silver	43
colle_ma20a_d052	Mossy Panel	9
colle_ma20a_d052	Slime Rock	5
colle_ma20a_d053	Numbing Clownfish	55
colle_ma20a_d053	Rosary Moss	20
colle_ma20a_d053	Noughtilus	20
colle_ma20a_d053	Robotic Placoderm	5
colle_ma20a_d054	Numbing Clownfish	40
colle_ma20a_d054	Mossy Panel	25
colle_ma20a_d054	Noughtilus	25
colle_ma20a_d054	Robotic Placoderm	10
colle_ma20a_d055	Throwing Star Rock	43
colle_ma20a_d055	Jujube Silver	43
colle_ma20a_d055	Mossy Panel	9
colle_ma20a_d055	Slime Rock	5
colle_ma20a_d056	Jabara Bug	40
colle_ma20a_d056	Mechanical Branch	40
colle_ma20a_d056	Benign Butterfly	10
colle_ma20a_d056	Leaf Coil	10
colle_ma20a_d057	Jabara Bug	45
colle_ma20a_d057	Elima Leaf	25
colle_ma20a_d057	Art Core Coil	20
colle_ma20a_d057	Minute Mantis	10
colle_ma20a_d058	Mechanical Branch	50
colle_ma20a_d058	Elima Leaf	20
colle_ma20a_d058	Hollow Lantern	20
colle_ma20a_d058	World Supplement	10
colle_ma20a_d059	Jabara Bug	40
colle_ma20a_d059	Split-Hop Gizmo	40
colle_ma20a_d059	Benign Butterfly	10
colle_ma20a_d059	Modern Resistor	10
colle_ma20a_d060	Jabara Bug	45
colle_ma20a_d060	Leaf Coil	20
colle_ma20a_d060	Starry Persimmon	30
colle_ma20a_d060	Limitless Rose	5
colle_ma21a_f001	Zero Bark	50
colle_ma21a_f001	Rootless Sandwort	20
colle_ma21a_f001	Styrene Woodblock	20
colle_ma21a_f001	Blinding Dream	10
colle_ma21a_f002	Crowbell Fruit	50
colle_ma21a_f002	Rootless Sandwort	20
colle_ma21a_f002	Pain Cone	20
colle_ma21a_f002	Blinding Dream	10
colle_ma21a_f003	Zero Bark	50
colle_ma21a_f003	Rootless Sandwort	20
colle_ma21a_f003	Styrene Woodblock	20
colle_ma21a_f003	Blinding Dream	10
colle_ma21a_f004	Crowbell Fruit	50
colle_ma21a_f004	Rootless Sandwort	20
colle_ma21a_f004	Pain Cone	20
colle_ma21a_f004	Blinding Dream	10
colle_ma21a_f005	Zero Bark	35
colle_ma21a_f005	Smoke Chipper	35
colle_ma21a_f005	Rootless Sandwort	20
colle_ma21a_f005	Cosmo Pepper	10
colle_ma21a_f006	Crowbell Fruit	35
colle_ma21a_f006	Smoke Chipper	35
colle_ma21a_f006	Rootless Sandwort	20
colle_ma21a_f006	Monochrome Muscari	10
colle_ma21a_f007	Zero Bark	35
colle_ma21a_f007	Smoke Chipper	35
colle_ma21a_f007	Rootless Sandwort	20
colle_ma21a_f007	Cosmo Pepper	10
colle_ma21a_f008	Zero Bark	50
colle_ma21a_f008	Rootless Sandwort	20
colle_ma21a_f008	Styrene Woodblock	20
colle_ma21a_f008	Blinding Dream	10
colle_ma21a_f009	Crowbell Fruit	35
colle_ma21a_f009	Smoke Chipper	35
colle_ma21a_f009	Rootless Sandwort	20
colle_ma21a_f009	Monochrome Muscari	10
\.


--
-- Data for Name: collection_points; Type: TABLE DATA; Schema: xeno2; Owner: poppi
--

COPY xeno2.collection_points (name, map, type, min, max, x, y, z) FROM stdin;
colle_ma02a_c001	ma02a	Botany	3	4	64.93218	13.9812	-20.58251
colle_ma02a_c002	ma02a	Agronomy	3	4	63.82279	13.99024	20.64492
colle_ma02a_c003	ma02a	Botany	3	4	-2.707455	27.52834	-29.09085
colle_ma02a_c004	ma02a	Agronomy	3	4	-17.16218	27.58661	-21.67926
colle_ma05a_f001	ma05a	Forestry	2	4	-5.565381	-151.4429	-50.33937
colle_ma05a_f002	ma05a	Ichthyology	3	5	-320.1846	-94.83616	172.8459
colle_ma05a_f004	ma05a	Forestry	2	4	-450.0085	25.80581	268.5592
colle_ma05a_f005	ma05a	Ichthyology	2	4	-338.1658	3.731279	151.9629
colle_ma05a_f006	ma05a	Mineralogy	2	4	251.1512	-13.88823	89.03074
colle_ma05a_f007	ma05a	Forestry	2	4	152.795	-14.79526	134.4212
colle_ma05a_f008	ma05a	Forestry	3	5	412.0849	-30.42548	-31.84107
colle_ma05a_f009	ma05a	Forestry	3	6	380.7488	-30.67472	94.73438
colle_ma05a_f010	ma05a	Ichthyology	2	4	482.3365	-32.55119	10.90312
colle_ma05a_f011	ma05a	Forestry	3	5	648.6951	-21.73382	-39.88066
colle_ma05a_f012	ma05a	Ichthyology	2	4	580.6573	-32.66352	91.89453
colle_ma05a_f013	ma05a	Botany	3	5	642.5269	-30.64592	157.2786
colle_ma05a_f014	ma05a	Botany	3	6	558.7312	99.48083	-144.0848
colle_ma05a_f015	ma05a	Botany	2	4	268.1752	-31.47495	0.3203702
colle_ma05a_f016	ma05a	Ichthyology	2	4	350.9411	-31.81091	-29.39103
colle_ma05a_f017	ma05a	Entomology	2	4	585.5283	-31.36258	8.90348
colle_ma05a_f018	ma05a	Mineralogy	3	5	-215.4032	-2.48431	100.1916
colle_ma05a_f019	ma05a	Forestry	2	4	-275.9186	-8.64522	-1.125041
colle_ma05a_f020	ma05a	Botany	3	5	-399.263	-10.07185	108.7743
colle_ma05a_f021	ma05a	Entomology	3	5	-416.661	-11.23789	95.59718
colle_ma05a_f022	ma05a	Ichthyology	3	5	-334.6098	-10.0941	-87.82172
colle_ma05a_f023	ma05a	Ichthyology	2	4	-260.9107	-8.795243	-64.05733
colle_ma05a_f024	ma05a	Botany	2	4	-402.1894	20.11342	-118.6516
colle_ma05a_f026	ma05a	Entomology	3	5	-298.4464	-5.578804	101.5471
colle_ma05a_f027	ma05a	Botany	2	4	-288.2496	-7.814298	228.5411
colle_ma05a_f028	ma05a	Botany	2	4	-416.1654	3.849757	86.97313
colle_ma05a_f029	ma05a	Agronomy	4	7	-319.0805	4.693313	-156.3884
colle_ma05a_f030	ma05a	Botany	2	4	-132.5123	1.606771	-142.2461
colle_ma05a_f032	ma05a	Botany	2	4	-164.5576	-7.163546	59.08669
colle_ma05a_f033	ma05a	Agronomy	2	4	-61.41503	5.482123	-186.6721
colle_ma05a_f034	ma05a	Entomology	3	5	34.8715	33.96753	-231.7286
colle_ma05a_f035	ma05a	Entomology	2	4	37.52277	15.71954	15.97288
colle_ma05a_f036	ma05a	Entomology	3	5	-189.5632	18.12216	-239.2062
colle_ma05a_f037	ma05a	Ichthyology	2	4	-155.585	-9.935449	-72.92459
colle_ma05a_f038	ma05a	Botany	2	4	-265.3719	-5.732394	56.2062
colle_ma05a_f039	ma05a	Forestry	2	4	-268.8255	-5.731776	132.0655
colle_ma05a_f040	ma05a	Entomology	2	4	-193.4877	-1.292266	146.5767
colle_ma05a_f041	ma05a	Forestry	2	4	-284.6128	-8.0127	-72.57072
colle_ma05a_f043	ma05a	Botany	2	4	-434.7979	2.715143	-54.88582
colle_ma05a_f044	ma05a	Entomology	2	4	-242.153	-5.790854	185.4719
colle_ma05a_f045	ma05a	Ichthyology	2	4	-232.4171	-9.961158	-29.63926
colle_ma05a_f047	ma05a	Agronomy	2	4	-196.8072	-6.235257	-104.9807
colle_ma05a_f048	ma05a	Mineralogy	2	4	-152.3374	-6.344817	20.99314
colle_ma05a_f051	ma05a	Mineralogy	2	4	-392.0012	6.862822	-149.9426
colle_ma05a_f052	ma05a	Agronomy	4	7	-321.2923	1.923076	-101.7307
colle_ma05a_f055	ma05a	Agronomy	2	4	-14.12308	7.930548	-127.5281
colle_ma05a_f056	ma05a	Agronomy	2	4	-318.3353	-0.6361206	87.92982
colle_ma05a_f058	ma05a	Botany	2	4	-231.3736	-8.87219	-101.8513
colle_ma05a_f059	ma05a	Botany	2	4	-14.31563	-6.714778	-53.07381
colle_ma05a_f060	ma05a	Entomology	2	4	-20.21461	25.52707	-236.0741
colle_ma05a_f061	ma05a	Forestry	3	5	-458.3604	17.90083	-94.25068
colle_ma05a_f062	ma05a	Botany	3	5	-547.5778	22.02717	140.5471
colle_ma05a_f063	ma05a	Mineralogy	3	5	-537.5074	-14.48229	129.7024
colle_ma05a_f064	ma05a	Ichthyology	2	4	-354.4756	-2.054701	-106.3694
colle_ma05a_f065	ma05a	Botany	2	4	-325.8688	-4.42969	15.08614
colle_ma05a_f066	ma05a	Entomology	2	4	-254.1074	12.25517	-152.9832
colle_ma05a_f067	ma05a	Mineralogy	2	4	-144.9803	10.3851	-287.0548
colle_ma05a_f069	ma05a	Agronomy	2	4	23.30008	21.98642	-199.9165
colle_ma05a_f070	ma05a	Botany	2	4	-121.1221	-1.972249	63.31199
colle_ma05a_f071	ma05a	Mineralogy	2	4	-118.1941	-6.96772	151.641
colle_ma05a_f072	ma05a	Botany	2	4	-54.43063	-0.9938666	51.39325
colle_ma05a_f073	ma05a	Mineralogy	2	4	-300.0592	-5.055441	152.8492
colle_ma05a_f076	ma05a	Forestry	2	4	-283.675	42.17235	-172.5475
colle_ma05a_f077	ma05a	Agronomy	2	4	-199.8045	46.6936	-224.3604
colle_ma05a_f078	ma05a	Mineralogy	3	6	-236.0493	28.33311	-183.4769
colle_ma05a_f079	ma05a	Botany	2	4	-193.0876	52.87721	-329.0882
colle_ma05a_f081	ma05a	Mineralogy	3	5	-244.445	68.83688	-445.0618
colle_ma05a_f082	ma05a	Forestry	3	5	-295.6686	73.80216	-205.5156
colle_ma05a_f083	ma05a	Forestry	2	4	-292.6184	116.678	-189.1754
colle_ma05a_f085	ma05a	Mineralogy	3	6	-350.8376	126.8954	-171.6232
colle_ma05a_f086	ma05a	Agronomy	4	8	-337.2473	127.1383	-166.7963
colle_ma05a_f087	ma05a	Mineralogy	2	4	-142.953	-20.25507	-448.2146
colle_ma05a_f088	ma05a	Botany	2	4	-49.45772	5.602553	-290.3589
colle_ma05a_f089	ma05a	Ichthyology	2	4	57.32727	-29.79502	-416.4475
colle_ma05a_f090	ma05a	Mineralogy	2	4	21.1127	19.44065	-162.9579
colle_ma05a_f091	ma05a	Entomology	2	4	37.70398	19.38386	-298.3641
colle_ma05a_f092	ma05a	Mineralogy	3	5	95.30234	-9.903622	-309.3407
colle_ma05a_f093	ma05a	Entomology	2	4	-245.0565	35.5173	-155.3607
colle_ma05a_f094	ma05a	Botany	3	5	-165.3877	69.57273	-402.1869
colle_ma05a_f095	ma05a	Forestry	3	6	-172.238	75.5294	-213.3637
colle_ma05a_f096	ma05a	Forestry	3	5	-161.4031	112.346	-216.5327
colle_ma05a_f097	ma05a	Mineralogy	3	5	-98.58652	1.407948	19.7626
colle_ma05a_f098	ma05a	Ichthyology	2	4	19.5853	-29.99697	-338.2226
colle_ma05a_f099	ma05a	Entomology	3	6	55.81288	-24.82379	-288.8293
colle_ma05a_f100	ma05a	Agronomy	2	4	53.79675	42.12647	-272.0406
colle_ma05a_f101	ma05a	Entomology	2	4	-119.6463	-6.686904	-35.71631
colle_ma05a_f102	ma05a	Mineralogy	2	4	-61.76964	-6.466596	131.348
colle_ma05a_f104	ma05a	Mineralogy	2	4	-39.9178	-3.386497	182.3553
colle_ma05a_f106	ma05a	Entomology	3	5	-147.1649	-27.84628	205.4488
colle_ma05a_f107	ma05a	Forestry	3	6	-143.9352	-6.586922	211.1427
colle_ma05a_f109	ma05a	Botany	2	4	-127.5394	-30.4127	341.6167
colle_ma05a_f110	ma05a	Botany	3	5	-52.67525	-9.992343	372.3946
colle_ma05a_f111	ma05a	Mineralogy	2	4	31.06601	-27.1385	203.1257
colle_ma05a_f112	ma05a	Forestry	3	5	12.53794	13.25857	-15.931
colle_ma05a_f113	ma05a	Mineralogy	3	5	29.74854	-2.58783	87.62422
colle_ma05a_f114	ma05a	Botany	2	4	87.16491	-11.00538	136.1625
colle_ma05a_f115	ma05a	Agronomy	2	4	137.8307	-4.314153	56.01221
colle_ma05a_f116	ma05a	Forestry	3	5	114.1905	-5.375027	-38.78954
colle_ma05a_f117	ma05a	Forestry	3	6	138.3427	15.71688	-65.80632
colle_ma05a_f118	ma05a	Agronomy	2	4	291.5311	-27.98163	-79.74797
colle_ma05a_f119	ma05a	Ichthyology	2	4	437.2855	-31.57589	-62.86695
colle_ma05a_f120	ma05a	Ichthyology	2	4	609.3085	-31.83342	-137.2804
colle_ma05a_f121	ma05a	Ichthyology	3	5	510.2691	-31.7003	146.3295
colle_ma05a_f122	ma05a	Botany	3	5	658.2121	-32.77122	174.37
colle_ma05a_f123	ma05a	Entomology	3	5	607.1583	-34.39091	206.321
colle_ma05a_f124	ma05a	Botany	2	4	45.9534	19.44084	-28.50045
colle_ma05a_f125	ma05a	Botany	2	4	111.5901	27.15525	-88.37242
colle_ma05a_f127	ma05a	Mineralogy	3	5	177.132	7.867487	-143.6441
colle_ma05a_f128	ma05a	Botany	2	4	167.835	39.77589	-105.2338
colle_ma05a_f129	ma05a	Forestry	3	5	246.5941	64.70841	-207.1369
colle_ma05a_f130	ma05a	Botany	2	4	127.3268	81.50677	-250.0158
colle_ma05a_f131	ma05a	Forestry	2	4	199.5906	77.66924	-230.1389
colle_ma05a_f132	ma05a	Forestry	3	5	34.38028	46.36203	-135.7695
colle_ma05a_f133	ma05a	Botany	2	4	67.13969	57.15055	-240.9159
colle_ma05a_f134	ma05a	Botany	2	4	41.44391	91.86438	-441.2384
colle_ma05a_f135	ma05a	Entomology	3	5	239.3821	86.35394	-421.1194
colle_ma05a_f136	ma05a	Entomology	3	5	276.9831	87.16087	-445.5248
colle_ma05a_f137	ma05a	Entomology	3	6	214.0082	110.9276	-380.6747
colle_ma05a_f138	ma05a	Botany	2	4	204.2297	38.51235	-287.8218
colle_ma05a_f139	ma05a	Mineralogy	3	5	136.0087	37.83301	-348.2186
colle_ma05a_f140	ma05a	Entomology	2	4	58.72086	39.84711	-370.1027
colle_ma05a_f142	ma05a	Mineralogy	2	4	-48.26455	29.6618	-439.4189
colle_ma05a_f143	ma05a	Botany	3	5	-72.52999	83.11519	-456.5605
colle_ma05a_f144	ma05a	Botany	3	5	-58.09171	95.57326	-506.2981
colle_ma05a_f145	ma05a	Mineralogy	2	4	89.72411	89.9442	-569.5023
colle_ma05a_f146	ma05a	Entomology	2	4	58.35455	86.37587	-714.0656
colle_ma05a_f147	ma05a	Agronomy	4	8	-83.22189	95.49191	-621.5071
colle_ma05a_f148	ma05a	Botany	2	4	-50.50649	54.20448	-714.2888
colle_ma05a_f149	ma05a	Forestry	2	4	-158.6245	39.77347	-664.148
colle_ma05a_f150	ma05a	Mineralogy	2	4	-180.8445	74.06832	-647.3831
colle_ma05a_f151	ma05a	Forestry	3	5	-195.6106	79.15738	-796.5925
colle_ma05a_f152	ma05a	Botany	3	6	-147.941	69.82224	-806.4888
colle_ma05a_f153	ma05a	Botany	2	4	-181.4861	33.66988	-772.3948
colle_ma05a_f154	ma05a	Botany	2	4	-285.6995	17.2987	-697.5923
colle_ma05a_f155	ma05a	Entomology	2	4	-544.2149	-39.99139	-815.2438
colle_ma05a_f156	ma05a	Entomology	3	6	97.0976	-23.91129	-212.4104
colle_ma05a_f157	ma05a	Ichthyology	3	6	204.9751	-32.12032	-193.6766
colle_ma05a_f159	ma05a	Forestry	3	5	6.804287	-23.74184	-247.5659
colle_ma05a_f160	ma05a	Forestry	3	6	38.19077	-112.1422	-225.677
colle_ma05a_f161	ma05a	Forestry	3	5	-6.430035	-37.52551	-307.239
colle_ma05a_f162	ma05a	Mineralogy	3	6	-11.11021	-19.27714	-290.1534
colle_ma05a_f163	ma05a	Botany	3	5	56.25166	-156.0228	-182.1841
colle_ma05a_f164	ma05a	Entomology	3	5	54.1898	-155.7096	-173.4621
colle_ma05a_f166	ma05a	Botany	2	4	47.14043	-157.9047	-108.1172
colle_ma05a_f167	ma05a	Forestry	2	4	-0.7941318	-157.4613	-218.7034
colle_ma05a_f168	ma05a	Mineralogy	3	5	-148.9825	-151.5111	-198.104
colle_ma05a_f169	ma05a	Entomology	2	4	-54.20401	-157.7928	-195.5048
colle_ma05a_f170	ma05a	Forestry	3	5	-88.48905	-147.2031	-231.8765
colle_ma05a_f171	ma05a	Mineralogy	2	4	-199.9062	-116.1212	68.09646
colle_ma05a_f172	ma05a	Forestry	3	5	-299.9864	-91.21445	71.18716
colle_ma05a_f173	ma05a	Forestry	3	5	-453.3243	-85.79342	160.4207
colle_ma05a_f174	ma05a	Forestry	2	4	-443.4595	-72.09796	209.2505
colle_ma05a_f175	ma05a	Forestry	3	5	-418.2618	-86.06539	230.3017
colle_ma05a_f176	ma05a	Botany	2	4	-569.1353	-11.48806	218.1336
colle_ma05a_f177	ma05a	Mineralogy	2	4	-501.1326	16.52867	296.4999
colle_ma05a_f178	ma05a	Botany	2	4	1.380064	19.04199	-48.52045
colle_ma05a_f179	ma05a	Botany	2	4	-33.82948	-157.1271	-176.8267
colle_ma05a_f180	ma05a	Botany	2	4	34.58881	-2.744853	-53.92402
colle_ma05a_f181	ma05a	Entomology	2	4	46.67843	-5.41508	37.29071
colle_ma05a_f182	ma05a	Botany	2	4	167.0167	4.597055	-23.87066
colle_ma05a_f183	ma05a	Botany	2	4	215.7115	-4.569443	29.17566
colle_ma05a_f184	ma05a	Botany	2	4	226.8241	10.42229	-98.9185
colle_ma05a_f185	ma05a	Forestry	3	6	326.0991	44.31992	-156.7073
colle_ma05a_f186	ma05a	Botany	2	4	679.3033	-0.6215846	-105.7555
colle_ma05a_f187	ma05a	Entomology	2	4	683.1404	-27.70359	46.96027
colle_ma05a_f188	ma05a	Entomology	2	4	450.0387	-77.61756	240.0817
colle_ma05a_f189	ma05a	Forestry	2	4	509.6593	-20.12682	257.6935
colle_ma05a_f190	ma05a	Forestry	3	6	530.2635	-96.30661	185.5907
colle_ma05a_f191	ma05a	Botany	2	4	135.5968	61.89191	-152.585
colle_ma05a_f192	ma05a	Entomology	3	5	184.7692	83.18288	-427.405
colle_ma05a_f193	ma05a	Botany	2	4	147.7022	76.80318	-303.1808
colle_ma05a_f194	ma05a	Agronomy	3	6	183.4905	113.7056	-363.7226
colle_ma05a_f195	ma05a	Botany	2	4	-385.9052	-11.50784	-752.9034
colle_ma05a_f196	ma05a	Forestry	2	4	-238.145	64.5303	-708.5718
colle_ma05a_f197	ma05a	Entomology	3	6	-198.8441	-39.58796	-793.5268
colle_ma05a_f198	ma05a	Ichthyology	3	5	21.47015	68.01574	-501.1503
colle_ma05a_c001	ma05a	Botany	2	4	418.3449	-10.47983	328.3537
colle_ma05a_c002	ma05a	Forestry	4	6	311.2361	-29.46163	267.4802
colle_ma05a_c003	ma05a	Agronomy	2	4	521.5941	-13.09747	176.5359
colle_ma05a_c004	ma05a	Agronomy	2	4	569.9061	-16.00338	205.913
colle_ma05a_c005	ma05a	Agronomy	2	4	563.1792	-16.0551	173.8512
colle_ma05a_d001	ma05a	Ichthyology	2	4	581.0426	-50.27477	422.7
colle_ma05a_d002	ma05a	Ichthyology	3	5	570.0399	-50.27477	442.4799
colle_ma05a_f199	ma05a	Forestry	3	6	-401.1887	-43.8395	157.0198
colle_ma05a_f200	ma05a	Entomology	3	6	-424.7713	-43.27713	152.2435
colle_ma05a_f201	ma05a	Ichthyology	3	5	287.1793	-31.4113	19.89175
colle_ma05a_f202	ma05a	Botany	2	4	326.1825	-31.64899	-85.63702
colle_ma05a_f203	ma05a	Botany	2	4	-288.6685	-9.275866	-18.32676
colle_ma07a_c001	ma07a	Botany	2	4	-222.6946	62	518.1681
colle_ma07a_c002	ma07a	Agronomy	6	8	-212.2495	48.5488	521.8179
colle_ma07a_c003	ma07a	Agronomy	2	4	-94.23708	51.4	409.6008
colle_ma07a_c004	ma07a	Agronomy	2	4	-197.403	52.9	451.4557
colle_ma07a_c011	ma07a	Agronomy	6	8	-258.7537	223.3	1773.797
colle_ma07a_c012	ma07a	Agronomy	6	8	-275.9188	224.9	1723.708
colle_ma07a_c013	ma07a	Forestry	2	4	160.7533	261.8046	1841.107
colle_ma07a_c014	ma07a	Agronomy	2	4	286.5237	293.1	1808.24
colle_ma07a_c015	ma07a	Botany	2	4	319.1233	294.298	1788.73
colle_ma07a_f021	ma07a	Agronomy	2	4	10.66629	-0.3415276	-75.93616
colle_ma07a_f022	ma07a	Botany	2	4	15.96407	6.364237	-16.90061
colle_ma07a_f023	ma07a	Entomology	3	6	-23.47187	17.0913	91.32982
colle_ma07a_f024	ma07a	Mineralogy	4	6	13.67393	6.283255	137.3493
colle_ma07a_f025	ma07a	Mineralogy	4	6	6.437754	2.168818	200.2926
colle_ma07a_f026	ma07a	Entomology	2	4	-18.73011	11.43036	234.1661
colle_ma07a_f027	ma07a	Botany	2	4	-32.81906	29.84032	222.9293
colle_ma07a_f028	ma07a	Botany	2	4	35.71989	30.75071	207.8465
colle_ma07a_f029	ma07a	Entomology	2	4	19.11725	11.78159	272.0913
colle_ma07a_f030	ma07a	Botany	3	6	15.53265	37.60418	283.2993
colle_ma07a_f031	ma07a	Entomology	2	4	-17.87089	36.92351	395.8861
colle_ma07a_f032	ma07a	Entomology	2	4	24.2285	36.93169	424.5637
colle_ma07a_f033	ma07a	Botany	2	4	-50.78624	44.06844	432.4023
colle_ma07a_f034	ma07a	Botany	2	4	37.69408	50.26898	398.8504
colle_ma07a_f035	ma07a	Ichthyology	2	4	-102.088	76.01336	238.4452
colle_ma07a_f036	ma07a	Ichthyology	3	5	-49.27675	82.19006	260.6807
colle_ma07a_f037	ma07a	Entomology	2	4	27.22093	87.79215	344.7166
colle_ma07a_f038	ma07a	Botany	2	4	26.49471	80.81319	250.505
colle_ma07a_f039	ma07a	Ichthyology	3	5	108.6274	68	323.6823
colle_ma07a_f040	ma07a	Ichthyology	2	4	193.3255	68.10464	307.4922
colle_ma07a_f041	ma07a	Botany	2	4	132.4657	96.37912	228.1432
colle_ma07a_f042	ma07a	Agronomy	2	4	33.95845	145.4736	253.3144
colle_ma07a_f043	ma07a	Mineralogy	3	5	-103.9393	145.6833	276.7863
colle_ma07a_f044	ma07a	Mineralogy	2	4	13.86499	172.1212	142.4699
colle_ma07a_f045	ma07a	Botany	3	6	150.7231	167.9036	137.254
colle_ma07a_f046	ma07a	Ichthyology	3	5	-147.1917	2.4	760.4546
colle_ma07a_f047	ma07a	Agronomy	3	5	-109.436	7.900001	786.8497
colle_ma07a_f048	ma07a	Agronomy	2	4	-70.75701	-5.1	711.2656
colle_ma07a_f049	ma07a	Entomology	2	4	-36.67962	-46.00002	442.8716
colle_ma07a_f050	ma07a	Mineralogy	4	6	-22.59905	-40.58313	279.4826
colle_ma07a_f051	ma07a	Mineralogy	4	6	25.90838	-40.95549	267.1098
colle_ma07a_f052	ma07a	Mineralogy	4	6	-20.35872	-40.62142	241.2893
colle_ma07a_f053	ma07a	Entomology	2	4	-23.41463	-44.89545	593.241
colle_ma07a_f054	ma07a	Botany	3	5	71.502	-43.1	611.3963
colle_ma07a_f055	ma07a	Forestry	2	4	24.54633	-43.6	746.8305
colle_ma07a_f056	ma07a	Forestry	2	4	140.5214	-44.60001	645.6107
colle_ma07a_f057	ma07a	Forestry	2	4	56.61421	-43.1	866.613
colle_ma07a_f058	ma07a	Forestry	3	6	132.4523	-43.1	792.2161
colle_ma07a_f059	ma07a	Ichthyology	3	6	222.502	-46.6	873.6211
colle_ma07a_f060	ma07a	Ichthyology	3	5	30.33109	-46.13616	945.889
colle_ma07a_f061	ma07a	Botany	2	4	200.7422	-41.00001	1012.556
colle_ma07a_f062	ma07a	Botany	3	6	285.5344	4.963728	1094.617
colle_ma07a_f063	ma07a	Entomology	2	4	-16.21207	-22.70986	1102.383
colle_ma07a_f064	ma07a	Agronomy	2	4	6.256395	1.167561	806.2012
colle_ma07a_f065	ma07a	Agronomy	2	4	4.14748	27.6144	974.1459
colle_ma07a_f066	ma07a	Entomology	2	4	-11.35182	24.24582	860.2638
colle_ma07a_f067	ma07a	Botany	2	4	278.8396	13.97216	1153.271
colle_ma07a_f068	ma07a	Ichthyology	3	6	211.0093	-11.65842	1152.361
colle_ma07a_f069	ma07a	Mineralogy	3	5	223.0952	37.06304	1425.5
colle_ma07a_f070	ma07a	Botany	2	4	356.5413	33.61983	1353.687
colle_ma07a_f071	ma07a	Mineralogy	3	5	311.3896	26.44652	1326.372
colle_ma07a_f072	ma07a	Mineralogy	2	4	301.2538	32.54321	1341.508
colle_ma07a_f073	ma07a	Mineralogy	3	6	375.3986	42.28513	1530.62
colle_ma07a_f074	ma07a	Mineralogy	3	6	423.3138	75.97054	1759.173
colle_ma07a_f075	ma07a	Mineralogy	3	6	369.9085	1.336815	1740.384
colle_ma07a_f076	ma07a	Mineralogy	3	6	377.6808	-26.27632	1776.315
colle_ma07a_f077	ma07a	Mineralogy	3	6	456.7824	-11.77618	1724.108
colle_ma07a_f078	ma07a	Mineralogy	3	6	472.86	-22.57136	1694.349
colle_ma07a_f079	ma07a	Botany	3	6	82.96192	-45.1	1500.826
colle_ma07a_f080	ma07a	Entomology	3	6	115.9975	-45.6	1355.394
colle_ma07a_f081	ma07a	Agronomy	3	6	-118.9896	-43.6	1373.151
colle_ma07a_f082	ma07a	Mineralogy	3	5	-69.90028	48.0957	1163.958
colle_ma07a_f083	ma07a	Mineralogy	2	4	-202.1277	58.43883	1356.902
colle_ma07a_f084	ma07a	Mineralogy	3	5	-240.603	61.95336	1285.372
colle_ma07a_f085	ma07a	Mineralogy	2	4	-254.7065	63.35368	1009.202
colle_ma07a_f086	ma07a	Mineralogy	2	4	-54.91133	2.593079	1227.834
colle_ma07a_f087	ma07a	Mineralogy	2	4	-236.9225	111.8837	1512.568
colle_ma07a_f088	ma07a	Mineralogy	3	5	-280.2851	150.6385	1642.583
colle_ma07a_f089	ma07a	Mineralogy	3	5	-387.3452	199.8345	1714.883
colle_ma07a_f090	ma07a	Mineralogy	3	5	-10.74466	-202	1045.606
colle_ma07a_f091	ma07a	Mineralogy	3	5	10.45209	-202	1035.11
colle_ma07a_f092	ma07a	Mineralogy	3	5	11.83835	-202	1062.618
colle_ma07a_f093	ma07a	Ichthyology	2	4	13.9111	403.2	2278.517
colle_ma07a_f094	ma07a	Ichthyology	3	6	-14.4827	475.5	2428.639
colle_ma07a_f095	ma07a	Entomology	3	6	-15.83695	515	2583.832
colle_ma07a_f096	ma07a	Mineralogy	2	4	-26.87081	515	2529.913
colle_ma07a_f097	ma07a	Mineralogy	2	4	47.02452	522	2635.794
colle_ma07a_f098	ma07a	Mineralogy	3	5	-53.70726	531	2704.02
colle_ma07a_f099	ma07a	Mineralogy	3	6	72.37592	535	2719.33
colle_ma07a_f100	ma07a	Mineralogy	2	4	122.6902	-46.1	1105.201
colle_ma07a_f101	ma07a	Agronomy	2	4	75.26598	-43.6556	1154.935
colle_ma07a_f102	ma07a	Ichthyology	2	4	247.0469	-43.6	1137.144
colle_ma07a_f103	ma07a	Botany	2	4	172.2492	21.14019	1333.937
colle_ma07a_f104	ma07a	Mineralogy	3	5	-162.1688	159.7825	1725.859
colle_ma07a_f105	ma07a	Mineralogy	3	6	-176.3214	-45.86451	1670.199
colle_ma07a_f106	ma07a	Botany	3	6	-20.07773	-28.00315	1751.204
colle_ma07a_f107	ma07a	Mineralogy	3	5	-11.9568	-202	1061.365
colle_ma07a_f108	ma07a	Mineralogy	4	6	-9.266413	4.5	94.8535
colle_ma07a_f109	ma07a	Mineralogy	4	6	-9.432629	2.490179	166.7327
colle_ma07a_f110	ma07a	Mineralogy	4	6	-21.50988	-44.09444	339.1476
colle_ma07a_f111	ma07a	Mineralogy	4	6	17.5295	-44.83453	357.9925
colle_ma07a_f112	ma07a	Mineralogy	4	6	-0.1361481	-36.44455	271.3158
colle_ma07a_f113	ma07a	Ichthyology	2	4	-139.6993	143	212.2983
colle_ma07a_f114	ma07a	Botany	3	5	30.12652	143	197.2317
colle_ma07a_f115	ma07a	Ichthyology	3	5	-67.26582	143	180.8278
colle_ma07a_f116	ma07a	Botany	2	4	88.48804	55.11116	424.972
colle_ma07a_f117	ma07a	Botany	3	6	92.71976	42.89522	565.5406
colle_ma07a_f118	ma07a	Agronomy	3	5	-116.177	-3.111009	695.9048
colle_ma07a_f119	ma07a	Ichthyology	3	5	-43.22469	-46	634.7535
colle_ma07a_f120	ma07a	Ichthyology	2	4	135.1973	-46	729.2397
colle_ma07a_f121	ma07a	Agronomy	3	5	139.4902	-43.6	943.7299
colle_ma07a_f122	ma07a	Forestry	3	6	190.328	-41.00001	994.22
colle_ma07a_f123	ma07a	Mineralogy	3	5	-37.42044	-47.99999	1224.005
colle_ma07a_f124	ma07a	Ichthyology	3	6	-99.23389	-44.1	1563.245
colle_ma07a_f125	ma07a	Entomology	3	6	-110.3193	-43.6	1556.577
colle_ma07a_f126	ma07a	Botany	3	6	-47.52489	-47.99999	1486.367
colle_ma07a_f127	ma07a	Entomology	3	6	184.2872	-44.35847	1848.062
colle_ma07a_f128	ma07a	Mineralogy	2	4	316.7932	-47.99	1725.193
colle_ma07a_f129	ma07a	Mineralogy	2	4	370.679	-47.99	1581.795
colle_ma07a_f130	ma07a	Entomology	3	6	-305.7003	55.25334	1009.522
colle_ma07a_f131	ma07a	Botany	2	4	-309.8382	52.83249	1049.341
colle_ma07a_f132	ma07a	Botany	2	4	-172.1869	7.529269	692.1294
colle_ma07a_f133	ma07a	Entomology	2	4	-97.73271	19.06422	631.8096
colle_ma07a_f134	ma07a	Mineralogy	2	4	-71.06712	32.21138	566.0874
colle_ma09a_d001	ma08a	Agronomy	3	5	-266.9854	-164.037	-591.7515
colle_ma09a_d004	ma08a	Forestry	2	4	-86.4953	-168	-826.9893
colle_ma09a_d005	ma08a	Entomology	2	4	-194.4925	-141.9842	-713.4314
colle_ma09a_d007	ma08a	Entomology	3	5	-188.3896	-170	-727.9644
colle_ma09a_d008	ma08a	Ichthyology	2	4	-153.2496	-168	-840.9505
colle_ma09a_d011	ma08a	Mineralogy	2	4	20.76945	-148.9101	-635.7275
colle_ma09a_d012	ma08a	Forestry	2	4	-23.16253	-147.95	-561.3722
colle_ma09a_d014	ma08a	Entomology	2	4	-266.8706	-154.9498	-592.3668
colle_ma09a_d016	ma08a	Forestry	2	4	-240.305	-164	-588.838
colle_ma09a_d017	ma08a	Forestry	2	4	-234.6043	-158.0339	-618.6897
colle_ma09a_d018	ma08a	Forestry	2	4	-114.7638	-157.8	-560.0502
colle_ma09a_d019	ma08a	Forestry	2	4	-139.7482	-158	-569.5269
colle_ma09a_d020	ma08a	Forestry	2	4	-93.79514	-148	-656.6698
colle_ma09a_d021	ma08a	Mineralogy	2	4	-8.263081	-149	-657.9336
colle_ma09a_d023	ma08a	Forestry	2	4	3.105844	-173	-654.9493
colle_ma09a_d024	ma08a	Forestry	2	4	-185.9742	-182.5067	-638.4624
colle_ma09a_d027	ma08a	Entomology	3	5	-38.4823	-167.92	-657.4272
colle_ma09a_d029	ma08a	Mineralogy	3	5	2.68646	-175	-598.5272
colle_ma09a_d030	ma08a	Forestry	2	4	-70.0562	-166.0339	-621.9816
colle_ma09a_d032	ma08a	Botany	3	6	-168.3778	-182.0334	-639.2632
colle_ma09a_d033	ma08a	Entomology	2	4	-182.4868	-183.0002	-653.9316
colle_ma09a_d034	ma08a	Entomology	2	4	-12.24591	-175	-560.3668
colle_ma09a_d035	ma08a	Mineralogy	3	5	-37.66502	-168	-864.0022
colle_ma09a_d036	ma08a	Forestry	2	4	-122.6609	-162.2	-751.5263
colle_ma09a_d037	ma08a	Botany	3	6	-128.7162	-152.9715	-738.6879
colle_ma08a_f001	ma08a	Mineralogy	3	5	-136.4096	-124.6597	60.00073
colle_ma08a_f002	ma08a	Agronomy	2	4	-65.59778	-119.0672	112.9979
colle_ma08a_f003	ma08a	Agronomy	2	4	-91.2087	-123.3236	69.92987
colle_ma08a_f004	ma08a	Agronomy	2	4	-18.7017	-117.0206	86.49211
colle_ma08a_f005	ma08a	Forestry	3	5	-135.7114	-13.33507	-42.74186
colle_ma08a_f006	ma08a	Forestry	2	4	-71.43993	-17.70167	-41.54455
colle_ma08a_f007	ma08a	Mineralogy	2	4	60.50831	-112.0537	80.42179
colle_ma08a_f008	ma08a	Ichthyology	2	4	-13.78554	-113.2092	201.7473
colle_ma08a_f009	ma08a	Mineralogy	3	5	111.5716	-33.66083	140.4161
colle_ma08a_f010	ma08a	Mineralogy	2	4	77.79176	-72.63358	60.47014
colle_ma08a_f011	ma08a	Botany	3	6	95.58069	-69.50192	156.5895
colle_ma08a_f012	ma08a	Mineralogy	2	4	113.4823	-93.90218	103.7995
colle_ma08a_f013	ma08a	Agronomy	3	5	150.1366	-95.5462	135.6245
colle_ma08a_f014	ma08a	Agronomy	2	4	24.0729	-115.6029	165.5643
colle_ma08a_f015	ma08a	Forestry	3	5	93.37586	-6.793142	-23.03131
colle_ma08a_f016	ma08a	Mineralogy	3	5	156.3804	-8.999806	-94.87737
colle_ma08a_f017	ma08a	Mineralogy	2	4	244.2176	10.92094	-69.70541
colle_ma08a_f018	ma08a	Botany	3	6	312.4948	6.257833	-157.6145
colle_ma08a_f019	ma08a	Entomology	2	4	169.3169	-9.244184	-15.7228
colle_ma08a_f020	ma08a	Forestry	2	4	231.1701	-32.29151	-116.249
colle_ma08a_f021	ma08a	Agronomy	2	4	198.5121	-16.59829	8.394599
colle_ma08a_f022	ma08a	Forestry	3	5	-217.4637	-99.36475	-250.3853
colle_ma08a_f023	ma08a	Agronomy	2	4	279.4507	-36.72157	-177.792
colle_ma08a_f024	ma08a	Mineralogy	3	5	307.492	-35.0681	-259.8026
colle_ma08a_f025	ma08a	Agronomy	2	4	-331.2001	-125.3603	-168.8874
colle_ma08a_f026	ma08a	Forestry	3	5	206.2856	-20.53399	-395.6838
colle_ma08a_f027	ma08a	Forestry	2	4	-313.6993	-136.6037	-25.36735
colle_ma08a_f028	ma08a	Botany	3	6	-236.4756	-116.0949	-179.9599
colle_ma08a_f029	ma08a	Forestry	3	5	270.9477	-36.0772	-356.6798
colle_ma08a_f030	ma08a	Agronomy	3	5	219.0502	-35.50661	-276.3718
colle_ma08a_f031	ma08a	Botany	3	6	162.1543	34.94694	-411.0002
colle_ma08a_f032	ma08a	Entomology	2	4	159.9542	34.81979	-310.228
colle_ma08a_f033	ma08a	Agronomy	2	4	159.659	11.73375	-140.3896
colle_ma08a_f034	ma08a	Mineralogy	2	4	44.41626	6.330134	-118.0083
colle_ma08a_f035	ma08a	Agronomy	2	4	112.8043	19.67056	-169.0577
colle_ma08a_f036	ma08a	Mineralogy	3	5	-44.70745	17.52823	-136.2514
colle_ma08a_f037	ma08a	Mineralogy	2	4	40.21973	-12.18298	-30.98931
colle_ma08a_f038	ma08a	Entomology	2	4	369.084	-36.3733	-225.5426
colle_ma08a_f039	ma08a	Entomology	2	4	15.30728	-53.54134	24.01945
colle_ma08a_f040	ma08a	Botany	3	5	-59.02375	-71.73194	27.71764
colle_ma08a_f041	ma08a	Mineralogy	3	5	-38.90365	-42.29182	-13.144
colle_ma08a_f042	ma08a	Agronomy	3	6	-22.67866	-43.91918	0.4424774
colle_ma08a_f043	ma08a	Entomology	2	4	-43.50368	10.3449	-86.63068
colle_ma08a_f044	ma08a	Mineralogy	3	5	120.3614	34.9684	-338.6084
colle_ma08a_f045	ma08a	Forestry	3	5	113.4993	30.93445	-253.138
colle_ma08a_f046	ma08a	Entomology	2	4	-1.341506	34.94691	-305.446
colle_ma08a_f047	ma08a	Forestry	2	4	-218.3447	-69.83041	-331.4707
colle_ma08a_f048	ma08a	Mineralogy	3	6	50.14051	49.01772	-350.2862
colle_ma08a_f049	ma08a	Botany	3	6	-197.6	-14.93674	-23.78014
colle_ma08a_f050	ma08a	Mineralogy	3	5	-140.6461	-8.555037	-98.8148
colle_ma08a_f051	ma08a	Mineralogy	3	5	-171.1174	-15	-188.0639
colle_ma08a_f052	ma08a	Entomology	2	4	-199.3076	-11	-115.1304
colle_ma08a_f053	ma08a	Ichthyology	2	4	-285.7406	-142.6663	57.28754
colle_ma08a_f054	ma08a	Agronomy	3	6	-194.5871	-42.70924	-345.326
colle_ma08a_f055	ma08a	Entomology	2	4	-298.9112	-126.9995	-303.9385
colle_ma08a_f056	ma08a	Entomology	2	4	389.7924	-36.07721	-345.3794
colle_ma08a_f057	ma08a	Forestry	3	5	180.6871	-22.45351	-58.17741
colle_ma08a_f058	ma08a	Ichthyology	3	5	-233.7904	-143.3973	-8.967985
colle_ma08a_f059	ma08a	Entomology	2	4	-210.7029	-104.292	-51.80619
colle_ma08a_f060	ma08a	Forestry	3	5	-223.9717	-128.4885	-351.1277
colle_ma08a_f061	ma08a	Agronomy	2	4	-207.7865	-42.98313	-306.502
colle_ma08a_f062	ma08a	Agronomy	3	5	-169.9157	-98.05025	-278.7668
colle_ma08a_f063	ma08a	Ichthyology	3	5	-364.2238	-145.0207	-363.3871
colle_ma08a_f064	ma08a	Forestry	3	5	-288.2981	-124.2396	-97.65957
colle_ma08a_f065	ma08a	Ichthyology	2	4	101.662	-192.3064	415.7968
colle_ma08a_f066	ma08a	Ichthyology	3	6	46.7356	-187.1371	324.456
colle_ma08a_f067	ma08a	Forestry	2	4	-220.8329	-27.23371	-156.9461
colle_ma08a_f068	ma08a	Forestry	2	4	-220.5609	-27.23371	-110.1021
colle_ma08a_f069	ma08a	Entomology	3	5	-202.8658	-27.23372	-194.3684
colle_ma08a_f070	ma08a	Forestry	2	4	-183.3784	-27.23371	-142.4188
colle_ma08a_f071	ma08a	Botany	3	6	-218.5029	-42.97511	-48.76826
colle_ma08a_f072	ma08a	Entomology	3	5	-161.094	-42.97503	-98.07948
colle_ma08a_f073	ma08a	Forestry	2	4	-157.8298	-42.97503	-162.0639
colle_ma08a_f074	ma08a	Mineralogy	3	6	-205.2334	-80	-212.154
colle_ma08a_f075	ma08a	Mineralogy	3	5	-159.614	-80	-217.8789
colle_ma08a_f076	ma08a	Forestry	2	4	-157.84	-75.5	-100.5773
colle_ma08a_f077	ma08a	Entomology	3	5	-209.0941	-75.5	-95.94817
colle_ma08a_f078	ma08a	Botany	3	5	108.5041	-70.60451	-25.75055
colle_ma08a_f079	ma08a	Entomology	2	4	-1.895859	-70.78784	-60.27705
colle_ma08a_f080	ma08a	Entomology	2	4	-11.30777	-69.40927	-148.9081
colle_ma08a_f081	ma08a	Entomology	2	4	-16.96045	-69.78059	-20.5477
colle_ma08a_f082	ma08a	Botany	3	5	88.3247	-13.35609	-257.1228
colle_ma08a_f083	ma08a	Entomology	2	4	151.7166	-6.592548	-341.3979
colle_ma08a_f084	ma08a	Entomology	2	4	141.5896	-70.58997	62.08659
colle_ma08a_f085	ma08a	Entomology	2	4	84.58003	-70.10291	-44.72445
colle_ma08a_f086	ma08a	Forestry	2	4	-302.6911	-140.9024	-384.63
colle_ma08a_f087	ma08a	Mineralogy	3	5	-287.5037	-117.138	-239.5759
colle_ma08a_f088	ma08a	Agronomy	3	5	-359.0943	-132.378	-217.0536
colle_ma08a_f089	ma08a	Mineralogy	2	4	-257.5115	-161.2269	-516.1873
colle_ma08a_f090	ma08a	Ichthyology	2	4	-366.917	-161.249	-468.3987
colle_ma08a_f091	ma08a	Ichthyology	2	4	-320.9072	9.859777	-436.6397
colle_ma08a_f092	ma08a	Ichthyology	3	6	-299.3355	9.727579	-453.7339
colle_ma08a_f093	ma08a	Botany	3	6	-189.2956	-26.79531	-348.0927
colle_ma08a_f094	ma08a	Mineralogy	3	6	-159.9016	-14.74403	-262.9143
colle_ma08a_c001	ma08a	Mineralogy	5	7	183.9187	-11.70078	273.9931
colle_ma08a_c002	ma08a	Mineralogy	2	4	156.9504	-31.09012	134.7661
colle_ma08a_c003	ma08a	Entomology	6	8	237.2449	-31.96615	152.2309
colle_ma10a_001	ma10a	Entomology	3	5	-137.6412	57.20234	86.44282
colle_ma10a_002	ma10a	Forestry	2	4	-826.4131	28.93463	600.1794
colle_ma10a_003	ma10a	Entomology	3	5	-764.9311	-3.215322	540.8199
colle_ma10a_004	ma10a	Entomology	3	5	-759.7479	-7.352484	462.1237
colle_ma10a_005	ma10a	Entomology	3	5	-770.2029	1.199943	365.5633
colle_ma10a_006	ma10a	Agronomy	2	4	-515.0001	-5.244365	428.7181
colle_ma10a_007	ma10a	Entomology	3	5	-916.1163	8.01957	345.8256
colle_ma10a_008	ma10a	Mineralogy	3	6	-932.7424	10.20957	290.8822
colle_ma10a_009	ma10a	Entomology	2	4	-1097.583	61.72569	702.8513
colle_ma10a_010	ma10a	Mineralogy	3	5	-1145.286	63.7756	676.6359
colle_ma10a_012	ma10a	Botany	3	6	-731.7994	-4	138.7465
colle_ma10a_013	ma10a	Botany	3	6	-902.1976	-4.013491	-145.0863
colle_ma10a_014	ma10a	Ichthyology	3	5	-840.5766	7.700617	21.95193
colle_ma10a_016	ma10a	Forestry	2	4	-261.901	7.621111	41.84758
colle_ma10a_017	ma10a	Botany	3	6	-416.4672	-9.277918	-197.4555
colle_ma10a_018	ma10a	Ichthyology	2	4	-390.5875	-8.520946	-145.0177
colle_ma10a_019	ma10a	Ichthyology	3	5	-344.7726	-2.108855	527.6093
colle_ma10a_020	ma10a	Botany	3	6	-351.2901	-2.3	554.8568
colle_ma10a_021	ma10a	Agronomy	2	4	-346.4745	9.724741	996.91
colle_ma10a_022	ma10a	Botany	3	5	-632.6163	1.4	772.6022
colle_ma10a_024	ma10a	Entomology	2	4	75.09378	-5.802889	826.2751
colle_ma10a_025	ma10a	Botany	3	6	-480.8117	-6.763851	1070.343
colle_ma10a_027	ma10a	Forestry	2	4	-678.6721	0.3712463	841.577
colle_ma10a_028	ma10a	Botany	2	4	-574.1922	2.459473	609.1011
colle_ma10a_029	ma10a	Botany	2	4	-669.4261	-5.426966	250.1162
colle_ma10a_030	ma10a	Botany	2	4	-669.5934	0.9175053	-87.4567
colle_ma10a_031	ma10a	Entomology	2	4	145.4436	13.17775	177.1018
colle_ma10a_032	ma10a	Forestry	2	4	118.7641	15.62303	197.6995
colle_ma10a_033	ma10a	Mineralogy	2	4	17.96735	50.10313	123.1788
colle_ma10a_034	ma10a	Mineralogy	2	4	-61.20477	51.51789	63.1708
colle_ma10a_036	ma10a	Mineralogy	2	4	-740.2484	17.79115	538.6141
colle_ma10a_037	ma10a	Mineralogy	2	4	-185.1721	57.50806	150.66
colle_ma10a_038	ma10a	Entomology	3	5	-240.2331	60.30114	58.11806
colle_ma10a_039	ma10a	Mineralogy	3	5	-270.8029	63.5858	223.3311
colle_ma10a_040	ma10a	Ichthyology	2	4	186.7044	-10.87833	226.6608
colle_ma10a_041	ma10a	Agronomy	2	4	-873.7179	8.306909	815.394
colle_ma10a_042	ma10a	Mineralogy	3	5	-851.048	52.30267	725.342
colle_ma10a_044	ma10a	Forestry	3	5	-955.0282	4.154112	339.3788
colle_ma10a_046	ma10a	Ichthyology	2	4	-722.9509	-2.557132	162.7137
colle_ma10a_047	ma10a	Botany	3	6	-943.6107	-4	-164.3167
colle_ma10a_048	ma10a	Mineralogy	2	4	-703.5499	11.15145	-39.1592
colle_ma10a_049	ma10a	Mineralogy	2	4	-829.4443	2.756969	-9.752451
colle_ma10a_050	ma10a	Forestry	2	4	-904.4187	6.504864	-12.57838
colle_ma10a_051	ma10a	Mineralogy	3	5	-587.1793	-8	-292.8708
colle_ma10a_052	ma10a	Forestry	2	4	-875.6509	4.228621	305.463
colle_ma10a_053	ma10a	Forestry	2	4	-945.1698	43.85529	680.017
colle_ma10a_054	ma10a	Mineralogy	2	4	-868.5686	60.04955	593.2553
colle_ma10a_055	ma10a	Mineralogy	2	4	-836.6832	-9.849767	954.567
colle_ma10a_056	ma10a	Entomology	2	4	-862.5595	27.44166	199.7429
colle_ma10a_058	ma10a	Forestry	2	4	-962.5682	36.94467	132.9307
colle_ma10a_061	ma10a	Agronomy	3	6	-929.1214	29.49857	43.28347
colle_ma10a_063	ma10a	Botany	2	4	-680.9708	9.373465	-162.3695
colle_ma10a_064	ma10a	Agronomy	2	4	-809.5052	1.399158	112.8523
colle_ma10a_065	ma10a	Botany	3	5	-774.9675	13.09429	98.74217
colle_ma10a_067	ma10a	Botany	3	5	-803.4682	2.984533	-106.0326
colle_ma10a_069	ma10a	Botany	3	5	-761.9421	8.506481	817.103
colle_ma10a_070	ma10a	Forestry	2	4	-637.0999	-4.78738	128.5984
colle_ma10a_071	ma10a	Entomology	2	4	-640.4235	1.400002	786.1478
colle_ma10a_072	ma10a	Botany	2	4	-687.0895	3.975148	731.608
colle_ma10a_075	ma10a	Botany	3	5	-364.7142	-4.170752	328.8556
colle_ma10a_076	ma10a	Botany	2	4	-433.5891	-2.656187	502.3759
colle_ma10a_077	ma10a	Forestry	2	4	-379.3954	-2.494106	428.4442
colle_ma10a_078	ma10a	Agronomy	2	4	-398.7182	-2.283184	557.683
colle_ma10a_079	ma10a	Forestry	2	4	-404.0724	7.065974	1004.305
colle_ma10a_080	ma10a	Entomology	2	4	-587.33	-4.673076	441.99
colle_ma10a_081	ma10a	Mineralogy	3	6	-955.8314	64.05648	626.8359
colle_ma10a_082	ma10a	Mineralogy	2	4	-748.5146	-1.999619	502.1198
colle_ma10a_083	ma10a	Entomology	2	4	-799.2357	20.21944	478.3925
colle_ma10a_084	ma10a	Entomology	2	4	-784.6991	26.15458	427.9697
colle_ma10a_085	ma10a	Botany	3	5	-777.7579	-0.9210119	395.3393
colle_ma10a_086	ma10a	Agronomy	3	6	-581.778	-3.690441	8.374443
colle_ma10a_087	ma10a	Mineralogy	2	4	-822.5188	14.10903	186.5318
colle_ma10a_088	ma10a	Mineralogy	2	4	-754.2354	20.51763	414.0193
colle_ma10a_089	ma10a	Mineralogy	3	6	-742.2966	19.47664	566.7632
colle_ma10a_090	ma10a	Forestry	2	4	-565.0325	-5.402237	330.6004
colle_ma10a_091	ma10a	Botany	3	5	-753.8768	4.856742	334.7192
colle_ma10a_092	ma10a	Forestry	2	4	-810.6664	22.17867	391.5625
colle_ma10a_093	ma10a	Mineralogy	3	5	-820.625	44.80397	614.757
colle_ma10a_094	ma10a	Mineralogy	2	4	-787.8994	13.70615	701.1315
colle_ma10a_095	ma10a	Mineralogy	2	4	-1023.188	50.48286	681.6282
colle_ma10a_096	ma10a	Entomology	3	5	-1139.652	63.34489	688.5795
colle_ma10a_097	ma10a	Entomology	2	4	-1091.351	61.04527	657.8999
colle_ma10a_098	ma10a	Agronomy	2	4	-806.5756	25.33723	149.7545
colle_ma10a_099	ma10a	Mineralogy	2	4	-1116.791	61.86543	688.0721
colle_ma10a_101	ma10a	Mineralogy	2	4	-827.3508	1.803691	-236.8021
colle_ma10a_102	ma10a	Agronomy	2	4	-57.98167	-9	918.7497
colle_ma10a_103	ma10a	Forestry	3	5	-760.9763	3.311579	-261.7675
colle_ma10a_106	ma10a	Entomology	3	5	-782.4841	3.055009	-194.2637
colle_ma10a_107	ma10a	Entomology	2	4	-786.6396	13.25296	-230.2022
colle_ma10a_109	ma10a	Mineralogy	2	4	-525.3094	-8	-290.9965
colle_ma10a_110	ma10a	Forestry	2	4	-462.9746	6.995251	-192.7858
colle_ma10a_111	ma10a	Botany	2	4	-425.8551	10.97333	-270.0772
colle_ma10a_112	ma10a	Entomology	2	4	-385.519	7.170478	-57.3053
colle_ma10a_113	ma10a	Agronomy	2	4	-316.2728	0.5998935	1.708885
colle_ma10a_114	ma10a	Mineralogy	2	4	-256.515	10.71961	-161.5459
colle_ma10a_115	ma10a	Mineralogy	2	4	-303.285	17.22825	-104.2036
colle_ma10a_116	ma10a	Mineralogy	2	4	-331.4854	-6.684755	-196.3611
colle_ma10a_117	ma10a	Mineralogy	3	6	-375.3219	-5.20646	-232.6574
colle_ma10a_118	ma10a	Ichthyology	3	5	-359.8106	-8.534124	-138.3437
colle_ma10a_120	ma10a	Forestry	2	4	-319.7057	-3.224786	172.1154
colle_ma10a_121	ma10a	Forestry	3	5	-532.0284	-3.270462	250.4199
colle_ma10a_122	ma10a	Mineralogy	3	5	-253.763	10.77621	351.1433
colle_ma10a_123	ma10a	Mineralogy	2	4	-307.0072	2.57398	277.9787
colle_ma10a_125	ma10a	Ichthyology	2	4	-329.9577	-0.732648	483.9215
colle_ma10a_127	ma10a	Mineralogy	2	4	-245.3513	-9.678428	840.8632
colle_ma10a_128	ma10a	Forestry	2	4	-328.9633	-1.187561	610.4179
colle_ma10a_129	ma10a	Mineralogy	3	5	-308.0431	-2.12041	562.5257
colle_ma10a_130	ma10a	Forestry	2	4	-381.9007	1.560525	639.7853
colle_ma10a_131	ma10a	Agronomy	2	4	-580.5175	1.400005	738.6316
colle_ma10a_132	ma10a	Botany	2	4	-444.026	4.450367	723.9417
colle_ma10a_133	ma10a	Entomology	2	4	-445.0037	4.14355	929.7603
colle_ma10a_134	ma10a	Ichthyology	2	4	-568.1725	-9.499498	1023.708
colle_ma10a_135	ma10a	Ichthyology	2	4	-779.16	-9.94	916.28
colle_ma10a_136	ma10a	Agronomy	3	6	-434.3924	-3.378427	1095.381
colle_ma10a_137	ma10a	Botany	3	6	-210.5861	-0.1036309	1008.685
colle_ma10a_138	ma10a	Forestry	3	5	-179.9755	2.4	795.4288
colle_ma10a_139	ma10a	Forestry	2	4	-32.84645	-1.971019	812.4
colle_ma10a_141	ma10a	Mineralogy	3	6	22.1825	5.370698	788.8388
colle_ma10a_142	ma10a	Mineralogy	3	5	134.9407	1.911777	819.7096
colle_ma10a_143	ma10a	Ichthyology	3	5	-738.47	-9.43	945.85
colle_ma10a_144	ma10a	Mineralogy	3	6	153.1324	-1.007725	887.7982
colle_ma10a_145	ma10a	Agronomy	3	6	-595.9611	1.400002	785.1255
colle_ma10a_146	ma10a	Mineralogy	3	5	75.97356	-5.66728	1035.808
colle_ma10a_148	ma10a	Mineralogy	2	4	-145.445	-8.3574	1033.415
colle_ma10a_149	ma10a	Botany	2	4	-375.5165	3.396235	865.9128
colle_ma10a_153	ma10a	Entomology	2	4	-487.6722	1.583836	-141.9201
colle_ma10a_154	ma10a	Forestry	2	4	-288.6606	-6.234066	928.1506
colle_ma10a_156	ma10a	Mineralogy	2	4	-296.2809	17.75664	-236.2273
colle_ma10a_157	ma10a	Forestry	2	4	-376.6673	-5.192225	57.71622
colle_ma10a_159	ma10a	Ichthyology	3	5	-407.99	-11.08289	1162.2
colle_ma10a_160	ma10a	Entomology	3	5	-179.836	55.0609	907.9828
colle_ma10a_161	ma10a	Botany	3	5	-108.7299	-8.066036	837.1896
colle_ma10a_162	ma10a	Botany	3	5	-184.5028	-9	913.3524
colle_ma10a_164	ma10a	Forestry	2	4	-82.65842	-9	1013.764
colle_ma10a_165	ma10a	Mineralogy	2	4	8.757862	-4.487017	860.8101
colle_ma10a_166	ma10a	Forestry	3	5	-405.8736	9.100705	784.7501
colle_ma10a_167	ma10a	Forestry	2	4	-299.5306	-2.013466	830.3702
colle_ma10a_168	ma10a	Mineralogy	2	4	-457.6466	48.66971	1206.463
colle_ma10a_169	ma10a	Mineralogy	2	4	-434.2466	20.05626	1263.722
colle_ma10a_170	ma10a	Ichthyology	2	4	-684.669	-8.656657	961.5652
colle_ma10a_171	ma10a	Botany	2	4	18.01694	-5.999999	926.5264
colle_ma10a_173	ma10a	Botany	3	6	-12.33584	-6.000001	977.4077
colle_ma11a_c001	ma11a	Mineralogy	5	7	-234.4066	-65.50557	136.889
colle_ma11a_c002	ma11a	Mineralogy	6	8	-221.7241	-65.50557	125.3014
colle_ma13a_f001	ma13a	Botany	3	5	111.8126	-343.1851	611.7512
colle_ma13a_f003	ma13a	Entomology	2	4	-75.57124	-357.2769	556.9771
colle_ma13a_f005	ma13a	Agronomy	3	6	-275.1603	-371.8159	399.8917
colle_ma13a_f006	ma13a	Agronomy	2	4	-160.1905	-388.8994	355.0254
colle_ma13a_f007	ma13a	Botany	3	5	10.91951	-375.9547	449.734
colle_ma13a_f008	ma13a	Mineralogy	3	5	97.67226	-377.7769	466.565
colle_ma13a_f009	ma13a	Botany	3	5	118.5864	-407.5181	299.4343
colle_ma13a_f010	ma13a	Mineralogy	3	5	50.60603	-417.6175	180.5983
colle_ma13a_f011	ma13a	Forestry	2	4	542.4122	-386.1944	-202.1632
colle_ma13a_f012	ma13a	Agronomy	2	4	37.85534	-391.4459	409.5637
colle_ma13a_f013	ma13a	Entomology	2	4	-73.0125	-415.6951	280.287
colle_ma13a_f014	ma13a	Mineralogy	3	5	-115.8732	-411.3965	167.3327
colle_ma13a_f015	ma13a	Mineralogy	3	5	136.6564	-426.1852	33.62114
colle_ma13a_f016	ma13a	Mineralogy	3	5	-308.4741	-422.1275	65.49158
colle_ma13a_f017	ma13a	Entomology	2	4	-305.9873	-422.446	-70.40921
colle_ma13a_f018	ma13a	Botany	3	5	-21.35534	-428.9718	96.36465
colle_ma13a_f019	ma13a	Mineralogy	3	5	510.0426	-429.1152	134.7664
colle_ma13a_f020	ma13a	Ichthyology	2	4	198.8437	-384.8819	485.2512
colle_ma13a_f021	ma13a	Botany	2	4	243.2577	-380.4858	357.3025
colle_ma13a_f022	ma13a	Botany	3	5	359.8607	-439.2782	34.01074
colle_ma13a_f023	ma13a	Entomology	2	4	591.9511	-401.5526	222.1189
colle_ma13a_f024	ma13a	Mineralogy	3	5	453.6299	-415.5907	230.9493
colle_ma13a_f025	ma13a	Agronomy	2	4	532.9136	-357.0466	441.3484
colle_ma13a_f026	ma13a	Entomology	2	4	720.9418	-358.211	414.8605
colle_ma13a_f027	ma13a	Ichthyology	2	4	642.1123	-414.6212	409.3092
colle_ma13a_f028	ma13a	Ichthyology	3	6	525.6526	-420.8482	408.9115
colle_ma13a_f029	ma13a	Entomology	2	4	181.4542	-417.8095	-234.8916
colle_ma13a_f030	ma13a	Agronomy	2	4	920.3793	-350.5084	188.0666
colle_ma13a_f031	ma13a	Ichthyology	2	4	748.822	-379.6727	114.8902
colle_ma13a_f032	ma13a	Agronomy	2	4	521.6124	-431.7736	-87.61395
colle_ma13a_f033	ma13a	Botany	2	4	717.2709	-355.9348	-218.9439
colle_ma13a_f034	ma13a	Mineralogy	3	5	821.9266	-350.0495	-88.34505
colle_ma13a_f036	ma13a	Forestry	3	5	904.2521	-344.6815	-159.6702
colle_ma13a_f037	ma13a	Agronomy	2	4	-17.1698	-430.7558	-141.435
colle_ma13a_f038	ma13a	Mineralogy	2	4	-116.1589	-425.6284	-67.90118
colle_ma13a_f039	ma13a	Mineralogy	3	5	-138.1192	-410.9591	-252.3906
colle_ma13a_f040	ma13a	Forestry	2	4	987.416	-351.8222	41.21006
colle_ma13a_f041	ma13a	Forestry	3	5	1000.809	-349.3891	-37.93741
colle_ma13a_f042	ma13a	Forestry	3	5	924.1136	-364.3625	-33.24546
colle_ma13a_f043	ma13a	Forestry	3	5	670.5425	-325.7731	-441.5775
colle_ma13a_f044	ma13a	Entomology	2	4	543.6526	-338.0575	-482.3804
colle_ma13a_f045	ma13a	Agronomy	2	4	681.7939	-404.2189	21.27176
colle_ma13a_f046	ma13a	Entomology	2	4	565.2263	-314.1519	-620.2996
colle_ma13a_f047	ma13a	Forestry	3	6	454.9066	-325.9396	-572.6399
colle_ma13a_f049	ma13a	Agronomy	2	4	243.2719	-342.4403	-556.0524
colle_ma13a_f050	ma13a	Mineralogy	2	4	100.4811	-405.3867	-249.6565
colle_ma13a_f051	ma13a	Entomology	3	6	104.0223	-380.5593	-468.3465
colle_ma13a_f052	ma13a	Mineralogy	2	4	239.4084	-434.5818	-148.1801
colle_ma13a_f053	ma13a	Agronomy	2	4	-38.60815	-413.7122	-297.1009
colle_ma13a_f054	ma13a	Botany	3	6	88.70974	-425.0589	-25.62193
colle_ma13a_f055	ma13a	Entomology	3	6	-702.6153	-528.6534	-58.62908
colle_ma13a_f057	ma13a	Mineralogy	2	4	302.0442	-388.1222	-326.4502
colle_ma13a_f058	ma13a	Mineralogy	2	4	414.6216	-376.8805	378.7938
colle_ma13a_f059	ma13a	Entomology	3	6	432.4309	-349.4511	-511.1973
colle_ma13a_f060	ma13a	Entomology	2	4	348.6561	-424.5502	-205.9245
colle_ma13a_f061	ma13a	Ichthyology	2	4	827.5071	-339.1896	69.58775
colle_ma13a_f062	ma13a	Ichthyology	2	4	501.3013	-439.2786	24.30387
colle_ma13a_f063	ma13a	Agronomy	3	6	642.6635	-370.9567	369.3803
colle_ma13a_f064	ma13a	Mineralogy	3	5	678.1812	-374.0252	245.0134
colle_ma13a_f065	ma13a	Botany	2	4	260.1673	-414.7805	243.6973
colle_ma13a_f068	ma13a	Botany	2	4	344.1201	-398.4143	-280.4241
colle_ma13a_f069	ma13a	Ichthyology	2	4	359.8016	-438.7795	155.8829
colle_ma13a_f070	ma13a	Agronomy	2	4	132.3882	-424.9873	184.7218
colle_ma13a_f071	ma13a	Forestry	3	5	774.3644	-374.7608	173.4132
colle_ma13a_f072	ma13a	Mineralogy	2	4	177.1657	-408.1628	-328.9895
colle_ma13a_f073	ma13a	Entomology	2	4	343.6565	-403.3051	315.4451
colle_ma13a_f074	ma13a	Agronomy	2	4	319.8816	-382.5934	467.9027
colle_ma13a_f075	ma13a	Agronomy	2	4	579.5402	-345.315	-313.3801
colle_ma13a_f077	ma13a	Agronomy	2	4	591.5582	-419.9332	74.12836
colle_ma13a_f078	ma13a	Forestry	3	6	793.6353	-372.9236	-67.6163
colle_ma13a_f079	ma13a	Mineralogy	2	4	704.603	-383.6957	-113.9964
colle_ma13a_f080	ma13a	Mineralogy	3	5	587.5071	-398.3693	229.7313
colle_ma13a_f081	ma13a	Forestry	3	5	508.6504	-388.6409	301.9181
colle_ma13a_f082	ma13a	Agronomy	2	4	162.902	-372.3726	368.5453
colle_ma13a_f083	ma13a	Ichthyology	2	4	214.2176	-439.2786	-25.99465
colle_ma13a_f084	ma13a	Forestry	2	4	628.3661	-399.7973	-90.77478
colle_ma13a_f085	ma13a	Forestry	3	5	587.9496	-390.1677	296.8192
colle_ma13a_f086	ma13a	Entomology	2	4	527.0377	-386.6297	378.6511
colle_ma13a_f087	ma13a	Forestry	3	6	617.1101	-380.9759	-176.5307
colle_ma13a_f088	ma13a	Botany	2	4	375.1483	-382.4195	-341.4724
colle_ma13a_f089	ma13a	Botany	2	4	-82.04404	-464.8446	-23.60962
colle_ma13a_f090	ma13a	Agronomy	2	4	-293.8465	-59.92197	560.2375
colle_ma13a_f091	ma13a	Entomology	2	4	-340.9952	-25.85702	393.1795
colle_ma13a_f092	ma13a	Entomology	2	4	-94.66487	-34.57527	117.2896
colle_ma13a_f093	ma13a	Botany	2	4	-217.5973	-64.96966	350.364
colle_ma13a_f094	ma13a	Botany	3	5	-178.8475	-66.64113	315.1003
colle_ma13a_f095	ma13a	Botany	2	4	-248.9138	-33.2292	290.3777
colle_ma13a_f096	ma13a	Agronomy	2	4	-284.3434	-40.36037	348.0501
colle_ma13a_f097	ma13a	Mineralogy	2	4	-103.1127	-72.38786	253.9521
colle_ma13a_f098	ma13a	Botany	3	5	-201.4709	-26.5204	169.2834
colle_ma13a_f099	ma13a	Forestry	2	4	-114.3098	-41.2421	201.615
colle_ma13a_f100	ma13a	Botany	2	4	-152.4901	-41.13307	254.0291
colle_ma13a_f101	ma13a	Agronomy	2	4	-110.5513	-12.66045	24.5364
colle_ma13a_f102	ma13a	Forestry	3	5	-69.13042	-12.39128	-43.54447
colle_ma13a_f103	ma13a	Forestry	2	4	-101.8898	-37.37076	-122.1998
colle_ma13a_f104	ma13a	Forestry	3	5	-120.4146	-35.78112	-109.3007
colle_ma13a_f105	ma13a	Mineralogy	3	5	155.5578	11.17785	21.20228
colle_ma13a_f106	ma13a	Mineralogy	3	5	-161.3568	-26.79091	-204.9037
colle_ma13a_f107	ma13a	Forestry	2	4	-203.054	-23.52282	-256.3981
colle_ma13a_f108	ma13a	Botany	2	4	-234.8802	-4.935606	-352.622
colle_ma13a_f109	ma13a	Forestry	3	5	-232.1006	-7.231091	-218.9216
colle_ma13a_f110	ma13a	Entomology	2	4	-181.9323	-8.799003	-464.4683
colle_ma13a_f111	ma13a	Mineralogy	2	4	-248.8863	-90.37886	626.5328
colle_ma13a_f112	ma13a	Mineralogy	3	5	-187.095	-4.956412	-406.3593
colle_ma13a_f113	ma13a	Entomology	3	6	-206.7871	-8.95443	-489.9648
colle_ma13a_f114	ma13a	Mineralogy	3	5	231.713	-66.27455	295.895
colle_ma13a_f115	ma13a	Entomology	2	4	263.7017	-64.07027	255.1097
colle_ma13a_f116	ma13a	Mineralogy	2	4	189.9561	-72.09402	205.8525
colle_ma13a_f117	ma13a	Mineralogy	2	4	221.4427	-62.92294	204.1073
colle_ma13a_f118	ma13a	Botany	2	4	156.0079	-94.73614	323.7914
colle_ma13a_f119	ma13a	Botany	3	5	144.6818	-119.86	331.2847
colle_ma13a_f120	ma13a	Botany	3	5	131.2971	-119.86	370.3164
colle_ma13a_f121	ma13a	Mineralogy	2	4	156.1875	-60.88857	381.157
colle_ma13a_f122	ma13a	Entomology	2	4	236.1638	-75.86316	392.0813
colle_ma13a_f123	ma13a	Mineralogy	2	4	248.2552	-48.4666	315.6387
colle_ma13a_f124	ma13a	Entomology	2	4	436.4371	-121.7164	382.4555
colle_ma13a_f125	ma13a	Mineralogy	2	4	440.0018	-110.6154	408.3561
colle_ma13a_f126	ma13a	Botany	3	6	460.7865	-120.822	326.6161
colle_ma13a_f127	ma13a	Mineralogy	2	4	743.1307	-136.0591	245.6233
colle_ma13a_f128	ma13a	Mineralogy	3	5	662.1136	-136.8073	281.6797
colle_ma13a_f129	ma13a	Botany	3	6	707.7644	-150.8679	207.6803
colle_ma13a_f130	ma13a	Mineralogy	2	4	771.3765	-129.2714	81.81059
colle_ma13a_f131	ma13a	Botany	2	4	788.1732	-149.2295	123.9003
colle_ma13a_f132	ma13a	Mineralogy	3	5	869.0582	-159.0379	129.4999
colle_ma13a_f133	ma13a	Mineralogy	2	4	872.0679	-147.3098	-39.36404
colle_ma13a_f134	ma13a	Mineralogy	2	4	895.6575	-153.8275	71.70873
colle_ma13a_f135	ma13a	Mineralogy	2	4	894.8717	-135.4843	56.06165
colle_ma13a_f136	ma13a	Mineralogy	3	5	816.2716	-240.1363	31.73656
colle_ma13a_f137	ma13a	Mineralogy	2	4	883.5733	-329.0152	115.826
colle_ma13a_f138	ma13a	Mineralogy	3	5	827.5886	-109.7744	-100.6308
colle_ma13a_f140	ma13a	Botany	3	6	639.7019	-3.838542	-292.0509
colle_ma13a_f141	ma13a	Entomology	3	6	673.6846	-28.07311	-294.3828
colle_ma13a_f142	ma13a	Forestry	3	6	602.3484	-170.7192	-304.502
colle_ma13a_f143	ma13a	Botany	2	4	635.3698	-312.2263	-241.5979
colle_ma13a_f144	ma13a	Mineralogy	2	4	-13.63896	-138.7822	812.376
colle_ma13a_f145	ma13a	Botany	3	6	797.8954	-107.9234	-96.20377
colle_ma13a_f147	ma13a	Mineralogy	2	4	654.2473	-38.62865	-277.1241
colle_ma13a_f148	ma13a	Mineralogy	3	5	656.9601	-24.54959	-331.2716
colle_ma13a_f149	ma13a	Botany	3	6	641.7673	32.26593	-265.5608
colle_ma13a_f150	ma13a	Mineralogy	2	4	656.7607	-102.2923	-271.1723
colle_ma13a_f151	ma13a	Mineralogy	2	4	645.3207	-69.08046	-256.4541
colle_ma13a_f152	ma13a	Mineralogy	3	5	690.0162	-123.4431	-326.5168
colle_ma13a_f153	ma13a	Agronomy	2	4	638.981	-249.615	-347.0021
colle_ma13a_f154	ma13a	Mineralogy	2	4	626.7815	-247.2249	-322.6123
colle_ma13a_f156	ma13a	Mineralogy	2	4	744.372	-307.6972	-237.296
colle_ma13a_f158	ma13a	Mineralogy	3	5	817.9865	-188.0786	45.80049
colle_ma13a_f159	ma13a	Ichthyology	2	4	823.5955	-318.7623	119.5827
colle_ma13a_f160	ma13a	Botany	2	4	709.522	-328.498	-339.2017
colle_ma13a_f161	ma13a	Entomology	3	6	986.1155	-352.4619	-6.153519
colle_ma13a_f162	ma13a	Forestry	2	4	972.9528	-353.3452	-48.20407
colle_ma13a_f163	ma13a	Forestry	3	5	972.867	-358.2194	4.996524
colle_ma13a_f164	ma13a	Entomology	2	4	878.5823	-317.9019	-259.9432
colle_ma13a_f165	ma13a	Forestry	3	5	797.9296	-314.1858	-392.1984
colle_ma13a_f168	ma13a	Forestry	3	5	495.7141	-418.597	-160.9611
colle_ma13a_f169	ma13a	Agronomy	2	4	431.2201	-411.2584	-229.0447
colle_ma13a_f170	ma13a	Forestry	2	4	740.4476	-314.8807	-499.0575
colle_ma13a_f174	ma13a	Agronomy	3	6	-13.58091	-322.1036	-539.4269
colle_ma13a_f175	ma13a	Entomology	2	4	48.83448	-338.5071	-461.3861
colle_ma13a_f176	ma13a	Agronomy	2	4	245.0142	-390.3275	-460.5865
colle_ma13a_f177	ma13a	Entomology	2	4	72.73853	-395.0126	-405.0056
colle_ma13a_f178	ma13a	Forestry	3	6	-258.373	-425.6075	-15.69192
colle_ma13a_f179	ma13a	Agronomy	3	6	-543.0152	-515.4708	46.19482
colle_ma13a_f180	ma13a	Ichthyology	2	4	-0.2005265	-428.3643	216.1514
colle_ma13a_f181	ma13a	Agronomy	3	6	90.62222	-424.2296	120.5337
colle_ma13a_f182	ma13a	Mineralogy	2	4	386.046	-439.2786	-5.417558
colle_ma13a_f183	ma13a	Mineralogy	2	4	336.1068	-439.2782	-16.84441
colle_ma13a_f184	ma13a	Botany	3	5	-245.047	-359.1411	602.9894
colle_ma13a_f185	ma13a	Botany	3	5	-257.4152	-350.0751	592.1217
colle_ma13a_f186	ma13a	Agronomy	3	6	-240.5644	-359.1411	570.5134
colle_ma13a_f187	ma13a	Forestry	3	6	589.2728	-317.3488	-719.6452
colle_ma13a_f188	ma13a	Mineralogy	3	5	542.1108	-317.3776	-712.6977
colle_ma13a_f189	ma13a	Ichthyology	3	6	-85.86309	-439.7837	324.0666
colle_ma13a_f190	ma13a	Ichthyology	2	4	-85.94199	-427.0273	428.1271
colle_ma13a_f191	ma13a	Ichthyology	2	4	28.31996	-431.5023	467.581
colle_ma13a_f192	ma13a	Ichthyology	3	6	15.80092	-444.6466	399.1194
colle_ma13a_f193	ma13a	Ichthyology	3	6	517.5847	-386.9918	-382.1302
colle_ma13a_f194	ma13a	Ichthyology	2	4	522.1378	-370.3919	-482.914
colle_ma13a_c001	ma13a	Entomology	2	4	270.7809	-4.500836	-11.51671
colle_ma13a_f195	ma13a	Forestry	3	6	357.1637	-314.6343	-370.0667
colle_ma13a_f196	ma13a	Agronomy	3	6	369.0287	-314.6343	-360.0473
colle_ma15a_f001	ma15a	Botany	2	4	-167.5997	127.8744	285.8026
colle_ma15a_f002	ma15a	Ichthyology	3	6	-129.9944	124.8526	447.0684
colle_ma15a_f003	ma15a	Ichthyology	3	5	-174.899	129.4382	517.2729
colle_ma15a_f004	ma15a	Ichthyology	2	4	-281.6596	124.6849	346.8312
colle_ma15a_f005	ma15a	Mineralogy	2	4	-308.9857	46.72119	-1256.463
colle_ma15a_f006	ma15a	Forestry	2	4	-487.9316	118.8071	27.33545
colle_ma15a_f007	ma15a	Forestry	3	5	-551.4716	118.6306	30.33574
colle_ma15a_f008	ma15a	Mineralogy	3	6	-524.6677	119.3974	76.37935
colle_ma15a_f009	ma15a	Forestry	3	6	-451.3533	118.771	-21.97455
colle_ma15a_f010	ma15a	Mineralogy	2	4	-577.4917	118.8082	-26.96347
colle_ma15a_f011	ma15a	Botany	3	6	-474.9353	118.6685	-78.23938
colle_ma15a_f012	ma15a	Forestry	3	5	168.0759	187.1079	107.2214
colle_ma15a_f013	ma15a	Botany	2	4	123.2125	187.277	151.2182
colle_ma15a_f014	ma15a	Agronomy	2	4	434.2697	267.6191	-42.32391
colle_ma15a_f018	ma15a	Mineralogy	2	4	523.1235	270.4533	29.28731
colle_ma15a_f019	ma15a	Ichthyology	2	4	-405.9925	105.0379	-689.9681
colle_ma15a_f020	ma15a	Ichthyology	2	4	-404.3965	105.0379	-878.3405
colle_ma15a_f021	ma15a	Ichthyology	3	5	-406.823	104.5928	-987.7286
colle_ma15a_f022	ma15a	Ichthyology	3	6	237.8161	283.2941	-890.1964
colle_ma15a_f023	ma15a	Ichthyology	3	5	231.8393	288.3197	-783.9524
colle_ma15a_f024	ma15a	Mineralogy	2	4	274.9331	295.105	-884.3759
colle_ma15a_f025	ma15a	Ichthyology	2	4	278.6563	295.1874	-570.44
colle_ma15a_f026	ma15a	Forestry	3	6	-328.0073	15.20035	-1739.966
colle_ma15a_f027	ma15a	Entomology	2	4	295.7798	288.372	-744.2575
colle_ma15a_f028	ma15a	Entomology	3	5	228.129	222.1264	-1459.893
colle_ma15a_f029	ma15a	Entomology	3	6	316.3949	223.4489	-1451.598
colle_ma15a_f030	ma15a	Ichthyology	3	5	298.5418	221.6288	-1392.587
colle_ma15a_f031	ma15a	Ichthyology	2	4	224.2949	221.6288	-1362.992
colle_ma15a_f032	ma15a	Mineralogy	3	5	-76.03023	139.934	-1605.452
colle_ma15a_f033	ma15a	Botany	2	4	-123.7949	140.5598	-1593.294
colle_ma15a_f034	ma15a	Botany	3	6	56.49471	5.55021	-1452.955
colle_ma15a_f035	ma15a	Mineralogy	3	6	219.6627	183.1503	-1757.464
colle_ma15a_f036	ma15a	Forestry	3	6	205.1447	186.6132	-1788.627
colle_ma15a_f037	ma15a	Forestry	3	5	179.8629	182.1938	-1736.825
colle_ma15a_f038	ma15a	Forestry	2	4	333.8734	-0.6649535	457.8455
colle_ma15a_f039	ma15a	Forestry	2	4	336.5789	-1.298389	504.0417
colle_ma15a_f040	ma15a	Mineralogy	2	4	309.5997	-0.3064975	482.419
colle_ma15a_f041	ma15a	Botany	3	5	-115.1359	125.9756	339.8795
colle_ma15a_f042	ma15a	Mineralogy	3	5	-229.473	126.0496	494.7467
colle_ma15a_f043	ma15a	Mineralogy	2	4	-259.8836	126.0212	447.9146
colle_ma15a_f044	ma15a	Mineralogy	3	5	-332.0664	130.5257	429.6226
colle_ma15a_f045	ma15a	Ichthyology	3	6	423.9193	246.8007	-36.14901
colle_ma15a_f046	ma15a	Agronomy	2	4	426.4058	269.0779	40.57421
colle_ma15a_f047	ma15a	Mineralogy	2	4	521.8293	269.6859	-71.0395
colle_ma15a_f048	ma15a	Entomology	2	4	-393.557	104.906	-1077.598
colle_ma15a_f049	ma15a	Forestry	2	4	-435.981	-1.559421	-1712.93
colle_ma15a_f050	ma15a	Entomology	2	4	-387.8401	104.9112	-516.8278
colle_ma15a_f051	ma15a	Mineralogy	2	4	-374.5977	104.5387	-457.7432
colle_ma15a_f052	ma15a	Entomology	3	6	-363.3031	105.0379	-738.5776
colle_ma15a_f053	ma15a	Mineralogy	2	4	276.0948	294.5513	-429.7732
colle_ma15a_f054	ma15a	Mineralogy	2	4	280.4785	295.105	-1039.793
colle_ma15a_f055	ma15a	Ichthyology	3	6	167.8972	221.6288	-1377.572
colle_ma15a_f056	ma15a	Botany	2	4	-174.9471	50.84985	-1903.591
colle_ma15a_f057	ma15a	Botany	3	5	-108.2611	48.99694	-1914.159
colle_ma15a_f058	ma15a	Botany	3	5	-135.047	51.48729	-1967.158
colle_ma15a_f059	ma15a	Mineralogy	3	5	-283.9014	5.361993	-1888.859
colle_ma15a_f060	ma15a	Entomology	3	6	-344.3378	29.94271	-1615.78
colle_ma15a_f061	ma15a	Forestry	3	5	-360.1831	7.703745	-1695.891
colle_ma15a_f062	ma15a	Ichthyology	2	4	-426.4006	-9.667842	-1595.893
colle_ma15a_f063	ma15a	Forestry	3	6	-244.1163	46.86555	-1291.038
colle_ma15a_f064	ma15a	Agronomy	2	4	-263.759	45.458	-1270.82
colle_ma15a_f065	ma15a	Ichthyology	3	5	-277.5124	45.08506	-1308.037
colle_ma15a_c001	ma15a	Agronomy	4	6	-463.6672	15.31999	-1826.557
colle_ma15a_c002	ma15a	Agronomy	4	6	-464.0245	5.437777	-1758.512
colle_ma15a_c003	ma15a	Entomology	6	8	-417.0544	15.34806	-1829.287
colle_ma15a_f066	ma15a	Botany	2	4	2.427056	141.9242	38.1929
colle_ma15a_f067	ma15a	Botany	3	6	-455.6268	46.89139	-1165.297
colle_ma16a_d002	ma16a	Mineralogy	2	4	-26.3464	7.995512	-87.18248
colle_ma16a_d003	ma16a	Mineralogy	3	5	-43.53255	-53.88893	606.9173
colle_ma16a_d004	ma16a	Ichthyology	2	4	-18.75206	-59.1027	696.3651
colle_ma16a_d006	ma16a	Botany	3	6	-26.05489	-41.65566	744.4282
colle_ma16a_d007	ma16a	Mineralogy	2	4	55.99953	-123.7935	1061.034
colle_ma16a_d008	ma16a	Botany	2	4	-35.61037	-116.1383	1137.633
colle_ma16a_d009	ma16a	Agronomy	2	4	-22.21122	-96.33643	1020.259
colle_ma16a_d012	ma16a	Agronomy	2	4	-218.205	-137.3764	1204.069
colle_ma16a_d013	ma16a	Agronomy	3	6	-158.2135	-186.9726	1149.921
colle_ma16a_d014	ma16a	Mineralogy	3	5	-239.0186	-197.8989	1156.042
colle_ma16a_d015	ma16a	Agronomy	2	4	-131.9101	-137.58	1216.658
colle_ma16a_d016	ma16a	Botany	2	4	-139.776	-172.3167	1252.98
colle_ma16a_d017	ma16a	Agronomy	2	4	-81.67618	-161.0998	1249.988
colle_ma16a_d018	ma16a	Ichthyology	3	6	47.46549	-317.0449	1218.94
colle_ma16a_d019	ma16a	Ichthyology	3	6	50.61886	-317.3578	1241.826
colle_ma16a_d020	ma16a	Ichthyology	3	6	49.53913	-317.361	1252.266
colle_ma16a_d021	ma16a	Botany	2	4	-216.0086	-274.0349	1400.617
colle_ma16a_d022	ma16a	Botany	3	6	-227.54	-278.5351	1531.293
colle_ma16a_d023	ma16a	Botany	2	4	-248.7197	-276.271	1471.9
colle_ma16a_d024	ma16a	Agronomy	2	4	-271.0624	-264.1758	1490.423
colle_ma16a_d025	ma16a	Agronomy	2	4	-327.4698	-277.3213	1563.882
colle_ma16a_d026	ma16a	Entomology	3	6	-331.6532	-252.4061	1614.104
colle_ma16a_d027	ma16a	Entomology	2	4	-353.0825	-252.417	1722.843
colle_ma16a_d028	ma16a	Mineralogy	2	4	-321.0358	-252.417	1804.333
colle_ma16a_d029	ma16a	Mineralogy	2	4	-38.60413	27.13497	-154.019
colle_ma16a_d030	ma16a	Ichthyology	2	4	5.925009	-0.00579834	16.7902
colle_ma16a_d031	ma16a	Mineralogy	3	6	13.12509	3.561504	126.0773
colle_ma16a_d032	ma16a	Mineralogy	3	5	-18.41632	-13.32043	262.7985
colle_ma16a_d033	ma16a	Agronomy	2	4	-24.29793	-26.4316	281.3675
colle_ma16a_d034	ma16a	Agronomy	2	4	1.652908	-26.64191	323.4033
colle_ma16a_d035	ma16a	Agronomy	3	6	0.144874	-29.95417	464.1679
colle_ma16a_d036	ma16a	Ichthyology	3	5	-0.3345742	-64.17947	656.2087
colle_ma16a_d037	ma16a	Botany	2	4	30.55566	-89.41884	1095.411
colle_ma16a_d038	ma16a	Ichthyology	3	6	32.19543	-58.62395	712.2791
colle_ma16a_d039	ma16a	Ichthyology	2	4	31.18683	-62.18265	610.0743
colle_ma16a_d041	ma16a	Botany	2	4	-19.375	-36.74536	615.5635
colle_ma16a_d042	ma16a	Botany	2	4	-10.83538	-36.75759	592.6433
colle_ma16a_d045	ma16a	Botany	3	6	28.43172	-75.95522	799.4608
colle_ma16a_d046	ma16a	Ichthyology	3	5	8.417482	-114.697	885.7423
colle_ma16a_d047	ma16a	Agronomy	3	6	43.49235	-123.6393	1023.782
colle_ma16a_d048	ma16a	Botany	2	4	38.14027	-123.6393	1096.449
colle_ma16a_d049	ma16a	Agronomy	2	4	-16.70619	-123.5098	1094.405
colle_ma16a_d051	ma16a	Botany	3	6	50.48842	-123.0605	1128.668
colle_ma16a_d052	ma16a	Agronomy	2	4	13.14706	-90.8985	1173.321
colle_ma16a_d053	ma16a	Agronomy	2	4	49.60643	-102.7965	1123.164
colle_ma16a_d055	ma16a	Mineralogy	3	5	0.9758153	-105.9632	1069.31
colle_ma16a_d056	ma16a	Agronomy	3	6	32.1025	-97.15249	985.9001
colle_ma16a_d058	ma16a	Agronomy	3	6	-29.52168	-95.86333	1148.798
colle_ma16a_d059	ma16a	Agronomy	2	4	-34.56147	-94.90125	1049.015
colle_ma16a_d060	ma16a	Botany	2	4	-147.2491	-128.5643	1261.224
colle_ma16a_d061	ma16a	Mineralogy	3	5	-188.2016	-166.4679	1256.794
colle_ma16a_d063	ma16a	Mineralogy	2	4	-179.1608	-154.3404	1163.375
colle_ma16a_d065	ma16a	Botany	2	4	-94.89137	-301.1168	1206.486
colle_ma16a_d066	ma16a	Mineralogy	3	6	-147.214	-300.6615	1297.148
colle_ma16a_d067	ma16a	Botany	3	6	-184.8827	-293.5001	1405.673
colle_ma16a_d069	ma16a	Botany	2	4	-279.2941	-264.208	1431.227
colle_ma16a_d071	ma16a	Entomology	2	4	-345.156	-278.6361	1491.574
colle_ma16a_d073	ma16a	Entomology	2	4	-325.9731	-278.8541	1636.741
colle_ma16a_d074	ma16a	Entomology	2	4	-271.2462	-278.626	1685.444
colle_ma16a_d075	ma16a	Entomology	3	5	-282.6652	-272.8266	1797.551
colle_ma16a_d076	ma16a	Mineralogy	2	4	-302.1822	-252.4061	1663.378
colle_ma16a_d077	ma16a	Entomology	2	4	-331.6687	-252.417	1763.001
colle_ma16a_d078	ma16a	Entomology	3	5	-364.4709	-252.417	1663.835
colle_ma16a_d079	ma16a	Entomology	3	6	-297.4445	-252.4061	1728.126
colle_ma16a_d080	ma16a	Entomology	3	5	-250.5974	-252.417	1695.839
colle_ma16a_d081	ma16a	Agronomy	2	4	-364.1616	-290.684	1958.908
colle_ma16a_d082	ma16a	Botany	2	4	-359.7662	-298.429	2067.165
colle_ma16a_d083	ma16a	Mineralogy	2	4	-288.006	-313.2742	2122.721
colle_ma16a_d084	ma16a	Mineralogy	2	4	-314.6722	-319.1308	2285.847
colle_ma16a_d085	ma16a	Mineralogy	3	6	-279.9425	-319.1305	2396.098
colle_ma16a_d086	ma16a	Mineralogy	2	4	-334.3698	-319.1308	2315.384
colle_ma16a_d087	ma16a	Mineralogy	3	5	-289.147	-318.9749	2331.822
colle_ma16a_d088	ma16a	Agronomy	3	6	-349.7155	-319.1308	2393.274
colle_ma17a_f001	ma17a	Mineralogy	6	8	-51.42218	21.58313	-147.4745
colle_ma17a_f002	ma17a	Botany	6	8	-158.1189	7.864962	59.20805
colle_ma17a_f003	ma17a	Agronomy	4	6	-97.10428	-0.461171	123.1782
colle_ma17a_f004	ma17a	Botany	4	6	-103.8252	-10.38955	126.3352
colle_ma17a_f005	ma17a	Entomology	9	10	59.74713	-19.46989	299.9352
colle_ma17a_f006	ma17a	Entomology	9	10	-42.98236	-15.90088	67.10345
colle_ma17a_f007	ma17a	Entomology	9	10	-142.3036	-16.50527	136.4796
colle_ma17a_f008	ma17a	Agronomy	4	6	1.142009	-0.3458633	133.4088
colle_ma17a_f009	ma17a	Ichthyology	6	8	-2.394331	-13.59956	196.4409
colle_ma17a_f010	ma17a	Entomology	2	4	-23.70254	-5.853133	-12.64537
colle_ma17a_f011	ma17a	Mineralogy	2	4	-76.54113	12.07181	-0.02882156
colle_ma17a_f012	ma17a	Botany	4	6	-67.83337	9.386181	46.55713
colle_ma17a_f013	ma17a	Mineralogy	6	8	0.9256849	-23.8391	227.9566
colle_ma17a_f014	ma17a	Entomology	2	4	10.58836	-23.77678	249.2422
colle_ma17a_f015	ma17a	Ichthyology	9	10	106.1478	-47.23444	372.0846
colle_ma17a_f016	ma17a	Entomology	2	4	176.7431	-79.17527	344.0222
colle_ma17a_f017	ma17a	Entomology	2	4	355.9064	-97.68597	356.1385
colle_ma17a_f018	ma17a	Mineralogy	2	4	256.5461	-74.05969	283.1166
colle_ma17a_f019	ma17a	Entomology	2	4	279.6491	-33.39983	329.7177
colle_ma17a_f020	ma17a	Ichthyology	9	10	56.44538	-10.777	-211.9021
colle_ma17a_f021	ma17a	Botany	6	8	-103.7055	9.484066	113.2014
colle_ma17a_f022	ma17a	Botany	6	8	-23.8926	23.98069	119.7301
colle_ma17a_f023	ma17a	Forestry	6	8	245.179	-63.55117	322.0847
colle_ma17a_f024	ma17a	Forestry	4	6	-38.91618	34.22083	-54.4561
colle_ma17a_f025	ma17a	Ichthyology	9	10	-183.765	9.703695	-19.72477
colle_ma17a_f026	ma17a	Forestry	4	6	265.15	-94.23808	336.2259
colle_ma17a_f027	ma17a	Botany	6	8	229.0723	-45.68747	330.5118
colle_ma17a_f028	ma17a	Mineralogy	2	4	-83.42073	22.23587	-89.67148
colle_ma17a_f029	ma17a	Entomology	2	4	-50.0388	24.56441	129.9833
colle_ma18a_f001	ma18a	Mineralogy	2	4	58.54949	-4.955787	-0.7433884
colle_ma18a_f002	ma18a	Botany	2	4	74.22328	-4.932499	-57.08626
colle_ma18a_f003	ma18a	Mineralogy	2	4	-32.51302	-4.955787	-72.36384
colle_ma18a_f004	ma18a	Mineralogy	2	4	27.2761	-4.932499	-144.0579
colle_ma18a_f005	ma18a	Mineralogy	2	4	56.36343	1.185879	-161.2916
colle_ma18a_f006	ma18a	Mineralogy	2	4	64.63792	28.53288	-178.6584
colle_ma18a_f007	ma18a	Mineralogy	2	4	82.78828	22.34604	-214.4313
colle_ma18a_f008	ma18a	Forestry	4	6	76.02784	22.396	-77.60297
colle_ma18a_f009	ma18a	Botany	2	4	77.33936	22.34604	45.27673
colle_ma18a_f010	ma18a	Agronomy	6	8	41.62557	87.30542	14.65945
colle_ma18a_f011	ma18a	Botany	2	4	153.5391	-4.95579	-203.6146
colle_ma18a_f012	ma18a	Agronomy	6	8	118.7059	-4.95579	-284.5646
colle_ma18a_f013	ma18a	Mineralogy	2	4	78.55457	22.34604	-292.3392
colle_ma18a_f014	ma18a	Mineralogy	2	4	76.96796	22.346	-374.1268
colle_ma18a_f015	ma18a	Forestry	4	6	1.294044	25.54486	-419.9478
colle_ma18a_f016	ma18a	Mineralogy	2	4	100.8658	22.34604	-424.537
colle_ma18a_f017	ma18a	Agronomy	2	4	88.99171	18.12551	-597.4119
colle_ma18a_f018	ma18a	Entomology	2	4	210.7022	40.65934	-714.1832
colle_ma18a_f019	ma18a	Entomology	2	4	154.0905	43.26624	-772.1046
colle_ma18a_f020	ma18a	Entomology	2	4	206.9769	40.57064	-776.1212
colle_ma18a_f021	ma18a	Entomology	2	4	218.2042	55.96999	-697.529
colle_ma18a_f022	ma18a	Entomology	2	4	195.155	60.79105	-815.7864
colle_ma18a_f023	ma18a	Botany	4	6	190.6445	81.71629	-1055.718
colle_ma18a_f024	ma18a	Agronomy	2	4	544.4697	122.331	-1377.371
colle_ma18a_f025	ma18a	Forestry	4	6	-30.18624	-4.932499	-24.87545
colle_ma18a_f026	ma18a	Mineralogy	6	8	73.76749	-4.955788	-165.5924
colle_ma18a_f027	ma18a	Mineralogy	2	4	100.6658	22.346	-173.1995
colle_ma18a_f028	ma18a	Mineralogy	2	4	82.73073	22.346	-21.22079
colle_ma18a_f029	ma18a	Forestry	4	6	31.2155	-4.932499	-208.362
colle_ma18a_f030	ma18a	Mineralogy	2	4	32.91607	-4.932499	-315.246
colle_ma18a_f031	ma18a	Mineralogy	2	4	65.40137	-4.95579	-262.864
colle_ma18a_f032	ma18a	Entomology	2	4	183.2076	72.98743	-727.7996
colle_ma18a_f033	ma18a	Entomology	2	4	170.2325	76.42076	-813.0113
colle_ma18a_f034	ma18a	Agronomy	6	8	501.0964	122.331	-1393.013
colle_ma20a_d001	ma20a	Mineralogy	2	4	-385.3675	-319.5999	71.91292
colle_ma20a_d002	ma20a	Mineralogy	3	5	-377.556	-321.6436	226.1449
colle_ma20a_d003	ma20a	Entomology	2	4	-153.2241	-207.2645	180.9761
colle_ma20a_d004	ma20a	Mineralogy	2	4	-153.1158	-207.2645	225.9994
colle_ma20a_d005	ma20a	Mineralogy	2	4	-152.7229	-167.1923	226.196
colle_ma20a_d006	ma20a	Ichthyology	2	4	-79.21104	-167.1923	188.8818
colle_ma20a_d007	ma20a	Entomology	3	5	-117.1909	-168.0922	182.4515
colle_ma20a_d008	ma20a	Forestry	3	6	-66.38483	-141.5138	134.7376
colle_ma20a_d009	ma20a	Entomology	3	6	-28.99936	-141.5138	96.12657
colle_ma20a_d010	ma20a	Mineralogy	3	5	55.79799	-136.4874	66.7437
colle_ma20a_d011	ma20a	Entomology	2	4	-3.9336	-114.6874	105.8802
colle_ma20a_d012	ma20a	Botany	3	6	52.23144	-114.6874	105.6715
colle_ma20a_d013	ma20a	Agronomy	3	6	48.71821	-102.0729	202.4197
colle_ma20a_d014	ma20a	Entomology	3	6	-3.233539	-90.46307	172.6735
colle_ma20a_d015	ma20a	Mineralogy	3	5	-36.23983	-101.8063	369.0981
colle_ma20a_d016	ma20a	Mineralogy	2	4	42.56963	-42.00393	213.0175
colle_ma20a_d017	ma20a	Mineralogy	3	6	-126.3906	-146.5138	77.41531
colle_ma20a_d018	ma20a	Entomology	3	5	86.41927	-42.00394	51.89394
colle_ma20a_d019	ma20a	Entomology	2	4	66.65296	-42.00394	34.36837
colle_ma20a_d020	ma20a	Forestry	3	6	54.93999	-17.00393	7.800035
colle_ma20a_d021	ma20a	Entomology	3	6	62.48718	-17.00294	13.56879
colle_ma20a_d022	ma20a	Mineralogy	3	5	78.62775	-17.00394	84.9389
colle_ma20a_d023	ma20a	Mineralogy	2	4	179.3305	17.97505	181.4384
colle_ma20a_d024	ma20a	Entomology	3	5	100.8274	9.528442	287.2019
colle_ma20a_d025	ma20a	Botany	3	6	108.5395	9.528442	254.966
colle_ma20a_d026	ma20a	Mineralogy	3	5	168.5066	11.28419	298.7486
colle_ma20a_d027	ma20a	Mineralogy	2	4	242.7642	121.2842	405.6278
colle_ma20a_d028	ma20a	Forestry	2	4	394.4241	126.2842	346.3954
colle_ma20a_d029	ma20a	Botany	2	4	413.5004	153.0951	317.1925
colle_ma20a_d030	ma20a	Agronomy	3	5	413.0648	162.6283	225.5286
colle_ma20a_d031	ma20a	Agronomy	3	6	318.6494	178.4941	170.4496
colle_ma20a_d032	ma20a	Agronomy	2	4	414.0638	249.1491	32.45778
colle_ma20a_d033	ma20a	Forestry	3	6	608.9911	256.4863	45.67871
colle_ma20a_d034	ma20a	Botany	3	6	519.1292	249.149	58.60705
colle_ma20a_d035	ma20a	Forestry	3	5	664.7792	256.4863	38.73018
colle_ma20a_d036	ma20a	Botany	2	4	693.5204	256.4863	37.14978
colle_ma20a_d037	ma20a	Agronomy	2	4	895.6216	264.4863	27.38194
colle_ma20a_d038	ma20a	Forestry	2	4	954.7512	256.4863	59.90093
colle_ma20a_d039	ma20a	Mineralogy	3	6	318.557	249.149	152.3332
colle_ma20a_d040	ma20a	Agronomy	3	6	993.2935	244.5315	44.47649
colle_ma20a_d041	ma20a	Mineralogy	3	6	344.0731	249.149	121.8315
colle_ma20a_d042	ma20a	Mineralogy	3	5	130.901	265.0708	96.23524
colle_ma20a_d043	ma20a	Mineralogy	2	4	36.09205	259.5091	6.116234
colle_ma20a_d044	ma20a	Agronomy	3	6	-37.43903	270.1491	-6.027337
colle_ma20a_d045	ma20a	Mineralogy	2	4	59.71614	259.5091	162.9227
colle_ma20a_d046	ma20a	Botany	3	6	-487.4828	514.0818	58.08881
colle_ma20a_d047	ma20a	Mineralogy	2	4	-488.1048	514.0818	132.391
colle_ma20a_d048	ma20a	Mineralogy	3	6	-226.3981	513.2169	93.01357
colle_ma20a_d049	ma20a	Ichthyology	2	4	35.83676	-130.0779	260.1476
colle_ma20a_d050	ma20a	Ichthyology	3	5	-22.22011	-130.0779	281.2175
colle_ma20a_d051	ma20a	Ichthyology	2	4	2.440413	-130.0779	200.6717
colle_ma20a_d052	ma20a	Mineralogy	2	4	-344.3008	-321.698	186.0147
colle_ma20a_d053	ma20a	Ichthyology	3	5	-50.20286	-167.1922	207.1757
colle_ma20a_d054	ma20a	Ichthyology	3	6	-61.86801	-167.1922	240.8795
colle_ma20a_d055	ma20a	Mineralogy	2	4	350.0329	178.4861	144.663
colle_ma20a_d056	ma20a	Entomology	2	4	272.3021	170.1325	121.1661
colle_ma20a_d057	ma20a	Entomology	3	6	211.4868	178.5068	137.5444
colle_ma20a_d058	ma20a	Forestry	3	6	299.6498	249.149	128.7418
colle_ma20a_d059	ma20a	Entomology	3	5	264.2124	249.149	149.5308
colle_ma20a_d060	ma20a	Botany	3	5	377.5763	272.4861	130.0645
colle_ma21a_f001	ma21a	Forestry	5	6	-31.19032	-37.96982	-498.4538
colle_ma21a_f002	ma21a	Forestry	5	6	-81.37274	-35.67755	-595.0247
colle_ma21a_f003	ma21a	Forestry	5	6	-111.1726	-28.85663	-733.8743
colle_ma21a_f004	ma21a	Forestry	5	6	188.966	-12.79986	-907.981
colle_ma21a_f005	ma21a	Forestry	5	6	21.61831	-18.15049	-905.9102
colle_ma21a_f006	ma21a	Forestry	5	6	-33.78973	-20.87394	-854.564
colle_ma21a_f007	ma21a	Forestry	5	6	231.9399	-41.87	-798.4176
colle_ma21a_f008	ma21a	Forestry	5	6	79.69092	-34.85734	-523.4773
colle_ma21a_f009	ma21a	Forestry	5	6	130.0751	-36.85805	-522.4558
\.


--
-- Data for Name: common_blade_battle_skills; Type: TABLE DATA; Schema: xeno2; Owner: poppi
--

COPY xeno2.common_blade_battle_skills (skill, role) FROM stdin;
Persevering Strength	TNK
Persevering Strength	ATK
Persevering Strength	HLR
Mad Warrior	ATK
Life Absorb	ATK
Rage	TNK
Rage	ATK
Rage	HLR
Resist Fire	TNK
Resist Fire	ATK
Resist Fire	HLR
Resist Water	TNK
Resist Water	ATK
Resist Water	HLR
Resist Wind	TNK
Resist Wind	ATK
Resist Wind	HLR
Resist Earth	TNK
Resist Earth	ATK
Resist Earth	HLR
Resist Electric	TNK
Resist Electric	ATK
Resist Electric	HLR
Resist Ice	TNK
Resist Ice	ATK
Resist Ice	HLR
Resist Light	TNK
Resist Light	ATK
Resist Light	HLR
Resist Dark	TNK
Resist Dark	ATK
Resist Dark	HLR
Elemental Mastery	ATK
Elemental Mastery	HLR
Acute Focus	TNK
Streamlined Step	TNK
Streamlined Step	ATK
Streamlined Step	HLR
Back Attack	ATK
Healing Wind	HLR
Challenger	TNK
Challenger	ATK
Challenger	HLR
High-Speed Preparation	TNK
High-Speed Preparation	ATK
High-Speed Preparation	HLR
Counter	TNK
Pinpoint Weakness	ATK
Unrelenting Spirit	TNK
Vital Charge	ATK
Vital Charge	HLR
Damage Spike	TNK
Into the Ground	TNK
Into the Ground	ATK
Into the Ground	HLR
Treasure Sensor	TNK
Treasure Sensor	ATK
Treasure Sensor	HLR
Accelerated Growth	TNK
Accelerated Growth	ATK
Accelerated Growth	HLR
Beast Hunter	TNK
Beast Hunter	ATK
Beast Hunter	HLR
Insect Hunter	TNK
Insect Hunter	ATK
Insect Hunter	HLR
Aerial Hunter	TNK
Aerial Hunter	ATK
Aerial Hunter	HLR
Aquatic Hunter	TNK
Aquatic Hunter	ATK
Aquatic Hunter	HLR
Humanoid Hunter	TNK
Humanoid Hunter	ATK
Humanoid Hunter	HLR
Machine Hunter	TNK
Machine Hunter	ATK
Machine Hunter	HLR
Titan Hunter	TNK
Titan Hunter	ATK
Titan Hunter	HLR
Beast Slayer	ATK
Insect Slayer	ATK
Aerial Slayer	ATK
Aquatic Slayer	ATK
Humanoid Slayer	ATK
Machine Slayer	ATK
Titan Slayer	ATK
Front Attack	TNK
Front Attack	ATK
Front Attack	HLR
Gold Rush	TNK
Gold Rush	ATK
Gold Rush	HLR
Emergency Guard	TNK
Emergency Guard	ATK
Emergency Guard	HLR
Pierce	ATK
Pierce	HLR
Smooth Action	ATK
Smooth Action	HLR
Gentle Touch	ATK
Gentle Touch	HLR
Cloud Conceal	HLR
Flash	TNK
Insulting Flourish	TNK
Attention Grabber	TNK
Glittering Stars	TNK
Prolonged Fight	TNK
Prolonged Fight	ATK
Prolonged Fight	HLR
Rapid Regen	TNK
Movement Recovery	TNK
Movement Recovery	ATK
Movement Recovery	HLR
Potion Keeper	HLR
Tight Space	TNK
Tight Space	ATK
Tight Space	HLR
Natural Guard	TNK
Encourage	TNK
Encourage	ATK
Encourage	HLR
Evasion Aura	TNK
Attack Aura	TNK
Attack Aura	ATK
Attack Aura	HLR
Barrier Aura	HLR
Precision Aura	TNK
Precision Aura	ATK
Precision Aura	HLR
Into the Air	ATK
Into the Air	HLR
Open Space	TNK
Open Space	ATK
Open Space	HLR
Grandarbor's Roots	TNK
Grandarbor's Roots	ATK
Grandarbor's Roots	HLR
Good Balance	TNK
Good Balance	ATK
Good Balance	HLR
Never Fall	TNK
Never Fall	ATK
Immovable	TNK
Immovable	ATK
Immovable	HLR
Ultra Heavy	TNK
Ukemi	TNK
Ukemi	ATK
Ukemi	HLR
Avenger	TNK
Avenger	ATK
Avenger	HLR
Side Attack	ATK
Side Attack	HLR
Swift Strike	TNK
Swift Strike	ATK
Swift Strike	HLR
Target Weakness	ATK
Target Weakness	HLR
Ether Barrier	TNK
Solid	TNK
Physical Barrier	TNK
Silent Strike	TNK
Silent Strike	ATK
Silent Strike	HLR
Vendetta (Common)	TNK
Ultimate Combo	ATK
Weaponsmaster	TNK
Weaponsmaster	ATK
Weaponsmaster	HLR
Slamdown	TNK
Slamdown	ATK
Slamdown	HLR
Orb Master	TNK
Orb Master	ATK
Orb Master	HLR
\.


--
-- Data for Name: common_blade_names; Type: TABLE DATA; Schema: xeno2; Owner: poppi
--

COPY xeno2.common_blade_names (name) FROM stdin;
Aizen
Akatsuki
Akebono
Azai
Arai
Arufumi
Ikazuchi
Ikaruga
Izayoi
Izumo
Ichiro
Ikaku
Ikki
Issen
Inazuma
Ushio
Oryuu
Owashi
Okina
Oboro
Orochi
Kaiden
Kaibyaku
Karkan
Kagemitsu
Kagero
Kazan
Katsumasa
Kanesada
Kanehira
Kanemitsu
Kei
Kijin
Kibitsu
Gokuto
Kirim
Gingar
Kur
Kuzan
Kusanagi
Kurochi
Krogane
Genno
Kouki
Kouru
Kogarashi
Kokras
Gogyo
Kojiro
Kosor
Kotetsu
Kongir
Konjiki
Sakon
Sangar
Shun
Shikiso
Shishi
Shichisei
Shiko
Shippun
Shiden
Shura
Shungen
Shin Mei
Shinra
Jin Rai
Jinryuu
Suro
Sulgar
Seigai
Sysor
Seiten
Seimei
Zeku
Zeno
Sordai
Soten
Sohmei
Shouryu
Sohaya
Taiga
Daiko
Tyzan
Taisei
Tyhei
Tadar
Tsurugi
Tenka
Tenku
Denko
Toshi
Tokka
Hagan
Hakusui
Hakuto
Hayate
Hayabusa
Hanni
Hei
Hiken
Bizen
Hynk
Hideh
Hiden
Bakuya
Huga
Hiryu
Fuwei
Fugetsu
Hukut
Fudor
Hekireki
Bengara
Horoh
Hokuto
Shigan
Mikazuchi
Mizuchi
Mitsukage
Mior
Mu
Mugen
Musashi
Mujo
Musou
Muchika
Murakumo
Murasame
Meikyo
Mejiro
Yago
Yakumo
Yasha
Yata
Yanagi
Yamato
Yuki
Yuzen
Yuso
Yumo
Yoshikiri
Rykiri
Ranmaru
Rikuzen
Ryusei
Ryo
Rogen
Reiki
Roho
Ai
Aui
Auba
Akana
Yoiyami
Asagi
Asai
Aska
Azuki
Atori
Amanei
Amayori
Ayame
Anzu
Koyuki
Kyoka
Isuzu
Ichiku
Iroha
Uzura
Uzuki
Umi
Ema
Orka
Kaeda
Sarasa
Kanami
Kanon
Karin
Karei
Karyn
Kanna
Kiko
Kisaragi
Kiri
Kinsei
Quina
Kuko
Kurumi
Kurenai
Kogoku
Kokutan
Kokuyo
Kokoro
Konoha
Kohana
Kohaku
Sakuya
Sazami
Satsuki
Sango
Shiori
Shigura
Shisui
Shizuku
Shinome
Shinobu
Shimoki
Shussu
Shuraya
Shiranui
Shirayuki
Shirayuri
Shirome
Suiren
Suzu
Suzukaze
Suzuna
Suzuran
Sumira
Tsumugi
Sekirei
Setsuka
Sora
Tamayori
Chigusa
Chidori
Tsugumi
Tsukumi
Zutsuji
Tsubaki
Tsumi
Tsura
Tsuruba
Tomae
Torwa
Nazuna
Natsuki
Nadeshiko
Natori
Ne Ne
Nenoh
Neyuki
Nosuri
Hasu
Hazuki
Hatsuharu
Hatsuyuki
Haruka
Harusa
Haruna
Higana
Hisui
Hinagi
Hinagetsu
Hinata
Hibari
Hibiki
Himawari
Faera
Fubuki
Fuyoshi
Yuzu
Botania
Honoka
Madoka
Mikagami
Mikazuki
Mika
Mikoto
Misaki
Midori
Minazuki
Minami
Minori
Miyuki
Mirei
Mutsuki
Maegi
Mochi
Momiji
Moyoi
Yayoi
Yuka
Yutsuji
Yuna
Yukina
Yukine
Yuzuki
Yura
Yuri
Yomogi
Rania
Rinnia
Lindora
Lin
Ruri
Reika
Rengenne
Wakaba
Utsuwaka
Kai
Kukir
Kuro
Goemon
Koske
Kotar
Goro
Kontro
Sasuke
Shimaru
Shiro
Tamar
Tamon
Tibbi
Chamaru
Tokoto
Totetsu
Baku
Hutar
Pochi
Bonten
Ryta
Riku
\.


--
-- Data for Name: core_materials; Type: TABLE DATA; Schema: xeno2; Owner: poppi
--

COPY xeno2.core_materials (core, material, amount) FROM stdin;
Blade Combo Boost I	Deer Wood	1
Blade Combo Boost I	Puzzletree Wood	1
Blade Combo Boost I	Steel Salmon	1
Blade Combo Boost II	Panda Pansy	2
Blade Combo Boost II	Twinkle Leaf	2
Blade Combo Boost II	Welcome Cactus	2
Blade Combo Boost II	Amber Leaf	1
Blade Combo Boost III	Groove Wood	1
Blade Combo Boost III	Silent Wood	1
Blade Combo Boost III	Foolin' Ivy	1
Blade Combo Boost III	Vinenut	1
Blade Combo Boost IV	Puzzletree Wood	2
Blade Combo Boost IV	Foolin' Ivy	2
Blade Combo Boost IV	Soapberry Box	1
Blade Combo Boost IV	Love Raspberry	1
Blade Combo Boost IV	Missing Tree	1
Blade Combo Boost V	Vermilion Bark	2
Blade Combo Boost V	Insanity Moss	1
Blade Combo Boost V	Elima Leaf	1
Blade Combo Boost V	Minute Mantis	1
Blade Combo Boost V	Missing Tree	1
Blade Combo Boost VI	Leaf Coil	2
Blade Combo Boost VI	Rabbit Diode	1
Blade Combo Boost VI	Grape Spring	1
Blade Combo Boost VI	Vortex Panel	1
Blade Combo Boost VI	Crimson Gear	1
Aggro Attack Up I	Puri Leaf Cabbage	1
Aggro Attack Up I	Spark Cucumber	1
Aggro Attack Up I	Black Pomegranate	1
Aggro Attack Up II	Dusk Bamboo	2
Aggro Attack Up II	Plumage Peach	2
Aggro Attack Up II	Choice Cherry	2
Aggro Attack Up II	Dolphin Carrot	1
Aggro Attack Up III	Love Lemon	1
Aggro Attack Up III	Ice Cabbage	1
Aggro Attack Up III	Deadly Kiwi	1
Aggro Attack Up III	Vinenut	1
Aggro Attack Up IV	Death Mushroom	2
Aggro Attack Up IV	Acid Tomato	2
Aggro Attack Up IV	Cranberry Bell	1
Aggro Attack Up IV	Deadly Kiwi	1
Aggro Attack Up IV	Tarnish Apple	1
Aggro Attack Up V	Death Mushroom	2
Aggro Attack Up V	Dolphin Carrot	1
Aggro Attack Up V	Bright Fig	1
Aggro Attack Up V	Robotic Placoderm	1
Aggro Attack Up V	Amethyst Vanilla	1
Ultimate Shield	Welcome Cactus	2
Ultimate Shield	Killi-Killi Killifish	1
Ultimate Shield	Secret Turf	1
Ultimate Shield	Gravity Rock	1
Ultimate Shield	Vortex Panel	1
Fire Absorb	Scent Stone	2
Fire Absorb	Glutinous Sand	2
Fire Absorb	Lemon Stone	1
Fire Absorb	Throwing Star Rock	1
Fire Absorb	Black Ash	1
Water Absorb	Pinfin	2
Water Absorb	Hedron Stonefish	2
Water Absorb	Horsecrab	1
Water Absorb	Rainbow Slug	1
Water Absorb	Emblazoned Ray	1
Earth Absorb	Vinegar Leaf	2
Earth Absorb	Lightning Stump	2
Earth Absorb	Bronze Wood	2
Earth Absorb	Insanity Moss	1
Earth Absorb	Hide 'n' Creeper	1
Wind Absorb	Shepherd's Purse	2
Wind Absorb	Chain Grass	2
Wind Absorb	Gromrice	1
Wind Absorb	Mookah Flour	1
Wind Absorb	Mystic Dahlia	1
Electric Absorb	Tricky Disc	2
Electric Absorb	Chain-Shot Gear	2
Electric Absorb	Snow Transistor	1
Electric Absorb	Art Core Coil	1
Electric Absorb	Digital Filament	1
Ice Absorb	Puri Leaf Cabbage	2
Ice Absorb	Death Mushroom	2
Ice Absorb	Meaty Carrot	1
Ice Absorb	Cranberry Bell	1
Ice Absorb	Amethyst Vanilla	1
Dark Absorb	Soap Coral	2
Dark Absorb	Mille-Feuille Rock	2
Dark Absorb	Ripple Stone	1
Dark Absorb	Shell Rock	1
Dark Absorb	Dragon Incense	1
Light Absorb	Chain-Shot Gear	2
Light Absorb	White Cover	2
Light Absorb	Grape Spring	1
Light Absorb	Rabbit Diode	1
Light Absorb	Strong Screw	1
Swift Evasion I	Armored Centipede	1
Swift Evasion I	Wet Rat	1
Swift Evasion I	Blue Ladybird	1
Swift Evasion II	Pilehorn Rhino Beetle	2
Swift Evasion II	Fan Skink	2
Swift Evasion II	Digging Sandfly	2
Swift Evasion II	Mystery Firefly	1
Swift Evasion III	Gleambug	1
Swift Evasion III	Watering Spider	1
Swift Evasion III	Luckroach	1
Swift Evasion III	Sworlbug	1
Swift Evasion IV	Fan Skink	2
Swift Evasion IV	Giant Stag Beetle	2
Swift Evasion IV	Wet Rat	1
Swift Evasion IV	Fire Tarantula	1
Swift Evasion IV	Benign Cricket	1
Swift Evasion V	Tartan Ladybird	2
Swift Evasion V	Rainbow Bug	1
Swift Evasion V	Beelze Mosquito	1
Swift Evasion V	Abyss Heather	1
Swift Evasion V	Minute Mantis	1
Arts Heal I	Moonbeam Banana	1
Arts Heal I	Hustle Hyacinth	1
Arts Heal I	Puri Leaf Cabbage	1
Arts Heal II	Binding Roots	2
Arts Heal II	Welcome Cactus	2
Arts Heal II	Breath Charcoal	2
Arts Heal II	Fusty Fungus	1
Arts Heal III	Love Lemon	1
Arts Heal III	Ice Cabbage	1
Arts Heal III	Belloat Grass	1
Arts Heal III	Whisper Tomato	1
Arts Heal IV	Puri Leaf Cabbage	2
Arts Heal IV	Ice Cabbage	2
Arts Heal IV	Ruby Mangosteen	1
Arts Heal IV	Whisper Tomato	1
Arts Heal IV	Tarnish Apple	1
Arts Heal V	Acid Tomato	2
Arts Heal V	Ruby Mangosteen	1
Arts Heal V	Starry Persimmon	1
Arts Heal V	Love Beetle	1
Arts Heal V	Tarnish Apple	1
Movement Heal I	Crystal Camellia	1
Movement Heal I	Doomsday Poppy	1
Movement Heal I	Melosian Honey	1
Movement Heal II	Sunset Clover	2
Movement Heal II	Jellyfish Balsam	2
Movement Heal II	Beautiful Shoot	2
Movement Heal II	Mysteroe	1
Movement Heal III	Wisteria Bud	1
Movement Heal III	Chain Grass	1
Movement Heal III	Bellflower Crystal	1
Movement Heal III	Linka Honey	1
Movement Heal IV	Secret Turf	1
Movement Heal IV	Delerium Foxglove	2
Movement Heal IV	Belloat Grass	1
Movement Heal IV	Gloomy Pitcher Plant	1
Movement Heal IV	Mystic Dahlia	1
Movement Heal V	Jujube Silver	2
Movement Heal V	Gloomy Pitcher Plant	1
Movement Heal V	Linka Honey	1
Movement Heal V	Speckled Whalefish	1
Movement Heal V	Lewisia Silver	1
Damage Heal I	Forrestone	1
Damage Heal I	Dicy Stone	1
Damage Heal I	Fancy Bolt	1
Damage Heal II	Blue Ladybird	2
Damage Heal II	Scent Stone	2
Damage Heal II	Nitrotoluite	2
Damage Heal II	Cubic Diamond	1
Damage Heal III	Siren Nut	1
Damage Heal III	Wavelet Stone	1
Damage Heal III	Lemon Stone	1
Damage Heal III	Shell Rock	1
Damage Heal IV	Hezodron Petra	2
Damage Heal IV	Rubble Gem	2
Damage Heal IV	Platinatriumarine	1
Damage Heal IV	Icicle Marine	1
Damage Heal IV	Rainbow Crystal	1
Damage Heal V	Charcoal Cube	2
Damage Heal V	Dilemma Rock	1
Damage Heal V	Pione Stone	1
Damage Heal V	Robotic Placoderm	1
Damage Heal V	Rainbow Crystal	1
Telepathy I	Zigzag Shaft	1
Telepathy I	Helix Tube	1
Telepathy I	Bully Tuna	1
Telepathy II	Iron Seedling	2
Telepathy II	Groove Wood	2
Telepathy II	Whirlpool Plate	2
Telepathy II	Snow Transistor	1
Telepathy III	Tail Antenna	1
Telepathy III	Dynamo Turbine	1
Telepathy III	Blue Gear Shard	1
Telepathy III	Beelze Mosquito	1
Telepathy IV	Rumble Part	2
Telepathy IV	Gunmetal Bolt	2
Telepathy IV	Snow Transistor	1
Telepathy IV	Gold Condenser	1
Telepathy IV	Android Gear	1
Telepathy V	Chain-Shot Gear	2
Telepathy V	Winding Gear	1
Telepathy V	Fairy-Tale Belt Pulley	1
Telepathy V	Benign Cricket	1
Telepathy V	Vortex Panel	1
Affinity MAX Evade I	Pearl Lobster	1
Affinity MAX Evade I	Marriage Bluegill	1
Affinity MAX Evade I	Argentum Monkfish	1
Affinity MAX Evade II	Flying Flounder	2
Affinity MAX Evade II	Tender Shark	2
Affinity MAX Evade II	Pinfin	2
Affinity MAX Evade II	Mysteroe	1
Affinity MAX Evade III	Fragrant Shrimp	1
Affinity MAX Evade III	Horned Bonytongue	1
Affinity MAX Evade III	Chandelier Monkfish	1
Affinity MAX Evade III	Horsecrab	1
Affinity MAX Evade IV	Poison Flash	2
Affinity MAX Evade IV	Hedron Stonefish	2
Affinity MAX Evade IV	Lazy Crayfish	1
Affinity MAX Evade IV	Bipedal Crab	1
Affinity MAX Evade IV	Trippy Catfish	1
Affinity MAX Evade V	Necromanta Ray	2
Affinity MAX Evade V	Horsecrab	1
Affinity MAX Evade V	Noughtilus	1
Affinity MAX Evade V	Warning Lamp	1
Affinity MAX Evade V	Robotic Placoderm	1
Fast Blade Switch I	Rumble Part	1
Fast Blade Switch I	Jungle Frame	1
Fast Blade Switch I	Shepherd's Purse	1
Fast Blade Switch II	Helix Tube	2
Fast Blade Switch II	Snow Ring	2
Fast Blade Switch II	Locust Spring	2
Fast Blade Switch II	Fancy Bolt	2
Fast Blade Switch III	Bird Chip	1
Fast Blade Switch III	White Cover	1
Fast Blade Switch III	Snow Transistor	1
Fast Blade Switch III	Fairy-Tale Belt Pulley	1
Fast Blade Switch IV	Bird Chip	2
Fast Blade Switch IV	Siren Nut	2
Fast Blade Switch IV	Fairy-Tale Belt Pulley	1
Fast Blade Switch IV	Grape Spring	1
Fast Blade Switch IV	Golden Cog	1
Fast Blade Switch V	Green Diode	2
Fast Blade Switch V	Grape Spring	1
Fast Blade Switch V	Screw Coil	1
Fast Blade Switch V	Confusion Ivy	1
Fast Blade Switch V	Robotic Placoderm	1
Fast Blade Switch VI	Magmalachite	2
Fast Blade Switch VI	Salty Soil	1
Fast Blade Switch VI	Cubic Diamond	1
Fast Blade Switch VI	Black Ash	1
Fast Blade Switch VI	Gravity Rock	1
Specials Lv 3 Plus I	Mille-Feuille Rock	1
Specials Lv 3 Plus I	Tricolor Rock	1
Specials Lv 3 Plus I	Forrestone	1
Specials Lv 3 Plus II	Chain-Shot Gear	2
Specials Lv 3 Plus II	Nitrotoluite	2
Specials Lv 3 Plus II	Charged Elbaite	2
Specials Lv 3 Plus II	Maple Bite	1
Specials Lv 3 Plus III	Addam's Tear	1
Specials Lv 3 Plus III	Frozen Sapphire	1
Specials Lv 3 Plus III	Magnet Clay	1
Specials Lv 3 Plus III	Emerald Snow	1
Specials Lv 3 Plus IV	Magmalachite	2
Specials Lv 3 Plus IV	Slime Rock	2
Specials Lv 3 Plus IV	Salty Soil	1
Specials Lv 3 Plus IV	Digidigite	1
Specials Lv 3 Plus IV	Dragon Incense	1
Specials Lv 3 Plus V	Abyss Metal	2
Specials Lv 3 Plus V	Ripple Stone	1
Specials Lv 3 Plus V	Throwing Star Rock	1
Specials Lv 3 Plus V	Minute Mantis	1
Specials Lv 3 Plus V	Dragon Incense	1
Specials Lv 4 Plus I	Fancy Bolt	1
Specials Lv 4 Plus I	Jungle Frame	1
Specials Lv 4 Plus I	Mille-Feuille Rock	1
Specials Lv 4 Plus II	Dusk Bamboo	2
Specials Lv 4 Plus II	Snake Joint	2
Specials Lv 4 Plus II	Siren Nut	2
Specials Lv 4 Plus II	Rabbit Diode	1
Specials Lv 4 Plus III	Cyber Spoon	1
Specials Lv 4 Plus III	Dynamo Turbine	1
Specials Lv 4 Plus III	Magnet Clay	1
Specials Lv 4 Plus III	Tail Antenna	1
Specials Lv 4 Plus IV	Cyber Spoon	2
Specials Lv 4 Plus IV	Dynamo Turbine	2
Specials Lv 4 Plus IV	Screw Coil	1
Specials Lv 4 Plus IV	Dark Gray Spring	1
Specials Lv 4 Plus IV	Warning Lamp	1
Specials Lv 4 Plus V	Modern Resistor	2
Specials Lv 4 Plus V	Gold Condenser	1
Specials Lv 4 Plus V	Art Core Coil	1
Specials Lv 4 Plus V	Mystic Dahlia	1
Specials Lv 4 Plus V	Glory Angler	1
Aggro Attack Up VI	Death Mushroom	2
Aggro Attack Up VI	Dolphin Carrot	2
Aggro Attack Up VI	Bright Fig	1
Aggro Attack Up VI	Robotic Placoderm	1
Aggro Attack Up VI	Amethyst Vanilla	1
Swift Evasion VI	Tartan Ladybird	2
Swift Evasion VI	Rainbow Bug	2
Swift Evasion VI	Beelze Mosquito	1
Swift Evasion VI	Abyss Heather	1
Swift Evasion VI	Minute Mantis	1
Arts Heal VI	Acid Tomato	2
Arts Heal VI	Ruby Mangosteen	2
Arts Heal VI	Starry Persimmon	1
Arts Heal VI	Love Beetle	1
Arts Heal VI	Tarnish Apple	1
Movement Heal VI	Jujube Silver	2
Movement Heal VI	Gloomy Pitcher Plant	2
Movement Heal VI	Linka Honey	1
Movement Heal VI	Speckled Whalefish	1
Movement Heal VI	Lewisia Silver	1
Damage Heal VI	Charcoal Cube	2
Damage Heal VI	Dilemma Rock	2
Damage Heal VI	Pione Stone	1
Damage Heal VI	Robotic Placoderm	1
Damage Heal VI	Rainbow Crystal	1
Affinity MAX Evade VI	Necromanta Ray	2
Affinity MAX Evade VI	Horsecrab	2
Affinity MAX Evade VI	Noughtilus	1
Affinity MAX Evade VI	Warning Lamp	1
Affinity MAX Evade VI	Robotic Placoderm	1
Specials Lv 3 Plus VI	Abyss Metal	2
Specials Lv 3 Plus VI	Ripple Stone	2
Specials Lv 3 Plus VI	Throwing Star Rock	1
Specials Lv 3 Plus VI	Minute Mantis	1
Specials Lv 3 Plus VI	Dragon Incense	1
Specials Lv 4 Plus VI	Modern Resistor	2
Specials Lv 4 Plus VI	Gold Condenser	2
Specials Lv 4 Plus VI	Art Core Coil	1
Specials Lv 4 Plus VI	Mystic Dahlia	1
Specials Lv 4 Plus VI	Glory Angler	1
\.


--
-- Data for Name: cores; Type: TABLE DATA; Schema: xeno2; Owner: poppi
--

COPY xeno2.cores (name, caption, unrefined_sell_price, refined_sell_price, rarity, material_type, material_amount) FROM stdin;
Critical Up II	263	1800	2300	Common	Common	8
Critical Up III	264	2800	3600	Rare	Rare	3
Critical Up IV	265	3500	4600	Rare	Rare	6
Physical Defense Up I	268	700	900	Common	Common	4
Physical Defense Up II	269	1900	2500	Common	Common	8
Physical Defense Up III	270	3100	4000	Rare	Rare	3
Physical Defense Up IV	271	5200	6800	Rare	Rare	6
Physical Defense Up V	272	5700	7400	Legendary	Legendary	2
Ether Defense Up I	274	1000	1300	Common	Common	4
Ether Defense Up II	275	2700	3500	Common	Common	8
Ether Defense Up III	276	4200	5500	Rare	Rare	3
Ether Defense Up IV	277	5200	6800	Rare	Rare	6
Ether Defense Up V	278	5700	7400	Legendary	Legendary	2
Block Rate Up I	280	800	900	Common	Ore	3
Block Rate Up II	281	2200	2400	Common	Ore	6
Block Rate Up III	282	3500	3900	Rare	Ore	9
Block Rate Up IV	283	4300	4700	Rare	Ore	12
Block Rate Up V	284	4700	5200	Legendary	Ore	15
Beast Hunter I	286	500	600	Common	Insect	3
Beast Hunter II	287	1300	1400	Common	Insect	6
Beast Hunter III	288	2100	2300	Rare	Insect	9
Beast Hunter IV	289	2600	2900	Rare	Insect	12
Insect Hunter I	292	300	300	Common	Flower	3
Insect Hunter II	293	900	1000	Common	Flower	6
Insect Hunter III	294	1600	1800	Rare	Flower	9
Insect Hunter IV	295	2100	2300	Rare	Flower	12
Insect Hunter V	296	2800	3100	Legendary	Flower	15
Aerial Hunter I	298	500	600	Common	Fish	3
Aerial Hunter II	299	1300	1400	Common	Fish	6
Aerial Hunter III	300	2100	2300	Rare	Fish	9
Aerial Hunter IV	301	2600	2900	Rare	Fish	12
Aerial Hunter V	302	2800	3100	Legendary	Fish	15
Aquatic Hunter I	304	300	300	Common	Tree	3
Aquatic Hunter II	305	900	1000	Common	Tree	6
Aquatic Hunter III	306	1600	1800	Rare	Tree	9
Aquatic Hunter IV	307	2100	2300	Rare	Tree	12
Aquatic Hunter V	308	2800	3100	Legendary	Tree	15
Humanoid Hunter I	310	500	600	Common	Vegetable	3
Humanoid Hunter III	312	2100	2300	Rare	Vegetable	9
Humanoid Hunter IV	313	2600	2900	Rare	Vegetable	12
Humanoid Hunter V	314	2800	3100	Legendary	Vegetable	15
Machine Hunter I	316	300	300	Common	Mechanical	3
Machine Hunter II	317	900	1000	Common	Mechanical	6
Machine Hunter III	318	1600	1800	Rare	Mechanical	9
Machine Hunter IV	319	2100	2300	Rare	Mechanical	12
Machine Hunter V	320	2800	3100	Legendary	Mechanical	15
Titan Hunter I	322	300	300	Common	Tree	3
Titan Hunter II	323	900	1000	Common	Tree	6
Titan Hunter III	324	1600	1800	Rare	Tree	9
Titan Hunter IV	325	2100	2300	Rare	Tree	12
Titan Hunter V	326	2800	3100	Legendary	Tree	15
Blade Combo Boost I	328	1000	1500	Common	Specific	0
Blade Combo Boost II	329	2700	4100	Common	Specific	0
Blade Combo Boost III	330	4200	6300	Rare	Specific	0
Blade Combo Boost IV	331	5200	7800	Rare	Specific	0
Blade Combo Boost V	332	5700	8600	Legendary	Specific	0
Fusion Combo Up I	334	400	500	Common	Common	4
Fusion Combo Up II	335	1300	1700	Common	Common	8
Fusion Combo Up III	336	2100	2700	Rare	Rare	3
Fusion Combo Up IV	337	3500	4600	Rare	Rare	6
Fusion Combo Up V	338	3800	4900	Legendary	Legendary	2
Ambush Boost I	340	300	300	Common	Insect	3
Ambush Boost II	341	900	1000	Common	Insect	6
Ambush Boost III	342	1400	1500	Rare	Insect	9
Ambush Boost IV	343	1700	1900	Rare	Insect	12
Ambush Boost V	344	1900	2100	Legendary	Insect	15
Reflect Immunity	350	1900	2100	Legendary	Fish	15
Aggro Attack Up I	351	1000	1500	Common	Specific	0
Aggro Attack Up II	352	2700	4100	Common	Specific	0
Aggro Attack Up III	353	4200	6300	Rare	Specific	0
Aggro Attack Up IV	354	5200	7800	Rare	Specific	0
Aggro Attack Up V	355	5700	8600	Legendary	Specific	0
Indoor Attack Up I	357	300	300	Common	Insect	3
Indoor Attack Up II	358	900	1000	Common	Insect	6
Indoor Attack Up III	359	1600	1800	Rare	Insect	9
Indoor Attack Up IV	360	2600	2900	Rare	Insect	12
Outdoor Attack Up I	363	500	600	Common	Tree	3
Outdoor Attack Up II	364	1300	1400	Common	Tree	6
Outdoor Attack Up III	365	2100	2300	Rare	Tree	9
Outdoor Attack Up IV	366	2600	2900	Rare	Tree	12
Outdoor Attack Up V	367	2800	3100	Legendary	Tree	15
Fire Def Up I	369	400	400	Common	Ore	3
Fire Def Up II	370	1300	1400	Common	Ore	6
Fire Def Up III	371	2100	2300	Rare	Ore	9
Fire Def Up IV	372	2800	3100	Rare	Ore	12
Fire Def Up V	373	3500	3900	Legendary	Ore	15
Water Def Up I	375	400	400	Common	Fish	3
Water Def Up II	376	1300	1400	Common	Fish	6
Water Def Up III	377	2100	2300	Rare	Fish	9
Water Def Up IV	378	2800	3100	Rare	Fish	12
Water Def Up V	379	3500	3900	Legendary	Fish	15
Earth Def Up I	387	400	400	Common	Tree	3
Earth Def Up II	388	1300	1400	Common	Tree	6
Earth Def Up III	389	2100	2300	Rare	Tree	9
Earth Def Up IV	390	2800	3100	Rare	Tree	12
Earth Def Up V	391	3500	3900	Legendary	Tree	15
Wind Def Up II	382	1300	1400	Common	Flower	6
Wind Def Up III	383	2100	2300	Rare	Flower	9
Wind Def Up IV	384	2800	3100	Rare	Flower	12
Wind Def Up V	385	3500	3900	Legendary	Flower	15
Electric Def Up I	393	400	400	Common	Mechanical	3
Electric Def Up II	394	1300	1400	Common	Mechanical	6
Electric Def Up III	395	2100	2300	Rare	Mechanical	9
Electric Def Up IV	396	2800	3100	Rare	Mechanical	12
Electric Def Up V	397	3500	3900	Legendary	Mechanical	15
Ice Def Up I	399	400	400	Common	Vegetable	3
Ice Def Up II	400	1300	1400	Common	Vegetable	6
Ice Def Up IV	402	2800	3100	Rare	Vegetable	12
Ice Def Up V	403	3500	3900	Legendary	Vegetable	15
Dark Def Up I	411	400	400	Common	Ore	3
Dark Def Up II	412	1300	1400	Common	Ore	6
Dark Def Up III	413	2100	2300	Rare	Ore	9
Dark Def Up IV	414	2800	3100	Rare	Ore	12
Light Def Up I	405	400	400	Common	Mechanical	3
Light Def Up II	406	1300	1400	Common	Mechanical	6
Light Def Up III	407	2100	2300	Rare	Mechanical	9
Light Def Up IV	408	2800	3100	Rare	Mechanical	12
Light Def Up V	409	3500	3900	Legendary	Mechanical	15
Ultimate Shield	417	4200	6300	Legendary	Specific	0
Fire Absorb	418	3500	5300	Legendary	Specific	0
Water Absorb	419	3500	5300	Legendary	Specific	0
Earth Absorb	421	3500	5300	Legendary	Specific	0
Wind Absorb	420	3500	5300	Legendary	Specific	0
Electric Absorb	422	3500	5300	Legendary	Specific	0
Ice Absorb	423	3500	5300	Legendary	Specific	0
Dark Absorb	425	3500	5300	Legendary	Specific	0
Light Absorb	424	3500	5300	Legendary	Specific	0
Water Reflect	427	3800	4900	Legendary	Legendary	2
Earth Reflect	429	3800	4900	Legendary	Legendary	2
Wind Reflect	428	3800	4900	Legendary	Legendary	2
Electric Reflect	430	3800	4900	Legendary	Legendary	2
Ice Reflect	431	3800	4900	Legendary	Legendary	2
Dark Reflect	433	3800	4900	Legendary	Legendary	2
Light Reflect	432	3800	4900	Legendary	Legendary	2
Evasion Focus I	434	700	900	Common	Common	4
Evasion Focus II	435	1300	1700	Common	Common	8
Evasion Focus III	436	2100	2700	Rare	Rare	3
Evasion Focus IV	437	3500	4600	Rare	Rare	6
Evasion Focus V	438	3800	4900	Legendary	Legendary	2
Swift Evasion I	440	700	1100	Common	Specific	0
Swift Evasion II	441	1800	2700	Common	Specific	0
Swift Evasion III	442	2800	4200	Rare	Specific	0
Swift Evasion IV	443	3500	5300	Rare	Specific	0
Swift Evasion V	444	3800	5700	Legendary	Specific	0
Emergency Guard I	446	400	400	Common	Flower	3
Emergency Guard III	448	2100	2300	Rare	Flower	9
Emergency Guard IV	449	3500	3900	Rare	Flower	12
Emergency Guard V	450	3800	4200	Legendary	Flower	15
Endurance I	452	700	900	Common	Common	4
Endurance II	453	1800	2300	Common	Common	8
Endurance III	454	2800	3600	Rare	Rare	3
Endurance IV	455	3500	4600	Rare	Rare	6
Endurance V	456	3800	4900	Legendary	Legendary	2
HP Attack Boost I	458	700	900	Common	Common	4
HP Attack Boost II	459	1300	1700	Common	Common	8
HP Attack Boost III	460	2100	2700	Rare	Rare	3
HP Attack Boost IV	461	3500	4600	Rare	Rare	6
HP Attack Boost V	462	3800	4900	Legendary	Legendary	2
Spike Defense I	464	700	800	Common	Vegetable	3
Spike Defense II	465	1800	2000	Common	Vegetable	6
Spike Defense III	466	2800	3100	Rare	Vegetable	9
Spike Defense IV	467	3500	3900	Rare	Vegetable	12
Spike Defense V	468	3800	4200	Legendary	Vegetable	15
Break Resist I	469	900	1200	Common	Common	4
Break Resist II	470	2500	3300	Common	Common	8
Break Resist IV	472	6900	9000	Rare	Rare	6
Break Resist V	473	7600	9900	Legendary	Legendary	2
Topple Resist I	475	1200	1600	Common	Common	4
Topple Resist II	476	3100	4000	Common	Common	8
Topple Resist III	477	4900	6400	Rare	Rare	3
Topple Resist IV	478	6000	7800	Rare	Rare	6
Topple Resist V	479	6600	8600	Legendary	Legendary	2
Launch Resist I	481	700	900	Common	Common	4
Launch Resist II	482	1900	2500	Common	Common	8
Launch Resist III	483	3100	4000	Rare	Rare	3
Launch Resist IV	484	5200	6800	Rare	Rare	6
Launch Resist V	485	5700	7400	Legendary	Legendary	2
Smash Resist I	487	700	900	Common	Common	4
Smash Resist II	488	1800	2300	Common	Common	8
Smash Resist III	489	2800	3600	Rare	Rare	3
Smash Resist IV	490	3500	4600	Rare	Rare	6
Blowdown Resist I	493	300	400	Common	Common	4
Blowdown Resist II	494	900	1200	Common	Common	8
Blowdown Resist III	495	1600	2100	Rare	Rare	3
Blowdown Resist IV	496	2600	3400	Rare	Rare	6
Blowdown Resist V	497	2800	3600	Legendary	Legendary	2
Knockback Resist I	499	500	700	Common	Common	4
Knockback Resist II	500	1300	1700	Common	Common	8
Knockback Resist III	501	2100	2700	Rare	Rare	3
Knockback Resist IV	502	2600	3400	Rare	Rare	6
Knockback Resist V	503	2800	3600	Legendary	Legendary	2
Annul Resist I	505	300	300	Common	Fish	3
Annul Resist II	506	900	1000	Common	Fish	6
Annul Resist III	507	1600	1800	Rare	Fish	9
Annul Resist IV	508	2600	2900	Rare	Fish	12
Annul Resist V	509	2800	3100	Legendary	Fish	15
Shackle Blade Resist I	661	700	800	Common	Flower	3
Shackle Blade Resist III	663	2800	3100	Rare	Flower	9
Shackle Blade Resist IV	664	3500	3900	Rare	Flower	12
Shackle Blade Resist V	665	3800	4200	Legendary	Flower	15
Auto-Attack Stealth I	510	700	900	Common	Common	4
Auto-Attack Stealth II	511	1900	2500	Common	Common	8
Auto-Attack Stealth III	512	3100	4000	Rare	Rare	3
Auto-Attack Stealth IV	513	5200	6800	Rare	Rare	6
Auto-Attack Stealth V	514	5700	7400	Legendary	Legendary	2
Aggro Boost I	516	1000	1300	Common	Common	4
Aggro Boost II	517	2700	3500	Common	Common	8
Aggro Boost III	518	4200	5500	Rare	Rare	3
Aggro Boost IV	519	5200	6800	Rare	Rare	6
Aggro Boost V	520	5700	7400	Legendary	Legendary	2
Arts Stealth I	522	700	900	Common	Common	4
Arts Stealth II	523	1900	2500	Common	Common	8
Arts Stealth III	524	3100	4000	Rare	Rare	3
Arts Stealth IV	525	5200	6800	Rare	Rare	6
Arts Aggro Boost I	528	1000	1300	Common	Common	4
Arts Aggro Boost II	529	2700	3500	Common	Common	8
Arts Aggro Boost III	530	4200	5500	Rare	Rare	3
Arts Aggro Boost IV	531	5200	6800	Rare	Rare	6
Arts Aggro Boost V	532	5700	7400	Legendary	Legendary	2
Arts Heal I	534	500	800	Common	Specific	0
Arts Heal II	535	1600	2400	Common	Specific	0
Arts Heal IV	537	4300	6500	Rare	Specific	0
Arts Heal V	538	4700	7100	Legendary	Specific	0
Movement Heal I	540	700	1100	Common	Specific	0
Movement Heal II	541	1800	2700	Common	Specific	0
Movement Heal III	542	2800	4200	Rare	Specific	0
Movement Heal IV	543	3500	5300	Rare	Specific	0
Movement Heal V	544	3800	5700	Legendary	Specific	0
Damage Heal I	546	500	800	Common	Specific	0
Damage Heal II	547	1600	2400	Common	Specific	0
Damage Heal III	548	2600	3900	Rare	Specific	0
Damage Heal IV	549	4300	6500	Rare	Specific	0
Damage Heal V	550	4700	7100	Legendary	Specific	0
Night Vision I	552	300	300	Common	Insect	3
Night Vision II	553	900	1000	Common	Insect	6
Night Vision III	554	1400	1500	Rare	Insect	9
Night Vision IV	555	1700	1900	Rare	Insect	12
Sunlight Eye I	558	200	200	Common	Tree	3
Sunlight Eye II	559	600	700	Common	Tree	6
Sunlight Eye III	560	1000	1100	Rare	Tree	9
Sunlight Eye IV	561	1700	1900	Rare	Tree	12
Sunlight Eye V	562	1900	2100	Legendary	Tree	15
Reflect Damage Up I	564	300	400	Common	Common	4
Reflect Damage Up II	565	900	1200	Common	Common	8
Reflect Damage Up III	566	1400	1800	Rare	Rare	3
Reflect Damage Up IV	567	1700	2200	Rare	Rare	6
Reflect Damage Up V	568	1900	2500	Legendary	Legendary	2
Range Boost Up I	570	300	300	Common	Flower	3
Range Boost Up II	571	900	1000	Common	Flower	6
Range Boost Up III	572	1600	1800	Rare	Flower	9
Range Boost Up IV	573	2600	2900	Rare	Flower	12
Range Boost Up V	574	2800	3100	Legendary	Flower	15
Opening Art I	575	200	200	Common	Fish	3
Opening Art II	576	600	700	Common	Fish	6
Opening Art III	577	1000	1100	Rare	Fish	9
Opening Art V	579	1900	2100	Legendary	Fish	15
Telepathy I	581	700	1100	Common	Specific	0
Telepathy II	582	1800	2700	Common	Specific	0
Telepathy III	583	2800	4200	Rare	Specific	0
Telepathy IV	584	3500	5300	Rare	Specific	0
Telepathy V	585	3800	5700	Legendary	Specific	0
Helping Hand I	586	400	500	Common	Common	4
Helping Hand II	587	1300	1700	Common	Common	8
Helping Hand III	588	2100	2700	Rare	Rare	3
Helping Hand IV	589	3500	4600	Rare	Rare	6
Helping Hand V	590	3800	4900	Legendary	Legendary	2
Affinity MAX Barrier I	591	500	600	Common	Vegetable	3
Affinity MAX Barrier III	593	2100	2300	Rare	Vegetable	9
Affinity MAX Barrier IV	594	2600	2900	Rare	Vegetable	12
Affinity MAX Barrier V	595	2800	3100	Legendary	Vegetable	15
Affinity MAX Atk I	597	700	900	Common	Common	4
Affinity MAX Atk II	598	1900	2500	Common	Common	8
Affinity MAX Atk III	599	3100	4000	Rare	Rare	3
Affinity MAX Atk IV	600	5200	6800	Rare	Rare	6
Affinity MAX Atk V	601	5700	7400	Legendary	Legendary	2
Affinity MAX Evade I	603	1000	1500	Common	Specific	0
Affinity MAX Evade II	604	2700	4100	Common	Specific	0
Affinity MAX Evade III	605	4200	6300	Rare	Specific	0
Affinity MAX Evade IV	606	5200	7800	Rare	Specific	0
Affinity MAX Evade V	607	5700	8600	Legendary	Specific	0
Hunter's Chemistry I	609	300	300	Common	Vegetable	3
Hunter's Chemistry II	610	900	1000	Common	Vegetable	6
Hunter's Chemistry III	611	1600	1800	Rare	Vegetable	9
Hunter's Chemistry IV	612	2600	2900	Rare	Vegetable	12
Hunter's Chemistry V	613	2800	3100	Legendary	Vegetable	15
Shoulder to Shoulder I	614	500	600	Common	Flower	3
Shoulder to Shoulder II	615	1300	1400	Common	Flower	6
Shoulder to Shoulder III	616	2100	2300	Rare	Flower	9
Shoulder to Shoulder IV	617	2600	2900	Rare	Flower	12
Fast Blade Switch I	619	900	1400	Common	Specific	0
Fast Blade Switch II	620	2500	3800	Common	Specific	0
Fast Blade Switch III	621	4200	6300	Rare	Specific	0
Fast Blade Switch IV	622	6900	10400	Rare	Specific	0
Fast Blade Switch V	623	7600	11400	Legendary	Specific	0
Fast Blade Switch VI	624	8400	12600	Legendary	Specific	0
Specials Lv 1 Plus I	625	700	800	Common	Vegetable	3
Specials Lv 1 Plus II	626	1800	2000	Common	Vegetable	6
Specials Lv 1 Plus III	627	2800	3100	Rare	Vegetable	9
Specials Lv 1 Plus IV	628	3500	3900	Rare	Vegetable	12
Specials Lv 1 Plus V	629	3800	4200	Legendary	Vegetable	15
Specials Lv 2 Plus I	631	700	900	Common	Common	4
Specials Lv 2 Plus II	632	1800	2300	Common	Common	8
Specials Lv 2 Plus III	633	2800	3600	Rare	Rare	3
Specials Lv 2 Plus IV	634	3500	4600	Rare	Rare	6
Specials Lv 2 Plus V	635	3800	4900	Legendary	Legendary	2
Specials Lv 3 Plus I	637	700	1100	Common	Specific	0
Specials Lv 3 Plus II	638	1800	2700	Common	Specific	0
Specials Lv 3 Plus III	639	2800	4200	Rare	Specific	0
Specials Lv 3 Plus IV	640	3500	5300	Rare	Specific	0
Specials Lv 4 Plus I	643	700	1100	Common	Specific	0
Specials Lv 4 Plus II	644	1800	2700	Common	Specific	0
Specials Lv 4 Plus III	645	2800	4200	Rare	Specific	0
Specials Lv 4 Plus IV	646	3500	5300	Rare	Specific	0
Specials Lv 4 Plus V	647	3800	5700	Legendary	Specific	0
Affinity MAX Acc I	649	800	1000	Common	Common	4
Affinity MAX Acc II	650	2200	2900	Common	Common	8
Affinity MAX Acc III	651	3500	4600	Rare	Rare	3
Affinity MAX Acc IV	652	4300	5600	Rare	Rare	6
Critical Up I	262	700	900	Common	Common	4
Critical Up V	266	3800	4900	Legendary	Legendary	2
Beast Hunter V	290	2800	3100	Legendary	Insect	15
Humanoid Hunter II	311	1300	1400	Common	Vegetable	6
Blade Combo Boost VI	333	6300	9500	Legendary	Specific	0
Indoor Attack Up V	361	2800	3100	Legendary	Insect	15
Wind Def Up I	381	400	400	Common	Flower	3
Ice Def Up III	401	2100	2300	Rare	Vegetable	9
Dark Def Up V	415	3500	3900	Legendary	Ore	15
Fire Reflect	426	3800	4900	Legendary	Legendary	2
Emergency Guard II	447	1300	1400	Common	Flower	6
Break Resist III	471	4200	5500	Rare	Rare	3
Smash Resist V	491	3800	4900	Legendary	Legendary	2
Shackle Blade Resist II	662	1800	2000	Common	Flower	6
Arts Stealth V	526	5700	7400	Legendary	Legendary	2
Arts Heal III	536	2600	3900	Rare	Specific	0
Night Vision V	556	1900	2100	Legendary	Insect	15
Opening Art IV	578	1700	1900	Rare	Fish	12
Affinity MAX Barrier II	592	1300	1400	Common	Vegetable	6
Shoulder to Shoulder V	618	2800	3100	Legendary	Flower	15
Specials Lv 3 Plus V	641	3800	5700	Legendary	Specific	0
Affinity MAX Acc V	653	4700	6100	Legendary	Legendary	2
Jamming I	655	400	500	Common	Common	4
Jamming II	656	1300	1700	Common	Common	8
Jamming III	657	2100	2700	Rare	Rare	3
Jamming IV	658	3500	4600	Rare	Rare	6
Jamming V	659	3800	4900	Legendary	Legendary	2
Element Orb Ender	666	2700	3500	Rare	Common	8
Element Orb Prioritizer	667	1400	1500	Common	Mechanical	3
Critical Up VI	267	4800	6200	Legendary	Legendary	3
Physical Defense Up VI	273	7100	9200	Legendary	Legendary	3
Ether Defense Up VI	279	7100	9200	Legendary	Legendary	3
Block Rate Up VI	285	5900	6500	Legendary	Ore	18
Beast Hunter VI	291	3500	3900	Legendary	Insect	18
Insect Hunter VI	297	3500	3900	Legendary	Flower	18
Aerial Hunter VI	303	3500	3900	Legendary	Fish	18
Aquatic Hunter VI	309	3500	3900	Legendary	Tree	18
Humanoid Hunter VI	315	3500	3900	Legendary	Vegetable	18
Machine Hunter VI	321	3500	3900	Legendary	Mechanical	18
Titan Hunter VI	327	3500	3900	Legendary	Tree	18
Fusion Combo Up VI	339	4800	6200	Legendary	Legendary	3
Ambush Boost VI	345	2400	2600	Legendary	Insect	18
Aggro Attack Up VI	356	7100	10700	Legendary	Specific	0
Indoor Attack Up VI	362	3500	3900	Legendary	Insect	18
Outdoor Attack Up VI	368	3500	3900	Legendary	Tree	18
Fire Def Up VI	374	4400	4800	Legendary	Ore	18
Water Def Up VI	380	4400	4800	Legendary	Fish	18
Wind Def Up VI	386	4400	4800	Legendary	Flower	18
Earth Def Up VI	392	4400	4800	Legendary	Tree	18
Electric Def Up VI	398	4400	4800	Legendary	Mechanical	18
Ice Def Up VI	404	4400	4800	Legendary	Vegetable	18
Light Def Up VI	410	4400	4800	Legendary	Mechanical	18
Dark Def Up VI	416	4400	4800	Legendary	Ore	18
Evasion Focus VI	439	4800	6200	Legendary	Legendary	3
Swift Evasion VI	445	4800	7200	Legendary	Specific	0
Emergency Guard VI	451	4800	5300	Legendary	Flower	18
Endurance VI	457	4800	6200	Legendary	Legendary	3
HP Attack Boost VI	463	4800	6200	Legendary	Legendary	3
Break Resist VI	474	9500	12400	Legendary	Legendary	3
Topple Resist VI	480	8300	10800	Legendary	Legendary	3
Launch Resist VI	486	7100	9200	Legendary	Legendary	3
Smash Resist VI	492	4800	6200	Legendary	Legendary	3
Blowdown Resist VI	498	3500	4600	Legendary	Legendary	3
Knockback Resist VI	504	3500	4600	Legendary	Legendary	3
Auto-Attack Stealth VI	515	7100	9200	Legendary	Legendary	3
Aggro Boost VI	521	7100	9200	Legendary	Legendary	3
Arts Stealth VI	527	7100	9200	Legendary	Legendary	3
Arts Aggro Boost VI	533	7100	9200	Legendary	Legendary	3
Arts Heal VI	539	5900	8900	Legendary	Specific	0
Movement Heal VI	545	4800	7200	Legendary	Specific	0
Damage Heal VI	551	5900	8900	Legendary	Specific	0
Night Vision VI	557	2400	2600	Legendary	Insect	18
Sunlight Eye VI	563	2400	2600	Legendary	Tree	18
Reflect Damage Up VI	569	2400	3100	Legendary	Legendary	3
Opening Art VI	580	2400	2600	Legendary	Fish	18
Affinity MAX Barrier VI	596	3500	3900	Legendary	Vegetable	18
Affinity MAX Atk VI	602	7100	9200	Legendary	Legendary	3
Affinity MAX Evade VI	608	7100	10700	Legendary	Specific	0
Specials Lv 1 Plus VI	630	4800	5300	Legendary	Vegetable	18
Specials Lv 2 Plus VI	636	4800	6200	Legendary	Legendary	3
Specials Lv 3 Plus VI	642	4800	7200	Legendary	Specific	0
Specials Lv 4 Plus VI	648	4800	7200	Legendary	Specific	0
Affinity MAX Acc VI	654	5900	7700	Legendary	Legendary	3
Jamming VI	660	4800	6200	Legendary	Legendary	3
\.


--
-- Data for Name: enhance; Type: TABLE DATA; Schema: xeno2; Owner: poppi
--

COPY xeno2.enhance (id, param, param_one, param_two, caption) FROM stdin;
1	0	100.000	0.0000	1
2	0	100.000	0.0000	2
3	0	100.000	0.0000	3
4	0	100.000	0.0000	4
5	0	100.000	0.0000	5
6	0	100.000	0.0000	6
7	0	100.000	0.0000	7
8	0	100.000	0.0000	8
9	0	100.000	0.0000	9
10	0	100.000	0.0000	10
11	0	500.000	0.0000	11
12	0	500.000	0.0000	12
13	0	500.000	0.0000	13
14	0	500.000	0.0000	14
15	0	500.000	0.0000	15
16	0	500.000	0.0000	16
17	0	20.000	0.0000	17
18	0	20.000	0.0000	18
19	0	20.000	0.0000	19
20	0	20.000	0.0000	20
21	0	0.000	1000.0000	222
22	0	0.000	50.0000	229
23	0	1000.000	0.0000	21
24	0	1000.000	0.0000	22
25	0	1000.000	0.0000	23
26	0	1000.000	0.0000	24
27	0	100.000	0.0000	26
28	0	100.000	0.0000	29
29	0	100.000	0.0000	30
30	0	100.000	0.0000	31
31	0	1000.000	0.0000	32
32	0	50.000	0.0000	33
33	0	1000.000	0.0000	34
34	0	1000.000	0.0000	35
35	0	1000.000	0.0000	36
36	0	1000.000	0.0000	37
37	0	1000.000	0.0000	38
38	0	1000.000	0.0000	39
39	0	1000.000	0.0000	40
40	0	1000.000	0.0000	41
41	0	1000.000	0.0000	42
42	0	50.000	0.0000	43
43	0	50.000	0.0000	44
44	0	30.000	1000.0000	45
45	30	30.000	1000.0000	46
46	300	100.000	0.0000	47
47	0	100.000	0.0000	48
48	0	100.000	0.0000	49
49	0	100.000	0.0000	50
50	0	1000.000	0.0000	51
51	0	1000.000	0.0000	52
52	0	1000.000	0.0000	53
53	0	1000.000	0.0000	54
54	250	100.000	0.0000	55
55	0	1000.000	0.0000	56
56	0	100.000	0.0000	57
57	0	100.000	0.0000	58
58	0	1.000	100.0000	214
59	0	50.000	0.0000	59
60	0	1.000	0.0000	245
61	0	1.000	0.0000	253
62	0	30.000	1000.0000	60
63	0	1000.000	0.0000	61
64	0	30.000	1000.0000	62
65	0	100.000	0.0000	63
66	0	30.000	100.0000	64
67	0	90.000	1000.0000	65
68	0	100.000	0.0000	66
69	0	100.000	0.0000	67
70	0	100.000	0.0000	68
71	0	100.000	0.0000	69
72	0	100.000	0.0000	70
73	0	100.000	0.0000	71
74	0	100.000	0.0000	72
75	0	100.000	0.0000	73
76	0	100.000	0.0000	75
77	0	1000.000	0.0000	76
78	0	100.000	0.0000	77
79	0	1000.000	0.0000	81
80	0	1000.000	0.0000	85
81	0	100.000	0.0000	86
82	0	9999.000	0.0000	91
83	0	100.000	0.0000	96
84	0	100.000	0.0000	97
85	0	100.000	0.0000	231
86	0	100.000	0.0000	236
87	0	1000.000	0.0000	98
88	0	1000.000	0.0000	99
89	25	100.000	0.0000	235
90	0	100.000	0.0000	233
91	0	1000.000	0.0000	100
92	0	1000.000	0.0000	101
93	0	100.000	0.0000	102
94	0	1000.000	0.0000	103
95	0	1000.000	0.0000	104
96	0	1000.000	0.0000	105
97	0	1000.000	0.0000	106
98	0	100.000	0.0000	109
99	0	100.000	0.0000	113
100	0	100.000	0.0000	114
101	250	100.000	0.0000	116
102	0	1000.000	0.0000	117
103	0	10.000	0.0000	215
104	0	1000.000	0.0000	118
105	0	100.000	0.0000	119
106	0	0.000	0.0000	120
107	0	100.000	0.0000	121
108	0	10.000	0.0000	122
109	0	100.000	0.0000	123
110	0	0.000	0.0000	276
111	0	1000.000	0.0000	124
112	0	100.000	0.0000	126
113	0	0.000	0.0000	127
114	0	1000.000	0.0000	128
115	0	1000.000	0.0000	129
116	0	1.000	1000.0000	269
117	0	1000.000	0.0000	130
118	0	0.000	0.0000	131
119	0	1000.000	0.0000	132
120	0	100.000	0.0000	133
121	0	100.000	0.0000	134
122	0	1000.000	0.0000	135
123	0	1000.000	0.0000	136
124	0	100.000	0.0000	137
125	0	1000.000	0.0000	138
126	0	1000.000	0.0000	139
127	0	300.000	0.0000	140
128	0	300.000	0.0000	141
129	0	90.000	0.0000	142
130	0	100.000	0.0000	143
131	0	500.000	0.0000	144
132	0	1.000	1000.0000	145
133	0	100.000	0.0000	146
134	0	1000.000	0.0000	147
135	0	50.000	100.0000	148
136	0	1000.000	0.0000	149
137	0	0.000	0.0000	150
138	90	10.000	0.0000	237
139	0	100.000	0.0000	151
140	250	100.000	0.0000	153
141	0	100.000	0.0000	154
142	0	100.000	0.0000	155
143	0	100.000	0.0000	156
144	0	100.000	0.0000	157
145	0	100.000	0.0000	158
146	0	30.000	0.0000	159
147	0	1000.000	0.0000	160
148	0	100.000	0.0000	161
149	0	100.000	0.0000	162
150	0	1000.000	0.0000	163
151	0	100.000	0.0000	164
152	0	1000.000	0.0000	165
153	0	100.000	1000.0000	166
154	0	1000.000	0.0000	167
155	0	100.000	5.0000	168
156	0	1.136	0.0000	169
157	0	100.000	0.0000	171
158	0	4.000	0.0000	172
159	0	2.200	999.0000	173
160	0	100.000	0.0000	174
161	0	1000.000	0.0000	175
162	0	1000.000	0.0000	176
163	0	100.000	0.0000	177
164	0	1000.000	0.0000	178
165	0	1000.000	100.0000	179
166	0	100.000	0.0000	180
167	0	100.000	0.0000	181
168	0	1000.000	0.0000	182
169	0	100.000	0.0000	183
170	0	100.000	0.0000	184
171	0	1000.000	0.0000	185
172	0	1000.000	5.0000	186
173	0	50.000	0.0000	187
174	0	100.000	0.0000	188
175	0	100.000	0.0000	190
176	0	100.000	0.0000	191
177	0	100.000	0.0000	192
178	30	30.000	10.0000	230
179	300	100.000	0.0000	193
180	0	100.000	0.0000	194
181	0	5000.000	0.0000	195
182	0	30.000	0.0000	196
183	0	100.000	0.0000	197
184	0	1000.000	100.0000	198
185	0	50.000	0.0000	199
186	215	1.000	0.0000	200
187	0	0.000	0.0000	278
188	0	100.000	0.0000	201
189	0	100.000	0.0000	202
190	0	100.000	0.0000	203
191	0	1000.000	0.0000	204
192	0	0.000	0.0000	205
193	0	0.000	0.0000	206
194	90	0.000	0.0000	270
195	0	100.000	0.0000	271
196	0	1000.000	0.0000	\N
197	0	30.000	0.0000	279
198	0	100.000	0.0000	\N
199	0	100.000	0.0000	\N
200	0	1000.000	0.0000	\N
201	0	1000.000	0.0000	\N
202	0	1000.000	0.0000	\N
203	0	1000.000	0.0000	\N
204	0	5.000	0.0000	\N
205	0	0.000	0.0000	\N
206	0	1000.000	0.0000	\N
207	0	10.000	100.0000	\N
208	0	300.000	0.0000	309
209	0	500.000	0.0000	\N
210	0	30.000	0.0000	335
211	0	1000.000	0.0000	\N
212	0	100.000	0.0000	\N
213	0	0.000	0.0000	\N
214	0	100.000	0.0000	280
215	0	100.000	0.0000	281
216	0	100.000	0.0000	282
217	0	50.000	0.0000	\N
218	0	0.000	0.0000	283
219	0	50.000	0.0000	284
220	0	100.000	0.0000	285
221	0	100.000	0.0000	286
222	0	0.000	0.0000	287
223	0	100.000	0.0000	288
224	0	1000.000	0.0000	\N
225	0	0.000	0.0000	\N
226	0	100.000	0.0000	290
227	0	50.000	0.0000	293
228	0	0.000	0.0000	294
229	0	25.000	0.0000	\N
230	500	250.000	0.0000	295
231	0	0.000	0.0000	\N
232	0	25.000	25.0000	296
233	1000	200.000	0.0000	297
234	0	5.100	0.0000	298
235	0	30.000	0.0000	299
236	0	100.000	0.0000	300
237	300	25.000	0.0000	301
238	0	500.000	0.0000	\N
239	25	25.000	0.0000	\N
240	0	1.000	0.0000	304
241	0	500.000	0.0000	306
242	500	100.000	0.0000	307
243	0	0.000	0.0000	308
244	0	100.000	0.0000	310
245	0	100.000	0.0000	311
246	0	100.000	0.0000	312
247	0	100.000	100.0000	313
248	0	99.000	99.0000	314
249	250	100.000	0.0000	315
250	0	100.000	0.0000	316
251	250	100.000	0.0000	317
252	0	2.000	0.0000	\N
253	0	100.000	0.0000	318
254	0	60.000	0.0000	319
255	0	200.000	200.0000	320
256	0	100.000	0.0000	334
257	0	500.000	0.0000	336
258	0	500.000	0.0000	337
259	0	500.000	0.0000	338
260	0	500.000	0.0000	339
261	0	500.000	500.0000	305
262	0	10.000	0.0000	7
263	0	12.000	0.0000	7
264	0	15.000	0.0000	7
265	0	17.000	0.0000	7
266	0	20.000	0.0000	7
267	0	22.000	0.0000	7
268	0	10.000	0.0000	8
269	0	12.000	0.0000	8
270	0	15.000	0.0000	8
271	0	17.000	0.0000	8
272	0	20.000	0.0000	8
273	0	22.000	0.0000	8
274	0	10.000	0.0000	9
275	0	12.000	0.0000	9
276	0	15.000	0.0000	9
277	0	17.000	0.0000	9
278	0	20.000	0.0000	9
279	0	22.000	0.0000	9
280	0	10.000	0.0000	10
281	0	12.000	0.0000	10
282	0	15.000	0.0000	10
283	0	17.000	0.0000	10
284	0	20.000	0.0000	10
285	0	22.000	0.0000	10
286	0	0.000	20.0000	216
287	0	0.000	25.0000	216
288	0	0.000	30.0000	216
289	0	0.000	35.0000	216
290	0	0.000	40.0000	216
291	0	0.000	45.0000	216
292	0	1.000	20.0000	217
293	0	1.000	25.0000	217
294	0	1.000	30.0000	217
295	0	1.000	35.0000	217
296	0	1.000	40.0000	217
297	0	1.000	45.0000	217
298	0	2.000	20.0000	218
299	0	2.000	25.0000	218
300	0	2.000	30.0000	218
301	0	2.000	35.0000	218
302	0	2.000	40.0000	218
303	0	2.000	45.0000	218
304	0	3.000	20.0000	219
305	0	3.000	25.0000	219
306	0	3.000	30.0000	219
307	0	3.000	35.0000	219
308	0	3.000	40.0000	219
309	0	3.000	45.0000	219
310	0	4.000	20.0000	220
311	0	4.000	25.0000	220
312	0	4.000	30.0000	220
313	0	4.000	35.0000	220
314	0	4.000	40.0000	220
315	0	4.000	45.0000	220
316	0	5.000	20.0000	221
317	0	5.000	25.0000	221
318	0	5.000	30.0000	221
319	0	5.000	35.0000	221
320	0	5.000	40.0000	221
321	0	5.000	45.0000	221
322	0	6.000	20.0000	222
323	0	6.000	25.0000	222
324	0	6.000	30.0000	222
325	0	6.000	35.0000	222
326	0	6.000	40.0000	222
327	0	6.000	45.0000	222
328	0	10.000	0.0000	21
329	0	15.000	0.0000	21
330	0	20.000	0.0000	21
331	0	25.000	0.0000	21
332	0	30.000	0.0000	21
333	0	36.000	0.0000	21
334	0	10.000	0.0000	22
335	0	15.000	0.0000	22
336	0	20.000	0.0000	22
337	0	25.000	0.0000	22
338	0	30.000	0.0000	22
339	0	36.000	0.0000	22
340	0	60.000	0.0000	37
341	0	70.000	0.0000	37
342	0	80.000	0.0000	37
343	0	90.000	0.0000	37
344	0	100.000	0.0000	37
345	0	110.000	0.0000	37
346	0	60.000	0.0000	44
347	0	70.000	0.0000	44
348	0	80.000	0.0000	44
349	0	90.000	0.0000	44
350	0	100.000	0.0000	44
351	0	10.000	0.0000	52
352	0	15.000	0.0000	52
353	0	20.000	0.0000	52
354	0	25.000	0.0000	52
355	0	30.000	0.0000	52
356	0	35.000	0.0000	52
357	0	20.000	0.0000	53
358	0	25.000	0.0000	53
359	0	30.000	0.0000	53
360	0	35.000	0.0000	53
361	0	40.000	0.0000	53
362	0	45.000	0.0000	53
363	0	20.000	0.0000	54
364	0	25.000	0.0000	54
365	0	30.000	0.0000	54
366	0	35.000	0.0000	54
367	0	40.000	0.0000	54
368	0	45.000	0.0000	54
369	0	1.000	10.0000	207
370	0	1.000	15.0000	207
371	0	1.000	20.0000	207
372	0	1.000	25.0000	207
373	0	1.000	30.0000	207
374	0	1.000	35.0000	207
375	0	2.000	10.0000	208
376	0	2.000	15.0000	208
377	0	2.000	20.0000	208
378	0	2.000	25.0000	208
379	0	2.000	30.0000	208
380	0	2.000	35.0000	208
381	0	3.000	10.0000	209
382	0	3.000	15.0000	209
383	0	3.000	20.0000	209
384	0	3.000	25.0000	209
385	0	3.000	30.0000	209
386	0	3.000	35.0000	209
387	0	4.000	10.0000	210
388	0	4.000	15.0000	210
389	0	4.000	20.0000	210
390	0	4.000	25.0000	210
391	0	4.000	30.0000	210
392	0	4.000	35.0000	210
393	0	5.000	10.0000	211
394	0	5.000	15.0000	211
395	0	5.000	20.0000	211
396	0	5.000	25.0000	211
397	0	5.000	30.0000	211
398	0	5.000	35.0000	211
399	0	6.000	10.0000	212
400	0	6.000	15.0000	212
401	0	6.000	20.0000	212
402	0	6.000	25.0000	212
403	0	6.000	30.0000	212
404	0	6.000	35.0000	212
405	0	7.000	10.0000	213
406	0	7.000	15.0000	213
407	0	7.000	20.0000	213
408	0	7.000	25.0000	213
409	0	7.000	30.0000	213
410	0	7.000	35.0000	213
411	0	8.000	10.0000	214
412	0	8.000	15.0000	214
413	0	8.000	20.0000	214
414	0	8.000	25.0000	214
415	0	8.000	30.0000	214
416	0	8.000	35.0000	214
417	0	50.000	0.0000	59
418	0	1.000	0.0000	238
419	0	2.000	0.0000	239
420	0	3.000	0.0000	240
421	0	4.000	0.0000	241
422	0	5.000	0.0000	242
423	0	6.000	0.0000	243
424	0	7.000	0.0000	244
425	0	8.000	0.0000	245
426	0	1.000	0.0000	246
427	0	2.000	0.0000	247
428	0	3.000	0.0000	248
429	0	4.000	0.0000	249
430	0	5.000	0.0000	250
431	0	6.000	0.0000	251
432	0	7.000	0.0000	252
433	0	8.000	0.0000	253
434	0	30.000	10.0000	60
435	0	30.000	15.0000	60
436	0	30.000	20.0000	60
437	0	30.000	25.0000	60
438	0	30.000	30.0000	60
439	0	30.000	35.0000	60
440	0	10.000	0.0000	61
441	0	15.000	0.0000	61
442	0	20.000	0.0000	61
443	0	25.000	0.0000	61
444	0	30.000	0.0000	61
445	0	35.000	0.0000	61
446	0	30.000	10.0000	62
447	0	30.000	15.0000	62
448	0	30.000	20.0000	62
449	0	30.000	25.0000	62
450	0	30.000	30.0000	62
451	0	30.000	35.0000	62
452	0	30.000	10.0000	64
453	0	30.000	12.0000	64
454	0	30.000	15.0000	64
455	0	30.000	17.0000	64
456	0	30.000	20.0000	64
457	0	30.000	22.0000	64
458	0	90.000	10.0000	65
459	0	90.000	15.0000	65
460	0	90.000	20.0000	65
461	0	90.000	25.0000	65
462	0	90.000	30.0000	65
463	0	90.000	35.0000	65
464	0	60.000	0.0000	66
465	0	70.000	0.0000	66
466	0	80.000	0.0000	66
467	0	90.000	0.0000	66
468	0	100.000	0.0000	66
469	0	25.000	0.0000	67
470	0	30.000	0.0000	67
471	0	35.000	0.0000	67
472	0	40.000	0.0000	67
473	0	50.000	0.0000	67
474	0	60.000	0.0000	67
475	0	25.000	0.0000	68
476	0	30.000	0.0000	68
477	0	35.000	0.0000	68
478	0	40.000	0.0000	68
479	0	50.000	0.0000	68
480	0	60.000	0.0000	68
481	0	25.000	0.0000	69
482	0	30.000	0.0000	69
483	0	35.000	0.0000	69
484	0	40.000	0.0000	69
485	0	50.000	0.0000	69
486	0	60.000	0.0000	69
487	0	25.000	0.0000	70
488	0	30.000	0.0000	70
489	0	35.000	0.0000	70
490	0	40.000	0.0000	70
491	0	50.000	0.0000	70
492	0	60.000	0.0000	70
493	0	25.000	0.0000	71
494	0	30.000	0.0000	71
495	0	35.000	0.0000	71
496	0	40.000	0.0000	71
497	0	50.000	0.0000	71
498	0	60.000	0.0000	71
499	0	25.000	0.0000	72
500	0	30.000	0.0000	72
501	0	35.000	0.0000	72
502	0	40.000	0.0000	72
503	0	50.000	0.0000	72
504	0	60.000	0.0000	72
505	0	25.000	0.0000	73
506	0	30.000	0.0000	73
507	0	35.000	0.0000	73
508	0	40.000	0.0000	73
509	0	50.000	0.0000	73
510	0	15.000	0.0000	75
511	0	17.000	0.0000	75
512	0	20.000	0.0000	75
513	0	22.000	0.0000	75
514	0	25.000	0.0000	75
515	0	30.000	0.0000	75
516	0	15.000	0.0000	76
517	0	17.000	0.0000	76
518	0	20.000	0.0000	76
519	0	22.000	0.0000	76
520	0	25.000	0.0000	76
521	0	30.000	0.0000	76
522	0	5.000	0.0000	77
523	0	7.000	0.0000	77
524	0	10.000	0.0000	77
525	0	12.000	0.0000	77
526	0	15.000	0.0000	77
527	0	17.000	0.0000	77
528	0	5.000	0.0000	81
529	0	7.000	0.0000	81
530	0	10.000	0.0000	81
531	0	12.000	0.0000	81
532	0	15.000	0.0000	81
533	0	17.000	0.0000	81
534	0	3.000	0.0000	231
535	0	3.500	0.0000	231
536	0	4.000	0.0000	231
537	0	4.500	0.0000	231
538	0	5.000	0.0000	231
539	0	5.500	0.0000	231
540	0	1.000	0.0000	236
541	0	1.500	0.0000	236
542	0	2.000	0.0000	236
543	0	2.500	0.0000	236
544	0	3.000	0.0000	236
545	0	3.500	0.0000	236
546	25	4.000	0.0000	235
547	25	6.000	0.0000	235
548	25	8.000	0.0000	235
549	25	10.000	0.0000	235
550	25	12.000	0.0000	235
551	25	14.000	0.0000	235
552	0	20.000	0.0000	103
553	0	40.000	0.0000	103
554	0	60.000	0.0000	103
555	0	80.000	0.0000	103
556	0	100.000	0.0000	103
557	0	120.000	0.0000	103
558	0	20.000	0.0000	104
559	0	40.000	0.0000	104
560	0	60.000	0.0000	104
561	0	80.000	0.0000	104
562	0	100.000	0.0000	104
563	0	120.000	0.0000	104
564	0	25.000	0.0000	117
565	0	50.000	0.0000	117
566	0	75.000	0.0000	117
567	0	100.000	0.0000	117
568	0	125.000	0.0000	117
569	0	150.000	0.0000	117
570	0	1.000	0.0000	122
571	0	2.000	0.0000	122
572	0	3.000	0.0000	122
573	0	4.000	0.0000	122
574	0	5.000	0.0000	122
575	0	100.000	0.0000	124
576	0	125.000	0.0000	124
577	0	150.000	0.0000	124
578	0	175.000	0.0000	124
579	0	200.000	0.0000	124
580	0	225.000	0.0000	124
581	0	20.000	0.0000	135
582	0	40.000	0.0000	135
583	0	60.000	0.0000	135
584	0	80.000	0.0000	135
585	0	100.000	0.0000	135
586	0	10.000	0.0000	136
587	0	20.000	0.0000	136
588	0	30.000	0.0000	136
589	0	40.000	0.0000	136
590	0	50.000	0.0000	136
591	0	10.000	0.0000	137
592	0	15.000	0.0000	137
593	0	20.000	0.0000	137
594	0	25.000	0.0000	137
595	0	30.000	0.0000	137
596	0	35.000	0.0000	137
597	0	30.000	0.0000	138
598	0	35.000	0.0000	138
599	0	40.000	0.0000	138
600	0	45.000	0.0000	138
601	0	50.000	0.0000	138
602	0	55.000	0.0000	138
603	0	8.000	0.0000	139
604	0	10.000	0.0000	139
605	0	12.000	0.0000	139
606	0	14.000	0.0000	139
607	0	16.000	0.0000	139
608	0	18.000	0.0000	139
609	0	150.000	0.0000	140
610	0	175.000	0.0000	140
611	0	200.000	0.0000	140
612	0	225.000	0.0000	140
613	0	250.000	0.0000	140
614	0	150.000	0.0000	141
615	0	175.000	0.0000	141
616	0	200.000	0.0000	141
617	0	225.000	0.0000	141
618	0	250.000	0.0000	141
619	0	10.000	0.0000	142
620	0	15.000	0.0000	142
621	0	20.000	0.0000	142
622	0	25.000	0.0000	142
623	0	30.000	0.0000	142
624	0	35.000	0.0000	142
625	0	1.000	20.0000	145
626	0	1.000	30.0000	145
627	0	1.000	40.0000	145
628	0	1.000	50.0000	145
629	0	1.000	60.0000	145
630	0	1.000	70.0000	145
631	0	2.000	20.0000	145
632	0	2.000	30.0000	145
633	0	2.000	40.0000	145
634	0	2.000	50.0000	145
635	0	2.000	60.0000	145
636	0	2.000	70.0000	145
637	0	3.000	20.0000	145
638	0	3.000	30.0000	145
639	0	3.000	40.0000	145
640	0	3.000	50.0000	145
641	0	3.000	60.0000	145
642	0	3.000	70.0000	145
643	0	4.000	20.0000	145
644	0	4.000	30.0000	145
645	0	4.000	40.0000	145
646	0	4.000	50.0000	145
647	0	4.000	60.0000	145
648	0	4.000	70.0000	145
649	0	15.000	0.0000	195
650	0	20.000	0.0000	195
651	0	25.000	0.0000	195
652	0	30.000	0.0000	195
653	0	35.000	0.0000	195
654	0	40.000	0.0000	195
655	0	10.000	0.0000	271
656	0	20.000	0.0000	271
657	0	30.000	0.0000	271
658	0	40.000	0.0000	271
659	0	50.000	0.0000	271
660	0	60.000	0.0000	271
661	0	20.000	0.0000	282
662	0	40.000	0.0000	282
663	0	60.000	0.0000	282
664	0	80.000	0.0000	282
665	0	100.000	0.0000	282
666	0	0.000	0.0000	285
667	0	0.000	0.0000	287
668	0	20.000	0.0000	1
669	0	21.000	0.0000	1
670	0	22.000	0.0000	1
671	0	25.000	0.0000	1
672	0	26.000	0.0000	1
673	0	27.000	0.0000	1
674	0	30.000	0.0000	1
675	0	31.000	0.0000	1
676	0	32.000	0.0000	1
677	0	35.000	0.0000	1
678	0	36.000	0.0000	1
679	0	37.000	0.0000	1
680	0	24.000	0.0000	1
681	0	20.000	0.0000	2
682	0	21.000	0.0000	2
683	0	22.000	0.0000	2
684	0	25.000	0.0000	2
685	0	26.000	0.0000	2
686	0	27.000	0.0000	2
687	0	30.000	0.0000	2
688	0	31.000	0.0000	2
689	0	32.000	0.0000	2
690	0	35.000	0.0000	2
691	0	36.000	0.0000	2
692	0	37.000	0.0000	2
693	0	20.000	0.0000	3
694	0	21.000	0.0000	3
695	0	22.000	0.0000	3
696	0	25.000	0.0000	3
697	0	26.000	0.0000	3
698	0	27.000	0.0000	3
699	0	30.000	0.0000	3
700	0	31.000	0.0000	3
701	0	32.000	0.0000	3
702	0	35.000	0.0000	3
703	0	36.000	0.0000	3
704	0	37.000	0.0000	3
705	0	20.000	0.0000	4
706	0	21.000	0.0000	4
707	0	22.000	0.0000	4
708	0	25.000	0.0000	4
709	0	26.000	0.0000	4
710	0	27.000	0.0000	4
711	0	30.000	0.0000	4
712	0	31.000	0.0000	4
713	0	32.000	0.0000	4
714	0	35.000	0.0000	4
715	0	36.000	0.0000	4
716	0	37.000	0.0000	4
717	0	20.000	0.0000	5
718	0	21.000	0.0000	5
719	0	22.000	0.0000	5
720	0	25.000	0.0000	5
721	0	26.000	0.0000	5
722	0	27.000	0.0000	5
723	0	30.000	0.0000	5
724	0	31.000	0.0000	5
725	0	32.000	0.0000	5
726	0	35.000	0.0000	5
727	0	36.000	0.0000	5
728	0	37.000	0.0000	5
729	0	20.000	0.0000	6
730	0	21.000	0.0000	6
731	0	22.000	0.0000	6
732	0	25.000	0.0000	6
733	0	26.000	0.0000	6
734	0	27.000	0.0000	6
735	0	30.000	0.0000	6
736	0	31.000	0.0000	6
737	0	32.000	0.0000	6
738	0	35.000	0.0000	6
739	0	36.000	0.0000	6
740	0	37.000	0.0000	6
741	0	200.000	0.0000	11
742	0	250.000	0.0000	11
743	0	300.000	0.0000	11
744	0	400.000	0.0000	11
745	0	450.000	0.0000	11
746	0	500.000	0.0000	11
747	0	20.000	0.0000	12
748	0	21.000	0.0000	12
749	0	22.000	0.0000	12
750	0	25.000	0.0000	12
751	0	26.000	0.0000	12
752	0	27.000	0.0000	12
753	0	20.000	0.0000	13
754	0	21.000	0.0000	13
755	0	22.000	0.0000	13
756	0	25.000	0.0000	13
757	0	26.000	0.0000	13
758	0	27.000	0.0000	13
759	0	20.000	0.0000	14
760	0	21.000	0.0000	14
761	0	22.000	0.0000	14
762	0	25.000	0.0000	14
763	0	26.000	0.0000	14
764	0	27.000	0.0000	14
765	0	10.000	0.0000	15
766	0	11.000	0.0000	15
767	0	12.000	0.0000	15
768	0	15.000	0.0000	15
769	0	16.000	0.0000	15
770	0	17.000	0.0000	15
771	0	20.000	0.0000	16
772	0	21.000	0.0000	16
773	0	22.000	0.0000	16
774	0	25.000	0.0000	16
775	0	26.000	0.0000	16
776	0	27.000	0.0000	16
777	0	4.000	0.0000	26
778	0	4.500	0.0000	26
779	0	5.000	0.0000	26
780	0	6.000	0.0000	26
781	0	6.500	0.0000	26
782	0	7.000	0.0000	26
783	0	8.000	0.0000	26
784	0	8.500	0.0000	26
785	0	9.000	0.0000	26
786	0	10.000	0.0000	26
787	0	10.500	0.0000	26
788	0	11.000	0.0000	26
789	0	10.000	0.0000	31
790	0	11.000	0.0000	31
791	0	12.000	0.0000	31
792	0	15.000	0.0000	31
793	0	16.000	0.0000	31
794	0	17.000	0.0000	31
795	0	20.000	0.0000	31
796	0	21.000	0.0000	31
797	0	22.000	0.0000	31
798	0	20.000	0.0000	32
799	0	25.000	0.0000	32
800	0	30.000	0.0000	32
801	0	30.000	0.0000	32
802	0	35.000	0.0000	32
803	0	40.000	0.0000	32
804	0	40.000	0.0000	32
805	0	45.000	0.0000	32
806	0	50.000	0.0000	32
807	0	50.000	0.0000	32
808	0	55.000	0.0000	32
809	0	60.000	0.0000	32
810	0	20.000	0.0000	33
811	0	25.000	0.0000	33
812	0	30.000	0.0000	33
813	0	35.000	0.0000	33
814	0	40.000	0.0000	33
815	0	45.000	0.0000	33
816	0	50.000	0.0000	33
817	0	55.000	0.0000	33
818	0	60.000	0.0000	33
819	0	65.000	0.0000	33
820	0	70.000	0.0000	33
821	0	75.000	0.0000	33
822	0	50.000	0.0000	38
823	0	55.000	0.0000	38
824	0	60.000	0.0000	38
825	0	75.000	0.0000	38
826	0	80.000	0.0000	38
827	0	85.000	0.0000	38
828	0	100.000	0.0000	38
829	0	105.000	0.0000	38
830	0	110.000	0.0000	38
831	0	125.000	0.0000	38
832	0	130.000	0.0000	38
833	0	135.000	0.0000	38
834	0	50.000	0.0000	39
835	0	55.000	0.0000	39
836	0	60.000	0.0000	39
837	0	75.000	0.0000	39
838	0	80.000	0.0000	39
839	0	85.000	0.0000	39
840	0	100.000	0.0000	39
841	0	105.000	0.0000	39
842	0	110.000	0.0000	39
843	0	125.000	0.0000	39
844	0	130.000	0.0000	39
845	0	135.000	0.0000	39
846	0	50.000	0.0000	40
847	0	55.000	0.0000	40
848	0	60.000	0.0000	40
849	0	75.000	0.0000	40
850	0	80.000	0.0000	40
851	0	85.000	0.0000	40
852	0	100.000	0.0000	40
853	0	105.000	0.0000	40
854	0	110.000	0.0000	40
855	0	125.000	0.0000	40
856	0	130.000	0.0000	40
857	0	135.000	0.0000	40
858	0	20.000	0.0000	41
859	0	25.000	0.0000	41
860	0	30.000	0.0000	41
861	0	35.000	0.0000	41
862	0	40.000	0.0000	41
863	0	45.000	0.0000	41
864	0	50.000	0.0000	41
865	0	55.000	0.0000	41
866	0	60.000	0.0000	41
867	0	65.000	0.0000	41
868	0	70.000	0.0000	41
869	0	75.000	0.0000	41
870	0	50.000	0.0000	42
871	0	55.000	0.0000	42
872	0	60.000	0.0000	42
873	0	100.000	0.0000	42
874	0	105.000	0.0000	42
875	0	110.000	0.0000	42
876	0	150.000	0.0000	42
877	0	155.000	0.0000	42
878	0	160.000	0.0000	42
879	0	200.000	0.0000	42
880	0	205.000	0.0000	42
881	0	210.000	0.0000	42
882	0	15.000	0.0000	48
883	0	17.000	0.0000	48
884	0	19.000	0.0000	48
885	0	30.000	0.0000	48
886	0	32.000	0.0000	48
887	0	34.000	0.0000	48
888	0	45.000	0.0000	48
889	0	47.000	0.0000	48
890	0	49.000	0.0000	48
891	0	60.000	0.0000	48
892	0	62.000	0.0000	48
893	0	64.000	0.0000	48
894	0	15.000	0.0000	49
895	0	16.000	0.0000	49
896	0	17.000	0.0000	49
897	0	20.000	0.0000	49
898	0	21.000	0.0000	49
899	0	22.000	0.0000	49
900	0	25.000	0.0000	49
901	0	26.000	0.0000	49
902	0	27.000	0.0000	49
903	0	30.000	0.0000	49
904	0	31.000	0.0000	49
905	0	32.000	0.0000	49
906	0	15.000	0.0000	50
907	0	16.000	0.0000	50
908	0	17.000	0.0000	50
909	0	20.000	0.0000	50
910	0	21.000	0.0000	50
911	0	22.000	0.0000	50
912	0	25.000	0.0000	50
913	0	26.000	0.0000	50
914	0	27.000	0.0000	50
915	0	30.000	0.0000	50
916	0	31.000	0.0000	50
917	0	32.000	0.0000	50
918	0	20.000	0.0000	51
919	0	25.000	0.0000	51
920	0	30.000	0.0000	51
921	0	40.000	0.0000	51
922	0	45.000	0.0000	51
923	0	50.000	0.0000	51
924	0	60.000	0.0000	51
925	0	65.000	0.0000	51
926	0	70.000	0.0000	51
927	0	80.000	0.0000	51
928	0	85.000	0.0000	51
929	0	90.000	0.0000	51
930	250	10.000	0.0000	55
931	250	11.000	0.0000	55
932	250	12.000	0.0000	55
933	0	50.000	0.0000	56
934	0	55.000	0.0000	56
935	0	60.000	0.0000	56
936	0	75.000	0.0000	56
937	0	80.000	0.0000	56
938	0	85.000	0.0000	56
939	0	25.000	0.0000	57
940	0	30.000	0.0000	57
941	0	35.000	0.0000	57
942	0	25.000	0.0000	58
943	0	30.000	0.0000	58
944	0	35.000	0.0000	58
945	0	20.000	0.0000	85
946	0	21.000	0.0000	85
947	0	22.000	0.0000	85
948	0	25.000	0.0000	85
949	0	26.000	0.0000	85
950	0	27.000	0.0000	85
951	0	30.000	0.0000	85
952	0	31.000	0.0000	85
953	0	32.000	0.0000	85
954	0	35.000	0.0000	85
955	0	36.000	0.0000	85
956	0	37.000	0.0000	85
957	0	5.000	0.0000	87
958	0	6.000	0.0000	87
959	0	7.000	0.0000	87
960	0	10.000	0.0000	88
961	0	11.000	0.0000	88
962	0	12.000	0.0000	88
963	0	15.000	0.0000	89
964	0	16.000	0.0000	89
965	0	17.000	0.0000	89
966	0	20.000	0.0000	90
967	0	21.000	0.0000	90
968	0	22.000	0.0000	90
969	0	500.000	0.0000	92
970	0	600.000	0.0000	92
971	0	700.000	0.0000	92
972	0	1000.000	0.0000	93
973	0	1100.000	0.0000	93
974	0	1200.000	0.0000	93
975	0	2000.000	0.0000	94
976	0	2100.000	0.0000	94
977	0	2200.000	0.0000	94
978	0	4000.000	0.0000	95
979	0	4100.000	0.0000	95
980	0	4200.000	0.0000	95
981	0	25.000	0.0000	96
982	0	27.000	0.0000	96
983	0	29.000	0.0000	96
984	0	35.000	0.0000	96
985	0	37.000	0.0000	96
986	0	39.000	0.0000	96
987	0	45.000	0.0000	96
988	0	47.000	0.0000	96
989	0	49.000	0.0000	96
990	0	25.000	0.0000	97
991	0	27.000	0.0000	97
992	0	29.000	0.0000	97
993	0	35.000	0.0000	97
994	0	37.000	0.0000	97
995	0	39.000	0.0000	97
996	0	45.000	0.0000	97
997	0	47.000	0.0000	97
998	0	49.000	0.0000	97
999	0	10.000	0.0000	98
1000	0	12.000	0.0000	98
1001	0	14.000	0.0000	98
1002	0	15.000	0.0000	98
1003	0	17.000	0.0000	98
1004	0	19.000	0.0000	98
1005	0	20.000	0.0000	98
1006	0	22.000	0.0000	98
1007	0	24.000	0.0000	98
1008	0	25.000	0.0000	98
1009	0	27.000	0.0000	98
1010	0	29.000	0.0000	98
1011	0	10.000	0.0000	99
1012	0	12.000	0.0000	99
1013	0	14.000	0.0000	99
1014	0	20.000	0.0000	99
1015	0	22.000	0.0000	99
1016	0	24.000	0.0000	99
1017	0	3.000	0.0000	233
1018	0	3.200	0.0000	233
1019	0	3.500	0.0000	233
1020	0	4.000	0.0000	233
1021	0	4.200	0.0000	233
1022	0	4.500	0.0000	233
1023	0	5.000	0.0000	233
1024	0	5.200	0.0000	233
1025	0	5.500	0.0000	233
1026	0	6.000	0.0000	233
1027	0	6.200	0.0000	233
1028	0	6.500	0.0000	233
1029	0	20.000	0.0000	100
1030	0	22.000	0.0000	100
1031	0	24.000	0.0000	100
1032	0	30.000	0.0000	100
1033	0	32.000	0.0000	100
1034	0	34.000	0.0000	100
1035	0	40.000	0.0000	100
1036	0	42.000	0.0000	100
1037	0	44.000	0.0000	100
1038	0	50.000	0.0000	100
1039	0	52.000	0.0000	100
1040	0	54.000	0.0000	100
1041	0	20.000	0.0000	101
1042	0	22.000	0.0000	101
1043	0	24.000	0.0000	101
1044	0	35.000	0.0000	101
1045	0	37.000	0.0000	101
1046	0	39.000	0.0000	101
1047	0	50.000	0.0000	101
1048	0	52.000	0.0000	101
1049	0	54.000	0.0000	101
1050	0	65.000	0.0000	101
1051	0	67.000	0.0000	101
1052	0	69.000	0.0000	101
1053	0	100.000	0.0000	102
1054	0	25.000	0.0000	105
1055	0	27.000	0.0000	105
1056	0	29.000	0.0000	105
1057	0	50.000	0.0000	105
1058	0	52.000	0.0000	105
1059	0	54.000	0.0000	105
1060	0	25.000	0.0000	106
1061	0	27.000	0.0000	106
1062	0	29.000	0.0000	106
1063	0	50.000	0.0000	106
1064	0	52.000	0.0000	106
1065	0	54.000	0.0000	106
1066	0	20.000	0.0000	110
1067	0	22.000	0.0000	110
1068	0	24.000	0.0000	110
1069	0	30.000	0.0000	111
1070	0	32.000	0.0000	111
1071	0	34.000	0.0000	111
1072	0	5.000	0.0000	112
1073	0	6.000	0.0000	112
1074	0	7.000	0.0000	112
1075	0	3.000	0.0000	114
1076	0	4.000	0.0000	114
1077	0	5.000	0.0000	114
1078	0	1.000	0.0000	215
1079	0	1.500	0.0000	215
1080	0	2.000	0.0000	215
1081	0	50.000	0.0000	118
1082	0	52.000	0.0000	118
1083	0	54.000	0.0000	118
1084	0	50.000	0.0000	119
1085	0	55.000	0.0000	119
1086	0	60.000	0.0000	119
1087	0	0.000	0.0000	120
1088	0	30.000	0.0000	121
1089	0	35.000	0.0000	121
1090	0	40.000	0.0000	121
1091	0	0.000	0.0000	127
1092	0	1.000	25.0000	254
1093	0	1.000	27.0000	254
1094	0	1.000	29.0000	254
1095	0	2.000	25.0000	255
1096	0	2.000	27.0000	255
1097	0	2.000	29.0000	255
1098	0	3.000	25.0000	256
1099	0	3.000	27.0000	256
1100	0	3.000	29.0000	256
1101	0	4.000	25.0000	257
1102	0	4.000	27.0000	257
1103	0	4.000	29.0000	257
1104	0	5.000	25.0000	258
1105	0	5.000	27.0000	258
1106	0	5.000	29.0000	258
1107	0	6.000	25.0000	259
1108	0	6.000	27.0000	259
1109	0	6.000	29.0000	259
1110	0	7.000	25.0000	260
1111	0	7.000	27.0000	260
1112	0	7.000	29.0000	260
1113	0	8.000	25.0000	261
1114	0	8.000	27.0000	261
1115	0	8.000	29.0000	261
1116	0	9.000	25.0000	262
1117	0	9.000	27.0000	262
1118	0	9.000	29.0000	262
1119	0	10.000	25.0000	263
1120	0	10.000	27.0000	263
1121	0	10.000	29.0000	263
1122	0	11.000	25.0000	264
1123	0	11.000	27.0000	264
1124	0	11.000	29.0000	264
1125	0	12.000	25.0000	265
1126	0	12.000	27.0000	265
1127	0	12.000	29.0000	265
1128	0	13.000	25.0000	266
1129	0	13.000	27.0000	266
1130	0	13.000	29.0000	266
1131	0	14.000	25.0000	267
1132	0	14.000	27.0000	267
1133	0	14.000	29.0000	267
1134	0	15.000	25.0000	268
1135	0	15.000	27.0000	268
1136	0	15.000	29.0000	268
1137	0	16.000	25.0000	269
1138	0	16.000	27.0000	269
1139	0	16.000	29.0000	269
1140	0	10.000	0.0000	130
1141	0	12.000	0.0000	130
1142	0	14.000	0.0000	130
1143	0	0.000	0.0000	131
1144	0	50.000	0.0000	132
1145	0	55.000	0.0000	132
1146	0	60.000	0.0000	132
1147	0	100.000	0.0000	144
1148	0	110.000	0.0000	144
1149	0	120.000	0.0000	144
1150	0	150.000	0.0000	144
1151	0	160.000	0.0000	144
1152	0	170.000	0.0000	144
1153	0	200.000	0.0000	144
1154	0	210.000	0.0000	144
1155	0	220.000	0.0000	144
1156	0	20.000	0.0000	147
1157	0	22.000	0.0000	147
1158	0	24.000	0.0000	147
1159	0	30.000	0.0000	147
1160	0	32.000	0.0000	147
1161	0	34.000	0.0000	147
1162	0	40.000	0.0000	147
1163	0	42.000	0.0000	147
1164	0	44.000	0.0000	147
1165	0	25.000	0.0000	192
1166	0	30.000	0.0000	192
1167	0	35.000	0.0000	192
1168	0	40.000	0.0000	192
1169	0	45.000	0.0000	192
1170	0	50.000	0.0000	192
1171	0	50.000	0.0000	201
1172	0	60.000	0.0000	201
1173	0	70.000	0.0000	201
1174	0	25.000	0.0000	203
1175	0	30.000	0.0000	203
1176	0	35.000	0.0000	203
1177	0	25.000	0.0000	279
1178	0	27.000	0.0000	279
1179	0	30.000	0.0000	279
1180	0	60.000	0.0000	280
1181	0	65.000	0.0000	280
1182	0	70.000	0.0000	280
1183	0	90.000	0.0000	280
1184	0	95.000	0.0000	280
1185	0	100.000	0.0000	280
1186	0	60.000	0.0000	281
1187	0	65.000	0.0000	281
1188	0	70.000	0.0000	281
1189	0	90.000	0.0000	281
1190	0	95.000	0.0000	281
1191	0	100.000	0.0000	281
1192	0	0.000	0.0000	283
1193	0	60.000	0.0000	288
1194	0	65.000	0.0000	288
1195	0	70.000	0.0000	288
1196	0	90.000	0.0000	288
1197	0	95.000	0.0000	288
1198	0	100.000	0.0000	288
1199	0	50.000	0.0000	293
1200	0	25.000	0.0000	309
1201	0	30.000	0.0000	309
1202	0	35.000	0.0000	309
1203	0	50.000	0.0000	309
1204	0	55.000	0.0000	309
1205	0	60.000	0.0000	309
1206	0	100.000	0.0000	308
1207	0	105.000	0.0000	308
1208	0	110.000	0.0000	308
1209	0	200.000	0.0000	308
1210	0	205.000	0.0000	308
1211	0	210.000	0.0000	308
1212	0	60.000	0.0000	310
1213	0	65.000	0.0000	310
1214	0	70.000	0.0000	310
1215	0	90.000	0.0000	310
1216	0	95.000	0.0000	310
1217	0	100.000	0.0000	310
1218	0	60.000	0.0000	311
1219	0	65.000	0.0000	311
1220	0	70.000	0.0000	311
1221	0	90.000	0.0000	311
1222	0	95.000	0.0000	311
1223	0	100.000	0.0000	311
1224	0	60.000	0.0000	312
1225	0	65.000	0.0000	312
1226	0	70.000	0.0000	312
1227	0	90.000	0.0000	312
1228	0	95.000	0.0000	312
1229	0	100.000	0.0000	312
1230	0	50.000	25.0000	313
1231	0	55.000	27.0000	313
1232	0	60.000	30.0000	313
1233	0	100.000	50.0000	313
1234	0	105.000	52.0000	313
1235	0	110.000	55.0000	313
1236	0	15.000	30.0000	314
1237	0	17.000	35.0000	314
1238	0	20.000	40.0000	314
1239	0	25.000	50.0000	314
1240	0	27.000	55.0000	314
1241	0	30.000	60.0000	314
1242	0	35.000	0.0000	334
1243	0	20.000	0.0000	336
1244	0	25.000	0.0000	336
1245	0	30.000	0.0000	336
1246	0	40.000	0.0000	336
1247	0	45.000	0.0000	336
1248	0	50.000	0.0000	336
1249	0	15.000	0.0000	337
1250	0	20.000	0.0000	337
1251	0	25.000	0.0000	337
1252	0	30.000	0.0000	337
1253	0	35.000	0.0000	337
1254	0	40.000	0.0000	337
1255	0	20.000	0.0000	338
1256	0	25.000	0.0000	338
1257	0	30.000	0.0000	338
1258	0	40.000	0.0000	338
1259	0	45.000	0.0000	338
1260	0	50.000	0.0000	338
1261	0	20.000	0.0000	339
1262	0	25.000	0.0000	339
1263	0	30.000	0.0000	339
1264	0	40.000	0.0000	339
1265	0	45.000	0.0000	339
1266	0	50.000	0.0000	339
1267	0	20.000	0.0000	15
1268	0	2.000	0.0000	276
1269	0	10.000	0.0000	99
1270	0	200.000	0.0000	11
1271	0	15.000	0.0000	49
1272	0	25.000	0.0000	192
1273	0	10.000	0.0000	5
1274	0	3.000	0.0000	233
1275	0	10.000	0.0000	1
1276	0	50.000	0.0000	102
1277	0	0.000	0.0000	272
1278	0	20.000	0.0000	12
1279	0	20.000	0.0000	101
1280	0	0.000	0.0000	278
1281	0	5.000	0.0000	112
1282	0	50.000	0.0000	37
1283	0	20.000	0.0000	14
1284	0	10.000	0.0000	2
1285	0	10.000	0.0000	4
1286	0	20.000	0.0000	100
1287	0	20.000	0.0000	13
1288	0	15.000	0.0000	97
1289	0	20.000	0.0000	16
1290	0	1.000	0.0000	274
1291	0	0.500	0.0000	215
1292	0	10.000	0.0000	3
1293	0	25.000	0.0000	132
1294	0	20.000	0.0000	147
1295	0	20.000	0.0000	109
1296	0	10.000	0.0000	6
1297	0	20.000	0.0000	15
1298	0	200.000	0.0000	11
1299	0	2.000	0.0000	276
1300	0	10.000	0.0000	99
1301	0	20.000	0.0000	48
1302	0	25.000	0.0000	192
1303	0	10.000	0.0000	1
1304	0	10.000	0.0000	5
1305	0	50.000	0.0000	102
1306	0	3.000	0.0000	233
1307	0	20.000	0.0000	14
1308	0	1.000	0.0000	274
1309	0	0.000	0.0000	278
1310	0	50.000	0.0000	37
1311	0	20.000	0.0000	101
1312	0	20.000	0.0000	12
1313	0	10.000	0.0000	4
1314	0	20.000	0.0000	100
1315	0	10.000	0.0000	2
1316	0	5.000	0.0000	112
1317	0	15.000	0.0000	97
1318	0	20.000	0.0000	13
1319	0	20.000	0.0000	147
1320	0	20.000	0.0000	109
1321	0	0.000	0.0000	272
1322	0	25.000	0.0000	119
1323	0	20.000	0.0000	16
1324	0	25.000	0.0000	132
1325	0	10.000	0.0000	3
1326	0	10.000	0.0000	6
1327	0	0.000	0.0000	272
1328	0	200.000	0.0000	11
1329	0	10.000	0.0000	99
1330	0	10.000	0.0000	1
1331	0	50.000	0.0000	102
1332	0	3.000	0.0000	233
1333	0	20.000	0.0000	15
1334	0	15.000	0.0000	49
1335	0	25.000	0.0000	192
1336	0	10.000	0.0000	5
1337	0	20.000	0.0000	14
1338	0	2.000	0.0000	276
1339	0	20.000	0.0000	12
1340	0	0.000	0.0000	278
1341	0	10.000	0.0000	4
1342	0	50.000	0.0000	37
1343	0	20.000	0.0000	101
1344	0	10.000	0.0000	2
1345	0	20.000	0.0000	100
1346	0	5.000	0.0000	112
1347	0	20.000	0.0000	16
1348	0	20.000	0.0000	147
1349	0	1.000	0.0000	274
1350	0	10.000	0.0000	6
1351	0	20.000	0.0000	121
1352	0	15.000	0.0000	97
1353	0	20.000	0.0000	13
1354	0	20.000	0.0000	109
1355	0	25.000	0.0000	132
1356	0	10.000	0.0000	3
1357	0	200.000	0.0000	11
1358	0	10.000	0.0000	33
1359	0	10.000	0.0000	1
1360	0	1.000	0.0000	274
1361	0	50.000	0.0000	102
1362	0	15.000	0.0000	50
1363	0	20.000	0.0000	15
1364	0	10.000	0.0000	99
1365	0	10.000	0.0000	5
1366	0	3.000	0.0000	233
1367	0	20.000	0.0000	12
1368	0	0.000	0.0000	278
1369	0	0.000	0.0000	272
1370	0	20.000	0.0000	101
1371	0	10.000	0.0000	2
1372	0	20.000	0.0000	14
1373	0	20.000	0.0000	100
1374	0	5.000	0.0000	112
1375	0	10.000	0.0000	4
1376	0	10.000	0.0000	2
1377	0	20.000	0.0000	13
1378	0	2.000	0.0000	276
1379	0	15.000	0.0000	97
1380	0	10.000	0.0000	3
1381	0	20.000	0.0000	147
1382	0	20.000	0.0000	16
1383	0	25.000	0.0000	132
1384	0	20.000	0.0000	109
1385	0	10.000	0.0000	6
1386	0	20.000	0.0000	121
1387	0	20.000	0.0000	15
1388	0	20.000	0.0000	51
1389	0	0.000	0.0000	272
1390	0	3.000	0.0000	233
1391	0	10.000	0.0000	5
1392	0	10.000	0.0000	33
1393	0	200.000	0.0000	11
1394	0	10.000	0.0000	1
1395	0	10.000	0.0000	99
1396	0	50.000	0.0000	102
1397	0	0.000	0.0000	278
1398	0	1.000	0.0000	274
1399	0	20.000	0.0000	14
1400	0	20.000	0.0000	12
1401	0	20.000	0.0000	101
1402	0	50.000	0.0000	37
1403	0	20.000	0.0000	100
1404	0	10.000	0.0000	4
1405	0	10.000	0.0000	2
1406	0	5.000	0.0000	112
1407	0	20.000	0.0000	13
1408	0	20.000	0.0000	147
1409	0	20.000	0.0000	16
1410	0	15.000	0.0000	97
1411	0	2.000	0.0000	276
1412	0	20.000	0.0000	109
1413	0	10.000	0.0000	3
1414	0	10.000	0.0000	6
1415	0	25.000	0.0000	132
1416	0	0.500	0.0000	215
1417	0	200.000	0.0000	11
1418	0	20.000	0.0000	15
1419	0	1.000	0.0000	274
1420	0	10.000	0.0000	32
1421	0	15.000	0.0000	50
1422	0	10.000	0.0000	99
1423	0	10.000	0.0000	1
1424	0	3.000	0.0000	233
1425	0	10.000	0.0000	5
1426	0	50.000	0.0000	102
1427	0	0.000	0.0000	272
1428	0	20.000	0.0000	12
1429	0	20.000	0.0000	100
1430	0	10.000	0.0000	2
1431	0	0.000	0.0000	278
1432	0	20.000	0.0000	101
1433	0	10.000	0.0000	4
1434	0	20.000	0.0000	14
1435	0	50.000	0.0000	37
1436	0	5.000	0.0000	112
1437	0	20.000	0.0000	16
1438	0	20.000	0.0000	13
1439	0	15.000	0.0000	97
1440	0	2.000	0.0000	276
1441	0	10.000	0.0000	118
1442	0	10.000	0.0000	3
1443	0	20.000	0.0000	147
1444	0	0.000	0.0000	294
1445	0	25.000	0.0000	132
1446	0	20.000	0.0000	109
1447	0	0.000	0.0000	272
1448	0	1.000	0.0000	274
1449	0	2.000	0.0000	276
1450	0	0.000	0.0000	278
1451	0	20.000	0.0000	15
1452	0	2.000	0.0000	276
1453	0	10.000	0.0000	99
1454	0	200.000	0.0000	11
1455	0	25.000	0.0000	192
1456	0	20.000	0.0000	48
1457	0	10.000	0.0000	5
1458	0	3.000	0.0000	233
1459	0	10.000	0.0000	1
1460	0	50.000	0.0000	102
1461	0	0.000	0.0000	272
1462	0	20.000	0.0000	12
1463	0	20.000	0.0000	101
1464	0	0.000	0.0000	333
1465	0	5.000	0.0000	112
1466	0	50.000	0.0000	37
1467	0	20.000	0.0000	14
1468	0	10.000	0.0000	2
1469	0	10.000	0.0000	4
1470	0	20.000	0.0000	100
1471	0	20.000	0.0000	13
1472	0	15.000	0.0000	97
1473	0	20.000	0.0000	16
1474	0	1.000	0.0000	274
1475	0	0.500	0.0000	215
1476	0	10.000	0.0000	3
1477	0	25.000	0.0000	132
1478	0	20.000	0.0000	147
1479	0	20.000	0.0000	109
1480	0	10.000	0.0000	6
1481	0	200.000	0.0000	11
1482	0	20.000	0.0000	15
1483	0	1.000	0.0000	274
1484	0	10.000	0.0000	32
1485	0	15.000	0.0000	50
1486	0	10.000	0.0000	99
1487	0	10.000	0.0000	1
1488	0	3.000	0.0000	233
1489	0	10.000	0.0000	5
1490	0	50.000	0.0000	102
1491	0	0.000	0.0000	272
1492	0	20.000	0.0000	12
1493	0	20.000	0.0000	100
1494	0	0.000	0.0000	333
1495	0	10.000	0.0000	2
1496	0	20.000	0.0000	101
1497	0	10.000	0.0000	4
1498	0	20.000	0.0000	14
1499	0	50.000	0.0000	37
1500	0	5.000	0.0000	112
1501	0	20.000	0.0000	16
1502	0	20.000	0.0000	13
1503	0	15.000	0.0000	97
1504	0	2.000	0.0000	276
1505	0	10.000	0.0000	118
1506	0	10.000	0.0000	3
1507	0	20.000	0.0000	147
1508	0	10.000	0.0000	6
1509	0	25.000	0.0000	132
1510	0	20.000	0.0000	109
1511	0	200.000	0.0000	11
1512	0	20.000	0.0000	51
1513	0	0.000	0.0000	272
1514	0	3.000	0.0000	233
1515	0	10.000	0.0000	1
1516	0	10.000	0.0000	33
1517	0	20.000	0.0000	15
1518	0	10.000	0.0000	5
1519	0	10.000	0.0000	99
1520	0	50.000	0.0000	102
1521	0	1.000	0.0000	274
1522	0	20.000	0.0000	14
1523	0	0.000	0.0000	333
1524	0	20.000	0.0000	12
1525	0	20.000	0.0000	101
1526	0	50.000	0.0000	37
1527	0	20.000	0.0000	100
1528	0	10.000	0.0000	4
1529	0	10.000	0.0000	2
1530	0	5.000	0.0000	112
1531	0	20.000	0.0000	13
1532	0	20.000	0.0000	16
1533	0	15.000	0.0000	97
1534	0	2.000	0.0000	276
1535	0	20.000	0.0000	109
1536	0	20.000	0.0000	147
1537	0	10.000	0.0000	3
1538	0	10.000	0.0000	6
1539	0	25.000	0.0000	132
1540	0	0.500	0.0000	215
1541	0	20.000	5.0000	148
1542	0	20.000	7.0000	148
1543	0	20.000	10.0000	148
1544	0	20.000	12.0000	148
1545	0	20.000	15.0000	148
1546	0	24.000	0.0000	21
1547	0	36.000	0.0000	21
1548	0	48.000	0.0000	21
1549	0	60.000	0.0000	21
1550	0	72.000	0.0000	21
1551	0	10.000	0.0000	32
1552	0	20.000	0.0000	32
1553	0	30.000	0.0000	32
1554	0	40.000	0.0000	32
1555	0	50.000	0.0000	32
1556	0	30.000	0.0000	149
1557	0	35.000	0.0000	149
1558	0	40.000	0.0000	149
1559	0	45.000	0.0000	149
1560	0	50.000	0.0000	149
1561	0	20.000	0.0000	190
1562	0	40.000	0.0000	190
1563	0	60.000	0.0000	190
1564	0	80.000	0.0000	190
1565	0	100.000	0.0000	190
1566	0	5.000	0.0000	17
1567	0	7.000	0.0000	17
1568	0	10.000	0.0000	17
1569	0	12.000	0.0000	17
1570	0	15.000	0.0000	17
1571	0	0.000	0.0000	150
1572	0	0.000	0.0000	150
1573	0	0.000	0.0000	150
1574	0	0.000	0.0000	150
1575	0	0.000	0.0000	150
1576	0	100.000	50.0000	205
1577	0	100.000	50.0000	205
1578	0	100.000	50.0000	205
1579	0	100.000	50.0000	205
1580	0	100.000	50.0000	205
1581	0	0.000	0.0000	206
1582	0	0.000	0.0000	206
1583	0	0.000	0.0000	206
1584	0	0.000	0.0000	206
1585	0	0.000	0.0000	206
1586	0	30.000	0.0000	151
1587	0	35.000	0.0000	151
1588	0	40.000	0.0000	151
1589	0	45.000	0.0000	151
1590	0	50.000	0.0000	151
1591	0	3.000	0.0000	231
1592	0	3.500	0.0000	231
1593	0	4.000	0.0000	231
1594	0	4.500	0.0000	231
1595	0	5.000	0.0000	231
1596	25	4.000	0.0000	235
1597	25	6.000	0.0000	235
1598	25	8.000	0.0000	235
1599	25	10.000	0.0000	235
1600	25	12.000	0.0000	235
1601	0	5.000	0.0000	156
1602	0	6.000	0.0000	156
1603	0	7.000	0.0000	156
1604	0	8.000	0.0000	156
1605	0	10.000	0.0000	156
1606	0	10.000	0.0000	20
1607	0	12.000	0.0000	20
1608	0	14.000	0.0000	20
1609	0	16.000	0.0000	20
1610	0	20.000	0.0000	20
1611	0	30.000	20.0000	62
1612	0	30.000	30.0000	62
1613	0	30.000	40.0000	62
1614	0	30.000	50.0000	62
1615	0	30.000	60.0000	62
1616	0	5.000	0.0000	157
1617	0	7.000	0.0000	157
1618	0	10.000	0.0000	157
1619	0	12.000	0.0000	157
1620	0	15.000	0.0000	157
1621	0	160.000	0.0000	24
1622	0	200.000	0.0000	24
1623	0	240.000	0.0000	24
1624	0	280.000	0.0000	24
1625	0	320.000	0.0000	24
1626	0	10.000	0.0000	142
1627	0	15.000	0.0000	142
1628	0	20.000	0.0000	142
1629	0	25.000	0.0000	142
1630	0	30.000	0.0000	142
1631	0	5.000	0.0000	158
1632	0	7.000	0.0000	158
1633	0	10.000	0.0000	158
1634	0	12.000	0.0000	158
1635	0	15.000	0.0000	158
1636	30	0.600	0.0000	230
1637	30	0.800	0.0000	230
1638	30	1.000	0.0000	230
1639	30	1.200	0.0000	230
1640	30	1.400	0.0000	230
1641	0	60.000	0.0000	138
1642	0	70.000	0.0000	138
1643	0	80.000	0.0000	138
1644	0	90.000	0.0000	138
1645	0	100.000	0.0000	138
1646	0	20.000	0.0000	155
1647	0	25.000	0.0000	155
1648	0	30.000	0.0000	155
1649	0	35.000	0.0000	155
1650	0	40.000	0.0000	155
1651	30	60.000	0.0000	46
1652	30	70.000	0.0000	46
1653	30	80.000	0.0000	46
1654	30	90.000	0.0000	46
1655	30	100.000	0.0000	46
1656	0	20.000	0.0000	36
1657	0	40.000	0.0000	36
1658	0	60.000	0.0000	36
1659	0	80.000	0.0000	36
1660	0	100.000	0.0000	36
1661	250	6.000	0.0000	152
1662	250	7.000	0.0000	152
1663	250	8.000	0.0000	152
1664	250	9.000	0.0000	152
1665	250	10.000	0.0000	152
1666	0	30.000	20.0000	60
1667	0	30.000	30.0000	60
1668	0	30.000	40.0000	60
1669	0	30.000	50.0000	60
1670	0	30.000	60.0000	60
1671	0	50.000	0.0000	271
1672	0	60.000	0.0000	271
1673	0	70.000	0.0000	271
1674	0	80.000	0.0000	271
1675	0	90.000	0.0000	271
1676	0	30.000	0.0000	154
1677	0	35.000	0.0000	154
1678	0	40.000	0.0000	154
1679	0	45.000	0.0000	154
1680	0	50.000	0.0000	154
1681	0	60.000	0.0000	43
1682	0	70.000	0.0000	43
1683	0	80.000	0.0000	43
1684	0	90.000	0.0000	43
1685	0	100.000	0.0000	43
1686	0	20.000	0.0000	184
1687	0	22.000	0.0000	184
1688	0	25.000	0.0000	184
1689	0	27.000	0.0000	184
1690	0	30.000	0.0000	184
1691	90	4.000	0.0000	237
1692	90	5.000	0.0000	237
1693	90	6.000	0.0000	237
1694	90	7.000	0.0000	237
1695	90	8.000	0.0000	237
1696	25	4.000	0.0000	235
1697	25	6.000	0.0000	235
1698	25	8.000	0.0000	235
1699	25	10.000	0.0000	235
1700	25	12.000	0.0000	235
1701	0	5.000	0.0000	26
1702	0	7.000	0.0000	26
1703	0	9.000	0.0000	26
1704	0	10.000	0.0000	26
1705	0	12.000	0.0000	26
1706	0	10.000	0.0000	159
1707	0	12.000	0.0000	159
1708	0	14.000	0.0000	159
1709	0	16.000	0.0000	159
1710	0	18.000	0.0000	159
1711	0	20.000	0.0000	61
1712	0	30.000	0.0000	61
1713	0	40.000	0.0000	61
1714	0	50.000	0.0000	61
1715	0	60.000	0.0000	61
1716	0	30.000	20.0000	60
1717	0	30.000	30.0000	60
1718	0	30.000	40.0000	60
1719	0	30.000	50.0000	60
1720	0	30.000	60.0000	60
1721	0	30.000	24.0000	64
1722	0	30.000	26.0000	64
1723	0	30.000	30.0000	64
1724	0	30.000	32.0000	64
1725	0	30.000	36.0000	64
1726	0	20.000	0.0000	41
1727	0	35.000	0.0000	41
1728	0	50.000	0.0000	41
1729	0	65.000	0.0000	41
1730	0	80.000	0.0000	41
1731	30	0.600	0.0000	230
1732	30	0.800	0.0000	230
1733	30	1.000	0.0000	230
1734	30	1.200	0.0000	230
1735	30	1.400	0.0000	230
1736	0	50.000	0.0000	160
1737	0	75.000	0.0000	160
1738	0	100.000	0.0000	160
1739	0	125.000	0.0000	160
1740	0	150.000	0.0000	160
1741	0	60.000	0.0000	138
1742	0	70.000	0.0000	138
1743	0	80.000	0.0000	138
1744	0	90.000	0.0000	138
1745	0	100.000	0.0000	138
1746	0	10.000	0.0000	32
1747	0	20.000	0.0000	32
1748	0	30.000	0.0000	32
1749	0	40.000	0.0000	32
1750	0	50.000	0.0000	32
1751	300	90.000	0.0000	47
1752	300	105.000	0.0000	47
1753	300	120.000	0.0000	47
1754	300	135.000	0.0000	47
1755	300	150.000	0.0000	47
1756	0	45.000	0.0000	30
1757	0	53.000	0.0000	30
1758	0	60.000	0.0000	30
1759	0	68.000	0.0000	30
1760	0	75.000	0.0000	30
1761	0	4.000	1.0000	227
1762	0	4.000	2.0000	227
1763	0	4.000	3.0000	227
1764	0	4.000	4.0000	227
1765	0	4.000	5.0000	227
1766	300	25.000	0.0000	193
1767	300	30.000	0.0000	193
1768	300	35.000	0.0000	193
1769	300	40.000	0.0000	193
1770	300	50.000	0.0000	193
1771	0	20.000	0.0000	35
1772	0	40.000	0.0000	35
1773	0	60.000	0.0000	35
1774	0	80.000	0.0000	35
1775	0	100.000	0.0000	35
1776	0	50.000	0.0000	39
1777	0	75.000	0.0000	39
1778	0	100.000	0.0000	39
1779	0	125.000	0.0000	39
1780	0	150.000	0.0000	39
1781	0	25.000	0.0000	204
1782	0	30.000	0.0000	204
1783	0	35.000	0.0000	204
1784	0	40.000	0.0000	204
1785	0	50.000	0.0000	204
1786	0	50.000	0.0000	38
1787	0	75.000	0.0000	38
1788	0	100.000	0.0000	38
1789	0	125.000	0.0000	38
1790	0	150.000	0.0000	38
1791	0	1.000	40.0000	217
1792	0	1.000	50.0000	217
1793	0	1.000	60.0000	217
1794	0	1.000	70.0000	217
1795	0	1.000	80.0000	217
1796	0	10.000	0.0000	162
1797	0	12.000	0.0000	162
1798	0	15.000	0.0000	162
1799	0	17.000	0.0000	162
1800	0	20.000	0.0000	162
1801	0	5.000	0.0000	18
1802	0	7.000	0.0000	18
1803	0	10.000	0.0000	18
1804	0	12.000	0.0000	18
1805	0	15.000	0.0000	18
1806	0	3.000	40.0000	219
1807	0	3.000	50.0000	219
1808	0	3.000	60.0000	219
1809	0	3.000	70.0000	219
1810	0	3.000	80.0000	219
1811	0	40.000	0.0000	164
1812	0	45.000	0.0000	164
1813	0	50.000	0.0000	164
1814	0	55.000	0.0000	164
1815	0	60.000	0.0000	164
1816	0	15.000	0.0000	139
1817	0	23.000	0.0000	139
1818	0	30.000	0.0000	139
1819	0	38.000	0.0000	139
1820	0	45.000	0.0000	139
1821	0	30.000	1.0000	194
1822	0	35.000	1.0000	194
1823	0	40.000	1.0000	194
1824	0	45.000	1.0000	194
1825	0	50.000	1.0000	194
1826	0	40.000	0.0000	163
1827	0	45.000	0.0000	163
1828	0	50.000	0.0000	163
1829	0	55.000	0.0000	163
1830	0	60.000	0.0000	163
1831	0	10.000	0.0000	21
1832	0	15.000	0.0000	21
1833	0	20.000	0.0000	21
1834	0	25.000	0.0000	21
1835	0	30.000	0.0000	21
1836	0	30.000	0.0000	128
1837	0	35.000	0.0000	128
1838	0	40.000	0.0000	128
1839	0	45.000	0.0000	128
1840	0	50.000	0.0000	128
1841	0	80.000	0.0000	163
1842	0	90.000	0.0000	163
1843	0	100.000	0.0000	163
1844	0	110.000	0.0000	163
1845	0	120.000	0.0000	163
1846	0	20.000	0.0000	21
1847	0	30.000	0.0000	21
1848	0	40.000	0.0000	21
1849	0	50.000	0.0000	21
1850	0	60.000	0.0000	21
1851	0	60.000	0.0000	128
1852	0	70.000	0.0000	128
1853	0	80.000	0.0000	128
1854	0	90.000	0.0000	128
1855	0	100.000	0.0000	128
1856	0	5.000	10.0000	166
1857	0	10.000	15.0000	166
1858	0	15.000	20.0000	166
1859	0	20.000	25.0000	166
1860	0	25.000	30.0000	166
1861	0	10.000	0.0000	31
1862	0	15.000	0.0000	31
1863	0	20.000	0.0000	31
1864	0	25.000	0.0000	31
1865	0	30.000	0.0000	31
1866	0	10.000	0.0000	34
1867	0	20.000	0.0000	34
1868	0	30.000	0.0000	34
1869	0	40.000	0.0000	34
1870	0	50.000	0.0000	34
1871	0	60.000	0.0000	138
1872	0	70.000	0.0000	138
1873	0	80.000	0.0000	138
1874	0	90.000	0.0000	138
1875	0	100.000	0.0000	138
1876	0	30.000	0.0000	195
1877	0	35.000	0.0000	195
1878	0	40.000	0.0000	195
1879	0	45.000	0.0000	195
1880	0	50.000	0.0000	195
1881	0	90.000	20.0000	65
1882	0	90.000	30.0000	65
1883	0	90.000	40.0000	65
1884	0	90.000	50.0000	65
1885	0	90.000	60.0000	65
1886	0	200.000	0.0000	24
1887	0	250.000	0.0000	24
1888	0	300.000	0.0000	24
1889	0	350.000	0.0000	24
1890	0	400.000	0.0000	24
1891	0	25.000	0.0000	52
1892	0	30.000	0.0000	52
1893	0	35.000	0.0000	52
1894	0	40.000	0.0000	52
1895	0	50.000	0.0000	52
1896	0	30.000	0.0000	67
1897	0	40.000	0.0000	67
1898	0	50.000	0.0000	67
1899	0	60.000	0.0000	67
1900	0	70.000	0.0000	67
1901	0	150.000	20.0000	167
1902	0	175.000	25.0000	167
1903	0	200.000	30.0000	167
1904	0	225.000	35.0000	167
1905	0	250.000	40.0000	167
1906	0	30.000	0.0000	75
1907	0	35.000	0.0000	75
1908	0	40.000	0.0000	75
1909	0	45.000	0.0000	75
1910	0	50.000	0.0000	75
1911	0	20.000	0.0000	51
1912	0	40.000	0.0000	51
1913	0	60.000	0.0000	51
1914	0	80.000	0.0000	51
1915	0	100.000	0.0000	51
1916	0	60.000	3.0000	168
1917	0	65.000	3.0000	168
1918	0	70.000	3.0000	168
1919	0	75.000	3.0000	168
1920	0	80.000	3.0000	168
1921	0	4.500	0.0000	236
1922	0	5.300	0.0000	236
1923	0	6.000	0.0000	236
1924	0	6.800	0.0000	236
1925	0	7.500	0.0000	236
1926	0	60.000	0.0000	196
1927	0	70.000	0.0000	196
1928	0	80.000	0.0000	196
1929	0	90.000	0.0000	196
1930	0	100.000	0.0000	196
1931	0	1.120	0.0000	169
1932	0	1.124	0.0000	169
1933	0	1.128	0.0000	169
1934	0	1.132	0.0000	169
1935	0	1.136	0.0000	169
1936	0	15.000	0.0000	134
1937	0	18.000	0.0000	134
1938	0	21.000	0.0000	134
1939	0	24.000	0.0000	134
1940	0	30.000	0.0000	134
1941	0	180.000	0.0000	23
1942	0	210.000	0.0000	23
1943	0	240.000	0.0000	23
1944	0	270.000	0.0000	23
1945	0	300.000	0.0000	23
1946	0	40.000	0.0000	137
1947	0	45.000	0.0000	137
1948	0	50.000	0.0000	137
1949	0	55.000	0.0000	137
1950	0	60.000	0.0000	137
1951	0	20.000	0.0000	143
1952	0	25.000	0.0000	143
1953	0	30.000	0.0000	143
1954	0	35.000	0.0000	143
1955	0	40.000	0.0000	143
1956	0	15.000	0.0000	77
1957	0	23.000	0.0000	77
1958	0	30.000	0.0000	77
1959	0	38.000	0.0000	77
1960	0	45.000	0.0000	77
1961	0	30.000	0.0000	171
1962	0	40.000	0.0000	171
1963	0	50.000	0.0000	171
1964	0	60.000	0.0000	171
1965	0	70.000	0.0000	171
1966	0	20.000	0.0000	63
1967	0	25.000	0.0000	63
1968	0	30.000	0.0000	63
1969	0	35.000	0.0000	63
1970	0	40.000	0.0000	63
1971	0	30.000	0.0000	76
1972	0	35.000	0.0000	76
1973	0	40.000	0.0000	76
1974	0	45.000	0.0000	76
1975	0	50.000	0.0000	76
1976	0	3.000	0.0000	172
1977	0	3.500	0.0000	172
1978	0	4.000	0.0000	172
1979	0	4.500	0.0000	172
1980	0	5.000	0.0000	172
1981	0	25.000	0.0000	22
1982	0	30.000	0.0000	22
1983	0	35.000	0.0000	22
1984	0	40.000	0.0000	22
1985	0	50.000	0.0000	22
1986	0	0.000	40.0000	216
1987	0	0.000	50.0000	216
1988	0	0.000	60.0000	216
1989	0	0.000	70.0000	216
1990	0	0.000	80.0000	216
1991	0	3.000	201.0000	173
1992	0	2.900	234.0000	173
1993	0	2.800	267.0000	173
1994	0	2.700	300.0000	173
1995	0	2.600	333.0000	173
1996	0	20.000	0.0000	197
1997	0	22.000	0.0000	197
1998	0	25.000	0.0000	197
1999	0	27.000	0.0000	197
2000	0	30.000	0.0000	197
2001	0	10.000	0.0000	77
2002	0	15.000	0.0000	77
2003	0	20.000	0.0000	77
2004	0	25.000	0.0000	77
2005	0	30.000	0.0000	77
2006	0	10.000	0.0000	175
2007	0	12.000	0.0000	175
2008	0	15.000	0.0000	175
2009	0	17.000	0.0000	175
2010	0	20.000	0.0000	175
2011	0	10.000	0.0000	133
2012	0	12.000	0.0000	133
2013	0	14.000	0.0000	133
2014	0	16.000	0.0000	133
2015	0	20.000	0.0000	133
2016	0	5.000	0.0000	17
2017	0	7.000	0.0000	17
2018	0	10.000	0.0000	17
2019	0	12.000	0.0000	17
2020	0	15.000	0.0000	17
2021	0	20.000	0.0000	21
2022	0	30.000	0.0000	21
2023	0	40.000	0.0000	21
2024	0	50.000	0.0000	21
2025	0	60.000	0.0000	21
2026	0	60.000	0.0000	182
2027	0	70.000	0.0000	182
2028	0	80.000	0.0000	182
2029	0	90.000	0.0000	182
2030	0	100.000	0.0000	182
2031	0	60.000	0.0000	129
2032	0	70.000	0.0000	129
2033	0	80.000	0.0000	129
2034	0	90.000	0.0000	129
2035	0	100.000	0.0000	129
2036	0	240.000	0.0000	23
2037	0	280.000	0.0000	23
2038	0	320.000	0.0000	23
2039	0	360.000	0.0000	23
2040	0	400.000	0.0000	23
2041	0	5.000	0.0000	86
2042	0	10.000	0.0000	86
2043	0	15.000	0.0000	86
2044	0	20.000	0.0000	86
2045	0	30.000	0.0000	86
2046	0	10.000	0.0000	20
2047	0	12.000	0.0000	20
2048	0	14.000	0.0000	20
2049	0	16.000	0.0000	20
2050	0	20.000	0.0000	20
2051	0	60.000	0.0000	176
2052	0	70.000	0.0000	176
2053	0	80.000	0.0000	176
2054	0	90.000	0.0000	176
2055	0	100.000	0.0000	176
2056	0	20.000	0.0000	41
2057	0	35.000	0.0000	41
2058	0	50.000	0.0000	41
2059	0	65.000	0.0000	41
2060	0	80.000	0.0000	41
2061	250	20.000	0.0000	116
2062	250	25.000	0.0000	116
2063	250	30.000	0.0000	116
2064	250	35.000	0.0000	116
2065	250	40.000	0.0000	116
2066	0	10.000	0.0000	177
2067	0	12.000	0.0000	177
2068	0	14.000	0.0000	177
2069	0	16.000	0.0000	177
2070	0	20.000	0.0000	177
2071	0	30.000	0.0000	126
2072	0	35.000	0.0000	126
2073	0	40.000	0.0000	126
2074	0	45.000	0.0000	126
2075	0	50.000	0.0000	126
2076	0	100.000	0.0000	37
2077	0	125.000	0.0000	37
2078	0	150.000	0.0000	37
2079	0	175.000	0.0000	37
2080	0	200.000	0.0000	37
2081	0	15.000	0.0000	165
2082	0	17.000	0.0000	165
2083	0	20.000	0.0000	165
2084	0	22.000	0.0000	165
2085	0	25.000	0.0000	165
2086	0	60.000	0.0000	123
2087	0	70.000	0.0000	123
2088	0	80.000	0.0000	123
2089	0	90.000	0.0000	123
2090	0	100.000	0.0000	123
2091	0	10.000	0.0000	85
2092	0	15.000	0.0000	85
2093	0	20.000	0.0000	85
2094	0	25.000	0.0000	85
2095	0	30.000	0.0000	85
2096	0	60.000	0.0000	178
2097	0	70.000	0.0000	178
2098	0	80.000	0.0000	178
2099	0	90.000	0.0000	178
2100	0	100.000	0.0000	178
2101	0	60.000	10.0000	198
2102	0	70.000	15.0000	198
2103	0	80.000	20.0000	198
2104	0	90.000	25.0000	198
2105	0	100.000	30.0000	198
2106	0	20.000	0.0000	155
2107	0	25.000	0.0000	155
2108	0	30.000	0.0000	155
2109	0	35.000	0.0000	155
2110	0	40.000	0.0000	155
2111	0	120.000	20.0000	179
2112	0	140.000	22.0000	179
2113	0	160.000	25.0000	179
2114	0	180.000	27.0000	179
2115	0	200.000	30.0000	179
2116	0	10.000	0.0000	85
2117	0	15.000	0.0000	85
2118	0	20.000	0.0000	85
2119	0	25.000	0.0000	85
2120	0	30.000	0.0000	85
2121	0	5.000	0.0000	26
2122	0	7.000	0.0000	26
2123	0	9.000	0.0000	26
2124	0	10.000	0.0000	26
2125	0	12.000	0.0000	26
2126	0	60.000	0.0000	286
2127	0	70.000	0.0000	286
2128	0	80.000	0.0000	286
2129	0	90.000	0.0000	286
2130	0	100.000	0.0000	286
2131	0	75.000	0.0000	39
2132	0	115.000	0.0000	39
2133	0	150.000	0.0000	39
2134	0	190.000	0.0000	39
2135	0	225.000	0.0000	39
2136	0	20.000	0.0000	199
2137	0	22.000	0.0000	199
2138	0	25.000	0.0000	199
2139	0	27.000	0.0000	199
2140	0	30.000	0.0000	199
2141	0	60.000	0.0000	180
2142	0	70.000	0.0000	180
2143	0	80.000	0.0000	180
2144	0	90.000	0.0000	180
2145	0	100.000	0.0000	180
2146	0	60.000	0.0000	43
2147	0	70.000	0.0000	43
2148	0	80.000	0.0000	43
2149	0	90.000	0.0000	43
2150	0	100.000	0.0000	43
2151	0	200.000	0.0000	37
2152	0	250.000	0.0000	37
2153	0	300.000	0.0000	37
2154	0	350.000	0.0000	37
2155	0	400.000	0.0000	37
2156	0	30.000	0.0000	181
2157	0	40.000	0.0000	181
2158	0	50.000	0.0000	181
2159	0	60.000	0.0000	181
2160	0	70.000	0.0000	181
2161	0	45.000	0.0000	30
2162	0	53.000	0.0000	30
2163	0	60.000	0.0000	30
2164	0	68.000	0.0000	30
2165	0	75.000	0.0000	30
2166	0	20.000	0.0000	100
2167	0	25.000	0.0000	100
2168	0	30.000	0.0000	100
2169	0	35.000	0.0000	100
2170	0	40.000	0.0000	100
2171	0	60.000	0.0000	182
2172	0	70.000	0.0000	182
2173	0	80.000	0.0000	182
2174	0	90.000	0.0000	182
2175	0	100.000	0.0000	182
2176	0	30.000	30.0000	45
2177	0	30.000	60.0000	45
2178	0	30.000	90.0000	45
2179	0	30.000	120.0000	45
2180	0	30.000	150.0000	45
2181	300	60.000	0.0000	47
2182	300	70.000	0.0000	47
2183	300	80.000	0.0000	47
2184	300	90.000	0.0000	47
2185	300	100.000	0.0000	47
2186	0	20.000	2.0000	183
2187	0	22.000	2.0000	183
2188	0	25.000	2.0000	183
2189	0	27.000	2.0000	183
2190	0	30.000	2.0000	183
2191	0	5.000	0.0000	86
2192	0	10.000	0.0000	86
2193	0	15.000	0.0000	86
2194	0	20.000	0.0000	86
2195	0	30.000	0.0000	86
2196	0	15.000	0.0000	139
2197	0	23.000	0.0000	139
2198	0	30.000	0.0000	139
2199	0	38.000	0.0000	139
2200	0	45.000	0.0000	139
2201	0	30.000	0.0000	184
2202	0	33.000	0.0000	184
2203	0	38.000	0.0000	184
2204	0	41.000	0.0000	184
2205	0	45.000	0.0000	184
2206	0	45.000	0.0000	75
2207	0	53.000	0.0000	75
2208	0	60.000	0.0000	75
2209	0	68.000	0.0000	75
2210	0	75.000	0.0000	75
2211	0	15.000	0.0000	142
2212	0	23.000	0.0000	142
2213	0	30.000	0.0000	142
2214	0	38.000	0.0000	142
2215	0	45.000	0.0000	142
2216	0	20.000	0.0000	185
2217	0	22.000	0.0000	185
2218	0	25.000	0.0000	185
2219	0	27.000	0.0000	185
2220	0	30.000	0.0000	185
2221	0	20.000	0.0000	51
2222	0	40.000	0.0000	51
2223	0	60.000	0.0000	51
2224	0	80.000	0.0000	51
2225	0	100.000	0.0000	51
2226	0	10.000	0.0000	34
2227	0	20.000	0.0000	34
2228	0	30.000	0.0000	34
2229	0	40.000	0.0000	34
2230	0	50.000	0.0000	34
2231	0	50.000	10.0000	186
2232	0	75.000	10.0000	186
2233	0	100.000	10.0000	186
2234	0	125.000	10.0000	186
2235	0	150.000	10.0000	186
2236	0	4.000	60.0000	145
2237	0	4.000	90.0000	145
2238	0	4.000	120.0000	145
2239	0	4.000	150.0000	145
2240	0	4.000	180.0000	145
2241	215	1.000	0.0000	200
2242	215	2.000	0.0000	200
2243	215	3.000	0.0000	200
2244	215	4.000	0.0000	200
2245	215	5.000	0.0000	200
2246	0	0.000	0.0000	278
2247	0	25.000	0.0000	184
2248	0	250.000	0.0000	24
2249	0	80.000	0.0000	184
2250	0	4.000	0.0000	26
2251	0	6.000	0.0000	26
2252	0	8.000	0.0000	26
2253	0	10.000	0.0000	26
2254	0	12.000	0.0000	26
2255	0	10.000	0.0000	31
2256	0	15.000	0.0000	31
2257	0	20.000	0.0000	31
2258	0	25.000	0.0000	31
2259	0	30.000	0.0000	31
2260	0	30.000	0.0000	30
2261	0	35.000	0.0000	30
2262	0	40.000	0.0000	30
2263	0	45.000	0.0000	30
2264	0	50.000	0.0000	30
2265	0	30.000	20.0000	45
2266	0	30.000	40.0000	45
2267	0	30.000	60.0000	45
2268	0	30.000	80.0000	45
2269	0	30.000	100.0000	45
2270	0	1.000	20.0000	207
2271	0	1.000	25.0000	207
2272	0	1.000	30.0000	207
2273	0	1.000	35.0000	207
2274	0	1.000	40.0000	207
2275	0	2.000	20.0000	208
2276	0	2.000	25.0000	208
2277	0	2.000	30.0000	208
2278	0	2.000	35.0000	208
2279	0	2.000	40.0000	208
2280	0	3.000	20.0000	209
2281	0	3.000	25.0000	209
2282	0	3.000	30.0000	209
2283	0	3.000	35.0000	209
2284	0	3.000	40.0000	209
2285	0	4.000	20.0000	210
2286	0	4.000	25.0000	210
2287	0	4.000	30.0000	210
2288	0	4.000	35.0000	210
2289	0	4.000	40.0000	210
2290	0	5.000	20.0000	211
2291	0	5.000	25.0000	211
2292	0	5.000	30.0000	211
2293	0	5.000	35.0000	211
2294	0	5.000	40.0000	211
2295	0	6.000	20.0000	212
2296	0	6.000	25.0000	212
2297	0	6.000	30.0000	212
2298	0	6.000	35.0000	212
2299	0	6.000	40.0000	212
2300	0	7.000	20.0000	213
2301	0	7.000	25.0000	213
2302	0	7.000	30.0000	213
2303	0	7.000	35.0000	213
2304	0	7.000	40.0000	213
2305	0	8.000	20.0000	214
2306	0	8.000	25.0000	214
2307	0	8.000	30.0000	214
2308	0	8.000	35.0000	214
2309	0	8.000	40.0000	214
2310	0	20.000	0.0000	21
2311	0	30.000	0.0000	21
2312	0	40.000	0.0000	21
2313	0	50.000	0.0000	21
2314	0	60.000	0.0000	21
2315	0	30.000	20.0000	60
2316	0	30.000	30.0000	60
2317	0	30.000	40.0000	60
2318	0	30.000	50.0000	60
2319	0	30.000	60.0000	60
2320	0	20.000	0.0000	61
2321	0	30.000	0.0000	61
2322	0	40.000	0.0000	61
2323	0	50.000	0.0000	61
2324	0	60.000	0.0000	61
2325	0	20.000	0.0000	36
2326	0	40.000	0.0000	36
2327	0	60.000	0.0000	36
2328	0	80.000	0.0000	36
2329	0	100.000	0.0000	36
2330	0	10.000	0.0000	143
2331	0	15.000	0.0000	143
2332	0	20.000	0.0000	143
2333	0	25.000	0.0000	143
2334	0	30.000	0.0000	143
2335	0	20.000	0.0000	41
2336	0	35.000	0.0000	41
2337	0	50.000	0.0000	41
2338	0	65.000	0.0000	41
2339	0	80.000	0.0000	41
2340	0	10.000	0.0000	142
2341	0	15.000	0.0000	142
2342	0	20.000	0.0000	142
2343	0	25.000	0.0000	142
2344	0	30.000	0.0000	142
2345	0	100.000	0.0000	24
2346	0	125.000	0.0000	24
2347	0	150.000	0.0000	24
2348	0	175.000	0.0000	24
2349	0	200.000	0.0000	24
2350	0	10.000	0.0000	32
2351	0	20.000	0.0000	32
2352	0	30.000	0.0000	32
2353	0	40.000	0.0000	32
2354	0	50.000	0.0000	32
2355	0	30.000	20.0000	64
2356	0	30.000	22.0000	64
2357	0	30.000	25.0000	64
2358	0	30.000	27.0000	64
2359	0	30.000	30.0000	64
2360	0	90.000	20.0000	65
2361	0	90.000	30.0000	65
2362	0	90.000	40.0000	65
2363	0	90.000	50.0000	65
2364	0	90.000	60.0000	65
2365	0	120.000	0.0000	23
2366	0	140.000	0.0000	23
2367	0	160.000	0.0000	23
2368	0	180.000	0.0000	23
2369	0	200.000	0.0000	23
2370	0	50.000	0.0000	38
2371	0	75.000	0.0000	38
2372	0	100.000	0.0000	38
2373	0	125.000	0.0000	38
2374	0	150.000	0.0000	38
2375	0	60.000	0.0000	129
2376	0	70.000	0.0000	129
2377	0	80.000	0.0000	129
2378	0	90.000	0.0000	129
2379	0	100.000	0.0000	129
2380	0	30.000	0.0000	105
2381	0	35.000	0.0000	105
2382	0	40.000	0.0000	105
2383	0	45.000	0.0000	105
2384	0	50.000	0.0000	105
2385	0	0.000	40.0000	216
2386	0	0.000	50.0000	216
2387	0	0.000	60.0000	216
2388	0	0.000	70.0000	216
2389	0	0.000	80.0000	216
2390	0	1.000	40.0000	217
2391	0	1.000	50.0000	217
2392	0	1.000	60.0000	217
2393	0	1.000	70.0000	217
2394	0	1.000	80.0000	217
2395	0	2.000	40.0000	218
2396	0	2.000	50.0000	218
2397	0	2.000	60.0000	218
2398	0	2.000	70.0000	218
2399	0	2.000	80.0000	218
2400	0	3.000	40.0000	219
2401	0	3.000	50.0000	219
2402	0	3.000	60.0000	219
2403	0	3.000	70.0000	219
2404	0	3.000	80.0000	219
2405	0	4.000	40.0000	220
2406	0	4.000	50.0000	220
2407	0	4.000	60.0000	220
2408	0	4.000	70.0000	220
2409	0	4.000	80.0000	220
2410	0	5.000	40.0000	221
2411	0	5.000	50.0000	221
2412	0	5.000	60.0000	221
2413	0	5.000	70.0000	221
2414	0	5.000	80.0000	221
2415	0	6.000	40.0000	222
2416	0	6.000	50.0000	222
2417	0	6.000	60.0000	222
2418	0	6.000	70.0000	222
2419	0	6.000	80.0000	222
2420	0	0.000	1.0000	223
2421	0	0.000	2.0000	223
2422	0	0.000	3.0000	223
2423	0	0.000	4.0000	223
2424	0	0.000	5.0000	223
2425	0	1.000	1.0000	224
2426	0	1.000	2.0000	224
2427	0	1.000	3.0000	224
2428	0	1.000	4.0000	224
2429	0	1.000	5.0000	224
2430	0	2.000	1.0000	225
2431	0	2.000	2.0000	225
2432	0	2.000	3.0000	225
2433	0	2.000	4.0000	225
2434	0	2.000	5.0000	225
2435	0	3.000	1.0000	226
2436	0	3.000	2.0000	226
2437	0	3.000	3.0000	226
2438	0	3.000	4.0000	226
2439	0	3.000	5.0000	226
2440	0	4.000	1.0000	227
2441	0	4.000	2.0000	227
2442	0	4.000	3.0000	227
2443	0	4.000	4.0000	227
2444	0	4.000	5.0000	227
2445	0	5.000	1.0000	228
2446	0	5.000	2.0000	228
2447	0	5.000	3.0000	228
2448	0	5.000	4.0000	228
2449	0	5.000	5.0000	228
2450	0	6.000	1.0000	229
2451	0	6.000	2.0000	229
2452	0	6.000	3.0000	229
2453	0	6.000	4.0000	229
2454	0	6.000	5.0000	229
2455	0	10.000	0.0000	34
2456	0	20.000	0.0000	34
2457	0	30.000	0.0000	34
2458	0	40.000	0.0000	34
2459	0	50.000	0.0000	34
2460	0	60.000	0.0000	128
2461	0	70.000	0.0000	128
2462	0	80.000	0.0000	128
2463	0	90.000	0.0000	128
2464	0	100.000	0.0000	128
2465	0	30.000	20.0000	62
2466	0	30.000	30.0000	62
2467	0	30.000	40.0000	62
2468	0	30.000	50.0000	62
2469	0	30.000	60.0000	62
2470	0	60.000	0.0000	43
2471	0	70.000	0.0000	43
2472	0	80.000	0.0000	43
2473	0	90.000	0.0000	43
2474	0	100.000	0.0000	43
2475	0	10.000	0.0000	77
2476	0	15.000	0.0000	77
2477	0	20.000	0.0000	77
2478	0	25.000	0.0000	77
2479	0	30.000	0.0000	77
2480	0	30.000	0.0000	75
2481	0	35.000	0.0000	75
2482	0	40.000	0.0000	75
2483	0	45.000	0.0000	75
2484	0	50.000	0.0000	75
2485	0	10.000	0.0000	85
2486	0	15.000	0.0000	85
2487	0	20.000	0.0000	85
2488	0	25.000	0.0000	85
2489	0	30.000	0.0000	85
2490	0	500.000	0.0000	91
2491	0	1000.000	0.0000	91
2492	0	1500.000	0.0000	91
2493	0	2000.000	0.0000	91
2494	0	2500.000	0.0000	91
2495	0	10.000	0.0000	81
2496	0	15.000	0.0000	81
2497	0	20.000	0.0000	81
2498	0	25.000	0.0000	81
2499	0	30.000	0.0000	81
2500	0	30.000	0.0000	76
2501	0	35.000	0.0000	76
2502	0	40.000	0.0000	76
2503	0	45.000	0.0000	76
2504	0	50.000	0.0000	76
2505	0	5.000	0.0000	86
2506	0	10.000	0.0000	86
2507	0	15.000	0.0000	86
2508	0	20.000	0.0000	86
2509	0	30.000	0.0000	86
2510	0	3.000	0.0000	231
2511	0	3.500	0.0000	231
2512	0	4.000	0.0000	231
2513	0	4.500	0.0000	231
2514	0	5.000	0.0000	231
2515	25	4.000	0.0000	235
2516	25	6.000	0.0000	235
2517	25	8.000	0.0000	235
2518	25	10.000	0.0000	235
2519	25	12.000	0.0000	235
2520	0	3.000	0.0000	236
2521	0	3.500	0.0000	236
2522	0	4.000	0.0000	236
2523	0	4.500	0.0000	236
2524	0	5.000	0.0000	236
2525	0	30.000	0.0000	196
2526	0	35.000	0.0000	196
2527	0	40.000	0.0000	196
2528	0	45.000	0.0000	196
2529	0	50.000	0.0000	196
2530	0	40.000	0.0000	53
2531	0	50.000	0.0000	53
2532	0	60.000	0.0000	53
2533	0	70.000	0.0000	53
2534	0	80.000	0.0000	53
2535	0	5.000	0.0000	134
2536	0	6.000	0.0000	134
2537	0	7.000	0.0000	134
2538	0	8.000	0.0000	134
2539	0	10.000	0.0000	134
2540	0	10.000	0.0000	133
2541	0	12.000	0.0000	133
2542	0	14.000	0.0000	133
2543	0	16.000	0.0000	133
2544	0	20.000	0.0000	133
2545	0	10.000	0.0000	139
2546	0	15.000	0.0000	139
2547	0	20.000	0.0000	139
2548	0	25.000	0.0000	139
2549	0	30.000	0.0000	139
2550	0	60.000	0.0000	138
2551	0	70.000	0.0000	138
2552	0	80.000	0.0000	138
2553	0	90.000	0.0000	138
2554	0	100.000	0.0000	138
2555	0	30.000	0.0000	137
2556	0	35.000	0.0000	137
2557	0	40.000	0.0000	137
2558	0	45.000	0.0000	137
2559	0	50.000	0.0000	137
2560	0	30.000	0.0000	195
2561	0	35.000	0.0000	195
2562	0	40.000	0.0000	195
2563	0	45.000	0.0000	195
2564	0	50.000	0.0000	195
2565	0	50.000	0.0000	39
2566	0	75.000	0.0000	39
2567	0	100.000	0.0000	39
2568	0	125.000	0.0000	39
2569	0	150.000	0.0000	39
2570	0	40.000	0.0000	54
2571	0	50.000	0.0000	54
2572	0	60.000	0.0000	54
2573	0	70.000	0.0000	54
2574	0	80.000	0.0000	54
2575	0	30.000	0.0000	71
2576	0	40.000	0.0000	71
2577	0	50.000	0.0000	71
2578	0	60.000	0.0000	71
2579	0	70.000	0.0000	71
2580	0	30.000	0.0000	67
2581	0	40.000	0.0000	67
2582	0	50.000	0.0000	67
2583	0	60.000	0.0000	67
2584	0	70.000	0.0000	67
2585	0	30.000	0.0000	68
2586	0	40.000	0.0000	68
2587	0	50.000	0.0000	68
2588	0	60.000	0.0000	68
2589	0	70.000	0.0000	68
2590	0	30.000	0.0000	72
2591	0	40.000	0.0000	72
2592	0	50.000	0.0000	72
2593	0	60.000	0.0000	72
2594	0	70.000	0.0000	72
2595	0	30.000	0.0000	69
2596	0	40.000	0.0000	69
2597	0	50.000	0.0000	69
2598	0	60.000	0.0000	69
2599	0	70.000	0.0000	69
2600	0	20.000	0.0000	73
2601	0	40.000	0.0000	73
2602	0	60.000	0.0000	73
2603	0	80.000	0.0000	73
2604	0	100.000	0.0000	73
2605	0	30.000	0.0000	70
2606	0	40.000	0.0000	70
2607	0	50.000	0.0000	70
2608	0	60.000	0.0000	70
2609	0	70.000	0.0000	70
2610	0	50.000	0.0000	42
2611	0	75.000	0.0000	42
2612	0	100.000	0.0000	42
2613	0	125.000	0.0000	42
2614	0	150.000	0.0000	42
2615	0	20.000	0.0000	35
2616	0	40.000	0.0000	35
2617	0	60.000	0.0000	35
2618	0	80.000	0.0000	35
2619	0	100.000	0.0000	35
2620	30	60.000	0.0000	46
2621	30	70.000	0.0000	46
2622	30	80.000	0.0000	46
2623	30	90.000	0.0000	46
2624	30	100.000	0.0000	46
2625	0	5.000	0.0000	17
2626	0	7.000	0.0000	17
2627	0	10.000	0.0000	17
2628	0	12.000	0.0000	17
2629	0	15.000	0.0000	17
2630	0	5.000	0.0000	19
2631	0	6.000	0.0000	19
2632	0	7.000	0.0000	19
2633	0	8.000	0.0000	19
2634	0	10.000	0.0000	19
2635	0	10.000	0.0000	20
2636	0	12.000	0.0000	20
2637	0	14.000	0.0000	20
2638	0	16.000	0.0000	20
2639	0	20.000	0.0000	20
2640	0	5.000	0.0000	18
2641	0	7.000	0.0000	18
2642	0	10.000	0.0000	18
2643	0	12.000	0.0000	18
2644	0	15.000	0.0000	18
2645	0	100.000	0.0000	37
2646	0	125.000	0.0000	37
2647	0	150.000	0.0000	37
2648	0	175.000	0.0000	37
2649	0	200.000	0.0000	37
2650	0	25.000	0.0000	52
2651	0	30.000	0.0000	52
2652	0	35.000	0.0000	52
2653	0	40.000	0.0000	52
2654	0	50.000	0.0000	52
2655	0	25.000	0.0000	22
2656	0	30.000	0.0000	22
2657	0	35.000	0.0000	22
2658	0	40.000	0.0000	22
2659	0	50.000	0.0000	22
2660	0	30.000	0.0000	106
2661	0	35.000	0.0000	106
2662	0	40.000	0.0000	106
2663	0	45.000	0.0000	106
2664	0	50.000	0.0000	106
2665	0	60.000	0.0000	286
2666	0	70.000	0.0000	286
2667	0	80.000	0.0000	286
2668	0	90.000	0.0000	286
2669	0	100.000	0.0000	286
2670	0	60.000	0.0000	290
2671	0	70.000	0.0000	290
2672	0	80.000	0.0000	290
2673	0	90.000	0.0000	290
2674	0	100.000	0.0000	290
2675	0	0.000	25.0000	216
2676	0	0.000	25.0000	216
2677	0	0.000	35.0000	216
2678	0	0.000	35.0000	216
2679	0	0.000	50.0000	216
2680	0	0.000	50.0000	216
2681	0	0.000	50.0000	216
2682	0	0.000	70.0000	216
2683	0	0.000	70.0000	216
2684	0	0.000	100.0000	216
2685	0	1.000	25.0000	217
2686	0	1.000	25.0000	217
2687	0	1.000	35.0000	217
2688	0	1.000	35.0000	217
2689	0	1.000	50.0000	217
2690	0	1.000	50.0000	217
2691	0	1.000	50.0000	217
2692	0	1.000	70.0000	217
2693	0	1.000	70.0000	217
2694	0	1.000	100.0000	217
2695	0	2.000	25.0000	218
2696	0	2.000	25.0000	218
2697	0	2.000	35.0000	218
2698	0	2.000	35.0000	218
2699	0	2.000	50.0000	218
2700	0	2.000	50.0000	218
2701	0	2.000	50.0000	218
2702	0	2.000	70.0000	218
2703	0	2.000	70.0000	218
2704	0	2.000	100.0000	218
2705	0	3.000	25.0000	219
2706	0	3.000	25.0000	219
2707	0	3.000	35.0000	219
2708	0	3.000	35.0000	219
2709	0	3.000	50.0000	219
2710	0	3.000	50.0000	219
2711	0	3.000	50.0000	219
2712	0	3.000	70.0000	219
2713	0	3.000	70.0000	219
2714	0	3.000	100.0000	219
2715	0	4.000	25.0000	220
2716	0	4.000	25.0000	220
2717	0	4.000	35.0000	220
2718	0	4.000	35.0000	220
2719	0	4.000	50.0000	220
2720	0	4.000	50.0000	220
2721	0	4.000	50.0000	220
2722	0	4.000	70.0000	220
2723	0	4.000	70.0000	220
2724	0	4.000	100.0000	220
2725	0	5.000	25.0000	221
2726	0	5.000	25.0000	221
2727	0	5.000	35.0000	221
2728	0	5.000	35.0000	221
2729	0	5.000	50.0000	221
2730	0	5.000	50.0000	221
2731	0	5.000	50.0000	221
2732	0	5.000	70.0000	221
2733	0	5.000	70.0000	221
2734	0	5.000	100.0000	221
2735	0	10.000	0.0000	27
2736	0	10.000	0.0000	27
2737	0	12.000	0.0000	27
2738	0	12.000	0.0000	27
2739	0	15.000	0.0000	27
2740	0	50.000	0.0000	34
2741	0	50.000	0.0000	34
2742	0	70.000	0.0000	34
2743	0	70.000	0.0000	34
2744	0	100.000	0.0000	34
2745	0	50.000	0.0000	35
2746	0	50.000	0.0000	35
2747	0	60.000	0.0000	35
2748	0	60.000	0.0000	35
2749	0	75.000	0.0000	35
2750	0	100.000	0.0000	35
2751	0	100.000	0.0000	35
2752	0	120.000	0.0000	35
2753	0	120.000	0.0000	35
2754	0	150.000	0.0000	35
2755	0	50.000	0.0000	36
2756	0	50.000	0.0000	36
2757	0	60.000	0.0000	36
2758	0	60.000	0.0000	36
2759	0	75.000	0.0000	36
2760	0	100.000	0.0000	36
2761	0	100.000	0.0000	36
2762	0	120.000	0.0000	36
2763	0	120.000	0.0000	36
2764	0	150.000	0.0000	36
2765	0	50.000	0.0000	38
2766	0	50.000	0.0000	38
2767	0	60.000	0.0000	38
2768	0	60.000	0.0000	38
2769	0	75.000	0.0000	38
2770	0	100.000	0.0000	38
2771	0	100.000	0.0000	38
2772	0	120.000	0.0000	38
2773	0	120.000	0.0000	38
2774	0	150.000	0.0000	38
2775	0	50.000	0.0000	39
2776	0	50.000	0.0000	39
2777	0	60.000	0.0000	39
2778	0	60.000	0.0000	39
2779	0	75.000	0.0000	39
2780	0	100.000	0.0000	39
2781	0	100.000	0.0000	39
2782	0	120.000	0.0000	39
2783	0	120.000	0.0000	39
2784	0	150.000	0.0000	39
2785	0	30.000	50.0000	45
2786	0	30.000	50.0000	45
2787	0	30.000	60.0000	45
2788	0	30.000	60.0000	45
2789	0	30.000	75.0000	45
2790	0	30.000	100.0000	45
2791	0	30.000	100.0000	45
2792	0	30.000	120.0000	45
2793	0	30.000	120.0000	45
2794	0	30.000	150.0000	45
2795	0	50.000	0.0000	52
2796	0	50.000	0.0000	52
2797	0	70.000	0.0000	52
2798	0	70.000	0.0000	52
2799	0	100.000	0.0000	52
2800	0	90.000	50.0000	65
2801	0	90.000	50.0000	65
2802	0	90.000	60.0000	65
2803	0	90.000	60.0000	65
2804	0	90.000	75.0000	65
2805	0	90.000	100.0000	65
2806	0	90.000	100.0000	65
2807	0	90.000	120.0000	65
2808	0	90.000	120.0000	65
2809	0	90.000	150.0000	65
2810	0	50.000	0.0000	101
2811	0	50.000	0.0000	101
2812	0	70.000	0.0000	101
2813	0	70.000	0.0000	101
2814	0	100.000	0.0000	101
2815	0	10.000	0.0000	284
2816	0	20.000	0.0000	284
2817	0	30.000	0.0000	284
2818	0	40.000	0.0000	284
2819	0	50.000	0.0000	284
2820	0	60.000	0.0000	284
2821	0	70.000	0.0000	284
2822	0	80.000	0.0000	284
2823	0	90.000	0.0000	284
2824	0	100.000	0.0000	284
2825	0	10.000	0.0000	187
2826	0	10.000	0.0000	187
2827	0	10.000	0.0000	187
2828	0	10.000	0.0000	187
2829	0	10.000	0.0000	187
2830	0	20.000	0.0000	188
2831	0	20.000	0.0000	188
2832	0	25.000	0.0000	188
2833	0	25.000	0.0000	188
2834	0	30.000	0.0000	188
2835	0	50.000	0.0000	188
2836	0	50.000	0.0000	188
2837	0	55.000	0.0000	188
2838	0	55.000	0.0000	188
2839	0	60.000	0.0000	188
2840	0	50.000	0.0000	189
2841	0	50.000	0.0000	189
2842	0	75.000	0.0000	189
2843	0	75.000	0.0000	189
2844	0	100.000	0.0000	189
2845	0	25.000	0.0000	202
2846	0	25.000	0.0000	202
2847	0	30.000	0.0000	202
2848	0	30.000	0.0000	202
2849	0	35.000	0.0000	202
2850	0	50.000	0.0000	82
2851	0	50.000	0.0000	82
2852	0	70.000	0.0000	82
2853	0	70.000	0.0000	82
2854	0	100.000	0.0000	82
2855	90	6.000	0.0000	270
2856	90	7.000	0.0000	270
2857	90	8.000	0.0000	270
2858	90	9.000	0.0000	270
2859	90	10.000	0.0000	270
2860	0	0.000	0.0000	289
2861	0	50.000	0.0000	180
2862	0	50.000	0.0000	180
2863	0	70.000	0.0000	180
2864	0	70.000	0.0000	180
2865	0	100.000	0.0000	180
2866	0	0.000	0.0000	291
2867	0	100.000	0.0000	25
2868	0	125.000	0.0000	25
2869	0	150.000	0.0000	25
2870	0	175.000	0.0000	25
2871	0	200.000	0.0000	25
2872	0	0.000	0.0000	292
2873	0	50.000	0.0000	84
2874	0	50.000	0.0000	84
2875	0	70.000	0.0000	84
2876	0	70.000	0.0000	84
2877	0	100.000	0.0000	84
2878	0	10.000	0.0000	28
2879	0	10.000	0.0000	28
2880	0	12.000	0.0000	28
2881	0	12.000	0.0000	28
2882	0	15.000	0.0000	28
2883	0	0.000	0.0000	321
2884	0	0.000	0.0000	322
2885	0	0.000	0.0000	323
2886	0	0.000	0.0000	324
2887	0	0.000	0.0000	325
2888	0	0.000	0.0000	326
2889	0	0.000	0.0000	327
2890	0	0.000	0.0000	328
2891	0	0.000	0.0000	329
2892	0	0.000	0.0000	330
2893	0	0.000	0.0000	331
2894	0	0.000	0.0000	332
2895	0	0.000	60.0000	216
2896	0	0.000	70.0000	216
2897	0	0.000	80.0000	216
2898	0	0.000	90.0000	216
2899	0	0.000	100.0000	216
2900	0	1.000	60.0000	217
2901	0	1.000	70.0000	217
2902	0	1.000	80.0000	217
2903	0	1.000	90.0000	217
2904	0	1.000	100.0000	217
2905	0	2.000	60.0000	218
2906	0	2.000	70.0000	218
2907	0	2.000	80.0000	218
2908	0	2.000	90.0000	218
2909	0	2.000	100.0000	218
2910	0	3.000	60.0000	219
2911	0	3.000	70.0000	219
2912	0	3.000	80.0000	219
2913	0	3.000	90.0000	219
2914	0	3.000	100.0000	219
2915	0	4.000	60.0000	220
2916	0	4.000	70.0000	220
2917	0	4.000	80.0000	220
2918	0	4.000	90.0000	220
2919	0	4.000	100.0000	220
2920	0	5.000	60.0000	221
2921	0	5.000	70.0000	221
2922	0	5.000	80.0000	221
2923	0	5.000	90.0000	221
2924	0	5.000	100.0000	221
2925	0	6.000	60.0000	222
2926	0	6.000	70.0000	222
2927	0	6.000	80.0000	222
2928	0	6.000	90.0000	222
2929	0	6.000	100.0000	222
2930	0	0.000	1.0000	223
2931	0	0.000	2.0000	223
2932	0	0.000	3.0000	223
2933	0	0.000	4.0000	223
2934	0	0.000	5.0000	223
2935	0	1.000	1.0000	224
2936	0	1.000	2.0000	224
2937	0	1.000	3.0000	224
2938	0	1.000	4.0000	224
2939	0	1.000	5.0000	224
2940	0	2.000	1.0000	225
2941	0	2.000	2.0000	225
2942	0	2.000	3.0000	225
2943	0	2.000	4.0000	225
2944	0	2.000	5.0000	225
2945	0	3.000	1.0000	226
2946	0	3.000	2.0000	226
2947	0	3.000	3.0000	226
2948	0	3.000	4.0000	226
2949	0	3.000	5.0000	226
2950	0	4.000	1.0000	227
2951	0	4.000	2.0000	227
2952	0	4.000	3.0000	227
2953	0	4.000	4.0000	227
2954	0	4.000	5.0000	227
2955	0	5.000	1.0000	228
2956	0	5.000	2.0000	228
2957	0	5.000	3.0000	228
2958	0	5.000	4.0000	228
2959	0	5.000	5.0000	228
2960	0	6.000	1.0000	229
2961	0	6.000	2.0000	229
2962	0	6.000	3.0000	229
2963	0	6.000	4.0000	229
2964	0	6.000	5.0000	229
2965	0	10.000	0.0000	29
2966	0	12.000	0.0000	29
2967	0	15.000	0.0000	29
2968	0	17.000	0.0000	29
2969	0	20.000	0.0000	29
2970	0	60.000	0.0000	31
2971	0	70.000	0.0000	31
2972	0	80.000	0.0000	31
2973	0	90.000	0.0000	31
2974	0	100.000	0.0000	31
2975	0	25.000	0.0000	32
2976	0	40.000	0.0000	32
2977	0	55.000	0.0000	32
2978	0	70.000	0.0000	32
2979	0	85.000	0.0000	32
2980	0	60.000	0.0000	34
2981	0	70.000	0.0000	34
2982	0	80.000	0.0000	34
2983	0	90.000	0.0000	34
2984	0	100.000	0.0000	34
2985	0	100.000	0.0000	35
2986	0	110.000	0.0000	35
2987	0	120.000	0.0000	35
2988	0	130.000	0.0000	35
2989	0	150.000	0.0000	35
2990	0	100.000	0.0000	36
2991	0	110.000	0.0000	36
2992	0	120.000	0.0000	36
2993	0	130.000	0.0000	36
2994	0	150.000	0.0000	36
2995	0	100.000	0.0000	38
2996	0	110.000	0.0000	38
2997	0	120.000	0.0000	38
2998	0	130.000	0.0000	38
2999	0	150.000	0.0000	38
3000	0	100.000	0.0000	39
3001	0	110.000	0.0000	39
3002	0	120.000	0.0000	39
3003	0	130.000	0.0000	39
3004	0	150.000	0.0000	39
3005	0	60.000	0.0000	41
3006	0	70.000	0.0000	41
3007	0	80.000	0.0000	41
3008	0	90.000	0.0000	41
3009	0	100.000	0.0000	41
3010	0	50.000	0.0000	42
3011	0	75.000	0.0000	42
3012	0	100.000	0.0000	42
3013	0	125.000	0.0000	42
3014	0	150.000	0.0000	42
3015	0	60.000	0.0000	43
3016	0	70.000	0.0000	43
3017	0	80.000	0.0000	43
3018	0	90.000	0.0000	43
3019	0	100.000	0.0000	43
3020	0	60.000	0.0000	44
3021	0	70.000	0.0000	44
3022	0	80.000	0.0000	44
3023	0	90.000	0.0000	44
3024	0	100.000	0.0000	44
3025	0	30.000	100.0000	45
3026	0	30.000	110.0000	45
3027	0	30.000	120.0000	45
3028	0	30.000	130.0000	45
3029	0	30.000	150.0000	45
3030	0	60.000	0.0000	52
3031	0	70.000	0.0000	52
3032	0	80.000	0.0000	52
3033	0	90.000	0.0000	52
3034	0	100.000	0.0000	52
3035	0	90.000	100.0000	65
3036	0	90.000	110.0000	65
3037	0	90.000	120.0000	65
3038	0	90.000	130.0000	65
3039	0	90.000	150.0000	65
3040	0	60.000	0.0000	79
3041	0	70.000	0.0000	79
3042	0	80.000	0.0000	79
3043	0	90.000	0.0000	79
3044	0	100.000	0.0000	79
3045	0	60.000	0.0000	83
3046	0	70.000	0.0000	83
3047	0	80.000	0.0000	83
3048	0	90.000	0.0000	83
3049	0	100.000	0.0000	83
3050	0	10.000	0.0000	284
3051	0	20.000	0.0000	284
3052	0	30.000	0.0000	284
3053	0	40.000	0.0000	284
3054	0	50.000	0.0000	284
3055	0	60.000	0.0000	284
3056	0	70.000	0.0000	284
3057	0	80.000	0.0000	284
3058	0	90.000	0.0000	284
3059	0	100.000	0.0000	284
3060	0	20.000	0.0000	188
3061	0	25.000	0.0000	188
3062	0	30.000	0.0000	188
3063	0	35.000	0.0000	188
3064	0	40.000	0.0000	188
3065	0	60.000	0.0000	191
3066	0	70.000	0.0000	191
3067	0	80.000	0.0000	191
3068	0	90.000	0.0000	191
3069	0	100.000	0.0000	191
3070	0	30.000	0.0000	202
3071	0	35.000	0.0000	202
3072	0	40.000	0.0000	202
3073	0	45.000	0.0000	202
3074	0	50.000	0.0000	202
3075	0	1.000	0.0000	161
3076	0	1.500	0.0000	161
3077	0	2.000	0.0000	161
3078	0	2.500	0.0000	161
3079	0	3.000	0.0000	161
3080	0	60.000	0.0000	174
3081	0	70.000	0.0000	174
3082	0	80.000	0.0000	174
3083	0	90.000	0.0000	174
3084	0	100.000	0.0000	174
3085	0	6.000	0.0000	202
3086	0	7.000	0.0000	202
3087	0	8.000	0.0000	202
3088	0	9.000	0.0000	202
3089	0	10.000	0.0000	202
3090	0	500.000	0.0000	11
3091	0	50.000	0.0000	12
3092	0	50.000	0.0000	13
3093	0	50.000	0.0000	14
3094	0	50.000	0.0000	15
3095	0	50.000	0.0000	16
3096	0	10.000	0.0000	18
3097	0	10.000	0.0000	19
3098	0	20.000	0.0000	20
3099	0	0.000	50.0000	216
3100	0	1.000	50.0000	217
3101	0	2.000	50.0000	218
3102	0	3.000	50.0000	219
3103	0	4.000	50.0000	220
3104	0	5.000	50.0000	221
3105	0	6.000	50.0000	222
3106	0	0.000	1.0000	223
3107	0	1.000	1.0000	224
3108	0	2.000	1.0000	225
3109	0	3.000	1.0000	226
3110	0	4.000	1.0000	227
3111	0	5.000	1.0000	228
3112	0	6.000	1.0000	229
3113	0	50.000	0.0000	23
3114	0	150.000	0.0000	24
3115	0	300.000	0.0000	24
3116	0	8.000	0.0000	26
3117	0	16.000	0.0000	26
3118	0	25.000	0.0000	32
3119	0	25.000	0.0000	33
3120	0	50.000	0.0000	75
3121	0	50.000	0.0000	76
3122	0	25.000	0.0000	77
3123	0	25.000	0.0000	81
3124	0	20.000	0.0000	98
3125	0	50.000	0.0000	103
3126	0	50.000	0.0000	104
3127	0	5.000	0.0000	122
3128	0	50.000	0.0000	128
3129	0	50.000	0.0000	129
3130	0	10.000	0.0000	146
3131	0	5.000	0.0000	17
3132	0	10.000	0.0000	17
3133	0	15.000	0.0000	17
3134	0	5.000	0.0000	20
3135	0	10.000	0.0000	20
3136	0	15.000	0.0000	20
3137	0	10.000	0.0000	33
3138	0	15.000	0.0000	33
3139	0	20.000	0.0000	33
3140	0	50.000	0.0000	\N
3141	0	100.000	0.0000	\N
3142	0	20.000	0.0000	67
3143	0	30.000	0.0000	67
3144	0	40.000	0.0000	67
3145	0	50.000	0.0000	67
3146	0	60.000	0.0000	67
3147	0	65.000	0.0000	67
3148	0	70.000	0.0000	67
3149	0	80.000	0.0000	67
3150	0	90.000	0.0000	67
3151	0	100.000	0.0000	67
3152	0	50.000	0.0000	23
3153	0	60.000	0.2500	\N
3154	0	30.000	0.0000	\N
3155	0	50.000	0.0000	\N
3156	0	100.000	0.0000	\N
3157	0	150.000	0.0000	\N
3158	0	200.000	0.0000	\N
3159	0	300.000	0.0000	\N
3160	0	30.000	0.0000	\N
3161	0	50.000	0.0000	\N
3162	50	20.000	0.0000	\N
3163	50	20.000	0.0000	\N
3164	50	25.000	0.0000	\N
3165	50	25.000	0.0000	\N
3166	50	30.000	0.0000	\N
3167	50	30.000	0.0000	\N
3168	50	80.000	0.0000	\N
3169	50	200.000	0.0000	\N
3170	50	100.000	0.0000	\N
3171	0	50.000	0.0000	\N
3172	0	50.000	0.0000	\N
3173	0	100.000	0.0000	35
3174	0	100.000	0.0000	36
3175	0	200.000	0.0000	36
3176	0	100.000	0.0000	29
3177	0	10.000	0.0000	35
3178	0	10.000	0.0000	36
3179	0	100.000	0.0000	29
3180	0	100.000	0.0000	29
3181	0	100.000	0.0000	35
3182	0	100.000	0.0000	38
3183	0	100.000	0.0000	39
3184	0	20.000	0.0000	\N
3185	0	25.000	0.0000	\N
3186	0	30.000	0.0000	\N
3187	0	100.000	0.0000	38
3188	0	200.000	0.0000	38
3189	0	100.000	0.0000	49
3190	0	50.000	0.0000	39
3191	0	0.000	0.0000	\N
3192	0	100.000	0.0000	\N
3193	0	200.000	0.0000	\N
3194	0	40.000	0.0000	\N
3195	0	50.000	0.0000	37
3196	0	25.000	0.0000	2
3197	0	25.000	0.0000	\N
3198	0	30.000	0.0000	2
3199	0	30.000	0.0000	\N
3200	0	25.000	0.0000	2
3201	0	30.000	0.0000	7
3202	0	30.000	0.0000	2
3203	0	30.000	0.0000	8
3204	0	50.000	0.0000	2
3205	0	60.000	0.0000	3
3206	0	40.000	0.0000	2
3207	0	30.000	0.0000	\N
3208	0	30.000	0.0000	5
3209	0	30.000	0.0000	3
3210	0	40.000	0.0000	2
3211	0	30.000	0.0000	3
3212	0	40.000	0.0000	2
3213	0	10.000	0.0000	\N
3214	0	40.000	0.0000	\N
3215	0	15.000	0.0000	23
3216	0	25.000	0.0000	\N
3217	0	50.000	0.0000	2
3218	0	0.000	0.0000	\N
3219	0	30.000	0.0000	2
3220	0	40.000	0.0000	\N
3221	0	30.000	0.0000	23
3222	0	100.000	0.0000	\N
3223	0	5.000	0.0000	\N
3224	0	100.000	0.0000	38
3225	0	50.000	0.0000	\N
3226	0	30.000	0.0000	\N
3227	0	30.000	0.0000	309
3228	0	50.000	0.0000	\N
3229	0	30.000	0.0000	5
3230	0	30.000	0.0000	2
3231	0	30.000	0.0000	2
3232	0	100.000	0.0000	49
3233	0	30.000	0.0000	5
3234	0	30.000	0.0000	3
3235	0	30.000	0.0000	2
3236	0	30.000	0.0000	\N
3237	0	50.000	0.0000	3
3238	0	50.000	0.0000	\N
3239	0	3.000	0.0000	30
3240	0	10.000	0.0000	23
3241	0	30.000	0.0000	\N
3242	0	20.000	0.0000	\N
3243	0	30.000	0.0000	\N
3244	0	30.000	0.0000	\N
3245	0	15.000	0.0000	2
3246	0	10.000	0.0000	\N
3247	0	30.000	0.0000	2
3248	0	20.000	0.0000	\N
3249	0	50.000	0.0000	8
3250	0	20.000	0.0000	67
3251	0	40.000	0.0000	3
3252	0	20.000	0.0000	23
3253	0	20.000	0.0000	23
3254	0	30.000	0.0000	3
3255	0	40.000	0.0000	23
3256	0	30.000	0.0000	3
3257	0	30.000	0.0000	2
3258	0	30.000	0.0000	8
3259	0	30.000	0.0000	2
3260	0	50.000	0.0000	\N
3261	0	30.000	0.0000	3
3262	0	30.000	0.0000	8
3263	0	30.000	0.0000	36
3264	0	30.000	0.0000	\N
3265	0	30.000	0.0000	3
3266	0	10.000	0.0000	23
3267	0	30.000	0.0000	2
3268	0	30.000	0.0000	\N
3269	0	0.000	0.0000	\N
3270	0	15.000	0.0000	335
3271	0	25.000	0.0000	\N
3272	0	30.000	0.0000	31
3273	0	30.000	0.0000	2
3274	0	30.000	0.0000	31
3275	0	50.000	0.0000	7
3276	0	100.000	0.0000	31
3277	0	30.000	0.0000	3
3278	0	50.000	0.0000	\N
3279	0	30.000	0.0000	7
3280	0	0.000	0.0000	\N
3281	0	30.000	0.0000	3
3282	0	10.000	0.0000	335
3283	0	30.000	0.0000	3
3284	0	90.000	0.0050	\N
3285	0	90.000	0.0010	\N
3286	0	25.000	0.0000	23
3287	0	90.000	0.0100	\N
3288	0	30.000	0.0000	23
3289	0	30.000	0.0000	7
3290	0	30.000	0.0000	15
3291	0	30.000	0.0000	3
3292	0	10.000	0.0000	\N
3293	0	30.000	0.0000	2
3294	0	30.000	0.0000	8
3295	0	30.000	0.0000	2
3296	0	30.000	0.0000	\N
3297	0	30.000	0.0000	3
3298	0	30.000	0.0000	\N
3299	0	30.000	0.0000	2
3300	0	50.000	0.0000	67
3301	0	30.000	0.0000	2
3302	0	50.000	0.0000	67
3303	0	40.000	0.0000	2
3304	0	10.000	0.0000	20
3305	0	30.000	0.0000	2
3306	0	30.000	0.0000	3
3307	0	30.000	0.0000	\N
3308	0	10.000	0.0000	23
3309	0	30.000	0.0000	2
3310	0	5.000	0.0000	\N
3311	0	30.000	0.0000	2
3312	0	100.000	0.0000	\N
3313	0	15.000	0.0000	23
3314	0	100.000	0.0000	\N
3315	0	20.000	0.0000	\N
3316	0	30.000	0.0000	8
3317	0	30.000	0.0000	\N
3318	0	30.000	0.0000	\N
3319	0	30.000	0.0000	\N
3320	0	20.000	0.0000	\N
3321	0	30.000	0.0000	8
3322	0	30.000	0.0000	\N
3323	0	30.000	0.0000	\N
3324	0	30.000	0.0000	\N
3325	0	30.000	0.0000	2
3326	0	0.000	0.0000	\N
3327	0	30.000	0.0000	2
3328	0	5.000	0.0000	\N
3329	0	30.000	0.0000	3
3330	0	80.000	0.0000	271
3331	0	30.000	0.0000	5
3332	0	50.000	0.0000	\N
3333	0	0.000	0.0000	\N
3334	0	20.000	0.0000	\N
3335	0	30.000	0.0000	7
3336	0	50.000	0.0000	2
3337	0	30.000	0.0000	3
3338	0	30.000	0.0000	8
3339	0	100.000	0.0000	\N
3340	0	30.000	0.0000	3
3341	0	30.000	0.0000	5
3342	0	10.000	0.0000	20
3343	0	15.000	0.0000	23
3344	0	40.000	0.0000	2
3345	0	40.000	0.0000	3
3346	0	0.000	0.0000	\N
3347	0	60.000	0.0100	\N
3348	0	45.000	0.0100	\N
3349	0	120.000	0.0000	\N
3350	0	30.000	0.0000	8
3351	0	30.000	0.0000	2
3352	0	30.000	0.0000	\N
3353	0	30.000	0.0000	\N
3354	0	30.000	0.0000	\N
3355	0	30.000	0.0000	\N
3356	0	15.000	0.0000	7
3357	0	20.000	0.0000	\N
3358	0	15.000	0.0000	7
3359	0	15.000	0.0000	\N
3360	0	4.000	0.0000	\N
3361	0	4.000	0.0000	\N
3362	0	20.000	0.0000	3
3363	0	5.000	0.0000	335
3364	0	15.000	0.0000	\N
3365	0	2.000	0.0000	\N
3366	0	180.000	0.0000	\N
3367	0	25.000	0.0000	2
3368	0	30.000	0.0000	\N
3369	0	30.000	0.0000	\N
3370	0	30.000	0.0000	2
3371	0	25.000	0.0000	7
3372	0	30.000	0.0000	\N
3373	0	30.000	0.0000	2
3374	0	30.000	0.0000	8
3375	0	30.000	0.0000	\N
3376	0	30.000	0.0000	3
3377	0	30.000	0.0000	\N
3378	0	30.000	0.0000	\N
3379	0	20.000	0.0000	2
3380	0	40.000	0.0000	\N
3381	0	15.000	0.0000	335
3382	0	10.000	0.0000	2
3383	0	30.000	0.0000	2
3384	0	30.000	0.0000	\N
3385	0	80.000	0.0000	\N
3386	0	0.000	0.0000	\N
3387	0	100.000	0.0000	\N
3388	0	0.000	0.0000	\N
3389	0	50.000	0.0000	3
3390	0	0.000	0.0000	\N
3391	0	50.000	0.0000	309
3392	0	50.000	0.0000	34
3393	0	30.000	0.0000	18
3394	0	30.000	0.0000	\N
3395	0	50.000	0.0000	2
3396	0	30.000	0.0000	\N
3397	0	50.000	0.0000	\N
3398	0	20.000	0.0000	2
3399	0	15.000	0.0000	23
3400	0	30.000	0.0000	\N
3401	0	15.000	0.0000	2
3402	0	50.000	0.0000	\N
3403	0	70.000	0.0000	\N
3404	0	20.000	0.0000	2
3405	0	10.000	0.0000	23
3406	0	30.000	0.0000	\N
3407	0	30.000	0.0000	\N
3408	0	30.000	0.0000	15
3409	0	30.000	0.0000	\N
3410	0	50.000	0.0000	3
3411	0	30.000	0.0000	335
3412	0	30.000	0.0000	\N
3413	0	25.000	0.0000	2
3414	0	30.000	0.0000	8
3415	0	30.000	0.0000	67
3416	0	15.000	0.0000	\N
3417	0	50.000	0.0000	67
3418	0	30.000	0.0000	\N
3419	0	15.000	0.0000	7
3420	0	100.000	0.0000	\N
3421	0	30.000	0.0000	\N
3422	0	100.000	0.0000	2
3423	0	40.000	0.0000	\N
3424	0	80.000	0.0000	\N
3425	0	50.000	0.0000	\N
3426	0	50.000	0.0000	\N
3427	0	30.000	0.0000	\N
3428	0	50.000	0.0000	\N
3429	0	15.000	0.0000	23
3430	0	80.000	0.0000	\N
3431	0	25.000	0.0000	3
3432	0	20.000	0.0000	2
3433	0	100.000	0.0000	\N
3434	0	90.000	0.0035	\N
3435	0	30.000	0.0000	\N
3436	0	180.000	0.0000	\N
3437	0	30.000	0.0000	2
3438	0	40.000	0.0000	8
3439	0	30.000	0.0000	\N
3440	0	30.000	0.0000	3
3441	0	50.000	0.0000	\N
3442	0	50.000	0.0000	\N
3443	0	80.000	0.0000	\N
3444	0	3.000	0.0000	\N
3445	0	10.000	0.0000	\N
3446	0	80.000	0.0000	\N
3447	0	30.000	0.0000	2
3448	0	30.000	0.0000	\N
3449	0	30.000	0.0000	\N
3450	0	30.000	0.0000	8
3451	0	25.000	0.0000	\N
3452	0	30.000	0.0000	\N
3453	0	30.000	0.0000	3
3454	0	10.000	0.0000	\N
3455	0	30.000	0.0000	\N
3456	0	20.000	0.0000	2
3457	0	30.000	0.0000	24
3458	0	30.000	0.0000	\N
3459	0	15.000	0.0000	17
3460	0	20.000	0.0000	3
3461	0	30.000	0.0000	\N
3462	0	30.000	0.0000	\N
3463	0	10.000	0.0000	\N
3464	0	30.000	0.0000	\N
3465	0	480.000	0.0000	\N
3466	0	50.000	0.0000	23
3467	0	80.000	0.0000	\N
3468	0	25.000	0.0000	3
3469	0	20.000	0.0000	\N
3470	0	80.000	0.0000	\N
3471	0	20.000	0.0000	335
3472	0	50.000	0.0000	\N
3473	0	30.000	0.0000	\N
3474	0	30.000	0.0000	2
3475	0	50.000	0.0000	\N
3476	0	20.000	0.0000	\N
3477	0	40.000	0.0000	2
3478	0	50.000	0.0000	\N
3479	0	5.000	0.0000	10
3480	0	30.000	0.0000	\N
3481	0	30.000	0.0000	2
3482	0	30.000	0.0000	\N
3483	0	60.000	0.0015	\N
3484	0	30.000	0.0000	2
3485	0	30.000	0.0000	\N
3486	0	50.000	0.0000	\N
3487	0	25.000	0.0000	2
3488	0	40.000	0.0000	\N
3489	0	10.000	0.0000	23
3490	0	50.000	0.0000	67
3491	0	25.000	0.0000	3
3492	0	30.000	0.0000	2
3493	0	50.000	0.0000	\N
3494	0	50.000	0.0000	\N
3495	0	30.000	0.0000	2
3496	0	20.000	0.0000	\N
3497	0	30.000	0.0000	\N
3498	0	20.000	0.0000	335
3499	0	40.000	0.0000	2
3500	0	30.000	0.0000	\N
3501	0	20.000	0.0000	335
3502	0	40.000	0.0000	2
3503	0	20.000	0.0000	24
3504	0	30.000	0.0000	2
3505	0	30.000	0.0000	3
3506	0	80.000	0.0000	\N
3507	0	80.000	0.0000	\N
3508	0	10.000	0.0000	23
3509	0	80.000	0.0000	\N
3510	0	30.000	0.0000	2
3511	0	20.000	0.0000	24
3512	0	30.000	0.0000	5
3513	0	30.000	0.0000	2
3514	0	30.000	0.0000	10
3515	0	30.000	0.0000	8
3516	0	40.000	0.0000	23
3517	0	100.000	0.0000	\N
3518	0	30.000	0.0000	\N
3519	0	60.000	0.0005	\N
3520	0	30.000	0.0000	\N
3521	0	15.000	0.0000	335
3522	0	30.000	0.0000	5
3523	0	30.000	0.0000	2
3524	0	30.000	0.0000	335
3525	0	50.000	0.0000	49
3526	0	30.000	0.0000	2
3527	0	30.000	0.0000	2
3528	0	5.000	0.0000	23
3529	0	20.000	0.0000	\N
3530	0	50.000	0.0000	2
3531	0	50.000	0.0000	8
3532	0	0.000	0.0000	\N
3533	0	100.000	0.0000	\N
3534	0	30.000	0.0000	335
3535	0	80.000	0.0000	\N
3536	0	40.000	0.0000	2
3537	0	30.000	0.0000	\N
3538	0	50.000	0.0000	67
3539	0	50.000	0.0000	2
3540	0	50.000	0.0000	8
3541	0	10.000	0.0000	10
3542	0	10.000	0.0000	\N
3543	0	15.000	0.0000	335
3544	0	80.000	0.0000	\N
3545	0	30.000	0.0000	\N
3546	0	40.000	0.0000	\N
3547	0	30.000	0.0000	\N
3548	0	30.000	0.0000	335
3549	0	50.000	0.0000	49
3550	0	100.000	0.0000	\N
3551	0	60.000	0.0015	\N
3552	0	5.000	0.0000	23
3553	0	50.000	0.0000	\N
3554	0	50.000	0.0000	3
3555	0	5.000	0.0000	23
3556	0	20.000	0.0000	\N
3557	0	30.000	0.0000	3
3558	0	50.000	0.0000	49
3559	0	30.000	0.0000	\N
3560	0	50.000	0.0000	\N
3561	0	5.000	0.0000	10
3562	0	50.000	0.0000	8
3563	0	30.000	0.0000	3
3564	0	5.000	0.0000	23
3565	0	60.000	0.0010	\N
3566	0	50.000	0.0000	2
3567	0	5.000	0.0000	10
3568	0	30.000	0.0000	\N
3569	0	30.000	0.0000	2
3570	0	20.000	0.0000	8
3571	0	30.000	0.0000	\N
3572	0	30.000	0.0000	2
3573	0	50.000	0.0000	49
3574	0	30.000	0.0000	\N
3575	0	30.000	0.0000	17
3576	0	40.000	0.0000	\N
3577	0	30.000	0.0000	\N
3578	0	15.000	0.0000	2
3579	0	40.000	0.0000	\N
3580	0	30.000	0.0000	\N
3581	0	60.000	0.0005	\N
3582	0	30.000	0.0000	\N
3583	0	80.000	0.0000	\N
3584	0	40.000	0.0000	2
3585	0	50.000	0.0000	\N
3586	0	10.000	0.0000	23
3587	0	60.000	0.0010	\N
3588	0	200.000	0.0000	\N
3589	0	12.000	0.0000	23
3590	0	50.000	0.0000	335
3591	0	50.000	0.0000	49
3592	0	30.000	0.0000	3
3593	0	100.000	0.0000	\N
3594	0	50.000	0.0000	67
3595	0	30.000	0.0000	\N
3596	0	30.000	0.0000	2
3597	0	15.000	0.0000	335
3598	0	30.000	0.0000	\N
3599	0	30.000	0.0000	3
3600	0	10.000	0.0000	23
3601	0	50.000	0.0000	\N
3602	0	5.500	0.0000	26
3603	0	60.000	0.0000	178
3604	0	70.000	0.0000	178
3605	0	80.000	0.0000	178
3606	0	90.000	0.0000	178
3607	0	100.000	0.0000	178
3608	500	100.000	0.0000	295
3609	500	125.000	0.0000	295
3610	500	150.000	0.0000	295
3611	500	175.000	0.0000	295
3612	500	200.000	0.0000	295
3613	300	60.000	0.0000	47
3614	300	70.000	0.0000	47
3615	300	80.000	0.0000	47
3616	300	90.000	0.0000	47
3617	300	100.000	0.0000	47
3618	0	15.000	10.0000	296
3619	0	17.000	12.0000	296
3620	0	20.000	15.0000	296
3621	0	22.000	17.0000	296
3622	0	25.000	20.0000	296
3623	0	60.000	10.0000	198
3624	0	70.000	15.0000	198
3625	0	80.000	20.0000	198
3626	0	90.000	25.0000	198
3627	0	100.000	30.0000	198
3628	1000	250.000	0.0000	297
3629	1000	275.000	0.0000	297
3630	1000	300.000	0.0000	297
3631	1000	325.000	0.0000	297
3632	1000	350.000	0.0000	297
3633	0	100.000	0.0000	298
3634	0	90.000	0.0000	298
3635	0	80.000	0.0000	298
3636	0	70.000	0.0000	298
3637	0	60.000	0.0000	298
3638	0	20.000	0.0000	204
3639	0	24.000	0.0000	204
3640	0	28.000	0.0000	204
3641	0	32.000	0.0000	204
3642	0	40.000	0.0000	204
3643	0	24.000	0.0000	149
3644	0	28.000	0.0000	149
3645	0	32.000	0.0000	149
3646	0	36.000	0.0000	149
3647	0	40.000	0.0000	149
3648	0	20.000	0.0000	300
3649	0	25.000	0.0000	300
3650	0	30.000	0.0000	300
3651	0	35.000	0.0000	300
3652	0	40.000	0.0000	300
3653	300	5.000	0.0000	301
3654	300	7.000	0.0000	301
3655	300	10.000	0.0000	301
3656	300	12.000	0.0000	301
3657	300	15.000	0.0000	301
3658	250	20.000	0.0000	116
3659	250	25.000	0.0000	116
3660	250	30.000	0.0000	116
3661	250	35.000	0.0000	116
3662	250	40.000	0.0000	116
3663	0	90.000	15.0000	305
3664	0	105.000	17.0000	305
3665	0	120.000	20.0000	305
3666	0	135.000	22.0000	305
3667	0	150.000	25.0000	305
3668	0	8.000	0.0000	113
3669	0	10.000	0.0000	113
3670	0	12.000	0.0000	113
3671	0	14.000	0.0000	113
3672	0	16.000	0.0000	113
3673	0	0.500	0.0000	304
3674	0	1.000	0.0000	304
3675	0	1.500	0.0000	304
3676	0	2.000	0.0000	304
3677	0	2.500	0.0000	304
3678	0	200.000	0.0000	306
3679	0	225.000	0.0000	306
3680	0	250.000	0.0000	306
3681	0	275.000	0.0000	306
3682	0	300.000	0.0000	306
3683	500	60.000	0.0000	307
3684	500	70.000	0.0000	307
3685	500	80.000	0.0000	307
3686	500	90.000	0.0000	307
3687	500	100.000	0.0000	307
3688	0	30.000	0.0000	22
3689	0	36.000	0.0000	22
3690	0	42.000	0.0000	22
3691	0	48.000	0.0000	22
3692	0	60.000	0.0000	22
3693	0	50.000	0.0000	319
3694	0	60.000	0.0000	319
3695	0	70.000	0.0000	319
3696	0	80.000	0.0000	319
3697	0	90.000	0.0000	319
3698	0	90.000	20.0000	320
3699	0	105.000	25.0000	320
3700	0	120.000	30.0000	320
3701	0	135.000	35.0000	320
3702	0	150.000	40.0000	320
3703	0	30.000	0.0000	36
3704	0	60.000	0.0000	36
3705	0	90.000	0.0000	36
3706	0	120.000	0.0000	36
3707	0	150.000	0.0000	36
3708	0	60.000	0.0000	299
3709	0	70.000	0.0000	299
3710	0	80.000	0.0000	299
3711	0	90.000	0.0000	299
3712	0	100.000	0.0000	299
3713	0	60.000	0.0000	318
3714	0	70.000	0.0000	318
3715	0	80.000	0.0000	318
3716	0	90.000	0.0000	318
3717	0	100.000	0.0000	318
3718	0	4.000	0.0000	335
3719	0	4.000	0.0000	335
3720	0	5.000	0.0000	335
3721	0	5.000	0.0000	335
3722	0	6.000	0.0000	335
3723	0	30.000	0.0000	\N
3724	0	20.000	0.0000	2
3725	0	30.000	0.0000	2
3726	0	50.000	0.0000	67
3727	0	50.000	0.0000	\N
3728	0	50.000	0.0000	2
3729	0	100.000	0.0000	3
3730	0	50.000	0.0000	2
3731	0	50.000	0.0000	49
3732	0	100.000	0.0000	\N
3733	0	0.000	0.0000	\N
3734	0	5.000	0.0000	335
3735	0	1000.000	0.0000	\N
3736	0	40.000	0.0000	23
3737	0	100.000	0.0000	2
3738	0	50.000	0.0000	\N
3739	0	12.000	0.0000	23
3740	0	20.000	0.0000	2
3741	0	10.000	0.0000	23
3742	0	80.000	0.0000	\N
3743	0	5.000	0.0000	\N
3744	0	30.000	0.0000	\N
3745	0	30.000	0.0000	\N
3746	0	15.000	0.0000	23
3747	0	15.000	0.0000	\N
3748	0	10.000	0.0000	\N
3749	0	20.000	0.0000	3
3750	0	30.000	0.0000	\N
3751	0	20.000	0.0000	3
3752	0	30.000	0.0000	23
3753	0	80.000	0.0000	\N
3754	0	20.000	0.0000	\N
3755	0	10.000	0.0000	\N
3756	0	99.000	0.0000	\N
3757	0	100.000	0.0000	\N
3758	0	15.000	0.0000	23
3759	0	100.000	0.0000	\N
3760	0	50.000	0.0000	2
3761	0	50.000	0.0000	\N
3762	0	200.000	0.0000	\N
3763	0	60.000	0.0000	\N
3764	0	60.000	0.0000	\N
3765	0	200.000	0.0000	\N
3766	0	10.000	0.0000	335
3767	0	50.000	0.0000	\N
3768	0	50.000	0.0000	309
3769	0	2.000	0.0000	\N
3770	0	60.000	0.0005	\N
3771	0	1.000	0.0000	\N
3772	0	25.000	0.0000	\N
3773	0	50.000	0.0000	\N
3774	0	100.000	0.0000	\N
3775	0	80.000	0.0000	\N
3776	0	40.000	0.0000	23
3777	0	100.000	0.0000	\N
3778	0	50.000	0.0000	\N
3779	0	50.000	0.0000	7
3780	0	50.000	0.0000	67
3781	0	30.000	0.0000	\N
3782	0	30.000	0.0000	309
3783	0	40.000	0.0000	\N
3784	0	60.000	0.0000	\N
3785	0	60.000	0.0000	\N
3786	0	50.000	0.0000	\N
3787	0	200.000	0.0000	\N
3788	0	60.000	0.0000	\N
3789	0	30.000	0.0000	\N
3790	0	30.000	0.0000	\N
3791	0	30.000	0.0000	2
3792	0	60.000	0.0000	\N
3793	0	200.000	0.0000	\N
3794	0	30.000	0.0000	7
3795	0	30.000	0.0000	\N
3796	0	300.000	0.0000	\N
3797	0	15.000	0.0000	23
3798	0	30.000	0.0000	\N
3799	0	15.000	0.0000	\N
3800	0	15.000	0.0000	23
3801	0	500.000	0.0000	\N
3802	0	20.000	0.0000	335
3803	0	30.000	0.0000	\N
3804	0	100.000	0.0000	\N
3805	250	30.000	0.0000	315
3806	250	35.000	0.0000	315
3807	250	40.000	0.0000	315
3808	250	45.000	0.0000	315
3809	250	50.000	0.0000	315
3810	0	60.000	10.0000	198
3811	0	70.000	15.0000	198
3812	0	80.000	20.0000	198
3813	0	90.000	25.0000	198
3814	0	100.000	30.0000	198
3815	0	20.000	0.0000	32
3816	0	35.000	0.0000	32
3817	0	50.000	0.0000	32
3818	0	65.000	0.0000	32
3819	0	80.000	0.0000	32
3820	0	10.000	0.0000	162
3821	0	12.000	0.0000	162
3822	0	15.000	0.0000	162
3823	0	17.000	0.0000	162
3824	0	20.000	0.0000	162
3825	0	25.000	0.0000	204
3826	0	30.000	0.0000	204
3827	0	35.000	0.0000	204
3828	0	40.000	0.0000	204
3829	0	50.000	0.0000	204
3830	0	20.000	0.0000	316
3831	0	25.000	0.0000	316
3832	0	30.000	0.0000	316
3833	0	35.000	0.0000	316
3834	0	40.000	0.0000	316
3835	0	30.000	0.0000	149
3836	0	35.000	0.0000	149
3837	0	40.000	0.0000	149
3838	0	45.000	0.0000	149
3839	0	50.000	0.0000	149
3840	0	20.000	0.0000	190
3841	0	30.000	0.0000	190
3842	0	40.000	0.0000	190
3843	0	50.000	0.0000	190
3844	0	60.000	0.0000	190
3845	0	5.000	0.0000	17
3846	0	7.000	0.0000	17
3847	0	10.000	0.0000	17
3848	0	12.000	0.0000	17
3849	0	15.000	0.0000	17
3850	250	6.000	0.0000	317
3851	250	7.000	0.0000	317
3852	250	8.000	0.0000	317
3853	250	9.000	0.0000	317
3854	250	10.000	0.0000	317
3855	0	20.000	0.0000	155
3856	0	25.000	0.0000	155
3857	0	30.000	0.0000	155
3858	0	35.000	0.0000	155
3859	0	40.000	0.0000	155
3860	0	60.000	0.0000	176
3861	0	70.000	0.0000	176
3862	0	80.000	0.0000	176
3863	0	90.000	0.0000	176
3864	0	100.000	0.0000	176
3865	250	6.000	0.0000	153
3866	250	7.000	0.0000	153
3867	250	8.000	0.0000	153
3868	250	9.000	0.0000	153
3869	250	10.000	0.0000	153
3870	0	30.000	20.0000	60
3871	0	30.000	30.0000	60
3872	0	30.000	40.0000	60
3873	0	30.000	50.0000	60
3874	0	30.000	60.0000	60
3875	0	50.000	0.0000	271
3876	0	60.000	0.0000	271
3877	0	70.000	0.0000	271
3878	0	80.000	0.0000	271
3879	0	90.000	0.0000	271
3880	0	10.000	0.0000	159
3881	0	12.000	0.0000	159
3882	0	14.000	0.0000	159
3883	0	16.000	0.0000	159
3884	0	18.000	0.0000	159
3885	0	20.000	0.0000	61
3886	0	30.000	0.0000	61
3887	0	40.000	0.0000	61
3888	0	50.000	0.0000	61
3889	0	60.000	0.0000	61
3890	0	30.000	20.0000	60
3891	0	30.000	30.0000	60
3892	0	30.000	40.0000	60
3893	0	30.000	50.0000	60
3894	0	30.000	60.0000	60
\.


--
-- Data for Name: enhance_captions; Type: TABLE DATA; Schema: xeno2; Owner: poppi
--

COPY xeno2.enhance_captions (id, caption) FROM stdin;
1	Boosts maximum HP by [ML:Enhance kind=Param1 ]%.
2	Boosts Strength by [ML:Enhance kind=Param1 ]%.
3	Boosts Ether by [ML:Enhance kind=Param1 ]%.
4	Boosts Dexterity by [ML:Enhance kind=Param1 ]%.
5	Boosts Agility by [ML:Enhance kind=Param1 ]%.
6	Boosts Luck by [ML:Enhance kind=Param1 ]%.
7	Boosts critical hit rate by [ML:Enhance kind=Param1 ]%.
8	Boosts physical defense by [ML:Enhance kind=Param1 ]%.
9	Boosts ether defense by [ML:Enhance kind=Param1 ]%.
10	Boosts block rate by [ML:Enhance kind=Param1 ]%.
11	Increases maximum HP by [ML:Enhance kind=Param1 ].
12	Increases Strength by [ML:Enhance kind=Param1 ].
13	Increases Ether by [ML:Enhance kind=Param1 ].
14	Increases Dexterity by [ML:Enhance kind=Param1 ].
15	Increases Agility by [ML:Enhance kind=Param1 ].
16	Increases Luck by [ML:Enhance kind=Param1 ].
17	Increases critical hit rate by [ML:Enhance kind=Param1 ]%.
18	Raises physical defense by [ML:Enhance kind=Param1 ]%.
19	Raises ether defense by [ML:Enhance kind=Param1 ]%.
20	Increases block rate by [ML:Enhance kind=Param1 ]%.
21	Increases Blade Combo damage by [ML:Enhance kind=Param1 ]%.
22	Boosts Fusion Combo effect by [ML:Enhance kind=Param1 ]%
23	Counters attacks with [ML:Enhance kind=Param1 ]% ether damage.
24	Counters attacks with [ML:Enhance kind=Param1 ]% physical damage.
25	Counters Driver Arts with [ML:Enhance kind=Param1 ]% of physical damage and Blowdown.
26	Restores [ML:Enhance kind=Param1 ]% HP of damage dealt after a successful auto-attack.
27	Restores [ML:Enhance kind=Param1 ]% HP of damage dealt when a Driver Art connects.
28	
29	Restores [ML:Enhance kind=Param1 ]% HP of damage dealt when a Special connects.
30	Restores [ML:Enhance kind=Param1 ]% HP each time an enemy is defeated.
31	Absorbs [ML:Enhance kind=Param1 ]% of critical damage dealt as HP.
32	Increases critical damage by [ML:Enhance kind=Param1 ]%.
33	Adds a [ML:Enhance kind=Param1 ]% chance of attacking again after a successful auto-attack.
34	Increases damage dealt from the front by [ML:Enhance kind=Param1 ]%.
35	Increases damage dealt from the side by [ML:Enhance kind=Param1 ]%.
36	Increases damage dealt from the back by [ML:Enhance kind=Param1 ]%.
37	Increases damage dealt by a surprise attack by [ML:Enhance kind=Param1 ]%.
38	Increases damage dealt to toppled enemies by [ML:Enhance kind=Param1 ]%.
39	Increases damage dealt to launched enemies by [ML:Enhance kind=Param1 ]%.
40	Increases smash damage by [ML:Enhance kind=Param1 ]%.
41	Increases damage dealt to higher-level enemies by [ML:Enhance kind=Param1 ]%.
42	Increases damage dealt when an ally is incapacitated by [ML:Enhance kind=Param1 ]%.
43	Adds a [ML:Enhance kind=Param1 ]% chance of dealing a guard-annulling attack.
44	Annuls reflect.
45	Increases damage dealt by [ML:Enhance kind=Param2 ]% when HP is [ML:Enhance kind=Param1 ]% or less.
46	Increases damage dealt by [ML:Enhance kind=Param1 ]% [ML:Enhance ] seconds after the start of battle.
47	Increases damage dealt for each enemy incapacitated by [ML:Enhance kind=Param1 ]% (max: [ML:Enhance ]%).
48	Extends Break duration by [ML:Enhance kind=Param1 ]%.
49	Extends Topple duration by [ML:Enhance kind=Param1 ]%.
50	Extends Launch duration by [ML:Enhance kind=Param1 ]%.
51	Increases auto-attack damage by [ML:Enhance kind=Param1 ]%.
52	Increases damage dealt to enemies targeting user by [ML:Enhance kind=Param1 ]%.
53	Increases damage dealt indoors by [ML:Enhance kind=Param1 ]%.
54	Increases damage dealt outdoors by [ML:Enhance kind=Param1 ]%.
55	Increases damage dealt per Blade Switch by [ML:Enhance kind=Param1 ]% (max: [ML:Enhance ]%).
56	Increases damage dealt while Blade is the opposite gender by [ML:Enhance kind=Param1 ]%.
57	Reduces enemy Topple resist.
58	Reduces enemy Launch resist.
59	On Block, gives [ML:Enhance kind=Param1 ]% chance to completely deflect enemy attack.
60	Improves evasion by [ML:Enhance kind=Param2 ]% when HP is [ML:Enhance kind=Param1 ]% or lower.
61	Improves evasion by [ML:Enhance kind=Param1 ]% while moving.
62	Boosts block rate by [ML:Enhance kind=Param2 ]% when HP is [ML:Enhance kind=Param1 ]% or lower.
63	Reduces damage from enemies within a 5m radius by [ML:Enhance kind=Param1 ]%.
64	Reduces damage taken by [ML:Enhance kind=Param2 ]% when HP is [ML:Enhance kind=Param1 ]% or lower.
65	Increases damage dealt by [ML:Enhance kind=Param2 ]% when HP is [ML:Enhance kind=Param1 ]% or higher.
66	Reduces Spike damage taken by [ML:Enhance kind=Param1 ]%.
67	Boosts Break resistance by [ML:Enhance kind=Param1 ]%.
68	Boosts Topple resistance by [ML:Enhance kind=Param1 ]%.
69	Boosts Launch resistance by [ML:Enhance kind=Param1 ]%.
70	Boosts Smash resistance by [ML:Enhance kind=Param1 ]%.
71	Boosts Blowdown resistance by [ML:Enhance kind=Param1 ]%.
72	Boosts Knockback resistance by [ML:Enhance kind=Param1 ]%.
73	Boosts resistance to defense annulling attacks by [ML:Enhance kind=Param1 ]%.
74	Nullifies elemental effects from an enemy by [ML:Enhance kind=Param1 ]%.
75	Reduces aggro drawn from auto-attacks by [ML:Enhance kind=Param1 ]%.
76	Increases aggro drawn from auto-attacks by [ML:Enhance kind=Param1 ]%.
77	Reduces aggro drawn from Specials and Driver Arts by [ML:Enhance kind=Param1 ]%.
78	Reduces aggro drawn from Driver Arts by [ML:Enhance kind=Param1 ]%.
79	Reduces aggro drawn from Specials by [ML:Enhance kind=Param1 ]%.
80	
81	Increases aggro drawn from Specials and Driver Arts by [ML:Enhance kind=Param1 ]%.
82	Increases aggro drawn from Driver Arts by [ML:Enhance kind=Param1 ]%.
83	Increases aggro drawn from Specials by [ML:Enhance kind=Param1 ]%.
84	
85	Increases aggro reduction by [ML:Enhance kind=Param1 ]%.
86	Increases aggro every second.
87	Increases aggro every second. (Minor effect.)
88	Increases aggro every second. (Medium effect.)
89	Increases aggro every second. (Major effect.)
90	Increases aggro every second. (Extra-major effect.)
91	Lets you start each battle with some aggro already accumulated.
92	Start each battle with aggro. (Minor effect.)
93	Start each battle with aggro. (Medium effect.)
94	Start each battle with aggro. (Major effect.)
95	Start each battle with aggro. (Extra-major effect.)
96	Increases the HP restored when being revived by [ML:Enhance kind=Param1 ]%.
97	Increases the HP restored when reviving a teammate by [ML:Enhance kind=Param1 ]%.
98	Improves the effect of Healing Arts by [ML:Enhance kind=Param1 ]%.
99	Increases HP restored to self (not using HP Potions) by [ML:Enhance kind=Param1 ]%.
100	Boosts recharge for Specials after canceling by [ML:Enhance kind=Param1 ]%.
101	Adds [ML:Enhance kind=Param1 ]% to damage ratio after canceling an auto-attack.
102	[ML:Enhance kind=Param1 ]% chance to survive hit with 1 HP + 5 secs invincibility (once per battle).
103	Increases Accuracy during the night by [ML:Enhance kind=Param1 ]%.
104	Increases Accuracy during the day by [ML:Enhance kind=Param1 ]%.
105	Boosts experience received from defeating enemies by [ML:Enhance kind=Param1 ]%.
106	Boosts WP received from defeating enemies by [ML:Enhance kind=Param1 ]%.
107	Increases the strength of elemental effects user has inflicted by [ML:Enhance kind=Param1 ]%.
108	Increases the duration of elemental effects user has inflicted by [ML:Enhance kind=Param1 ]%.
109	Slightly fills the Party Gauge when an "Excellent" is scored during a Special.
110	Fills Party Gauge on "Excellent" Specials. (Minor effect.)
111	Fills Party Gauge on "Excellent" Specials. (Major effect.)
112	Slightly fills the Party Gauge for each critical hit delivered.
113	Fills the Party Gauge by [ML:Enhance kind=Param1 ] for each critical hit delivered.
114	Slightly fills the Party Gauge for each Driver Art used.
115	
116	[ML:Enhance kind=Param1 ]% more damage dealt for each enemy in the battle (max: [ML:Enhance ]%).
117	Increases reflect damage by [ML:Enhance kind=Param1 ]%.
118	Increases critical hit rate during a Chain Attack by [ML:Enhance kind=Param1 ]%.
119	Heals [ML:Enhance kind=Param1 ]% HP each time a Chain Attack is initiated.
120	Revives Driver each time a Chain Attack is initiated.
121	Slightly fills the Party Gauge at the end of each Chain Attack.
122	Adds [ML:Enhance kind=Param1 ]m to the range of Ether Cannon.
123	Restores [ML:Enhance kind=Param1 ]% HP to teammates when incapacitated.
124	Increases damage dealt by [ML:Enhance kind=Param1 ]% for the first Driver Art per battle.
125	
126	[ML:Enhance kind=Param1 ]% chance to reset recharge for an enemy Art when a Special connects.
127	Prevents deflections when an enemy guards an attack.
128	Increases the enemy gold drop rate by [ML:Enhance kind=Param1 ]%.
129	Increases the enemy item drop rate by [ML:Enhance kind=Param1 ]%.
130	Increases the attack power of all weapon classes by [ML:Enhance kind=Param1 ]%.
131	Prevents Affinity loss when a teammate falls in battle.
132	Increases Affinity by [ML:Enhance kind=Param1 ]% after winning a Special button challenge.
133	Increases Affinity by [ML:Enhance kind=Param1 ] when a fellow Driver misses an attack.
134	Increases Affinity by [ML:Enhance kind=Param1 ] when a fellow Driver takes damage.
135	Increases chance of triggering Blade Arts by [ML:Enhance kind=Param1 ]%.
136	Increases Blade Arts duration time by [ML:Enhance kind=Param1 ]%.
137	When Affinity reaches max, grant party damage barrier of [ML:Enhance kind=Param1 ]% of max HP.
138	Increases damage dealt by [ML:Enhance kind=Param1 ]% when Affinity is at max.
139	Increases evasion rate by [ML:Enhance kind=Param1 ]% when Affinity is at max.
140	Increases Affinity by [ML:Enhance kind=Param1 ] when starting a battle with the initiative.
141	Increases Affinity by [ML:Enhance kind=Param1 ] when the enemy starts with the initiative.
142	Reduces the cooldown time for a Blade Switch by [ML:Enhance kind=Param1 ]%.
143	Heals [ML:Enhance kind=Param1 ]% of party's HP upon performing a Blade Switch.
144	Extends the range of Driver-Blade Affinity by [ML:Enhance kind=Param1 ]cm.
145	Increases Lv [ML:Enhance kind=Param1 ] Special damage by [ML:Enhance kind=Param2 ]%.
146	Adds a [ML:Enhance kind=Param1 ]% chance to create a small HP Potion for each connecting hit.
147	Boosts the effect of HP Potions by [ML:Enhance kind=Param1 ]%.
148	Special has [ML:Enhance kind=Param2 ]% chance to defeat non-boss foes with up to [ML:Enhance kind=Param1 ]% HP.
149	Increases accuracy and evasion rate of team by [ML:Enhance kind=Param1 ]% at max Affinity.
150	Can initiate elemental combo at random.
151	Reduces Blade Combo damage received from enemies by [ML:Enhance kind=Param1 ]%.
152	Adds [ML:Enhance kind=Param1 ]% to damage dealt for each attack Driver evades (max: [ML:Enhance ]%).
153	
222	Increases damage dealt to Titans by [ML:Enhance kind=Param2 ]%.
154	Boosts Arts recharge by [ML:Enhance kind=Param1 ]% at max Affinity.
155	Reduces aggro build-up from attacks by [ML:Enhance kind=Param1 ]%.
156	Boosts physical and ether defense by [ML:Enhance kind=Param1 ]%.
157	Adds [ML:Enhance kind=Param1 ]% chance for user to land perfect hits and evade enemy attacks.
158	Adds [ML:Enhance kind=Param1 ]% chance to reflect attacks.
159	After achieving max Affinity in combat, evade enemy attacks for [ML:Enhance kind=Param1 ] seconds.
160	Increases damage dealt to toppled or launched enemies by [ML:Enhance kind=Param1 ]%.
161	Adds [ML:Enhance kind=Param1 ]% chance to incapacitate enemy (fails on bosses and uniques).
162	Reduces party damage taken by [ML:Enhance kind=Param1 ]% at max Affinity.
163	Increases damage and AOE of party attacks by [ML:Enhance kind=Param1 ]% at max Affinity.
164	Heals party for [ML:Enhance kind=Param1 ]% HP when defeating an enemy.
165	Increases effectiveness of party healing by [ML:Enhance kind=Param1 ]% when at max Affinity.
166	Slightly raises aggro every second and increases all attack aggro by [ML:Enhance kind=Param2 ]%.
167	Deal [ML:Enhance kind=Param1 ]% more and take [ML:Enhance kind=Param2 ]% less damage if ally has low HP or is felled.
168	[ML:Enhance kind=Param1 ]% chance to stop enemy moving for [ML:Enhance kind=Param2 ] secs after landing a Special.
169	The lower the HP of the Driver, the more powerful the Special.
170	Reduces severity of elemental effect inflicted by the enemy by [ML:Enhance kind=Param1 ]%.
171	Adds [ML:Enhance kind=Param1 ]% chance to prevent reactions to enemy Driver Combos.
172	Restores party's HP on starting Fusion Combo. Effect improves with difficulty.
173	Increases attack power as gold is collected during battle (max: [ML:Enhance kind=Param2 ]%).
174	Adds [ML:Enhance kind=Param1 ]% chance to drop gold upon landing a hit.
175	Reduces recharge of enemies in battle by [ML:Enhance kind=Param1 ]% when at max Affinity.
176	Increases damage dealt by [ML:Enhance kind=Param1 ]% when battling a boss or unique enemy.
177	[ML:Enhance kind=Param1 ]% chance to not deplete recharge after a Driver Art or Special.
178	Annuls enemy defense and increases Special damage dealt by [ML:Enhance kind=Param1 ]%.
179	Deal [ML:Enhance kind=Param1 ]% more and take [ML:Enhance kind=Param2 ]% more damage when at max Affinity.
180	Adds [ML:Enhance kind=Param1 ]% chance to annul defense.
181	[ML:Enhance kind=Param1 ]% chance to flip enemy defense, granting more damage vs higher values.
182	Increases damage dealt when elemental weakness exploited (affects all).
183	Adds [ML:Enhance kind=Param1 ]% chance of Blowdown on enemy upon being attacked (affects all).
184	Increases auto-attack speed by [ML:Enhance kind=Param1 ]%.
185	Guarantees auto-attacks to hit twice and increases damage dealt by [ML:Enhance kind=Param1 ]%.
186	Increases dmg dealt to toppled enemies by [ML:Enhance kind=Param1 ]%, extending Topple duration.
187	Drains [ML:Enhance kind=Param1 ]% of current HP when using the Art. Evasion during Art.
188	Reduces [ML:Enhance kind=Param1 ]% of aggro toward user upon landing a hit.
189	Recharges Arts used by [ML:Enhance kind=Param1 ]% upon landing a critical hit.
190	Recharges Art or Special used by [ML:Enhance kind=Param1 ]% upon landing a critical hit.
191	Increases Affinity by [ML:Enhance kind=Param1 ] when using a Special.
192	Reduces enemy Break resist.
193	Increases damage dealt by [ML:Enhance kind=Param1 ]% each time a Special is used (max: [ML:Enhance ]%)
194	Adds [ML:Enhance kind=Param1 ]% chance of Knockback when attacked by an enemy.
195	Increases accuracy by [ML:Enhance kind=Param1 ]% at max Affinity.
196	Extends time HP Potions remain on the ground by [ML:Enhance kind=Param1 ] seconds (affects all).
197	Increases damage dealt by [ML:Enhance kind=Param1 ]% for each female in battle (except self).
198	Deal [ML:Enhance kind=Param1 ]% more and take [ML:Enhance kind=Param2 ]% less damage at max Affinity.
199	Boosts critical hit rate by [ML:Enhance kind=Param1 ]% when selected in chain attack (affects all).
200	Deals damage to all enemies when swapped in via Blade Switch.
201	Expands the window of opportunity for canceling by [ML:Enhance kind=Param1 ]%.
202	When landing a hit, restores [ML:Enhance kind=Param1 ]% of damage dealt to the whole party.
203	Adds [ML:Enhance kind=Param1 ]% buffer time to combos if switching to a combo-requesting Blade.
204	Increases damage dealt by the party by [ML:Enhance kind=Param1 ]% when at max Affinity.
205	Greatly enhances the Driver's abilities through the power of the Aegis.
206	Greatly enhances the party's abilities through the power of the Aegis.
207	Reduces fire damage received by [ML:Enhance kind=Param2 ]%.
208	Reduces water damage received by [ML:Enhance kind=Param2 ]%.
209	Reduces wind damage received by [ML:Enhance kind=Param2 ]%.
210	Reduces earth damage received by [ML:Enhance kind=Param2 ]%.
211	Reduces electric damage received by [ML:Enhance kind=Param2 ]%.
212	Reduces ice damage received by [ML:Enhance kind=Param2 ]%.
213	Reduces light damage received by [ML:Enhance kind=Param2 ]%.
214	Reduces dark damage received by [ML:Enhance kind=Param2 ]%.
215	Increases attack power ratio at the start of a Chain Attack.
216	Increases damage dealt to beasts by [ML:Enhance kind=Param2 ]%.
217	Increases damage dealt to insects by [ML:Enhance kind=Param2 ]%.
218	Increases damage dealt to aerial creatures by [ML:Enhance kind=Param2 ]%.
219	Increases damage dealt to aquatic organisms by [ML:Enhance kind=Param2 ]%.
220	Increases damage dealt to humanoids by [ML:Enhance kind=Param2 ]%.
221	Increases damage dealt to machines by [ML:Enhance kind=Param2 ]%.
223	[ML:Enhance kind=Param2 ]% chance of felling a beast on attack (fails on bosses/uniques).
224	[ML:Enhance kind=Param2 ]% chance of felling an insect on attack (fails on bosses/uniques).
225	[ML:Enhance kind=Param2 ]% chance of felling an aerial foe on attack (fails on bosses/uniques).
226	[ML:Enhance kind=Param2 ]% chance of felling an aquatic foe on attack (fails on bosses/uniques).
227	[ML:Enhance kind=Param2 ]% chance of felling a humanoid on attack (fails on bosses/uniques).
228	[ML:Enhance kind=Param2 ]% chance of felling a machine on attack (fails on bosses/uniques).
229	[ML:Enhance kind=Param2 ]% chance of felling a Titan on attack (fails on bosses/uniques).
230	Restores [ML:Enhance kind=Param1 ]% HP every second while HP is [ML:Enhance ]% or less.
231	Restores [ML:Enhance kind=Param1 ]% HP when using a Driver Art.
232	
233	Restores [ML:Enhance kind=Param1 ]% HP when canceling an auto-attack with a Driver Art.
234	
235	Adds [ML:Enhance ]% chance of restoring [ML:Enhance kind=Param1 ]% HP after taking a hit.
236	Restores [ML:Enhance kind=Param1 ]% HP every second while moving.
237	Periodically restores [ML:Enhance kind=Param1 ]% HP to entire party while at max Affinity.
238	On Block, Fire damage is absorbed, restoring HP instead of taking damage.
239	On Block, Water damage is absorbed, restoring HP instead of taking damage.
240	On Block, Wind damage is absorbed, restoring HP instead of taking damage.
241	On Block, Earth damage is absorbed, restoring HP instead of taking damage.
242	On Block, Electric damage is absorbed, restoring HP instead of taking damage.
243	On Block, Ice damage is absorbed, restoring HP instead of taking damage.
244	On Block, Light damage is absorbed, restoring HP instead of taking damage.
245	On Block, Dark damage is absorbed, restoring HP instead of taking damage.
246	On Block, Fire damage is reflected, damaging the enemy instead.
247	On Block, Water damage is reflected, damaging the enemy instead.
248	On Block, Wind damage is reflected, damaging the enemy instead.
249	On Block, Earth damage is reflected, damaging the enemy instead.
250	On Block, Electric damage is reflected, damaging the enemy instead.
251	On Block, Ice damage is reflected, damaging the enemy instead.
252	On Block, Light damage is reflected, damaging the enemy instead.
253	On Block, Dark damage is reflected, damaging the enemy instead.
254	Increases attack power of Aegis Sword-class weapons by [ML:Enhance kind=Param2 ]%.
255	Increases attack power of Catalyst Scimitar-class weapons by [ML:Enhance kind=Param2 ]%.
256	Increases attack power of Twin Rings-class weapons by [ML:Enhance kind=Param2 ]%.
257	Increases attack power of Drill Shield-class weapons by [ML:Enhance kind=Param2 ]%.
258	Increases attack power of Mech Arms-class weapons by [ML:Enhance kind=Param2 ]%.
259	Increases attack power of Variable Saber-class weapons by [ML:Enhance kind=Param2 ]%.
260	Increases attack power of Whipsword-class weapons by [ML:Enhance kind=Param2 ]%.
261	Increases attack power of Big Bang Edge-class weapons by [ML:Enhance kind=Param2 ]%.
262	Increases attack power of Dual Scythes-class weapons by [ML:Enhance kind=Param2 ]%.
263	Increases attack power of Greataxe-class weapons by [ML:Enhance kind=Param2 ]%.
264	Increases attack power of Megalance-class weapons by [ML:Enhance kind=Param2 ]%.
265	Increases attack power of Ether Cannon-class weapons by [ML:Enhance kind=Param2 ]%.
266	Increases attack power of Shield Hammer-class weapons by [ML:Enhance kind=Param2 ]%.
267	Increases attack power of Chroma Katana-class weapons by [ML:Enhance kind=Param2 ]%.
268	Increases attack power of Bitball-class weapons by [ML:Enhance kind=Param2 ]%.
269	Increases attack power of Knuckle Claws-class weapons by [ML:Enhance kind=Param2 ]%.
270	Restores [ML:Enhance kind=Param1 ]% HP when guarding. Recharges other Arts when attacked.
271	Adds [ML:Enhance kind=Param1 ]% chance of evading ranged attacks.
272	Allows use of the Driver Art assigned to X at the start of battle.
273	
274	Allows use of the Driver Art assigned to Y at the start of battle.
275	
276	Allows use of the Driver Art assigned to B at the start of battle.
277	
278	Lets you use a Driver Art after canceling a Driver Art.
279	Shortens cooldown time relative to the no. of Arts ready after a Blade Switch.
280	Boosts taunt resistance by [ML:Enhance kind=Param1 ]%.
281	Boosts Driver shackle resistance by [ML:Enhance kind=Param1 ]%.
282	Boosts Blade shackle resistance by [ML:Enhance kind=Param1 ]%.
283	Destroys an element orb at random when Elemental Burst triggers.
284	Spawns a small HP Potion on hit, with a [ML:Enhance kind=Param1 ]% chance to spawn 2.
285	Destroys an element orb when hit with an opposing element in a Chain Attack.
286	Adds [ML:Enhance kind=Param1 ]% chance to damage nearby element orbs during a Chain Attack.
287	Targets damaged element orbs when not using opposing element in a Chain.
288	Increases resistance to Stench by [ML:Enhance kind=Param1 ]%.
289	Spawns a small HP Potion when landing a hit.
290	Adds an element when performing a Blade Combo with [ML:Enhance kind=Param1 ]% probability.
291	Evade enemy attacks during Driver Arts.
292	
293	When a Driver is incapacitated, [ML:Enhance kind=Param1 ]% of aggro is retained.
294	At max Affinity w/ Pandoria: R and + to awaken for a time (once per battle).
295	Increases dmg a Driver deals by [ML:Enhance kind=Param1 ]% (max: [ML:Enhance ]%) each time they fall.
296	Increases auto-attack speed by [ML:Enhance kind=Param1 ]% and Arts speed by [ML:Enhance kind=Param2 ]%.
297	Increases dmg of lv4 Special by [ML:Enhance kind=Param1 ]% each time it's used (max: [ML:Enhance ]%).
298	Can negate powerful enemy attack via button challenge ([ML:Enhance kind=Param1 ] sec cooldown).
299	[ML:Enhance kind=Param1 ]% chance to remove awakened status from enemy when using Special.
300	Increases party critical hit rate by [ML:Enhance kind=Param1 ]% at max Affinity.
301	Increases damage dealt by [ML:Enhance kind=Param1 ]% each time a critical hit is dealt (max: [ML:Enhance ]%).
302	Deals [ML:Enhance kind=Param1 ]% ether damage to all foes in combat when you evade an attack.
303	Gives [ML:Enhance ]% chance to restore [ML:Enhance kind=Param1 ]% HP when you evade an attack.
304	Boosts recharge for Driver Arts by [ML:Enhance kind=Param1 ] when you evade an attack.
305	Increase dmg. dealt by [ML:Enhance kind=Param1 ]% and eva. rate by [ML:Enhance kind=Param2 ]% when Affinity is at max.
306	Increases damage dealt by party by [ML:Enhance kind=Param1 ]% when a Launched enemy is hit.
307	Increases damage dealt by [ML:Enhance kind=Param1 ]% per HP Potion picked up (max: [ML:Enhance ]%).
308	Increases item drop collection range by [ML:Enhance kind=Param1 ]cm.
309	Increases movement speed in combat by [ML:Enhance kind=Param1 ]%.
310	Boosts Nullify Heal resistance by [ML:Enhance kind=Param1 ]%.
311	Boosts Doom resistance by [ML:Enhance kind=Param1 ]%.
312	Boosts resistance to Party-Gauge- draining attacks by [ML:Enhance kind=Param1 ]%.
313	Deal [ML:Enhance kind=Param1 ]% more and take [ML:Enhance kind=Param2 ]% more damage.
314	Take [ML:Enhance kind=Param1 ]% less and deal [ML:Enhance kind=Param2 ]% less damage.
315	
316	
317	
318	On using Special, has [ML:Enhance kind=Param1 ]% chance to purge enemy rage status.
319	With Elma in battle, press R and - to engage. Uses P.Gauge, lasts [ML:Enhance kind=Param1 ] secs.
320	Increases damage dealt by [ML:Enhance kind=Param1 ]% and critical rate by [ML:Enhance kind=Param2 ]% at max Affinity.
321	
322	
323	
324	
325	
326	
327	
328	
329	
330	
331	
332	
333	
334	Reduces terrain damage by [ML:Enhance kind=Param1 ]%.
335	On Special, Driver receives afterimage, evading next [ML:Enhance kind=Param1 ] attack(s).
336	
337	
338	
339	
\.


--
-- Data for Name: field_skills; Type: TABLE DATA; Schema: xeno2; Owner: poppi
--

COPY xeno2.field_skills (name, category, caption, rarity, min_level, max_level) FROM stdin;
Forestry	Collection	Knowledge related to trees.	1	1	3
Botany	Collection	Knowledge related to plants.	1	1	5
Agronomy	Collection	Knowledge related to vegetables.	1	1	3
Entomology	Collection	Knowledge related to insects.	1	1	3
Ichthyology	Collection	Knowledge related to fish.	1	1	3
Mineralogy	Collection	Knowledge related to minerals.	1	1	3
Salvaging Mastery	Collection	Knowledge related to salvaging.	2	1	3
Fire Mastery	Elemental	The power of a Fire Blade.	1	1	3
Water Mastery	Elemental	The power of a Water Blade.	1	1	3
Earth Mastery	Elemental	The power of an Earth Blade.	1	1	5
Wind Mastery	Elemental	The power of a Wind Blade.	1	1	5
Electric Mastery	Elemental	The power of an Electric Blade.	1	1	5
Ice Mastery	Elemental	The power of an Ice Blade.	1	1	3
Dark Mastery	Elemental	The power of a Dark Blade.	2	1	5
Light Mastery	Rare	The power of a Light Blade.	3	1	3
Lockpicking	Rare	The power to open various things. Works on doors, treasure troves, etc.	3	1	3
Keen Eye	Rare	The power to see things clearly. Used to notice small changes, etc.	3	1	3
Leaping	Rare	The power to jump. Used to reach high places.	3	1	5
Superstrength	Rare	Extraordinary physical strength. Used to break things, lift them up, etc.	3	1	5
Focus	Rare	The power to focus on one thing. Also used to control one's power.	3	1	5
Ancient Wisdom	Rare	Knowledge of ancient civilizations. Used to decode writing, etc.	3	1	3
Nopon Wisdom	Rare	Knowledge related to Nopon. Decode writing, speak Nopon, etc.	3	1	3
Fortitude	Rare	The power to endure hardships. It even helps cope with boring jobs.	3	1	3
Cooking	Rare	The power to prepare delicious food. Skill exclusive to Pyra.	3	1	3
Miasma Dispersal	Rare	Disperse poison gas emitted by Titans. Skill exclusive to Roc.	3	1	3
Passionate Soul	Rare	A burning heart that crushes the strong. Skill exclusive to Godfrey.	3	1	3
Justice-Loving Soul	Rare	A just heart that tolerates no evil. Skill exclusive to Godfrey.	3	1	3
Kind Soul	Rare	A kind heart that helps the weak. Skill exclusive to Godfrey.	3	1	3
Assassination	Rare	Judge and punish those who do evil. Skill exclusive to Perceval.	3	1	3
Patissier	Rare	Enjoy making tasty sweet things. Skill exclusive to Gorg.	3	1	3
Cavalier Attitude	Rare	The belief that kings should delegate work to subjects. Exclusive to Dagas?	3	1	5
Fleet of Foot	Rare	Move faster than the eye can see. Skill exclusive to Boreas.	3	1	3
Beguiling Charms	Rare	Captivate all with your charming appearance. Exclusive to Floren.	3	1	5
One Lucky Gal	Rare	Chase luck, but find only misfortune. Curse exclusive to Kasandra.	3	1	3
Chivalry	Rare	A knight's sense for meting out justice. Skill exclusive to Perun.	3	1	3
Girls' Talk	Rare	Talk openly, girl-to-girl.	3	1	5
Clairvoyant Eye	Rare	Her left eye lets her see through all obstructions. Exclusive to Azami.	3	1	3
Harmony	Rare	Have fun playing beautiful music. Skill exclusive to Ursula.	3	1	5
Titan Weapon Wisdom	Rare	Deep knowledge of Titan weapons. Skill exclusive to Newt.	3	1	3
Phonex Linguistics	Rare	The power to speak with Phonexes. Skill exclusive to Nim.	3	1	3
Dumpling Pro	Rare	Prepare tasty triangular dumplings. Skill exclusive to Vess.	3	1	5
Extra-Ancient Wisdom	Rare	Knowledge about super-old culture lost to the Cloud Sea. Exclusive to Adenine.	3	1	5
Mastery of Thunder	Rare	The power to control electricity. Electra's not exactly good at this...	3	1	5
Birdbrain	Rare	The power to instantly forget anything. Skill exclusive to Finch.	3	1	3
Mental Arithmetic	Rare	Perform complex calculations at speed. Skill exclusive to KOS-MOS.	3	1	3
Rampage	Rare	A power so great, it had to be sealed. Releasing it causes Herald to rampage.	3	1	5
Weaving	Rare	Use looms to weave gorgeous fabrics. Skill exclusive to Vale.	3	1	3
Prospecting	Rare	Discover never-before-seen precious stones. Skill exclusive to Agate.	3	1	3
Icecraft	Rare	Create intricately beautiful art from ice. Skill exclusive to Dahlia.	3	1	3
Info Collector	Mercenary	Skillful at retrieving information. Exclusively for Merc Missions.	1	1	3
Expeditionist	Mercenary	Can use full strength even away from Driver. Exclusively for Merc Missions.	1	1	3
Transport Mastery	Mercenary	Skillful at moving lots of goods quickly. Exclusively for Merc Missions.	1	1	3
Industry Mastery	Mercenary	Skillful at machine repairs and upkeep. Exclusively for Merc Missions.	1	1	3
Production Mastery	Mercenary	Skillful at deftly making things. Exclusively for Merc Missions.	1	1	3
Eye for Beauty	Rare	Looks for girls to add to her entourage. Skill exclusive to Sheba.	3	1	3
Ardent Cooking	Rare	The power to prepare food like Pyra's. Skill exclusive to Crossette.	3	1	5
\.


--
-- Data for Name: maps; Type: TABLE DATA; Schema: xeno2; Owner: poppi
--

COPY xeno2.maps (map, map_name, map_display_name, priority, width, height, lower_x, lower_y, lower_z, upper_x, upper_y, upper_z) FROM stdin;
ma02a	ma02a_f01	Argentum Guild, 1F	20	440	481	-91.5	-24.30369	-121.4843	128.5	5.696314	118.5157
ma02a	ma02a_f03	Argentum Guild, 2F	10	304	160	-57	4.263106	-38.78085	95	20.86311	40.57231
ma02a	ma02a_f05	Argentum Guild, 4F	30	512	277	-120.5	19.79682	-70.30455	135.5	32.39682	67.65265
ma02a	ma02a_f06	Argentum Guild, 5F	40	176	105	-2	32.27697	-25.62831	86	41.27697	26.37169
ma02a	ma02a_f07	Argentum Guild, 6F	50	104	66	5	40.7	-14.9633	57	52.7	14.0367
ma02a	ma02a_f08	Argentum Guild, Roof	60	192	84	-8	40.2697	-19.96267	88	57.2697	20.11966
ma03a	ma03a_floor_01	Maelstrom, 1F	0	160	100	-35.5	26.09678	-25	44.5	35.09678	25
ma03a	ma03a_floor_03	Maelstrom, 3F	0	160	100	-35.5	34.96618	-25	44.5	74.96618	25
ma04a	ma04a_f02	Ancient Ship, 1F	30	440	296	-84.5	-43.47514	-72.64357	135.5	36.52486	74.78842
ma04a	ma04a_f03	Ancient Ship, B1F	10	392	76	-30.5	-38.78593	-18.20118	165.5	-6.785934	19.29882
ma04a	ma04a_f06	Ancient Ship, B4F	20	392	180	-21.5	-61.97401	-43.67316	174.5	-34.30513	45.818
ma05a	ma05a_f01	Gormott - Lower	5	1464	1092	-628	-159.721	-287.9462	104	-55.95835	257.9187
ma05a	ma05a_f02	Gormott - Top	50	3176	2122	-680.5	-56.30568	-552.8474	907.5	144.3127	507.7294
ma05a	ma05a_f05	ma05a_f05	60	2360	1128	-892	-66.84681	-1052.665	288	133.7716	-488.9182
ma05a	ma05a_f02_shipoff	Gormott - Top	2147483647	3176	2122	-680.5	-56.30568	-552.8474	907.5	144.3127	507.7294
ma05a	ma05a_ship_f01	Titan Battleship, 1F	19	120	170	546.5	-67.6499	379.4141	606.5	-38.71747	464.4447
ma05a	ma05a_ship_f02	Titan Battleship, 2F	28	336	534	472	-39.30075	287.0416	640	-17.76864	554.2673
ma05a	ma05a_ship_f03	Titan Battleship, 3F	27	584	356	495.5	-20.25945	330.4557	787.5	-2.931158	508.1782
ma05a	ma05a_ship_f04	Titan Battleship, 4F	26	520	270	473	-6.602793	351.1312	733	10.7255	486.2259
ma05a	ma05a_c_01	Living Quarters - Lower	10	296	407	298.5	-52	181.1646	446.5	-22	384.9143
ma05a	ma05a_c_02	ma05a_c_02	20	296	461	436.5	-146.493	174.72	584.5	-56.493	405.1484
ma05a	ma05a_c_03	ma05a_c_03	30	1240	730	135	-58.4	123.6898	755	41.6	488.6898
ma05a	ma05a_c_03_shipoff	ma05a_c_03_shipoff	2147483647	1240	730	135	-58.4	123.6898	755	41.6	488.6898
ma07a	ma07a_a_floor_01	Uraya Head	30	488	1460	-123.5	-16.94671	-155.702	120.5	111.1959	573.6713
ma07a	ma07a_a_floor_03	Blowhole, 1F	20	968	435	-185.5	58.46631	156.254	298.5	123.4663	373.8963
ma07a	ma07a_a_floor_04	Blowhole, 2F	15	728	503	-163.5	121.3525	74.17117	200.5	211.5485	325.8233
ma07a	ma07a_a_floor_05	Dragon's Stomach	10	184	654	-46	-64.44917	220.2746	46	-14.48679	547.2471
ma07a	ma07a_a_floor_06	Garfont	10	400	432	-270	40	344.5	-70	72	559.5
ma07a	ma07a_b_floor_01	Uraya Stomach - Lower	100	1968	2649	-489	-73.44154	545.224	495	218.5992	1869.646
ma07a	ma07a_b_floor_B01	Raqura Aquagardens	5	200	789	-50	-221.3191	1002.425	50	-71.31914	1396.958
ma07a	ma07a_c_floor_01	Uraya Stomach - Top	90	1712	911	-380.5	181.1994	1668.14	475.5	378.2238	2123.843
ma07a	ma07a_d_floor_01	Uraya Back	0	344	1440	-86	293.1832	2047.444	86	577.433	2767.444
ma07a	ma07a_d_floor_01lodoff	Uraya Back	2147483647	344	1440	-86	293.1832	2047.444	86	577.433	2767.444
ma08a	ma08a_rowf_1	Mor Ardain - Lower	25	1632	1979	-512	-215.0289	-541.2264	304	-65.02885	447.5938
ma08a	ma08a_upf_1	Mor Ardain - Top	30	1664	1213	-363	-72.24203	-477.5023	469	128.089	128.4448
ma08a	ma08a_city_f_1	Hardhaigh - Lower	10	120	540	48	-13.48588	358.7662	108	-0.4858818	628.7662
ma08a	ma08a_city_f_3	ma08a_city_f_3	20	832	560	-157	-60	71.67824	259	45	351.6782
ma08a	ma08a_city_f_4	ma08a_city_f_4	30	1000	600	-155	-12.5	350	345	112.5	650
ma08a	ma08a_newplant_out	ma08a_newplant_out	15	968	809	-432.5	-219.6876	-945.2585	51.5	-131.6428	-540.7715
ma10a	ma10a_f01	Temperantia	10	1240	970	-239.5	-34.4712	5.745361	380.5	86.55999	490.511
ma10a	ma10a_f02	ma10a_f02	20	2104	3435	-1234	-98.57533	-360.7211	-182	89.50192	1356.118
ma10a	ma10a_f03	ma10a_f03	15	1144	699	-341.5	-42.26419	738.4295	230.5	72.27357	1087.704
ma11a	ma11a_a_floor_01	Indol	10	600	920	-325	-109	42.69861	-25	41	502.6986
ma11a	ma11a_a_floor_02	ma11a_a_floor_02	20	1600	600	-150	-100	-155	650	50	145
ma11a	ma11a_b_floor_01	Titan Battleship	30	224	501	-431.5	-72.26661	309.5948	-319.5	-62.26661	560.4053
ma13a	ma13a_a_floor_01	Tantal - Top	65	2720	3400	-395.5	-283.9432	-550	964.5	56.05679	1150
ma13a	ma13a_a_floor_06	Tantal - Lower	60	2960	2840	-317	-530	-760.8391	1163	-280	658.5623
ma13a	ma13a_a_floor_07	Memorial Ruins	55	1800	440	-1199.5	-650	-110	-299.5	-450	110
ma13a	ma13a_b_floor_01	Theosoir - Top	50	464	456	210	-27.5	-114	442	62.5	114
ma13a	ma13a_b_floor_02	Theosoir - Lower	30	400	240	420	-28.87596	-60	620	-8.875957	60
ma13a	ma13a_b_floor_03	Palace - Mid	10	264	240	488	-57.84887	-60	620	-27.84887	60
ma13a	ma13a_b_floor_04	Palace - Lower	20	680	240	280	-100	-60	620	-50	60
ma13a	ma13a_b_floor_05	ma13a_b_floor_05	40	400	240	420	-9.671335	-60	620	17.32866	60
ma15a	ma15a_f01	Leftherian Archipelago	20	2528	2015	-670	-85.64931	-332.633	594	459.9557	674.4122
ma15a	ma15a_f02	Cloudway	30	1840	1751	-517.5	4.45694	-1135.557	402.5	311.1658	-260.4552
ma15a	ma15a_f04	ma15a_f04	25	2528	2091	-670	-114.8307	-2011.745	594	324.4843	-966.1076
ma15a	ma15a_f03	ma15a_f03	10	664	800	-554	-42.17758	-1961.837	-222	57.82242	-1561.837
ma16a	ma16a_floor_01	Elpys - Top	5	360	758	-95	-124.1293	-313.9239	85	71.40686	64.95607
ma16a	ma16a_floor_01b	ma16a_floor_01b	10	360	1775	-95	-184.4918	59.64578	85	11.04434	947.4779
ma16a	ma16a_floor_02	River Lavi - Lower	15	688	857	-269	-237.4213	925.4365	75	-83.34119	1353.927
ma16a	ma16a_floor_08	Elpys - Lower	20	992	1475	-381.5	-348.4587	1139.35	114.5	-244.6807	1876.512
ma16a	ma16a_floor_11	ma16a_floor_11	25	472	1098	-435	-327.3002	1875.403	-199	-263.7174	2424.126
ma17a	ma17a_f01	Cliffs of Morytha	5	768	1347	-234	-44.1188	-322.7668	150	42.84833	350.3212
ma17a	ma17a_f03	Lower - Outer Wall	15	696	484	32.5	-130.3466	261.8256	380.5	-33.63198	503.7892
ma17a	ma17a_f03b	ma17a_f03b	10	248	197	177	-42.52724	277.4588	301	-19.59436	375.6281
ma17a	ma17a_f03_lodoff	Lower - Outer Wall	2147483647	696	484	32.5	-130.3466	261.8256	380.5	-33.63198	503.7892
ma18a	ma18a_f01	Land of Morytha	5	520	1243	-83	-110.215	-536.2922	177	110.4126	84.83372
ma18a	ma18a_f07	Torna Titan, 1F	10	768	1015	-55	-47.02317	-1013.015	329	85.18299	-505.5183
ma18a	ma18a_f11	ma18a_f11	15	872	1130	170.5	43.72728	-1569.392	606.5	143.2164	-1004.245
ma20a	ma20a_f01	Low Orbit Station	5	560	367	-529	-331.3277	58.30628	-249	-303.7562	241.9005
ma20a	ma20a_f02	Low Orbit Sector, 1F	10	296	260	-293.5	-212.2191	123.4227	-145.5	-192.2191	253.2498
ma20a	ma20a_f03	Low Orbit Sector, 2F	15	552	657	-176.5	-191.727	51.58057	99.5	-72.83536	380.1805
ma20a	ma20a_f05	Sky Bridge	20	632	1020	-55.5	-63.23713	-103.4429	260.5	22.55663	406.2031
ma20a	ma20a_f09	Mid Level, 2F	25	680	561	-176	235.0696	-43.13621	164	297.6402	236.6292
ma20a	ma20a_f10	Geostationary Station	30	816	218	-522	494.4989	43.32129	-114	577.8959	152.0587
ma20a	ma20a_f08_1	ma20a_f08_1	35	1944	841	164.5	109.0265	-11.87524	1136.5	317.2876	408.1248
ma21a	ma21a_a_floor_01	Elevator	20	240	860	-60	-374.4888	-380	60	25.51125	50
ma21a	ma21a_a_floor_02	Elysium	10	904	1400	-150	-50.09645	-1050	302	19.90355	-350
ma21a	ma21a_b_floor_02	Architect's Room	30	904	800	-13.5	-155.3697	-1390.514	438.5	-5.369675	-990.5143
ma21a	ma21a_b_floor_03	Lower Level	40	1240	1300	-25	-400	-1709.762	595	-300	-1059.762
ma30a	ma30a_area	Entire Area	0	1232	1262	-344	-62.85911	-203.8312	272	54.16752	426.6193
\.


--
-- Data for Name: pouch_captions; Type: TABLE DATA; Schema: xeno2; Owner: poppi
--

COPY xeno2.pouch_captions (id, caption) FROM stdin;
1	+[ML:PouchParam ]% max HP to dmg barrier
2	+[ML:PouchParam ]% HP recovery
3	-[ML:PouchParam ]% physical dmg taken
4	-[ML:PouchParam ]% ether dmg taken
5	Recharges Arts by [ML:PouchParam ] each second.
6	+[ML:PouchParam ]% Party Gauge gain
7	+[ML:PouchParam ] base Affinity
8	+[ML:PouchParam ]% Affinity gain
9	-[ML:PouchParam ]% Affinity loss
10	Specials recharge [ML:PouchParam ] each second.
11	+[ML:PouchParam ]% Blade Arts effect
12	+[ML:PouchParam ]% dmg dealt by Specials
\.


--
-- Data for Name: pouch_item_effects; Type: TABLE DATA; Schema: xeno2; Owner: poppi
--

COPY xeno2.pouch_item_effects (pouch_item, caption, param) FROM stdin;
Juicy Samod	1	8.0
Lightly Fried Rice	1	10.0
Argentum Noodle Soup	1	20.0
Massive Mushroom Pie	1	15.0
Bright Samod	1	15.0
Bright Samod	2	5.0
Tasty Kordeth Samod	1	25.0
Tasty Kordeth Samod	6	20.0
Tasty Kordeth Samod	2	8.0
Grilled Anchortail	4	3.0
Oyster Stir-Fry	4	4.0
Marine Stir-Fry	4	4.0
Marine Stir-Fry	2	5.0
Marine Stir-Fry	6	8.0
Melodious Melon Parfait	5	0.1
Cinnopon Roll	5	0.2
Sparklesugar	5	0.3
Fruity Rice Ball	5	0.3
Fruity Rice Ball	3	2.0
Narcipear Jelly	5	0.4
Narcipear Jelly	3	4.0
Narcipear Jelly	4	3.0
Twinklejuice	6	8.0
Fizz Juice	6	10.0
Chunky Juice	6	15.0
Sappan Veg Juice	6	25.0
Sappan Veg Juice	2	8.0
Honey au Lait	6	25.0
Honey au Lait	4	5.0
Crispy Blendshake	6	30.0
Crispy Blendshake	1	25.0
Roly-Poly Maracas	10	0.3
Nopolele	10	0.5
Funky Conga	10	0.8
Whispercorder	10	1.0
Casta-Mutes	10	0.8
Casta-Mutes	8	6.0
Clicky-Clacks	10	2.0
Clicky-Clacks	9	13.0
Salvaging Made Easy	12	6.0
Yumyum's Golden Gun	12	8.0
The Millenarian Titan	12	12.0
Adventures of Myram	12	12.0
Adventures of Myram	10	0.3
Mumuni the Littlepon	12	16.0
Mumuni the Littlepon	8	10.0
Clattertongue	11	4.0
Nopon Chess Set	11	8.0
Sneak-Thief King	11	14.0
Tradeway 66	11	20.0
Coral Nopon Chess Set	11	14.0
Coral Nopon Chess Set	10	0.5
Leftherian Life	11	20.0
Leftherian Life	8	6.0
Leftherian Life	10	0.5
Eau de Doux	7	50.0
Elastifying Tonic	7	75.0
Freshening Gel	7	100.0
Curled Eyelashes	7	125.0
Bubbly Mani-Pedi Kit	7	100.0
Bubbly Mani-Pedi Kit	8	5.0
Full Moon Eyeliner	7	125.0
Full Moon Eyeliner	12	12.0
Full Moon Eyeliner	9	5.0
Ruska Dumplings	1	8.0
Ruska Noodle Goulash	1	10.0
Deluxe Ham Toastie	1	15.0
Ruska Noodle Soup	1	15.0
Ruska Noodle Soup	3	2.0
Beat Paste Paratha	1	20.0
Beat Paste Paratha	4	5.0
Crispy Saut	2	4.0
Torigoth Marinade	2	5.0
Stuffed Meaty Carrot	2	8.0
Puri Leaf Salad	2	8.0
Puri Leaf Salad	1	8.0
Snowy Dudleya Gele	2	13.0
Snowy Dudleya Gele	6	20.0
Snowy Dudleya Gele	1	15.0
Estral Steak	3	3.0
Tasty Sausage	3	2.0
Mince & Lentil Stir-Fry	3	4.0
Mince & Lentil Stir-Fry	6	10.0
Mustard Kordeth	3	7.0
Mustard Kordeth	4	5.0
Mustard Kordeth	6	15.0
Gormotti Fish Flakes	4	3.0
Grass-Smoked Salmon	4	4.0
Bipedal Crab Chili	4	5.0
Bipedal Crab Chili	1	15.0
Bipedal Crab Chili	5	0.2
Lunana Smoothie	6	8.0
Gormotti Honeytea	6	10.0
Kukurel Springwater	6	15.0
Passion Fruit Shake	6	15.0
Passion Fruit Shake	4	3.0
Victory Smoothie	6	20.0
Victory Smoothie	5	0.3
Victory Smoothie	2	5.0
Torigonda	10	0.3
Woodgrain Alphorn	10	0.5
Cedarwood Koto	10	0.8
Woodboard	10	0.8
Woodboard	11	8.0
Coralline Marimba	10	1.0
Coralline Marimba	12	12.0
Coralline Marimba	8	5.0
The Girl on the Hill	8	4.0
Black Flower Field	8	5.0
Woodcut Print of Bana	8	6.0
Woodcut Print of Bana	11	4.0
Wood-Carven Queen	8	10.0
Wood-Carven Queen	11	14.0
Wood-Carven Queen	9	5.0
Puffoundation	7	50.0
Treesap Conditioner	7	75.0
Flurrycomb	7	100.0
Conch Hairpin	7	100.0
Conch Hairpin	9	6.0
Sparkly Snow Perfume	7	175.0
Sparkly Snow Perfume	10	1.5
Puzzletree Pouch	9	4.0
Torigoth-Weave Mat	9	5.0
Wood-Dye Waistcloth	9	6.0
Sun-Dappled Curtains	9	10.0
Leaf-Weave Cape	9	6.0
Leaf-Weave Cape	10	0.8
Snowflake Scarf	9	13.0
Snowflake Scarf	8	10.0
Snowflake Scarf	7	100.0
Wrapped Glarna Bake	1	10.0
Three-Cheese Puran	1	15.0
Glitterspud Puran	1	15.0
Glitterspud Puran	5	0.1
Hearty Kordeth Puran	1	20.0
Hearty Kordeth Puran	5	0.3
Hearty Kordeth Puran	3	3.0
Pomegranate Soup	2	5.0
Sour-Spark-on-a-Stick	2	8.0
Boiled Hustle Hyacinth	2	8.0
Boiled Hustle Hyacinth	3	3.0
Pickled Ice Cabbage	2	10.0
Pickled Ice Cabbage	5	0.3
Pickled Ice Cabbage	4	3.0
Armu T-Bone Steak	3	3.0
Mixed Meat Platter	3	4.0
Hotplate Fry-Up	3	4.0
Hotplate Fry-Up	5	0.2
Char-Grilled Grumbird	3	7.0
Char-Grilled Grumbird	5	0.4
Char-Grilled Grumbird	2	8.0
Dried Sunfish	4	3.0
Bullybelly Carpaccio	4	4.0
Steamed Bluegill	4	4.0
Steamed Bluegill	3	2.0
Whitebait With Seeds	4	5.0
Whitebait With Seeds	6	15.0
Whitebait With Seeds	3	3.0
Rainbow Parfait	5	0.1
Blossom Custard	5	0.3
Plumage Peach Jelly	5	0.3
Plumage Peach Jelly	2	8.0
Champ's Churros	5	0.2
Snipe Flan	5	0.3
Cherry Cheese Mousse	5	0.3
Cherry Cheese Mousse	3	3.0
Neon Grape Flan	5	0.3
Neon Grape Flan	4	4.0
Black Roast Coffee	6	10.0
Jenerossi Tea	6	15.0
Fizzy Lassi	6	15.0
Fizzy Lassi	5	0.1
Lentil Milkshake	6	25.0
Lentil Milkshake	2	10.0
Lentil Milkshake	1	15.0
Scarlet Shamisen	10	0.3
Fonsan Viola	10	0.5
Hero's Harp	10	0.8
Rumble Cello	10	0.8
Rumble Cello	12	6.0
Cloudsnail Arpeggione	10	1.0
Cloudsnail Arpeggione	7	125.0
Patron King's Carving	8	5.0
Final Chorus	8	6.0
Singing Maiden Statue	8	6.0
Singing Maiden Statue	12	12.0
Skywards by Titan	8	13.0
Skywards by Titan	7	125.0
Skywards by Titan	11	14.0
The Alrestogony	12	8.0
The Legacy of Selosia	12	12.0
Masterpieces of Alrest	12	12.0
Masterpieces of Alrest	9	5.0
Addam's Love and War	12	16.0
Addam's Love and War	11	14.0
Addam's Love and War	9	5.0
Castle Poker	11	4.0
Gladiator Wrestling	11	8.0
Coral Reversi	11	14.0
Duel Line	11	20.0
Nopopo Yard	11	14.0
Nopopo Yard	10	0.3
Coral Casino	11	26.0
Coral Casino	9	10.0
Coral Casino	7	100.0
Red Opal Lipstick	7	75.0
Titan-Oil Hand Cream	7	100.0
Golden Mascara	7	125.0
Gorgeous Blusher	7	100.0
Gorgeous Blusher	10	0.3
Fonsett-Rouge Lipgloss	7	125.0
Fonsett-Rouge Lipgloss	11	20.0
Sanar-Knit Headband	9	4.0
Armu-Skin Gladiator	9	5.0
Coralweave Towel	9	6.0
Dazzling Handkerchief	9	10.0
Gormotti Woodwing	9	6.0
Gormotti Woodwing	12	8.0
Sanar-Knit Blanket	9	10.0
Sanar-Knit Blanket	11	14.0
Sanar-Knit Blanket	8	5.0
Dolphin Carrot Sliders	2	5.0
Campfire Skewers	2	8.0
Crispy Vegetable Salad	2	8.0
Crispy Vegetable Salad	4	2.0
Steamflake Tabbouleh	2	10.0
Steamflake Tabbouleh	4	4.0
Steamflake Tabbouleh	3	3.0
Meat & Lentil Skewer	3	3.0
Herbal Tartare Kascha	3	4.0
Grumbird Casserole	3	5.0
Estral Quotelettas	3	4.0
Estral Quotelettas	4	2.0
Armu & Bean Stew	3	5.0
Armu & Bean Stew	2	10.0
Grilled Salmon in Herbs	4	4.0
Cloud Sea Crab Sticks	4	5.0
Sand Salmon Ceviche	4	4.0
Sand Salmon Ceviche	5	0.2
Fish and Herb Broth	4	7.0
Fish and Herb Broth	5	0.4
Fish and Herb Broth	2	8.0
Steamed Milk Brioche	5	0.1
Steam-Gel Ice Cream	5	0.2
Sweet Lentil Bun	5	0.3
Sky-Jewel Tart	5	0.3
Odifa Gele Tart	5	0.3
Odifa Gele Tart	1	15.0
Hot Ruby Steamed Bun	5	0.4
Hot Ruby Steamed Bun	6	15.0
Hot Ruby Steamed Bun	3	3.0
Pipe Trumpet	10	0.5
Steamwork Organ	10	0.8
Army-Issue Violin	10	1.0
Hammerplate Snare	10	1.5
Tube Xylophone	10	0.8
Tube Xylophone	9	4.0
Icicle Marimba	10	1.0
Icicle Marimba	11	14.0
Icicle Marimba	9	5.0
Punk Doll	8	5.0
Copper Ephem Statue	8	6.0
Felmeri Fairy Statue	8	6.0
Felmeri Fairy Statue	9	4.0
Conch Music Box	8	10.0
Conch Music Box	7	125.0
Ardainian Arms Album	12	8.0
Emperor Ephem's War	12	12.0
Imperial Secret Escapes	12	16.0
Les Awfuls	12	16.0
How Wars Profit Nopon	12	12.0
How Wars Profit Nopon	7	75.0
Love Beyond the Clouds	12	16.0
Love Beyond the Clouds	7	100.0
Love Beyond the Clouds	10	0.5
Army Field Manual	11	8.0
Chooby Tubes	11	14.0
Secret Trials	11	20.0
Dueling Kingdoms	11	26.0
Dealing Kingdoms	11	14.0
Dealing Kingdoms	7	75.0
Plumber Escape Game	11	32.0
Plumber Escape Game	12	20.0
Lybarian Chowder	2	5.0
Green Cheese Salad	2	8.0
Vegetable Mille-Feuille	2	10.0
Veg & Oyster Aspic	2	8.0
Veg & Oyster Aspic	5	0.1
Snowbaby Potato Salad	2	13.0
Snowbaby Potato Salad	3	5.0
Snowbaby Potato Salad	6	15.0
Pastel Camill	3	2.0
Albacon Frystack	3	3.0
Sweet Armu Belly Stew	3	4.0
Zaproast Power Bowl	3	5.0
Fragrant Samod Stralu	3	4.0
Fragrant Samod Stralu	1	8.0
Glarna Stir-Fry	3	5.0
Glarna Stir-Fry	5	0.4
Broiled Pinfin	4	4.0
Sauted Beat Shrimps	4	5.0
Braised Cloud Sea Shark	4	5.0
Braised Cloud Sea Shark	3	5.0
Smoke-Braised Killifish	4	4.0
Smoke-Braised Killifish	6	10.0
Seared Whitebait	4	7.0
Seared Whitebait	3	5.0
Seared Whitebait	1	15.0
Odifa	6	10.0
Indoline Tea	6	15.0
Frozen Odifa	6	20.0
Pipestraw Smoothie	6	15.0
Pipestraw Smoothie	3	3.0
Armu Milk Earl Grey	6	20.0
Armu Milk Earl Grey	4	4.0
Armu Milk Earl Grey	3	3.0
Luna Lizard Wreath	8	6.0
Montecoran Doll	8	10.0
Steel Pipe Lexos	8	6.0
Steel Pipe Lexos	11	8.0
Lush Moonbeam Mask	8	10.0
Lush Moonbeam Mask	10	0.8
Lush Moonbeam Mask	12	8.0
Jellyfish Balsam Rug	9	5.0
Codweave Shop Curtain	9	6.0
Codweave Safety Blanky	9	10.0
Silken Stool	9	13.0
Noponcho	9	6.0
Noponcho	7	50.0
Prismatic Headband	9	10.0
Prismatic Headband	11	20.0
Fondant Rice Cake	1	15.0
Tantalese Porridge	1	20.0
Poached Fruit Samod	1	15.0
Poached Fruit Samod	6	8.0
Grumbird Rice Bowl	1	20.0
Grumbird Rice Bowl	4	4.0
Grumbird Rice Bowl	5	0.2
Steamed Veg Stralu	2	10.0
Addam's Embercakes	2	13.0
Vinaigrette Ice Cabbage	2	8.0
Vinaigrette Ice Cabbage	6	10.0
Prickly Snowpickle	2	15.0
Prickly Snowpickle	1	25.0
Aromalocaris Saut	4	5.0
Abyssturgeon Medallion	4	7.0
Bagna Oyster Roll	4	4.0
Bagna Oyster Roll	1	8.0
Whitebait-Samod Hotpot	4	5.0
Whitebait-Samod Hotpot	2	10.0
Airy Snowflake Sherbet	5	0.1
Thawing Mille-Feuille	5	0.2
Baked Narcipear	5	0.3
Sno-Bake Cheesecake	5	0.4
Odifa Punch	5	0.2
Odifa Punch	6	8.0
Snow Dumplings	5	0.3
Snow Dumplings	2	5.0
Snow Dumplings	1	8.0
Ancient Kings Portrait	8	6.0
Snow-Crystal Vase	8	10.0
Portrait of Ger the Hero	8	13.0
Prideful Walking	12	8.0
The Armu Who Loved	12	12.0
Witness the Crustip	12	16.0
The Annals of Addam	12	20.0
The Blizzard Choir	12	12.0
The Blizzard Choir	11	8.0
Astrology Made Simple	12	24.0
Astrology Made Simple	8	13.0
Don't Feed the Armu	11	14.0
Bluff Knight	11	20.0
Money-Bye-Bye	11	26.0
Smack-A-Nopon	11	14.0
Smack-A-Nopon	10	0.3
Jeweled Billiard Balls	11	20.0
Jeweled Billiard Balls	8	10.0
Jeweled Billiard Balls	9	0.0
Steamy Oil	7	100.0
Chocolate Shadow	7	125.0
Moonstar Lipstick	7	150.0
Noponic Nails	7	100.0
Noponic Nails	11	4.0
Steam Powder	7	125.0
Steam Powder	8	6.0
Steam Powder	12	8.0
Tantalese Velvet	9	5.0
Snowflake-Weave Sole	9	6.0
Genbu-Weave Cloth	9	10.0
Heatstripe	9	13.0
Musical Hair Clasp	9	6.0
Musical Hair Clasp	8	6.0
Torigoth Snowpouch	9	13.0
Torigoth Snowpouch	10	1.0
Torigoth Snowpouch	12	12.0
Glitterbake	1	15.0
Tricolor Bowl	1	25.0
Tricolor Bowl	2	8.0
Hot Moonbeam Salad	2	8.0
Addam's Supercakes	2	13.0
Addam's Supercakes	1	20.0
Meatball Pot-au-Feu	3	4.0
Pan-Fried Tartari	3	7.0
Pan-Fried Tartari	4	7.0
Roast Meat Tagliata	3	7.0
Roast Meat Tagliata	6	20.0
Roast Meat Tagliata	2	8.0
Sunshine Pie	3	9.0
Sunshine Pie	2	13.0
Acqua Pearl Pazza	4	9.0
Acqua Pearl Pazza	3	7.0
Vesss Dumplings	1	15.0
Rainbow Dumplings	1	15.0
Rainbow Dumplings	4	2.0
Gromrice Dumplings	1	20.0
Gromrice Dumplings	5	0.3
Puri Leaf Dumplings	1	25.0
Puri Leaf Dumplings	3	7.0
Spicy Stralu	3	7.0
Lovemerry Cake	5	0.5
Lovemerry Cake	1	25.0
Neon Cookies	5	0.4
Neon Cookies	4	4.0
Neon Cookies	2	5.0
Bitter Choclit	5	0.2
Bitlip Drink	6	8.0
Pucklip Drink	6	8.0
Tinglip Drink	6	8.0
Sourlip Drink	6	8.0
Tricolor Ice Floe	8	5.0
Tricolor Ice Floe	7	50.0
Sparkling Snowglobe	8	10.0
Sparkling Snowglobe	12	12.0
Rainbow Scope	8	10.0
Rainbow Scope	9	6.0
Tantal Icecube	8	13.0
Tantal Icecube	10	1.5
Titan Illuminations	8	17.0
Titan Illuminations	10	1.5
Salted Brog Saut	3	5.0
Salted Brog Saut	6	15.0
Cream Orange Paratha	5	0.3
The Flora of Alrest	12	12.0
Gentlemen: A Study	12	24.0
Quoteletta	3	5.0
Fried Octomayo	1	20.0
Ardainian Bear Carving	8	10.0
Master's Curry	1	25.0
Lucky Dawn Bread	1	20.0
Choclit Dumplings	1	30.0
Choclit Dumplings	3	7.0
Heart Cookies	5	0.2
Rizzente Mantle	9	5.0
Rizzente Mantle	10	0.3
Felt Cushioning	9	6.0
Felt Cushioning	12	8.0
Brut Silk	9	10.0
Brut Silk	10	0.8
Shelton Broadcloth	9	13.0
Shelton Broadcloth	12	16.0
Crinkly Wool	9	17.0
Crinkly Wool	10	1.5
Pyra's Baked Redfish	4	9.0
Pyra's Baked Redfish	3	7.0
Pyra's Baked Redfish	1	20.0
Fabulously Fierce Hat	9	17.0
Fabulously Fierce Hat	10	1.5
Fabulously Fierce Hat	8	10.0
Love Source	6	15.0
\.


--
-- Data for Name: pouch_items; Type: TABLE DATA; Schema: xeno2; Owner: poppi
--

COPY xeno2.pouch_items (id, name, category, sell_price, rarity, location, max_carry, "time", trust) FROM stdin;
40001	Juicy Samod	Staple Foods	60	Common	Argentum Trade Guild	10	20	9
40002	Lightly Fried Rice	Staple Foods	120	Common	Argentum Trade Guild	10	20	9
40003	Argentum Noodle Soup	Staple Foods	240	Rare	Argentum Trade Guild	10	20	9
40004	Massive Mushroom Pie	Staple Foods	180	Rare	Argentum Trade Guild	10	20	9
40005	Bright Samod	Staple Foods	600	Rare	Argentum Trade Guild	10	40	12
40006	Tasty Kordeth Samod	Staple Foods	2520	Rare	Argentum Trade Guild	10	70	12
40007	Grilled Anchortail	Seafood	120	Common	Argentum Trade Guild	10	20	12
40008	Oyster Stir-Fry	Seafood	180	Rare	Argentum Trade Guild	10	20	12
40009	Marine Stir-Fry	Seafood	1080	Rare	Argentum Trade Guild	10	60	12
40010	Melodious Melon Parfait	Desserts	60	Common	Argentum Trade Guild	10	20	9
40011	Cinnopon Roll	Desserts	120	Common	Argentum Trade Guild	10	20	9
40012	Sparklesugar	Desserts	180	Rare	Argentum Trade Guild	10	20	9
40013	Fruity Rice Ball	Desserts	360	Rare	Argentum Trade Guild	10	30	12
40014	Narcipear Jelly	Desserts	2520	Legendary	Argentum Trade Guild	10	70	12
40015	Twinklejuice	Drinks	60	Common	Argentum Trade Guild	10	20	9
40016	Fizz Juice	Drinks	120	Common	Argentum Trade Guild	10	20	9
40017	Chunky Juice	Drinks	180	Common	Argentum Trade Guild	10	20	9
40018	Sappan Veg Juice	Drinks	720	Rare	Argentum Trade Guild	10	30	12
40019	Honey au Lait	Drinks	1080	Rare	Argentum Trade Guild	10	40	12
40020	Crispy Blendshake	Drinks	1650	Legendary	Argentum Trade Guild	10	50	12
40021	Roly-Poly Maracas	Instruments	360	Common	Argentum Trade Guild	3	120	12
40022	Nopolele	Instruments	720	Common	Argentum Trade Guild	3	120	12
40023	Funky Conga	Instruments	1080	Common	Argentum Trade Guild	3	120	12
40024	Whispercorder	Instruments	1440	Rare	Argentum Trade Guild	3	120	12
40025	Casta-Mutes	Instruments	3460	Rare	Argentum Trade Guild	3	192	15
40026	Clicky-Clacks	Instruments	6340	Legendary	Argentum Trade Guild	3	240	15
40027	Salvaging Made Easy	Literature	360	Common	Argentum Trade Guild	3	120	12
40028	Yumyum's Golden Gun	Literature	720	Common	Argentum Trade Guild	3	120	12
40029	The Millenarian Titan	Literature	1080	Rare	Argentum Trade Guild	3	120	12
40030	Adventures of Myram	Literature	1730	Rare	Argentum Trade Guild	3	144	15
40031	Mumuni the Littlepon	Literature	4610	Legendary	Argentum Trade Guild	3	192	15
40032	Clattertongue	Board Games	360	Common	Argentum Trade Guild	3	120	12
40033	Nopon Chess Set	Board Games	720	Common	Argentum Trade Guild	3	120	12
40034	Sneak-Thief King	Board Games	1080	Common	Argentum Trade Guild	3	120	12
40035	Tradeway 66	Board Games	1440	Rare	Argentum Trade Guild	3	120	12
40036	Coral Nopon Chess Set	Board Games	2520	Rare	Argentum Trade Guild	3	168	15
40037	Leftherian Life	Board Games	5840	Legendary	Argentum Trade Guild	3	216	15
40038	Eau de Doux	Cosmetics	360	Rare	Argentum Trade Guild	3	120	12
40039	Elastifying Tonic	Cosmetics	720	Rare	Argentum Trade Guild	3	120	12
40040	Freshening Gel	Cosmetics	1080	Rare	Argentum Trade Guild	3	120	12
40041	Curled Eyelashes	Cosmetics	1440	Rare	Argentum Trade Guild	3	120	12
40042	Bubbly Mani-Pedi Kit	Cosmetics	2520	Rare	Argentum Trade Guild	3	168	15
40043	Full Moon Eyeliner	Cosmetics	5840	Legendary	Argentum Trade Guild	3	216	15
40044	Ruska Dumplings	Staple Foods	60	Common	Gormott Province	10	20	9
40045	Ruska Noodle Goulash	Staple Foods	120	Common	Gormott Province	10	20	9
40046	Deluxe Ham Toastie	Staple Foods	180	Common	Gormott Province	10	20	9
40047	Ruska Noodle Soup	Staple Foods	360	Rare	Gormott Province	10	30	12
40048	Beat Paste Paratha	Staple Foods	1200	Legendary	Gormott Province	10	50	12
40049	Crispy Saut	Vegetables	60	Common	Gormott Province	10	20	9
40050	Torigoth Marinade	Vegetables	120	Common	Gormott Province	10	20	9
40051	Stuffed Meaty Carrot	Vegetables	180	Common	Gormott Province	10	20	9
40052	Puri Leaf Salad	Vegetables	360	Rare	Gormott Province	10	30	12
40053	Snowy Dudleya Gele	Vegetables	2520	Legendary	Kingdom of Tantal	10	70	12
40054	Estral Steak	Meat	120	Common	Gormott Province	10	20	9
40055	Tasty Sausage	Meat	60	Common	Gormott Province	10	20	9
40056	Mince & Lentil Stir-Fry	Meat	600	Rare	Gormott Province	10	40	12
40057	Mustard Kordeth	Meat	2520	Legendary	Gormott Province	10	70	12
40058	Gormotti Fish Flakes	Seafood	120	Common	Gormott Province	10	20	9
40059	Grass-Smoked Salmon	Seafood	180	Rare	Gormott Province	10	20	9
40060	Bipedal Crab Chili	Seafood	1620	Legendary	Gormott Province	10	60	12
40061	Lunana Smoothie	Drinks	60	Common	Gormott Province	10	20	9
40062	Gormotti Honeytea	Drinks	120	Common	Gormott Province	10	20	9
40063	Kukurel Springwater	Drinks	180	Common	Gormott Province	10	20	9
40064	Passion Fruit Shake	Drinks	600	Rare	Gormott Province	10	40	12
40065	Victory Smoothie	Drinks	1620	Legendary	Gormott Province	10	60	12
40066	Torigonda	Instruments	360	Common	Gormott Province	3	120	12
40067	Woodgrain Alphorn	Instruments	720	Common	Gormott Province	3	120	12
40068	Cedarwood Koto	Instruments	1080	Common	Gormott Province	3	120	12
40069	Woodboard	Instruments	2520	Rare	Gormott Province	3	168	15
40070	Coralline Marimba	Instruments	5840	Legendary	Gormott Province	3	216	15
40071	The Girl on the Hill	Arts	360	Common	Gormott Province	3	120	12
40072	Black Flower Field	Arts	720	Common	Gormott Province	3	120	12
40073	Woodcut Print of Bana	Arts	1730	Rare	Gormott Province	3	144	15
40074	Wood-Carven Queen	Arts	5840	Legendary	Gormott Province	3	216	15
40075	Puffoundation	Cosmetics	360	Common	Gormott Province	3	120	12
40076	Treesap Conditioner	Cosmetics	720	Common	Gormott Province	3	120	12
40077	Flurrycomb	Cosmetics	1080	Common	Gormott Province	3	120	12
40078	Conch Hairpin	Cosmetics	3460	Rare	Gormott Province	3	192	15
40079	Sparkly Snow Perfume	Cosmetics	6340	Legendary	Gormott Province	3	240	15
40080	Puzzletree Pouch	Textiles	360	Common	Gormott Province	3	120	12
40081	Torigoth-Weave Mat	Textiles	720	Common	Gormott Province	3	120	12
40082	Wood-Dye Waistcloth	Textiles	1080	Common	Gormott Province	3	120	12
40083	Sun-Dappled Curtains	Textiles	1440	Rare	Gormott Province	3	120	12
40084	Leaf-Weave Cape	Textiles	3460	Rare	Gormott Province	3	192	15
40085	Snowflake Scarf	Textiles	8640	Legendary	Gormott Province	3	240	15
40086	Wrapped Glarna Bake	Staple Foods	180	Common	Kingdom of Uraya	10	20	12
40087	Three-Cheese Puran	Staple Foods	270	Common	Kingdom of Uraya	10	20	12
40088	Glitterspud Puran	Staple Foods	540	Rare	Kingdom of Uraya	10	30	15
40089	Hearty Kordeth Puran	Staple Foods	2430	Legendary	Kingdom of Uraya	10	60	15
40090	Pomegranate Soup	Vegetables	120	Common	Kingdom of Uraya	10	20	12
40091	Sour-Spark-on-a-Stick	Vegetables	180	Common	Kingdom of Uraya	10	20	12
40092	Boiled Hustle Hyacinth	Vegetables	600	Rare	Kingdom of Uraya	10	40	15
40093	Pickled Ice Cabbage	Vegetables	1620	Legendary	Kingdom of Uraya	10	60	15
40094	Armu T-Bone Steak	Meat	180	Common	Kingdom of Uraya	10	20	12
40095	Mixed Meat Platter	Meat	270	Common	Kingdom of Uraya	10	20	12
40096	Hotplate Fry-Up	Meat	900	Rare	Kingdom of Uraya	10	40	15
40097	Char-Grilled Grumbird	Meat	3780	Legendary	Kingdom of Uraya	10	70	15
40098	Dried Sunfish	Seafood	180	Common	Kingdom of Uraya	10	20	12
40099	Bullybelly Carpaccio	Seafood	270	Common	Kingdom of Uraya	10	20	12
40100	Steamed Bluegill	Seafood	540	Rare	Kingdom of Uraya	10	30	15
40101	Whitebait With Seeds	Seafood	2430	Legendary	Kingdom of Uraya	10	60	15
40102	Rainbow Parfait	Desserts	90	Common	Kingdom of Uraya	10	20	12
40103	Blossom Custard	Desserts	270	Rare	Kingdom of Uraya	10	20	12
40267	Sunshine Pie	Meat	1650	Legendary	Gormott Province	10	70	12
40104	Plumage Peach Jelly	Desserts	1800	Legendary	Kingdom of Uraya	10	50	15
40105	Champ's Churros	Desserts	180	Common	Kingdom of Uraya	10	20	12
40108	Snipe Flan	Desserts	240	Rare	Kingdom of Uraya	10	20	15
40109	Cherry Cheese Mousse	Desserts	840	Legendary	Kingdom of Uraya	10	40	15
40110	Neon Grape Flan	Desserts	1200	Legendary	Kingdom of Uraya	10	50	15
40111	Black Roast Coffee	Drinks	120	Common	Kingdom of Uraya	10	20	12
40112	Jenerossi Tea	Drinks	180	Common	Kingdom of Uraya	10	20	12
40113	Fizzy Lassi	Drinks	360	Rare	Kingdom of Uraya	10	30	15
40114	Lentil Milkshake	Drinks	2520	Legendary	Kingdom of Uraya	10	70	15
40115	Scarlet Shamisen	Instruments	360	Common	Kingdom of Uraya	3	120	15
40116	Fonsan Viola	Instruments	720	Common	Kingdom of Uraya	3	120	15
40117	Hero's Harp	Instruments	1080	Rare	Kingdom of Uraya	3	120	15
40118	Rumble Cello	Instruments	1730	Rare	Kingdom of Uraya	3	144	18
40119	Cloudsnail Arpeggione	Instruments	4610	Legendary	Kingdom of Uraya	3	192	18
40120	Patron King's Carving	Arts	720	Common	Kingdom of Uraya	3	120	15
40121	Final Chorus	Arts	1080	Common	Kingdom of Uraya	3	120	15
40122	Singing Maiden Statue	Arts	3460	Rare	Kingdom of Uraya	3	192	18
40123	Skywards by Titan	Arts	8640	Legendary	Kingdom of Uraya	3	240	18
40124	The Alrestogony	Literature	720	Common	Kingdom of Uraya	3	120	15
40125	The Legacy of Selosia	Literature	1080	Common	Kingdom of Uraya	3	120	15
40126	Masterpieces of Alrest	Literature	2520	Rare	Kingdom of Uraya	3	168	18
40127	Addam's Love and War	Literature	5840	Legendary	Kingdom of Uraya	3	216	18
40128	Castle Poker	Board Games	360	Common	Kingdom of Uraya	3	120	15
40129	Gladiator Wrestling	Board Games	720	Common	Kingdom of Uraya	3	120	15
40130	Coral Reversi	Board Games	1080	Common	Kingdom of Uraya	3	120	15
40131	Duel Line	Board Games	1440	Rare	Kingdom of Uraya	3	120	15
40132	Nopopo Yard	Board Games	1730	Rare	Kingdom of Uraya	3	144	18
40133	Coral Casino	Board Games	8640	Legendary	Kingdom of Uraya	3	240	18
40134	Red Opal Lipstick	Cosmetics	720	Common	Kingdom of Uraya	3	120	15
40135	Titan-Oil Hand Cream	Cosmetics	1080	Common	Kingdom of Uraya	3	120	15
40136	Golden Mascara	Cosmetics	1440	Common	Kingdom of Uraya	3	120	15
40137	Gorgeous Blusher	Cosmetics	1730	Rare	Kingdom of Uraya	3	144	18
40138	Fonsett-Rouge Lipgloss	Cosmetics	4610	Legendary	Kingdom of Uraya	3	192	18
40139	Sanar-Knit Headband	Textiles	360	Common	Kingdom of Uraya	3	120	15
40140	Armu-Skin Gladiator	Textiles	720	Common	Kingdom of Uraya	3	120	15
40141	Coralweave Towel	Textiles	1080	Common	Kingdom of Uraya	3	120	15
40142	Dazzling Handkerchief	Textiles	1440	Rare	Kingdom of Uraya	3	120	15
40143	Gormotti Woodwing	Textiles	2520	Rare	Kingdom of Uraya	3	168	18
40144	Sanar-Knit Blanket	Textiles	5840	Legendary	Kingdom of Uraya	3	216	18
40145	Dolphin Carrot Sliders	Vegetables	120	Common	Empire of Mor Ardain	10	20	12
40146	Campfire Skewers	Vegetables	180	Common	Empire of Mor Ardain	10	20	12
40147	Crispy Vegetable Salad	Vegetables	360	Rare	Empire of Mor Ardain	10	30	15
40148	Steamflake Tabbouleh	Vegetables	1620	Legendary	Empire of Mor Ardain	10	60	15
40149	Meat & Lentil Skewer	Meat	120	Common	Empire of Mor Ardain	10	20	12
40150	Herbal Tartare Kascha	Meat	180	Common	Empire of Mor Ardain	10	20	12
40151	Grumbird Casserole	Meat	240	Common	Empire of Mor Ardain	10	20	12
40152	Estral Quotelettas	Meat	360	Rare	Empire of Mor Ardain	10	30	15
40153	Armu & Bean Stew	Meat	1200	Legendary	Empire of Mor Ardain	10	50	15
40154	Grilled Salmon in Herbs	Seafood	180	Common	Empire of Mor Ardain	10	20	12
40155	Cloud Sea Crab Sticks	Seafood	240	Common	Empire of Mor Ardain	10	20	12
40156	Sand Salmon Ceviche	Seafood	600	Rare	Empire of Mor Ardain	10	40	15
40157	Fish and Herb Broth	Seafood	2520	Legendary	Empire of Mor Ardain	10	70	15
40158	Steamed Milk Brioche	Desserts	120	Common	Empire of Mor Ardain	10	20	12
40159	Steam-Gel Ice Cream	Desserts	180	Common	Empire of Mor Ardain	10	20	12
40160	Sweet Lentil Bun	Desserts	240	Common	Empire of Mor Ardain	10	20	12
40161	Sky-Jewel Tart	Desserts	240	Rare	Empire of Mor Ardain	10	20	12
40162	Odifa Gele Tart	Desserts	900	Rare	Empire of Mor Ardain	10	50	15
40163	Hot Ruby Steamed Bun	Desserts	2520	Legendary	Empire of Mor Ardain	10	70	15
40164	Pipe Trumpet	Instruments	720	Common	Empire of Mor Ardain	3	120	15
40165	Steamwork Organ	Instruments	1080	Common	Empire of Mor Ardain	3	120	15
40166	Army-Issue Violin	Instruments	1440	Common	Empire of Mor Ardain	3	120	15
40167	Hammerplate Snare	Instruments	1800	Rare	Empire of Mor Ardain	3	120	15
40168	Tube Xylophone	Instruments	1730	Rare	Empire of Mor Ardain	3	144	18
40169	Icicle Marimba	Instruments	5840	Legendary	Empire of Mor Ardain	3	216	18
40170	Punk Doll	Arts	720	Common	Empire of Mor Ardain	3	120	15
40171	Copper Ephem Statue	Arts	1080	Common	Empire of Mor Ardain	3	120	15
40172	Felmeri Fairy Statue	Arts	1730	Rare	Empire of Mor Ardain	3	144	18
40173	Conch Music Box	Arts	4610	Legendary	Empire of Mor Ardain	3	192	18
40174	Ardainian Arms Album	Literature	720	Common	Empire of Mor Ardain	3	120	15
40175	Emperor Ephem's War	Literature	1080	Common	Empire of Mor Ardain	3	120	15
40176	Imperial Secret Escapes	Literature	1440	Common	Empire of Mor Ardain	3	120	15
40177	Les Awfuls	Literature	1440	Rare	Empire of Mor Ardain	3	120	15
40178	How Wars Profit Nopon	Literature	2520	Rare	Empire of Mor Ardain	3	168	18
40179	Love Beyond the Clouds	Literature	5840	Legendary	Empire of Mor Ardain	3	216	18
40180	Army Field Manual	Board Games	720	Common	Empire of Mor Ardain	3	120	15
40181	Chooby Tubes	Board Games	1080	Common	Empire of Mor Ardain	3	120	15
40182	Secret Trials	Board Games	1440	Common	Empire of Mor Ardain	3	120	15
40183	Dueling Kingdoms	Board Games	1800	Rare	Empire of Mor Ardain	3	120	15
40184	Dealing Kingdoms	Board Games	2520	Rare	Empire of Mor Ardain	3	168	18
40185	Plumber Escape Game	Board Games	6340	Legendary	Empire of Mor Ardain	3	240	18
40186	Lybarian Chowder	Vegetables	120	Common	Leftherian Archipelago	10	20	15
40187	Green Cheese Salad	Vegetables	180	Common	Leftherian Archipelago	10	20	15
40188	Vegetable Mille-Feuille	Vegetables	240	Common	Leftherian Archipelago	10	20	15
40189	Veg & Oyster Aspic	Vegetables	360	Rare	Leftherian Archipelago	10	30	18
40190	Snowbaby Potato Salad	Vegetables	2520	Legendary	Leftherian Archipelago	10	70	18
40191	Pastel Camill	Meat	60	Common	Leftherian Archipelago	10	20	15
40192	Albacon Frystack	Meat	120	Common	Leftherian Archipelago	10	20	15
40193	Sweet Armu Belly Stew	Meat	180	Common	Leftherian Archipelago	10	20	15
40194	Zaproast Power Bowl	Meat	240	Rare	Leftherian Archipelago	10	20	15
40195	Fragrant Samod Stralu	Meat	360	Rare	Leftherian Archipelago	10	30	18
40196	Glarna Stir-Fry	Meat	1200	Legendary	Leftherian Archipelago	10	50	18
40197	Broiled Pinfin	Seafood	180	Common	Leftherian Archipelago	10	20	15
40198	Sauted Beat Shrimps	Seafood	240	Common	Leftherian Archipelago	10	20	15
40199	Braised Cloud Sea Shark	Seafood	480	Common	Leftherian Archipelago	10	20	15
40200	Smoke-Braised Killifish	Seafood	600	Rare	Leftherian Archipelago	10	40	18
40201	Seared Whitebait	Seafood	2520	Legendary	Leftherian Archipelago	10	70	18
40202	Odifa	Drinks	120	Common	Indoline Praetorium	10	20	15
40203	Indoline Tea	Drinks	180	Common	Indoline Praetorium	10	20	15
40204	Frozen Odifa	Drinks	240	Common	Indoline Praetorium	10	20	15
40205	Pipestraw Smoothie	Drinks	600	Rare	Leftherian Archipelago	10	40	18
40206	Armu Milk Earl Grey	Drinks	1620	Legendary	Leftherian Archipelago	10	60	18
40207	Luna Lizard Wreath	Arts	1080	Common	Leftherian Archipelago	3	120	18
40208	Montecoran Doll	Arts	1440	Common	Leftherian Archipelago	3	120	18
40209	Steel Pipe Lexos	Arts	2520	Rare	Leftherian Archipelago	3	168	21
40210	Lush Moonbeam Mask	Arts	5840	Legendary	Leftherian Archipelago	3	216	21
40211	Jellyfish Balsam Rug	Textiles	720	Common	Leftherian Archipelago	3	120	18
40212	Codweave Shop Curtain	Textiles	1080	Common	Leftherian Archipelago	3	120	18
40213	Codweave Safety Blanky	Textiles	1440	Common	Leftherian Archipelago	3	120	18
40214	Silken Stool	Textiles	1800	Rare	Leftherian Archipelago	3	120	18
40215	Noponcho	Textiles	1730	Rare	Leftherian Archipelago	3	144	21
40216	Prismatic Headband	Textiles	4610	Legendary	Leftherian Archipelago	3	192	21
40217	Fondant Rice Cake	Staple Foods	900	Common	Kingdom of Tantal	10	20	15
40218	Tantalese Porridge	Staple Foods	1200	Common	Kingdom of Tantal	10	20	15
40219	Poached Fruit Samod	Staple Foods	1800	Rare	Kingdom of Tantal	10	30	18
40220	Grumbird Rice Bowl	Staple Foods	8100	Legendary	Kingdom of Tantal	10	60	18
40221	Steamed Veg Stralu	Vegetables	1200	Common	Kingdom of Tantal	10	20	15
40222	Addam's Embercakes	Vegetables	1500	Common	Kingdom of Tantal	10	20	15
40223	Vinaigrette Ice Cabbage	Vegetables	3000	Rare	Kingdom of Tantal	10	40	18
40224	Prickly Snowpickle	Vegetables	8250	Legendary	Kingdom of Tantal	10	70	18
40225	Aromalocaris Saut	Seafood	1200	Common	Kingdom of Tantal	10	20	15
40226	Abyssturgeon Medallion	Seafood	1500	Common	Kingdom of Tantal	10	20	18
40227	Bagna Oyster Roll	Seafood	1800	Rare	Kingdom of Tantal	10	30	18
40228	Whitebait-Samod Hotpot	Seafood	6000	Legendary	Kingdom of Tantal	10	50	18
40229	Airy Snowflake Sherbet	Desserts	600	Common	Kingdom of Tantal	10	20	15
40230	Thawing Mille-Feuille	Desserts	900	Common	Kingdom of Tantal	10	20	15
40231	Baked Narcipear	Desserts	1200	Common	Kingdom of Tantal	10	20	15
40232	Sno-Bake Cheesecake	Desserts	1500	Rare	Kingdom of Tantal	10	20	15
40233	Odifa Punch	Desserts	3000	Rare	Kingdom of Tantal	10	40	18
40234	Snow Dumplings	Desserts	8100	Legendary	Kingdom of Tantal	10	60	18
40235	Ancient Kings Portrait	Arts	5400	Legendary	Kingdom of Tantal	3	120	18
40236	Snow-Crystal Vase	Arts	7200	Legendary	Kingdom of Tantal	3	120	18
40237	Portrait of Ger the Hero	Arts	9000	Legendary	Kingdom of Tantal	3	120	18
40238	Prideful Walking	Literature	3600	Common	Kingdom of Tantal	3	120	18
40239	The Armu Who Loved	Literature	5400	Common	Kingdom of Tantal	3	120	18
40240	Witness the Crustip	Literature	7200	Common	Kingdom of Tantal	3	120	18
40241	The Annals of Addam	Literature	9000	Rare	Kingdom of Tantal	3	120	18
40242	The Blizzard Choir	Literature	12600	Rare	Kingdom of Tantal	3	168	21
40243	Astrology Made Simple	Literature	31680	Legendary	Kingdom of Tantal	3	240	21
40244	Don't Feed the Armu	Board Games	5400	Common	Kingdom of Tantal	3	120	18
40245	Bluff Knight	Board Games	7200	Common	Kingdom of Tantal	3	120	18
40246	Money-Bye-Bye	Board Games	9000	Common	Kingdom of Tantal	3	120	18
40247	Smack-A-Nopon	Board Games	8640	Rare	Kingdom of Tantal	3	144	21
40248	Jeweled Billiard Balls	Board Games	23040	Legendary	Kingdom of Tantal	3	192	21
40249	Steamy Oil	Cosmetics	5400	Common	Kingdom of Tantal	3	120	18
40250	Chocolate Shadow	Cosmetics	7200	Common	Kingdom of Tantal	3	120	18
40251	Moonstar Lipstick	Cosmetics	9000	Common	Kingdom of Tantal	3	120	18
40252	Noponic Nails	Cosmetics	8640	Rare	Kingdom of Tantal	3	144	21
40253	Steam Powder	Cosmetics	29160	Legendary	Kingdom of Tantal	3	216	21
40254	Tantalese Velvet	Textiles	3600	Common	Kingdom of Tantal	3	120	18
40255	Snowflake-Weave Sole	Textiles	5400	Common	Kingdom of Tantal	3	120	18
40256	Genbu-Weave Cloth	Textiles	7200	Common	Kingdom of Tantal	3	120	18
40257	Heatstripe	Textiles	9000	Rare	Kingdom of Tantal	3	120	18
40258	Musical Hair Clasp	Textiles	17280	Rare	Kingdom of Tantal	3	192	21
40259	Torigoth Snowpouch	Textiles	43200	Legendary	Kingdom of Tantal	3	240	21
40260	Glitterbake	Staple Foods	180	Common	Gormott Province	10	20	12
40261	Tricolor Bowl	Staple Foods	720	Rare	Gormott Province	10	30	12
40262	Hot Moonbeam Salad	Vegetables	180	Common	Gormott Province	10	20	12
40263	Addam's Supercakes	Vegetables	1080	Rare	Gormott Province	10	40	12
40264	Meatball Pot-au-Feu	Meat	180	Common	Gormott Province	10	20	12
40265	Pan-Fried Tartari	Meat	1500	Rare	Gormott Province	10	50	12
40266	Roast Meat Tagliata	Meat	2160	Rare	Gormott Province	10	60	12
40268	Acqua Pearl Pazza	Meat	1650	Legendary	Gormott Province	10	20	12
40269	Vesss Dumplings	Staple Foods	180	Common	Gormott Province	10	20	6
40270	Rainbow Dumplings	Staple Foods	360	Common	Gormott Province	10	30	9
40271	Gromrice Dumplings	Staple Foods	840	Rare	Gormott Province	10	40	12
40272	Puri Leaf Dumplings	Staple Foods	1500	Rare	Gormott Province	10	50	15
40273	Spicy Stralu	Meat	300	Legendary	Argentum Trade Guild	10	20	12
40278	Lovemerry Cake	Desserts	1650	Legendary	Kingdom of Uraya	10	70	15
40281	Neon Cookies	Desserts	2160	Rare	Kingdom of Uraya	10	60	15
40283	Bitter Choclit	Desserts	180	Common	Kingdom of Uraya	10	20	12
40286	Bitlip Drink	Drinks	60	Common	Argentum Trade Guild	10	20	12
40287	Pucklip Drink	Drinks	60	Common	Argentum Trade Guild	10	20	12
40288	Tinglip Drink	Drinks	60	Common	Argentum Trade Guild	10	20	12
40289	Sourlip Drink	Drinks	60	Common	Argentum Trade Guild	10	20	12
40290	Tricolor Ice Floe	Arts	1300	Common	Argentum Trade Guild	10	144	9
40291	Sparkling Snowglobe	Arts	3530	Rare	Argentum Trade Guild	10	168	12
40292	Rainbow Scope	Arts	3530	Rare	Argentum Trade Guild	10	168	12
40293	Tantal Icecube	Arts	5760	Rare	Argentum Trade Guild	10	192	15
40294	Titan Illuminations	Arts	6340	Legendary	Argentum Trade Guild	10	192	15
40295	Salted Brog Saut	Meat	840	Rare	Gormott Province	10	40	15
40296	Cream Orange Paratha	Staple Foods	180	Rare	Gormott Province	10	20	9
40297	The Flora of Alrest	Literature	5400	Common	Kingdom of Tantal	10	120	21
40298	Gentlemen: A Study	Literature	10800	Legendary	Kingdom of Tantal	10	120	21
40299	Quoteletta	Meat	300	Rare	Empire of Mor Ardain	10	20	12
40301	Fried Octomayo	Staple Foods	1300	Rare	Kingdom of Tantal	10	20	15
40302	Ardainian Bear Carving	Arts	1440	Rare	Empire of Mor Ardain	10	120	15
40303	Master's Curry	Staple Foods	600	Rare	Kingdom of Uraya	10	20	9
40304	Lucky Dawn Bread	Staple Foods	240	Rare	Gormott Province	10	20	12
40305	Choclit Dumplings	Staple Foods	1650	Rare	Gormott Province	10	60	18
40306	Heart Cookies	Desserts	120	Rare	Indoline Praetorium	10	20	9
40307	Rizzente Mantle	Textiles	1520	Common	Leftherian Archipelago	10	120	9
40308	Felt Cushioning	Textiles	2520	Common	Leftherian Archipelago	10	120	12
40309	Brut Silk	Textiles	3530	Rare	Leftherian Archipelago	10	120	12
40310	Shelton Broadcloth	Textiles	4540	Rare	Leftherian Archipelago	10	120	15
40311	Crinkly Wool	Textiles	6340	Legendary	Leftherian Archipelago	10	120	15
40312	Pyra's Baked Redfish	Seafood	6340	Legendary	Gormott Province	10	60	18
40313	Fabulously Fierce Hat	Textiles	6340	Legendary	Leftherian Archipelago	10	60	18
40314	Love Source	Drinks	6340	Legendary	None	10	60	3000
\.


--
-- Data for Name: skills; Type: TABLE DATA; Schema: xeno2; Owner: poppi
--

COPY xeno2.skills (name, driver, caption, chart, sp) FROM stdin;
Muscle Builder	Rex	1278	Normal	375
Picture of Health	Rex	1269	Normal	1500
Rapid Attack III	Rex	1268	Normal	5000
Reflex Response	Rex	1267	Normal	250
Arts Chain	Rex	1280	Normal	3000
Lively Lad	Rex	1270	Normal	2000
Rapid Attack I	Rex	1277	Normal	750
Combo Enhance	Rex	1279	Normal	2000
Ultimate Relay	Rex	1291	Normal	4000
Ether Studies	Rex	1287	Normal	625
Rapid Attack II	Rex	1290	Normal	2500
Topple Champ	Rex	1271	Normal	6000
Rescue	Rex	1288	Normal	500
Gramps' Blessing	Rex	1289	Normal	1000
Drive to Win	Rex	1281	Normal	3000
Further Ether Studies	Rex	1292	NG+	7500
Inherit Muscle	Rex	1284	NG+	7500
Solidarity	Rex	1295	NG+	15000
Shadow Strike	Rex	1282	NG+	3750
Herbalism	Rex	1294	NG+	12500
Relentless Spirit	Rex	1276	NG+	30000
Cheer Up	Rex	1293	NG+	2500
Eyes on the Prize	Rex	1273	NG+	5000
Heart Recharge	Rex	1286	NG+	25000
Prediction	Rex	1283	NG+	5000
Combat Boost	Rex	1274	NG+	15000
Child of Steel	Rex	1275	NG+	20000
Fight or Flight	Rex	1272	NG+	6250
Pre-empt Moves	Rex	1285	NG+	10000
Gramps' Auspices	Rex	1296	NG+	10000
Feral Awakening I	Nia	1321	Normal	750
Herb Synthesis	Nia	1319	Normal	1000
Feral Awakening III	Nia	1299	Normal	5000
Soothing Hand	Nia	1317	Normal	250
Big Cat	Nia	1298	Normal	2000
Hard Hitter	Nia	1301	Normal	6000
Catgirl	Nia	1297	Normal	625
Mutual Happiness	Nia	1320	Normal	1500
Bestial Pursuit	Nia	1311	Normal	4000
Ether Talent	Nia	1318	Normal	375
Tooth and Claw	Nia	1309	Normal	3000
Natural Selection	Nia	1300	Normal	3000
Kinetic Vision	Nia	1307	Normal	500
Feral Awakening II	Nia	1308	Normal	2500
Panther Pounce	Nia	1310	Normal	2000
Chance Recovery	Nia	1322	NG+	2500
Transmit Power	Nia	1314	NG+	15000
Adrenaline	Nia	1306	NG+	15000
Tiger's Eye	Nia	1313	NG+	3750
Cheer Leader	Nia	1324	NG+	12500
Road to Victory	Nia	1316	NG+	25000
Focused Technique	Nia	1302	NG+	7500
Inner Strength	Nia	1325	NG+	5000
Sore Loser	Nia	1305	NG+	30000
Lithe Strength	Nia	1312	NG+	6250
Lady of Luck	Nia	1326	NG+	7500
Bear Knuckles	Nia	1315	NG+	20000
Lucky Cat	Nia	1323	NG+	5000
Wild Life	Nia	1303	NG+	10000
Tigergirl	Nia	1304	NG+	10000
Mach Prep I	Zeke	1427	Normal	500
Critical Pro	Zeke	1420	Normal	1500
Histrionic Hero	Zeke	1441	Normal	3000
Brawn over Brain	Zeke	1428	Normal	250
Camaraderie	Zeke	1429	Normal	2500
Mach Prep III	Zeke	1440	Normal	5000
Lucky Duck	Zeke	1437	Normal	750
Herculean Strength	Zeke	1430	Normal	1000
Tantal Courage	Zeke	1439	Normal	2000
Adamant Heart	Zeke	1417	Normal	375
Move Chaining	Zeke	1431	Normal	3000
Ether Prodigy	Zeke	1438	Normal	4000
Flash Step	Zeke	1418	Normal	625
Mach Prep II	Zeke	1419	Normal	2000
Air Extender	Zeke	1421	Normal	6000
Ether Autarch	Zeke	1442	NG+	7500
A Hero's Work	Zeke	1436	NG+	15000
Second Wind	Zeke	1426	NG+	25000
Natural Healing	Zeke	1422	NG+	5000
Obsidian Slash	Zeke	1435	NG+	7500
Raucous Cheer	Zeke	1445	NG+	10000
Heart of Gold	Zeke	1423	NG+	3750
Hotshot Hit	Zeke	1434	NG+	5000
Unleash Shining Justice	Zeke	1444	NG+	30000
Professional Hit	Zeke	1433	NG+	6250
Fleetfoot Flit	Zeke	1425	NG+	10000
Medicinal Maestro	Zeke	1443	NG+	20000
Fiendish Pursuit	Zeke	1432	NG+	2500
Zeal Heal	Zeke	1424	NG+	12500
As One	Zeke	1446	NG+	15000
Placebo	Tora	1348	Normal	625
Super Spongy Bod	Tora	1330	Normal	1000
Tiger Muscles	Tora	1339	Normal	5000
Raring to Go I	Tora	1327	Normal	750
Double-Luckypon	Tora	1350	Normal	1500
Crazy With Hands	Tora	1341	Normal	2000
Good With Hands	Tora	1337	Normal	375
Health Bomb	Tora	1329	Normal	2000
Rapture	Tora	1351	Normal	6000
Spongy Bod	Tora	1328	Normal	250
Raring to Go II	Tora	1349	Normal	2500
Nopon Chain Arts	Tora	1340	Normal	4000
Luckypon	Tora	1347	Normal	500
Grin and Bear It	Tora	1331	Normal	3000
Raring to Go III	Tora	1338	Normal	3000
Keen Recovery	Tora	1332	NG+	6250
Team Mascot	Tora	1355	NG+	5000
Poppi Care	Tora	1345	NG+	20000
Hidden Talent	Tora	1353	NG+	7500
Nopon Topple Arts	Tora	1334	NG+	15000
Inherit Protein	Tora	1344	NG+	15000
Forced Initiative	Tora	1342	NG+	3750
Super Restless Foot	Tora	1336	NG+	7500
Burgeoning Talent...?	Tora	1356	NG+	30000
Nopon Rescue Service	Tora	1352	NG+	5000
Look Over There!	Tora	1335	NG+	12500
Nopon Chain Boost	Tora	1343	NG+	25000
Restless Foot	Tora	1333	NG+	2500
Hope for the Best	Tora	1354	NG+	10000
Mood Maker	Tora	1346	NG+	10000
Burly Chain	Vandham	1368	Normal	750
Ether Power	Vandham	1377	Normal	2500
Serious Recovery	Vandham	1381	Normal	3000
Tough Nut	Vandham	1357	Normal	250
Elite Muscles	Vandham	1371	Normal	1000
Muscle Accelerator III	Vandham	1378	Normal	4000
10,000 Push-Ups	Vandham	1367	Normal	375
Beefcake Flurry	Vandham	1370	Normal	2000
Last Man Standing	Vandham	1361	Normal	6000
Veteran	Vandham	1358	Normal	625
Muscle Accelerator II	Vandham	1360	Normal	3000
Big Strong Hands	Vandham	1379	Normal	2000
Muscle Accelerator I	Vandham	1369	Normal	500
Guardian	Vandham	1359	Normal	1500
Ether Muscle	Vandham	1380	Normal	5000
Power Lift	Vandham	1362	NG+	7500
World's Strongest Man	Vandham	1376	NG+	5000
Buff Buff	Vandham	1384	NG+	15000
Quick Muscles	Vandham	1363	NG+	3750
Honed to Perfection	Vandham	1375	NG+	10000
Higher Powers	Vandham	1385	NG+	30000
Dependable Guy	Vandham	1374	NG+	2500
Recuperation	Vandham	1364	NG+	12500
Physical Fitness	Vandham	1366	NG+	25000
Anything for a Mate	Vandham	1373	NG+	6250
Pumped Dodge	Vandham	1365	NG+	7500
Booming Aid	Vandham	1383	NG+	10000
Knack for Battle	Vandham	1372	NG+	5000
Thank the Heavens	Vandham	1382	NG+	15000
Greatest Work	Vandham	1386	NG+	20000
Arts Relay	Mrag	1397	Normal	750
Vigilance	Mrag	1399	Normal	1000
Imperial First Aid	Mrag	1410	Normal	3000
Imperial Footwork	Mrag	1387	Normal	250
Alchemy	Mrag	1408	Normal	1500
Initiative III	Mrag	1411	Normal	6000
Etherology	Mrag	1407	Normal	500
Initiative II	Mrag	1398	Normal	2500
Physical Discipline	Mrag	1400	Normal	4000
Basic Discipline	Mrag	1388	Normal	375
Martial Prowess	Mrag	1390	Normal	3000
Imperial Pursuit	Mrag	1401	Normal	5000
Initiative I	Mrag	1389	Normal	625
Charmed Life	Mrag	1409	Normal	2000
Ultimate Footwork	Mrag	1391	Normal	2000
Inspiration	Mrag	1412	NG+	3750
Ultimate Etherology	Mrag	1413	NG+	10000
Imperial Pride	Mrag	1396	NG+	30000
Silent Bloodshed	Mrag	1402	NG+	2500
Life's Flow	Mrag	1395	NG+	5000
Legendary Skill	Mrag	1406	NG+	10000
Instant Chain	Mrag	1392	NG+	7500
Cool Focus	Mrag	1404	NG+	7500
Golden Opportunity	Mrag	1416	NG+	20000
Blade Alliance	Mrag	1403	NG+	6250
Warrior's Resolve	Mrag	1394	NG+	15000
Battle Stance	Mrag	1405	NG+	25000
Survival Training	Mrag	1393	NG+	5000
Divination	Mrag	1414	NG+	12500
Cheer Master	Mrag	1415	NG+	15000
\.


--
-- Data for Name: special_damage_ratios; Type: TABLE DATA; Schema: xeno2; Owner: poppi
--

COPY xeno2.special_damage_ratios (special, level, damage_ratio) FROM stdin;
Flame Nova	1	300
Flame Nova	2	360
Flame Nova	3	420
Flame Nova	4	480
Flame Nova	5	540
Flame Nova	6	576
Prominence Revolt	1	400
Prominence Revolt	2	450
Prominence Revolt	3	500
Prominence Revolt	4	550
Prominence Revolt	5	600
Prominence Revolt	6	638
Blazing End	1	500
Blazing End	2	570
Blazing End	3	640
Blazing End	4	710
Blazing End	5	780
Blazing End	6	850
Ray of Punishment	1	360
Ray of Punishment	2	400
Ray of Punishment	3	440
Ray of Punishment	4	480
Ray of Punishment	5	520
Ray of Punishment	6	576
Photon Edge	1	440
Photon Edge	2	480
Photon Edge	3	520
Photon Edge	4	560
Photon Edge	5	600
Photon Edge	6	638
Lightning Buster	1	625
Lightning Buster	2	670
Lightning Buster	3	720
Lightning Buster	4	770
Lightning Buster	5	820
Lightning Buster	6	850
Starburst	1	720
Starburst	2	720
Starburst	3	720
Starburst	4	720
Starburst	5	720
Starburst	6	720
Radiant Flare	1	870
Radiant Flare	2	870
Radiant Flare	3	870
Radiant Flare	4	870
Radiant Flare	5	870
Radiant Flare	6	870
Genesis Saber	1	1020
Genesis Saber	2	1020
Genesis Saber	3	1020
Genesis Saber	4	1020
Genesis Saber	5	1020
Genesis Saber	6	1020
Last Hope	1	315
Last Hope	2	350
Last Hope	3	390
Last Hope	4	430
Last Hope	5	470
Last Hope	6	504
Merciful Heart	1	420
Merciful Heart	2	460
Merciful Heart	3	500
Merciful Heart	4	540
Merciful Heart	5	580
Merciful Heart	6	609
Redeeming Strike	1	525
Redeeming Strike	2	560
Redeeming Strike	3	600
Redeeming Strike	4	640
Redeeming Strike	5	680
Redeeming Strike	6	714
Raging Tiger	1	300
Raging Tiger	2	350
Raging Tiger	3	400
Raging Tiger	4	450
Raging Tiger	5	500
Raging Tiger	6	528
Aqua Wave	1	360
Aqua Wave	2	400
Aqua Wave	3	440
Aqua Wave	4	480
Aqua Wave	5	520
Aqua Wave	6	580
Wild Roar	1	500
Wild Roar	2	550
Wild Roar	3	600
Wild Roar	4	650
Wild Roar	5	700
Wild Roar	6	748
Poppi Spinning Slash	1	300
Poppi Spinning Slash	2	340
Poppi Spinning Slash	3	380
Poppi Spinning Slash	4	420
Poppi Spinning Slash	5	460
Poppi Spinning Slash	6	480
Noponic Storm	1	400
Noponic Storm	2	440
Noponic Storm	3	480
Noponic Storm	4	520
Noponic Storm	5	560
Noponic Storm	6	580
Poppi Drill	1	500
Poppi Drill	2	540
Poppi Drill	3	580
Poppi Drill	4	620
Poppi Drill	5	660
Poppi Drill	6	714
Poppi Missile	1	300
Poppi Missile	2	340
Poppi Missile	3	380
Poppi Missile	4	420
Poppi Missile	5	460
Poppi Missile	6	480
Poppi Crushing Blow	1	400
Poppi Crushing Blow	2	440
Poppi Crushing Blow	3	480
Poppi Crushing Blow	4	520
Poppi Crushing Blow	5	560
Poppi Crushing Blow	6	609
Noponic Destruction	1	525
Noponic Destruction	2	570
Noponic Destruction	3	610
Noponic Destruction	4	650
Noponic Destruction	5	690
Noponic Destruction	6	748
Poppi Ignition	1	300
Poppi Ignition	2	340
Poppi Ignition	3	380
Poppi Ignition	4	420
Poppi Ignition	5	460
Poppi Ignition	6	480
Noponic Axion	1	400
Noponic Axion	2	440
Noponic Axion	3	480
Noponic Axion	4	520
Noponic Axion	5	560
Noponic Axion	6	609
Poppi Unlimited	1	500
Poppi Unlimited	2	550
Poppi Unlimited	3	600
Poppi Unlimited	4	650
Poppi Unlimited	5	700
Poppi Unlimited	6	748
Heat Haze	1	300
Heat Haze	2	340
Heat Haze	3	380
Heat Haze	4	420
Heat Haze	5	460
Heat Haze	6	480
Will-o'-the-Wisp	1	400
Will-o'-the-Wisp	2	440
Will-o'-the-Wisp	3	480
Will-o'-the-Wisp	4	520
Will-o'-the-Wisp	5	560
Will-o'-the-Wisp	6	609
Swirling Dragon	1	500
Swirling Dragon	2	550
Swirling Dragon	3	600
Swirling Dragon	4	650
Swirling Dragon	5	700
Swirling Dragon	6	748
Lightning Force	1	270
Lightning Force	2	340
Lightning Force	3	410
Lightning Force	4	480
Lightning Force	5	550
Lightning Force	6	600
Electric Circus	1	360
Electric Circus	2	430
Electric Circus	3	500
Electric Circus	4	570
Electric Circus	5	640
Electric Circus	6	725
Thunder Doom	1	450
Thunder Doom	2	530
Thunder Doom	3	610
Thunder Doom	4	690
Thunder Doom	5	770
Thunder Doom	6	850
Death Wing	1	300
Death Wing	2	340
Death Wing	3	380
Death Wing	4	420
Death Wing	5	460
Death Wing	6	480
Crushing Twister	1	400
Crushing Twister	2	440
Crushing Twister	3	480
Crushing Twister	4	520
Crushing Twister	5	560
Crushing Twister	6	580
Feather Typhoon	1	500
Feather Typhoon	2	540
Feather Typhoon	3	580
Feather Typhoon	4	620
Feather Typhoon	5	660
Feather Typhoon	6	680
Storm Edge	1	300
Storm Edge	2	340
Storm Edge	3	380
Storm Edge	4	420
Storm Edge	5	460
Storm Edge	6	480
Engrave	1	400
Engrave	2	450
Engrave	3	500
Engrave	4	550
Engrave	5	600
Engrave	6	638
Death Match	1	550
Death Match	2	600
Death Match	3	650
Death Match	4	700
Death Match	5	750
Death Match	6	816
White Wave	1	300
White Wave	2	340
White Wave	3	380
White Wave	4	420
White Wave	5	460
White Wave	6	480
Sacred Wyrm	1	400
Sacred Wyrm	2	450
Sacred Wyrm	3	500
Sacred Wyrm	4	550
Sacred Wyrm	5	600
Sacred Wyrm	6	638
Dark Judgment	1	550
Dark Judgment	2	600
Dark Judgment	3	650
Dark Judgment	4	700
Dark Judgment	5	750
Dark Judgment	6	816
Swallow's Flight	1	300
Swallow's Flight	2	340
Swallow's Flight	3	380
Swallow's Flight	4	420
Swallow's Flight	5	460
Swallow's Flight	6	480
Great Garland	1	420
Great Garland	2	460
Great Garland	3	500
Great Garland	4	540
Great Garland	5	580
Great Garland	6	609
Dragonfly Slash	1	550
Dragonfly Slash	2	620
Dragonfly Slash	3	690
Dragonfly Slash	4	760
Dragonfly Slash	5	830
Dragonfly Slash	6	884
Crow Beat	1	300
Crow Beat	2	340
Crow Beat	3	380
Crow Beat	4	420
Crow Beat	5	460
Crow Beat	6	480
Crow Feather	1	400
Crow Feather	2	440
Crow Feather	3	480
Crow Feather	4	520
Crow Feather	5	560
Crow Feather	6	580
Final Crow	1	500
Final Crow	2	540
Final Crow	3	580
Final Crow	4	620
Final Crow	5	660
Final Crow	6	680
Shred	1	300
Shred	2	340
Shred	3	380
Shred	4	420
Shred	5	460
Shred	6	480
Skewer	1	400
Skewer	2	440
Skewer	3	480
Skewer	4	520
Skewer	5	560
Skewer	6	580
Cruel World	1	500
Cruel World	2	540
Cruel World	3	580
Cruel World	4	620
Cruel World	5	660
Cruel World	6	680
Diamond Crash	1	300
Diamond Crash	2	340
Diamond Crash	3	380
Diamond Crash	4	420
Diamond Crash	5	460
Diamond Crash	6	480
Diamond Flight	1	420
Diamond Flight	2	460
Diamond Flight	3	500
Diamond Flight	4	540
Diamond Flight	5	580
Diamond Flight	6	609
Diamond Hands	1	550
Diamond Hands	2	600
Diamond Hands	3	650
Diamond Hands	4	700
Diamond Hands	5	750
Diamond Hands	6	816
Dead Ball	1	300
Dead Ball	2	340
Dead Ball	3	380
Dead Ball	4	420
Dead Ball	5	460
Dead Ball	6	480
Berserk March	1	440
Berserk March	2	500
Berserk March	3	560
Berserk March	4	620
Berserk March	5	680
Berserk March	6	725
Earth Breath	1	550
Earth Breath	2	590
Earth Breath	3	630
Earth Breath	4	670
Earth Breath	5	710
Earth Breath	6	748
Water Moon	1	300
Water Moon	2	340
Water Moon	3	380
Water Moon	4	420
Water Moon	5	460
Water Moon	6	480
Breaking Wave	1	400
Breaking Wave	2	440
Breaking Wave	3	480
Breaking Wave	4	520
Breaking Wave	5	560
Breaking Wave	6	609
Midnight Mist	1	500
Midnight Mist	2	550
Midnight Mist	3	600
Midnight Mist	4	650
Midnight Mist	5	700
Midnight Mist	6	748
Tough Break	1	300
Tough Break	2	340
Tough Break	3	380
Tough Break	4	420
Tough Break	5	460
Tough Break	6	480
Cold Judgment	1	400
Cold Judgment	2	440
Cold Judgment	3	480
Cold Judgment	4	520
Cold Judgment	5	560
Cold Judgment	6	580
Justice Blizzard	1	500
Justice Blizzard	2	540
Justice Blizzard	3	580
Justice Blizzard	4	620
Justice Blizzard	5	660
Justice Blizzard	6	680
Brutal Lance	1	300
Brutal Lance	2	340
Brutal Lance	3	380
Brutal Lance	4	420
Brutal Lance	5	460
Brutal Lance	6	480
Termination Blast	1	400
Termination Blast	2	440
Termination Blast	3	480
Termination Blast	4	520
Termination Blast	5	560
Termination Blast	6	609
Hellbound	1	500
Hellbound	2	550
Hellbound	3	600
Hellbound	4	650
Hellbound	5	700
Hellbound	6	748
Dark Serpent	1	300
Dark Serpent	2	340
Dark Serpent	3	380
Dark Serpent	4	420
Dark Serpent	5	460
Dark Serpent	6	480
Blade Vortex	1	400
Blade Vortex	2	440
Blade Vortex	3	480
Blade Vortex	4	520
Blade Vortex	5	560
Blade Vortex	6	580
Grim Moon	1	500
Grim Moon	2	550
Grim Moon	3	600
Grim Moon	4	650
Grim Moon	5	700
Grim Moon	6	748
Innocent Teardrop	1	300
Innocent Teardrop	2	340
Innocent Teardrop	3	380
Innocent Teardrop	4	420
Innocent Teardrop	5	460
Innocent Teardrop	6	480
Bittersweet Dreams	1	400
Bittersweet Dreams	2	440
Bittersweet Dreams	3	480
Bittersweet Dreams	4	520
Bittersweet Dreams	5	560
Bittersweet Dreams	6	580
Leave Me Alone	1	500
Leave Me Alone	2	540
Leave Me Alone	3	580
Leave Me Alone	4	620
Leave Me Alone	5	660
Leave Me Alone	6	680
Flame Crown (Weak)	1	120
Flame Crown (Weak)	2	130
Flame Crown (Weak)	3	140
Flame Crown (Weak)	4	150
Flame Crown (Weak)	5	160
Flame Crown (Weak)	6	192
Tyrant Crush (Weak)	1	160
Tyrant Crush (Weak)	2	170
Tyrant Crush (Weak)	3	180
Tyrant Crush (Weak)	4	190
Tyrant Crush (Weak)	5	200
Tyrant Crush (Weak)	6	232
Kaiser Flare (Weak)	1	200
Kaiser Flare (Weak)	2	210
Kaiser Flare (Weak)	3	220
Kaiser Flare (Weak)	4	230
Kaiser Flare (Weak)	5	240
Kaiser Flare (Weak)	6	272
Flame Crown	1	300
Flame Crown	2	340
Flame Crown	3	380
Flame Crown	4	420
Flame Crown	5	460
Flame Crown	6	480
Tyrant Crush	1	400
Tyrant Crush	2	450
Tyrant Crush	3	500
Tyrant Crush	4	550
Tyrant Crush	5	600
Tyrant Crush	6	638
Kaiser Flare	1	500
Kaiser Flare	2	550
Kaiser Flare	3	600
Kaiser Flare	4	650
Kaiser Flare	5	700
Kaiser Flare	6	748
Open Wide!	1	300
Open Wide!	2	350
Open Wide!	3	400
Open Wide!	4	450
Open Wide!	5	500
Open Wide!	6	528
Snack On This!	1	400
Snack On This!	2	440
Snack On This!	3	480
Snack On This!	4	520
Snack On This!	5	560
Snack On This!	6	580
Gobble 'em Up!	1	550
Gobble 'em Up!	2	590
Gobble 'em Up!	3	630
Gobble 'em Up!	4	670
Gobble 'em Up!	5	710
Gobble 'em Up!	6	748
Lavender Drive	1	300
Lavender Drive	2	340
Lavender Drive	3	380
Lavender Drive	4	420
Lavender Drive	5	460
Lavender Drive	6	480
Lilium Dance	1	400
Lilium Dance	2	440
Lilium Dance	3	480
Lilium Dance	4	520
Lilium Dance	5	560
Lilium Dance	6	609
Physalis Judgment	1	550
Physalis Judgment	2	600
Physalis Judgment	3	650
Physalis Judgment	4	700
Physalis Judgment	5	750
Physalis Judgment	6	782
Sentimental Burst	1	300
Sentimental Burst	2	340
Sentimental Burst	3	380
Sentimental Burst	4	420
Sentimental Burst	5	460
Sentimental Burst	6	480
Hidden Emotion	1	400
Hidden Emotion	2	440
Hidden Emotion	3	480
Hidden Emotion	4	520
Hidden Emotion	5	560
Hidden Emotion	6	609
Secret Desire	1	500
Secret Desire	2	550
Secret Desire	3	600
Secret Desire	4	650
Secret Desire	5	700
Secret Desire	6	748
Foam Blast	1	270
Foam Blast	2	310
Foam Blast	3	350
Foam Blast	4	390
Foam Blast	5	430
Foam Blast	6	456
Geyser Spring	1	400
Geyser Spring	2	440
Geyser Spring	3	480
Geyser Spring	4	520
Geyser Spring	5	560
Geyser Spring	6	609
Fierce Deluge	1	500
Fierce Deluge	2	540
Fierce Deluge	3	580
Fierce Deluge	4	620
Fierce Deluge	5	660
Fierce Deluge	6	680
Ice Slash	1	300
Ice Slash	2	340
Ice Slash	3	380
Ice Slash	4	420
Ice Slash	5	460
Ice Slash	6	480
Frost Banish	1	400
Frost Banish	2	440
Frost Banish	3	480
Frost Banish	4	520
Frost Banish	5	560
Frost Banish	6	609
Rebel Sister	1	500
Rebel Sister	2	550
Rebel Sister	3	600
Rebel Sister	4	650
Rebel Sister	5	700
Rebel Sister	6	748
Cold Sever	1	300
Cold Sever	2	340
Cold Sever	3	380
Cold Sever	4	420
Cold Sever	5	460
Cold Sever	6	480
Punishment Strike	1	400
Punishment Strike	2	440
Punishment Strike	3	480
Punishment Strike	4	520
Punishment Strike	5	560
Punishment Strike	6	580
Extinction Icicle	1	500
Extinction Icicle	2	540
Extinction Icicle	3	580
Extinction Icicle	4	620
Extinction Icicle	5	660
Extinction Icicle	6	680
Electric Pompom	1	300
Electric Pompom	2	340
Electric Pompom	3	380
Electric Pompom	4	420
Electric Pompom	5	460
Electric Pompom	6	480
Vivid Love	1	400
Vivid Love	2	440
Vivid Love	3	480
Vivid Love	4	520
Vivid Love	5	560
Vivid Love	6	580
Angelic Drop	1	500
Angelic Drop	2	550
Angelic Drop	3	600
Angelic Drop	4	650
Angelic Drop	5	700
Angelic Drop	6	748
Nightmare Rondeau	1	300
Nightmare Rondeau	2	340
Nightmare Rondeau	3	380
Nightmare Rondeau	4	420
Nightmare Rondeau	5	460
Nightmare Rondeau	6	480
Shadow Rhapsody	1	400
Shadow Rhapsody	2	440
Shadow Rhapsody	3	480
Shadow Rhapsody	4	520
Shadow Rhapsody	5	560
Shadow Rhapsody	6	580
Decadent Finale	1	500
Decadent Finale	2	540
Decadent Finale	3	580
Decadent Finale	4	620
Decadent Finale	5	660
Decadent Finale	6	680
Beary Strong	1	300
Beary Strong	2	340
Beary Strong	3	380
Beary Strong	4	420
Beary Strong	5	460
Beary Strong	6	504
Beary Helpful	1	380
Beary Helpful	2	410
Beary Helpful	3	440
Beary Helpful	4	470
Beary Helpful	5	500
Beary Helpful	6	551
Beary-Go-Round	1	550
Beary-Go-Round	2	600
Beary-Go-Round	3	650
Beary-Go-Round	4	700
Beary-Go-Round	5	750
Beary-Go-Round	6	816
Flaming Slashwave	1	300
Flaming Slashwave	2	340
Flaming Slashwave	3	380
Flaming Slashwave	4	420
Flaming Slashwave	5	460
Flaming Slashwave	6	480
Immolating Cleave	1	440
Immolating Cleave	2	480
Immolating Cleave	3	520
Immolating Cleave	4	560
Immolating Cleave	5	600
Immolating Cleave	6	638
Extreme Gutsy Spirit	1	600
Extreme Gutsy Spirit	2	640
Extreme Gutsy Spirit	3	680
Extreme Gutsy Spirit	4	720
Extreme Gutsy Spirit	5	760
Extreme Gutsy Spirit	6	816
Fierce Healer	1	285
Fierce Healer	2	320
Fierce Healer	3	350
Fierce Healer	4	380
Fierce Healer	5	410
Fierce Healer	6	456
Wild Grappler	1	400
Wild Grappler	2	440
Wild Grappler	3	480
Wild Grappler	4	520
Wild Grappler	5	560
Wild Grappler	6	609
Organic Automata	1	550
Organic Automata	2	600
Organic Automata	3	650
Organic Automata	4	700
Organic Automata	5	750
Organic Automata	6	782
Dessert Bomb	1	270
Dessert Bomb	2	300
Dessert Bomb	3	330
Dessert Bomb	4	360
Dessert Bomb	5	390
Dessert Bomb	6	432
Tea Leaves	1	380
Tea Leaves	2	410
Tea Leaves	3	440
Tea Leaves	4	470
Tea Leaves	5	500
Tea Leaves	6	551
Golden Font	1	500
Golden Font	2	540
Golden Font	3	580
Golden Font	4	620
Golden Font	5	660
Golden Font	6	680
Healing Bolt	1	300
Healing Bolt	2	340
Healing Bolt	3	380
Healing Bolt	4	420
Healing Bolt	5	460
Healing Bolt	6	480
Ball Lightning	1	400
Ball Lightning	2	440
Ball Lightning	3	480
Ball Lightning	4	520
Ball Lightning	5	560
Ball Lightning	6	580
Thunderstrike	1	550
Thunderstrike	2	590
Thunderstrike	3	630
Thunderstrike	4	670
Thunderstrike	5	710
Thunderstrike	6	748
Harness the Wind	1	300
Harness the Wind	2	340
Harness the Wind	3	380
Harness the Wind	4	420
Harness the Wind	5	460
Harness the Wind	6	480
Slipstream	1	400
Slipstream	2	440
Slipstream	3	480
Slipstream	4	520
Slipstream	5	560
Slipstream	6	580
Mortal Storm	1	550
Mortal Storm	2	590
Mortal Storm	3	630
Mortal Storm	4	670
Mortal Storm	5	710
Mortal Storm	6	748
Bang-Bang Bound	1	285
Bang-Bang Bound	2	320
Bang-Bang Bound	3	350
Bang-Bang Bound	4	380
Bang-Bang Bound	5	410
Bang-Bang Bound	6	456
Shocking Assault	1	380
Shocking Assault	2	430
Shocking Assault	3	480
Shocking Assault	4	530
Shocking Assault	5	580
Shocking Assault	6	609
Rolling Thunder	1	500
Rolling Thunder	2	550
Rolling Thunder	3	600
Rolling Thunder	4	650
Rolling Thunder	5	700
Rolling Thunder	6	748
Diabolic Zephyr	1	330
Diabolic Zephyr	2	370
Diabolic Zephyr	3	410
Diabolic Zephyr	4	450
Diabolic Zephyr	5	490
Diabolic Zephyr	6	528
Adamantine Axe	1	480
Adamantine Axe	2	520
Adamantine Axe	3	560
Adamantine Axe	4	600
Adamantine Axe	5	640
Adamantine Axe	6	696
Ascension Blade	1	625
Ascension Blade	2	670
Ascension Blade	3	720
Ascension Blade	4	770
Ascension Blade	5	820
Ascension Blade	6	850
Blast of Fresh Air	1	315
Blast of Fresh Air	2	350
Blast of Fresh Air	3	390
Blast of Fresh Air	4	430
Blast of Fresh Air	5	470
Blast of Fresh Air	6	504
Whoopsie Crazy	1	440
Whoopsie Crazy	2	480
Whoopsie Crazy	3	520
Whoopsie Crazy	4	560
Whoopsie Crazy	5	600
Whoopsie Crazy	6	638
Wake-Up Whirl	1	575
Wake-Up Whirl	2	620
Wake-Up Whirl	3	660
Wake-Up Whirl	4	700
Wake-Up Whirl	5	740
Wake-Up Whirl	6	782
R-Blade	1	330
R-Blade	2	370
R-Blade	3	410
R-Blade	4	450
R-Blade	5	490
R-Blade	6	528
H-Effect R	1	480
H-Effect R	2	520
H-Effect R	3	560
H-Effect R	4	600
H-Effect R	5	640
H-Effect R	6	696
F-G-Shot	1	650
F-G-Shot	2	700
F-G-Shot	3	750
F-G-Shot	4	800
F-G-Shot	5	850
F-G-Shot	6	884
Empyrean Salvo	1	300
Empyrean Salvo	2	350
Empyrean Salvo	3	400
Empyrean Salvo	4	450
Empyrean Salvo	5	500
Empyrean Salvo	6	528
The Heavens Open	1	400
The Heavens Open	2	460
The Heavens Open	3	520
The Heavens Open	4	580
The Heavens Open	5	640
The Heavens Open	6	696
Final Retribution	1	500
Final Retribution	2	580
Final Retribution	3	660
Final Retribution	4	740
Final Retribution	5	820
Final Retribution	6	884
Blood Altar	1	270
Blood Altar	2	300
Blood Altar	3	330
Blood Altar	4	360
Blood Altar	5	390
Blood Altar	6	432
Tainted Palace	1	360
Tainted Palace	2	400
Tainted Palace	3	440
Tainted Palace	4	480
Tainted Palace	5	520
Tainted Palace	6	580
Accursed Prison	1	450
Accursed Prison	2	510
Accursed Prison	3	570
Accursed Prison	4	630
Accursed Prison	5	690
Accursed Prison	6	748
Heliodor Passion	1	300
Heliodor Passion	2	340
Heliodor Passion	3	380
Heliodor Passion	4	420
Heliodor Passion	5	460
Heliodor Passion	6	480
Star Beryl Courage	1	400
Star Beryl Courage	2	440
Star Beryl Courage	3	480
Star Beryl Courage	4	520
Star Beryl Courage	5	560
Star Beryl Courage	6	580
Rhodochrosite Might	1	500
Rhodochrosite Might	2	540
Rhodochrosite Might	3	580
Rhodochrosite Might	4	620
Rhodochrosite Might	5	660
Rhodochrosite Might	6	680
Crystal Blizzard	1	300
Crystal Blizzard	2	340
Crystal Blizzard	3	380
Crystal Blizzard	4	420
Crystal Blizzard	5	460
Crystal Blizzard	6	480
Snowblind	1	400
Snowblind	2	440
Snowblind	3	480
Snowblind	4	520
Snowblind	5	560
Snowblind	6	580
Frost Queen	1	500
Frost Queen	2	550
Frost Queen	3	600
Frost Queen	4	650
Frost Queen	5	700
Frost Queen	6	748
Stream Edge	1	240
Stream Edge	2	270
Stream Edge	3	300
Stream Edge	4	330
Stream Edge	5	360
Stream Edge	6	384
Falling Axe	1	320
Falling Axe	2	350
Falling Axe	3	380
Falling Axe	4	410
Falling Axe	5	440
Falling Axe	6	464
Axe Throw	1	400
Axe Throw	2	430
Axe Throw	3	460
Axe Throw	4	490
Axe Throw	5	520
Axe Throw	6	544
Round Break	1	270
Round Break	2	300
Round Break	3	330
Round Break	4	360
Round Break	5	390
Round Break	6	432
Boomerang Spear	1	360
Boomerang Spear	2	390
Boomerang Spear	3	420
Boomerang Spear	4	450
Boomerang Spear	5	480
Boomerang Spear	6	522
Splash Lance	1	450
Splash Lance	2	480
Splash Lance	3	510
Splash Lance	4	540
Splash Lance	5	570
Splash Lance	6	612
Sidewinder	1	240
Sidewinder	2	270
Sidewinder	3	300
Sidewinder	4	330
Sidewinder	5	360
Sidewinder	6	384
Aerial Trigger	1	320
Aerial Trigger	2	350
Aerial Trigger	3	380
Aerial Trigger	4	410
Aerial Trigger	5	440
Aerial Trigger	6	464
Swing Cannon	1	400
Swing Cannon	2	430
Swing Cannon	3	460
Swing Cannon	4	490
Swing Cannon	5	520
Swing Cannon	6	544
Shield Charge	1	400
Shield Charge	2	430
Shield Charge	3	460
Shield Charge	4	490
Shield Charge	5	520
Shield Charge	6	544
Smash Circle	1	320
Smash Circle	2	350
Smash Circle	3	380
Smash Circle	4	410
Smash Circle	5	440
Smash Circle	6	464
Hammer Beat	1	240
Hammer Beat	2	270
Hammer Beat	3	300
Hammer Beat	4	330
Hammer Beat	5	360
Hammer Beat	6	384
Excelsior Slash	1	270
Excelsior Slash	2	300
Excelsior Slash	3	330
Excelsior Slash	4	360
Excelsior Slash	5	390
Excelsior Slash	6	432
Triple Edge	1	360
Triple Edge	2	390
Triple Edge	3	420
Triple Edge	4	450
Triple Edge	5	480
Triple Edge	6	522
Multi-Raid	1	400
Multi-Raid	2	430
Multi-Raid	3	460
Multi-Raid	4	490
Multi-Raid	5	520
Multi-Raid	6	544
Grenade Throw	1	320
Grenade Throw	2	350
Grenade Throw	3	380
Grenade Throw	4	410
Grenade Throw	5	440
Grenade Throw	6	464
Grim Sphere	1	400
Grim Sphere	2	430
Grim Sphere	3	460
Grim Sphere	4	490
Grim Sphere	5	520
Grim Sphere	6	544
Shrapnel	1	240
Shrapnel	2	270
Shrapnel	3	300
Shrapnel	4	330
Shrapnel	5	360
Shrapnel	6	384
Flying Knuckle	1	240
Flying Knuckle	2	270
Flying Knuckle	3	300
Flying Knuckle	4	330
Flying Knuckle	5	360
Flying Knuckle	6	384
Assault Rush	1	320
Assault Rush	2	350
Assault Rush	3	380
Assault Rush	4	410
Assault Rush	5	440
Assault Rush	6	464
Executioner	1	400
Executioner	2	430
Executioner	3	460
Executioner	4	490
Executioner	5	520
Executioner	6	544
Axe Break	1	270
Axe Break	2	300
Axe Break	3	330
Axe Break	4	360
Axe Break	5	390
Axe Break	6	432
Ground Charge	1	360
Ground Charge	2	390
Ground Charge	3	420
Ground Charge	4	450
Ground Charge	5	480
Ground Charge	6	522
War Swing	1	450
War Swing	2	480
War Swing	3	510
War Swing	4	540
War Swing	5	570
War Swing	6	612
Speed Glaive	1	240
Speed Glaive	2	270
Speed Glaive	3	300
Speed Glaive	4	330
Speed Glaive	5	360
Speed Glaive	6	384
Beam Halberd	1	320
Beam Halberd	2	350
Beam Halberd	3	380
Beam Halberd	4	410
Beam Halberd	5	440
Beam Halberd	6	464
Hair Trigger	1	400
Hair Trigger	2	430
Hair Trigger	3	460
Hair Trigger	4	490
Hair Trigger	5	520
Hair Trigger	6	544
Beam Bomber	1	400
Beam Bomber	2	430
Beam Bomber	3	460
Beam Bomber	4	490
Beam Bomber	5	520
Beam Bomber	6	544
Zero Burst	1	240
Zero Burst	2	270
Zero Burst	3	300
Zero Burst	4	330
Zero Burst	5	360
Zero Burst	6	384
Spinning Laser	1	320
Spinning Laser	2	350
Spinning Laser	3	380
Spinning Laser	4	410
Spinning Laser	5	440
Spinning Laser	6	464
Wheel Crash	1	450
Wheel Crash	2	480
Wheel Crash	3	510
Wheel Crash	4	540
Wheel Crash	5	570
Wheel Crash	6	612
Ground Impulse	1	270
Ground Impulse	2	300
Ground Impulse	3	330
Ground Impulse	4	360
Ground Impulse	5	390
Ground Impulse	6	432
Turn Strike	1	360
Turn Strike	2	390
Turn Strike	3	420
Turn Strike	4	450
Turn Strike	5	480
Turn Strike	6	522
Drop Edge	1	240
Drop Edge	2	270
Drop Edge	3	300
Drop Edge	4	330
Drop Edge	5	360
Drop Edge	6	384
Counter Spin	1	320
Counter Spin	2	350
Counter Spin	3	380
Counter Spin	4	410
Counter Spin	5	440
Counter Spin	6	464
Magnum Edge	1	400
Magnum Edge	2	430
Magnum Edge	3	460
Magnum Edge	4	490
Magnum Edge	5	520
Magnum Edge	6	544
Metal Blast	1	240
Metal Blast	2	270
Metal Blast	3	300
Metal Blast	4	330
Metal Blast	5	360
Metal Blast	6	384
Wrecking Ball	1	320
Wrecking Ball	2	350
Wrecking Ball	3	380
Wrecking Ball	4	410
Wrecking Ball	5	440
Wrecking Ball	6	464
Violent Swing	1	400
Violent Swing	2	430
Violent Swing	3	460
Violent Swing	4	490
Violent Swing	5	520
Violent Swing	6	544
Bomber Tackle	1	270
Bomber Tackle	2	300
Bomber Tackle	3	330
Bomber Tackle	4	360
Bomber Tackle	5	390
Bomber Tackle	6	432
Head Shaker	1	360
Head Shaker	2	390
Head Shaker	3	420
Head Shaker	4	450
Head Shaker	5	480
Head Shaker	6	522
Knuckle Purge	1	450
Knuckle Purge	2	480
Knuckle Purge	3	510
Knuckle Purge	4	540
Knuckle Purge	5	570
Knuckle Purge	6	612
Axe Strike	1	240
Axe Strike	2	270
Axe Strike	3	300
Axe Strike	4	330
Axe Strike	5	360
Axe Strike	6	384
Megaslash	1	320
Megaslash	2	350
Megaslash	3	380
Megaslash	4	410
Megaslash	5	440
Megaslash	6	464
Flying Cutter	1	400
Flying Cutter	2	430
Flying Cutter	3	460
Flying Cutter	4	490
Flying Cutter	5	520
Flying Cutter	6	544
Multi-Edge	1	240
Multi-Edge	2	270
Multi-Edge	3	300
Multi-Edge	4	330
Multi-Edge	5	360
Multi-Edge	6	384
Trident Buster	1	320
Trident Buster	2	350
Trident Buster	3	380
Trident Buster	4	410
Trident Buster	5	440
Trident Buster	6	464
Spiral Spear	1	400
Spiral Spear	2	430
Spiral Spear	3	460
Spiral Spear	4	490
Spiral Spear	5	520
Spiral Spear	6	544
Flash Barrel	1	270
Flash Barrel	2	300
Flash Barrel	3	330
Flash Barrel	4	360
Flash Barrel	5	390
Flash Barrel	6	432
Blink Bullet	1	360
Blink Bullet	2	390
Blink Bullet	3	420
Blink Bullet	4	450
Blink Bullet	5	480
Blink Bullet	6	522
Beam Barrage	1	450
Beam Barrage	2	480
Beam Barrage	3	510
Beam Barrage	4	540
Beam Barrage	5	570
Beam Barrage	6	612
Aerial Shield	1	240
Aerial Shield	2	270
Aerial Shield	3	300
Aerial Shield	4	330
Aerial Shield	5	360
Aerial Shield	6	384
Drum Roll	1	320
Drum Roll	2	350
Drum Roll	3	380
Drum Roll	4	410
Drum Roll	5	440
Drum Roll	6	464
Hammer Rush	1	400
Hammer Rush	2	430
Hammer Rush	3	460
Hammer Rush	4	490
Hammer Rush	5	520
Hammer Rush	6	544
Sword Dance	1	240
Sword Dance	2	270
Sword Dance	3	300
Sword Dance	4	330
Sword Dance	5	360
Sword Dance	6	384
Rage Cutter	1	320
Rage Cutter	2	350
Rage Cutter	3	380
Rage Cutter	4	410
Rage Cutter	5	440
Rage Cutter	6	464
Air Slash	1	400
Air Slash	2	430
Air Slash	3	460
Air Slash	4	490
Air Slash	5	520
Air Slash	6	544
Flash Bomb	1	270
Flash Bomb	2	300
Flash Bomb	3	330
Flash Bomb	4	360
Flash Bomb	5	390
Flash Bomb	6	432
Power Effect	1	360
Power Effect	2	390
Power Effect	3	420
Power Effect	4	450
Power Effect	5	480
Power Effect	6	522
Rumble Sphere	1	450
Rumble Sphere	2	480
Rumble Sphere	3	510
Rumble Sphere	4	540
Rumble Sphere	5	570
Rumble Sphere	6	612
Thermal Payload	1	240
Thermal Payload	2	270
Thermal Payload	3	300
Thermal Payload	4	330
Thermal Payload	5	360
Thermal Payload	6	384
Leg Blast	1	320
Leg Blast	2	350
Leg Blast	3	380
Leg Blast	4	410
Leg Blast	5	440
Leg Blast	6	464
Flash Blow	1	400
Flash Blow	2	430
Flash Blow	3	460
Flash Blow	4	490
Flash Blow	5	520
Flash Blow	6	544
Ripple Drive	1	270
Ripple Drive	2	300
Ripple Drive	3	330
Ripple Drive	4	360
Ripple Drive	5	390
Ripple Drive	6	432
Dual Fang	1	360
Dual Fang	2	400
Dual Fang	3	440
Dual Fang	4	480
Dual Fang	5	520
Dual Fang	6	551
Screw Edge	1	475
Screw Edge	2	520
Screw Edge	3	560
Screw Edge	4	600
Screw Edge	5	640
Screw Edge	6	680
ECHIDNA	1	330
ECHIDNA	2	370
ECHIDNA	3	410
ECHIDNA	4	450
ECHIDNA	5	490
ECHIDNA	6	528
MAGDALENE 16	1	480
MAGDALENE 16	2	520
MAGDALENE 16	3	560
MAGDALENE 16	4	600
MAGDALENE 16	5	640
MAGDALENE 16	6	696
T-SKYLLA	1	650
T-SKYLLA	2	700
T-SKYLLA	3	750
T-SKYLLA	4	800
T-SKYLLA	5	850
T-SKYLLA	6	884
Buster Cyclone	1	300
Buster Cyclone	2	350
Buster Cyclone	3	400
Buster Cyclone	4	450
Buster Cyclone	5	500
Buster Cyclone	6	528
Buster Cannon	1	400
Buster Cannon	2	460
Buster Cannon	3	520
Buster Cannon	4	580
Buster Cannon	5	640
Buster Cannon	6	696
Buster Mirage	1	500
Buster Mirage	2	570
Buster Mirage	3	640
Buster Mirage	4	710
Buster Mirage	5	780
Buster Mirage	6	850
Monado Purge	1	330
Monado Purge	2	370
Monado Purge	3	410
Monado Purge	4	450
Monado Purge	5	490
Monado Purge	6	528
Monado Cyclone	1	480
Monado Cyclone	2	520
Monado Cyclone	3	560
Monado Cyclone	4	600
Monado Cyclone	5	640
Monado Cyclone	6	696
Monado Buster	1	625
Monado Buster	2	670
Monado Buster	3	720
Monado Buster	4	770
Monado Buster	5	820
Monado Buster	6	850
Hidden Thorn	1	315
Hidden Thorn	2	350
Hidden Thorn	3	390
Hidden Thorn	4	430
Hidden Thorn	5	470
Hidden Thorn	6	504
Power Smash	1	420
Power Smash	2	460
Power Smash	3	500
Power Smash	4	540
Power Smash	5	580
Power Smash	6	609
Lacerate	1	525
Lacerate	2	560
Lacerate	3	600
Lacerate	4	640
Lacerate	5	680
Lacerate	6	714
Fuga Daemonum	1	390
Fuga Daemonum	2	470
Fuga Daemonum	3	550
Fuga Daemonum	4	630
Fuga Daemonum	5	710
Fuga Daemonum	6	768
Lacerna Noctis	1	640
Lacerna Noctis	2	730
Lacerna Noctis	3	820
Lacerna Noctis	4	910
Lacerna Noctis	5	1000
Lacerna Noctis	6	1102
Ex Tenebris Lux	1	900
Ex Tenebris Lux	2	1010
Ex Tenebris Lux	3	1120
Ex Tenebris Lux	4	1230
Ex Tenebris Lux	5	1340
Ex Tenebris Lux	6	1428
Go! Great Star!	1	300
Go! Great Star!	2	350
Go! Great Star!	3	400
Go! Great Star!	4	450
Go! Great Star!	5	500
Go! Great Star!	6	528
Go! Shooting Star!	1	400
Go! Shooting Star!	2	460
Go! Shooting Star!	3	520
Go! Shooting Star!	4	580
Go! Shooting Star!	5	640
Go! Shooting Star!	6	696
Go! Lucky Star!	1	500
Go! Lucky Star!	2	570
Go! Lucky Star!	3	640
Go! Lucky Star!	4	710
Go! Lucky Star!	5	780
Go! Lucky Star!	6	850
Sliding Slinger	1	345
Sliding Slinger	2	390
Sliding Slinger	3	430
Sliding Slinger	4	470
Sliding Slinger	5	510
Sliding Slinger	6	552
Hundred Shells	1	500
Hundred Shells	2	550
Hundred Shells	3	600
Hundred Shells	4	650
Hundred Shells	5	700
Hundred Shells	6	725
Violent Streak	1	675
Violent Streak	2	720
Violent Streak	3	770
Violent Streak	4	820
Violent Streak	5	870
Violent Streak	6	918
\.


--
-- Data for Name: special_enhance; Type: TABLE DATA; Schema: xeno2; Owner: poppi
--

COPY xeno2.special_enhance (special, level, caption) FROM stdin;
Blazing End	1	2975
Blazing End	2	2976
Blazing End	3	2977
Blazing End	4	2978
Blazing End	5	2979
Blazing End	6	2979
Flame Nova	1	2895
Flame Nova	2	2896
Flame Nova	3	2897
Flame Nova	4	2898
Flame Nova	5	2899
Flame Nova	6	2899
Prominence Revolt	1	2995
Prominence Revolt	2	2996
Prominence Revolt	3	2997
Prominence Revolt	4	2998
Prominence Revolt	5	2999
Prominence Revolt	6	2999
Ray of Punishment	1	2995
Ray of Punishment	2	2996
Ray of Punishment	3	2997
Ray of Punishment	4	2998
Ray of Punishment	5	2999
Ray of Punishment	6	2999
Lightning Buster	1	3025
Lightning Buster	2	3026
Lightning Buster	3	3027
Lightning Buster	4	3028
Lightning Buster	5	3029
Lightning Buster	6	3029
Photon Edge	1	3015
Photon Edge	2	3016
Photon Edge	3	3017
Photon Edge	4	3018
Photon Edge	5	3019
Photon Edge	6	3019
Starburst	1	3015
Starburst	2	3016
Starburst	3	3017
Starburst	4	3018
Starburst	5	3019
Starburst	6	3019
Radiant Flare	1	3015
Radiant Flare	2	3016
Radiant Flare	3	3017
Radiant Flare	4	3018
Radiant Flare	5	3019
Radiant Flare	6	3019
Genesis Saber	1	3015
Genesis Saber	2	3016
Genesis Saber	3	3017
Genesis Saber	4	3018
Genesis Saber	5	3019
Genesis Saber	6	3019
Last Hope	1	2965
Last Hope	2	2966
Last Hope	3	2967
Last Hope	4	2968
Last Hope	5	2969
Last Hope	6	2969
Merciful Heart	1	3055
Merciful Heart	2	3056
Merciful Heart	3	3057
Merciful Heart	4	3058
Merciful Heart	5	3059
Merciful Heart	6	3059
Redeeming Strike	1	3070
Redeeming Strike	2	3071
Redeeming Strike	3	3072
Redeeming Strike	4	3073
Redeeming Strike	5	3074
Redeeming Strike	6	3074
Raging Tiger	1	2970
Raging Tiger	2	2971
Raging Tiger	3	2972
Raging Tiger	4	2973
Raging Tiger	5	2974
Raging Tiger	6	2974
Aqua Wave	1	3070
Aqua Wave	2	3071
Aqua Wave	3	3072
Aqua Wave	4	3073
Aqua Wave	5	3074
Aqua Wave	6	3074
Wild Roar	1	3055
Wild Roar	2	3056
Wild Roar	3	3057
Wild Roar	4	3058
Wild Roar	5	3059
Wild Roar	6	3059
Heat Haze	1	3045
Heat Haze	2	3046
Heat Haze	3	3047
Heat Haze	4	3048
Heat Haze	5	3049
Heat Haze	6	3049
Will-o'-the-Wisp	1	3000
Will-o'-the-Wisp	2	3001
Will-o'-the-Wisp	3	3002
Will-o'-the-Wisp	4	3003
Will-o'-the-Wisp	5	3004
Will-o'-the-Wisp	6	3004
Swirling Dragon	1	3025
Swirling Dragon	2	3026
Swirling Dragon	3	3027
Swirling Dragon	4	3028
Swirling Dragon	5	3029
Swirling Dragon	6	3029
Lightning Force	1	2920
Lightning Force	2	2921
Lightning Force	3	2922
Lightning Force	4	2923
Lightning Force	5	2924
Lightning Force	6	2924
Electric Circus	1	2975
Electric Circus	2	2976
Electric Circus	3	2977
Electric Circus	4	2978
Electric Circus	5	2979
Electric Circus	6	2979
Thunder Doom	1	2975
Thunder Doom	2	2976
Thunder Doom	3	2977
Thunder Doom	4	2978
Thunder Doom	5	2979
Thunder Doom	6	2979
Death Wing	1	2905
Death Wing	2	2906
Death Wing	3	2907
Death Wing	4	2908
Death Wing	5	2909
Death Wing	6	2909
Crushing Twister	1	3025
Crushing Twister	2	3026
Crushing Twister	3	3027
Crushing Twister	4	3028
Crushing Twister	5	3029
Crushing Twister	6	3029
Feather Typhoon	1	2940
Feather Typhoon	2	2941
Feather Typhoon	3	2942
Feather Typhoon	4	2943
Feather Typhoon	5	2944
Feather Typhoon	6	2944
Storm Edge	1	2975
Storm Edge	2	2976
Storm Edge	3	2977
Storm Edge	4	2978
Storm Edge	5	2979
Storm Edge	6	2979
Engrave	1	3045
Engrave	2	3046
Engrave	3	3047
Engrave	4	3048
Engrave	5	3049
Engrave	6	3049
Death Match	1	3015
Death Match	2	3016
Death Match	3	3017
Death Match	4	3018
Death Match	5	3019
Death Match	6	3019
White Wave	1	3070
White Wave	2	3071
White Wave	3	3072
White Wave	4	3073
White Wave	5	3074
White Wave	6	3074
Sacred Wyrm	1	3035
Sacred Wyrm	2	3036
Sacred Wyrm	3	3037
Sacred Wyrm	4	3038
Sacred Wyrm	5	3039
Sacred Wyrm	6	3039
Dark Judgment	1	2965
Dark Judgment	2	2966
Dark Judgment	3	2967
Dark Judgment	4	2968
Dark Judgment	5	2969
Dark Judgment	6	2969
Swallow's Flight	1	2975
Swallow's Flight	2	2976
Swallow's Flight	3	2977
Swallow's Flight	4	2978
Swallow's Flight	5	2979
Swallow's Flight	6	2979
Great Garland	1	2995
Great Garland	2	2996
Great Garland	3	2997
Great Garland	4	2998
Great Garland	5	2999
Great Garland	6	2999
Dragonfly Slash	1	3025
Dragonfly Slash	2	3026
Dragonfly Slash	3	3027
Dragonfly Slash	4	3028
Dragonfly Slash	5	3029
Dragonfly Slash	6	3029
Crow Beat	1	3045
Crow Beat	2	3046
Crow Beat	3	3047
Crow Beat	4	3048
Crow Beat	5	3049
Crow Beat	6	3049
Crow Feather	1	3000
Crow Feather	2	3001
Crow Feather	3	3002
Crow Feather	4	3003
Crow Feather	5	3004
Crow Feather	6	3004
Final Crow	1	3030
Final Crow	2	3031
Final Crow	3	3032
Final Crow	4	3033
Final Crow	5	3034
Final Crow	6	3034
Shred	1	2990
Shred	2	2991
Shred	3	2992
Shred	4	2993
Shred	5	2994
Shred	6	2994
Skewer	1	3035
Skewer	2	3036
Skewer	3	3037
Skewer	4	3038
Skewer	5	3039
Skewer	6	3039
Cruel World	1	3015
Cruel World	2	3016
Cruel World	3	3017
Cruel World	4	3018
Cruel World	5	3019
Cruel World	6	3019
Diamond Crash	1	2995
Diamond Crash	2	2996
Diamond Crash	3	2997
Diamond Crash	4	2998
Diamond Crash	5	2999
Diamond Crash	6	2999
Diamond Flight	1	3060
Diamond Flight	2	3061
Diamond Flight	3	3062
Diamond Flight	4	3063
Diamond Flight	5	3064
Diamond Flight	6	3064
Diamond Hands	1	3015
Diamond Hands	2	3016
Diamond Hands	3	3017
Diamond Hands	4	3018
Diamond Hands	5	3019
Diamond Hands	6	3019
Dead Ball	1	3015
Dead Ball	2	3016
Dead Ball	3	3017
Dead Ball	4	3018
Dead Ball	5	3019
Dead Ball	6	3019
Berserk March	1	3045
Berserk March	2	3046
Berserk March	3	3047
Berserk March	4	3048
Berserk March	5	3049
Berserk March	6	3049
Earth Breath	1	3070
Earth Breath	2	3071
Earth Breath	3	3072
Earth Breath	4	3073
Earth Breath	5	3074
Earth Breath	6	3074
Water Moon	1	3015
Water Moon	2	3016
Water Moon	3	3017
Water Moon	4	3018
Water Moon	5	3019
Water Moon	6	3019
Breaking Wave	1	2975
Breaking Wave	2	2976
Breaking Wave	3	2977
Breaking Wave	4	2978
Breaking Wave	5	2979
Breaking Wave	6	2979
Midnight Mist	1	3030
Midnight Mist	2	3031
Midnight Mist	3	3032
Midnight Mist	4	3033
Midnight Mist	5	3034
Midnight Mist	6	3034
Tough Break	1	3030
Tough Break	2	3031
Tough Break	3	3032
Tough Break	4	3033
Tough Break	5	3034
Tough Break	6	3034
Cold Judgment	1	2995
Cold Judgment	2	2996
Cold Judgment	3	2997
Cold Judgment	4	2998
Cold Judgment	5	2999
Cold Judgment	6	2999
Justice Blizzard	1	3025
Justice Blizzard	2	3026
Justice Blizzard	3	3027
Justice Blizzard	4	3028
Justice Blizzard	5	3029
Justice Blizzard	6	3029
Brutal Lance	1	2995
Brutal Lance	2	2996
Brutal Lance	3	2997
Brutal Lance	4	2998
Brutal Lance	5	2999
Brutal Lance	6	2999
Termination Blast	1	3025
Termination Blast	2	3026
Termination Blast	3	3027
Termination Blast	4	3028
Termination Blast	5	3029
Termination Blast	6	3029
Hellbound	1	3015
Hellbound	2	3016
Hellbound	3	3017
Hellbound	4	3018
Hellbound	5	3019
Hellbound	6	3019
Dark Serpent	1	3045
Dark Serpent	2	3046
Dark Serpent	3	3047
Dark Serpent	4	3048
Dark Serpent	5	3049
Dark Serpent	6	3049
Blade Vortex	1	3030
Blade Vortex	2	3031
Blade Vortex	3	3032
Blade Vortex	4	3033
Blade Vortex	5	3034
Blade Vortex	6	3034
Grim Moon	1	3075
Grim Moon	2	3076
Grim Moon	3	3077
Grim Moon	4	3078
Grim Moon	5	3079
Grim Moon	6	3079
Innocent Teardrop	1	3065
Innocent Teardrop	2	3066
Innocent Teardrop	3	3067
Innocent Teardrop	4	3068
Innocent Teardrop	5	3069
Innocent Teardrop	6	3069
Bittersweet Dreams	1	3060
Bittersweet Dreams	2	3061
Bittersweet Dreams	3	3062
Bittersweet Dreams	4	3063
Bittersweet Dreams	5	3064
Bittersweet Dreams	6	3064
Leave Me Alone	1	2995
Leave Me Alone	2	2996
Leave Me Alone	3	2997
Leave Me Alone	4	2998
Leave Me Alone	5	2999
Leave Me Alone	6	2999
Flame Crown (Weak)	1	2910
Flame Crown (Weak)	2	2911
Flame Crown (Weak)	3	2912
Flame Crown (Weak)	4	2913
Flame Crown (Weak)	5	2914
Flame Crown (Weak)	6	2914
Tyrant Crush (Weak)	1	2975
Tyrant Crush (Weak)	2	2976
Tyrant Crush (Weak)	3	2977
Tyrant Crush (Weak)	4	2978
Tyrant Crush (Weak)	5	2979
Tyrant Crush (Weak)	6	2979
Kaiser Flare (Weak)	1	3025
Kaiser Flare (Weak)	2	3026
Kaiser Flare (Weak)	3	3027
Kaiser Flare (Weak)	4	3028
Kaiser Flare (Weak)	5	3029
Kaiser Flare (Weak)	6	3029
Flame Crown	1	2910
Flame Crown	2	2911
Flame Crown	3	2912
Flame Crown	4	2913
Flame Crown	5	2914
Flame Crown	6	2914
Tyrant Crush	1	2975
Tyrant Crush	2	2976
Tyrant Crush	3	2977
Tyrant Crush	4	2978
Tyrant Crush	5	2979
Tyrant Crush	6	2979
Kaiser Flare	1	3025
Kaiser Flare	2	3026
Kaiser Flare	3	3027
Kaiser Flare	4	3028
Kaiser Flare	5	3029
Kaiser Flare	6	3029
Open Wide!	1	2970
Open Wide!	2	2971
Open Wide!	3	2972
Open Wide!	4	2973
Open Wide!	5	2974
Open Wide!	6	2974
Snack On This!	1	2965
Snack On This!	2	2966
Snack On This!	3	2967
Snack On This!	4	2968
Snack On This!	5	2969
Snack On This!	6	2969
Gobble 'em Up!	1	3070
Gobble 'em Up!	2	3071
Gobble 'em Up!	3	3072
Gobble 'em Up!	4	3073
Gobble 'em Up!	5	3074
Gobble 'em Up!	6	3074
Lavender Drive	1	3000
Lavender Drive	2	3001
Lavender Drive	3	3002
Lavender Drive	4	3003
Lavender Drive	5	3004
Lavender Drive	6	3004
Lilium Dance	1	3070
Lilium Dance	2	3071
Lilium Dance	3	3072
Lilium Dance	4	3073
Lilium Dance	5	3074
Lilium Dance	6	3074
Physalis Judgment	1	3055
Physalis Judgment	2	3056
Physalis Judgment	3	3057
Physalis Judgment	4	3058
Physalis Judgment	5	3059
Physalis Judgment	6	3059
Sentimental Burst	1	3045
Sentimental Burst	2	3046
Sentimental Burst	3	3047
Sentimental Burst	4	3048
Sentimental Burst	5	3049
Sentimental Burst	6	3049
Hidden Emotion	1	3030
Hidden Emotion	2	3031
Hidden Emotion	3	3032
Hidden Emotion	4	3033
Hidden Emotion	5	3034
Hidden Emotion	6	3034
Secret Desire	1	3025
Secret Desire	2	3026
Secret Desire	3	3027
Secret Desire	4	3028
Secret Desire	5	3029
Secret Desire	6	3029
Foam Blast	1	3060
Foam Blast	2	3061
Foam Blast	3	3062
Foam Blast	4	3063
Foam Blast	5	3064
Foam Blast	6	3064
Geyser Spring	1	3015
Geyser Spring	2	3016
Geyser Spring	3	3017
Geyser Spring	4	3018
Geyser Spring	5	3019
Geyser Spring	6	3019
Fierce Deluge	1	2985
Fierce Deluge	2	2986
Fierce Deluge	3	2987
Fierce Deluge	4	2988
Fierce Deluge	5	2989
Fierce Deluge	6	2989
Ice Slash	1	3045
Ice Slash	2	3046
Ice Slash	3	3047
Ice Slash	4	3048
Ice Slash	5	3049
Ice Slash	6	3049
Frost Banish	1	3030
Frost Banish	2	3031
Frost Banish	3	3032
Frost Banish	4	3033
Frost Banish	5	3034
Frost Banish	6	3034
Rebel Sister	1	2975
Rebel Sister	2	2976
Rebel Sister	3	2977
Rebel Sister	4	2978
Rebel Sister	5	2979
Rebel Sister	6	2979
Cold Sever	1	2985
Cold Sever	2	2986
Cold Sever	3	2987
Cold Sever	4	2988
Cold Sever	5	2989
Cold Sever	6	2989
Punishment Strike	1	3060
Punishment Strike	2	3061
Punishment Strike	3	3062
Punishment Strike	4	3063
Punishment Strike	5	3064
Punishment Strike	6	3064
Extinction Icicle	1	3010
Extinction Icicle	2	3011
Extinction Icicle	3	3012
Extinction Icicle	4	3013
Extinction Icicle	5	3014
Extinction Icicle	6	3014
Electric Pompom	1	3000
Electric Pompom	2	3001
Electric Pompom	3	3002
Electric Pompom	4	3003
Electric Pompom	5	3004
Electric Pompom	6	3004
Vivid Love	1	3055
Vivid Love	2	3056
Vivid Love	3	3057
Vivid Love	4	3058
Vivid Love	5	3059
Vivid Love	6	3059
Angelic Drop	1	3070
Angelic Drop	2	3071
Angelic Drop	3	3072
Angelic Drop	4	3073
Angelic Drop	5	3074
Angelic Drop	6	3074
Nightmare Rondeau	1	3025
Nightmare Rondeau	2	3026
Nightmare Rondeau	3	3027
Nightmare Rondeau	4	3028
Nightmare Rondeau	5	3029
Nightmare Rondeau	6	3029
Shadow Rhapsody	1	3025
Shadow Rhapsody	2	3026
Shadow Rhapsody	3	3027
Shadow Rhapsody	4	3028
Shadow Rhapsody	5	3029
Shadow Rhapsody	6	3029
Decadent Finale	1	3025
Decadent Finale	2	3026
Decadent Finale	3	3027
Decadent Finale	4	3028
Decadent Finale	5	3029
Decadent Finale	6	3029
Beary Strong	1	3055
Beary Strong	2	3056
Beary Strong	3	3057
Beary Strong	4	3058
Beary Strong	5	3059
Beary Strong	6	3059
Beary Helpful	1	3070
Beary Helpful	2	3071
Beary Helpful	3	3072
Beary Helpful	4	3073
Beary Helpful	5	3074
Beary Helpful	6	3074
Beary-Go-Round	1	3025
Beary-Go-Round	2	3026
Beary-Go-Round	3	3027
Beary-Go-Round	4	3028
Beary-Go-Round	5	3029
Beary-Go-Round	6	3029
Flaming Slashwave	1	3045
Flaming Slashwave	2	3046
Flaming Slashwave	3	3047
Flaming Slashwave	4	3048
Flaming Slashwave	5	3049
Flaming Slashwave	6	3049
Immolating Cleave	1	3000
Immolating Cleave	2	3001
Immolating Cleave	3	3002
Immolating Cleave	4	3003
Immolating Cleave	5	3004
Immolating Cleave	6	3004
Extreme Gutsy Spirit	1	3015
Extreme Gutsy Spirit	2	3016
Extreme Gutsy Spirit	3	3017
Extreme Gutsy Spirit	4	3018
Extreme Gutsy Spirit	5	3019
Extreme Gutsy Spirit	6	3019
Fierce Healer	1	3070
Fierce Healer	2	3071
Fierce Healer	3	3072
Fierce Healer	4	3073
Fierce Healer	5	3074
Fierce Healer	6	3074
Wild Grappler	1	3055
Wild Grappler	2	3056
Wild Grappler	3	3057
Wild Grappler	4	3058
Wild Grappler	5	3059
Wild Grappler	6	3059
Organic Automata	1	3070
Organic Automata	2	3071
Organic Automata	3	3072
Organic Automata	4	3073
Organic Automata	5	3074
Organic Automata	6	3074
Dessert Bomb	1	3035
Dessert Bomb	2	3036
Dessert Bomb	3	3037
Dessert Bomb	4	3038
Dessert Bomb	5	3039
Dessert Bomb	6	3039
Tea Leaves	1	2975
Tea Leaves	2	2976
Tea Leaves	3	2977
Tea Leaves	4	2978
Tea Leaves	5	2979
Tea Leaves	6	2979
Golden Font	1	3080
Golden Font	2	3081
Golden Font	3	3082
Golden Font	4	3083
Golden Font	5	3084
Golden Font	6	3084
Healing Bolt	1	3070
Healing Bolt	2	3071
Healing Bolt	3	3072
Healing Bolt	4	3073
Healing Bolt	5	3074
Healing Bolt	6	3074
Ball Lightning	1	2920
Ball Lightning	2	2921
Ball Lightning	3	2922
Ball Lightning	4	2923
Ball Lightning	5	2924
Ball Lightning	6	2924
Thunderstrike	1	3055
Thunderstrike	2	3056
Thunderstrike	3	3057
Thunderstrike	4	3058
Thunderstrike	5	3059
Thunderstrike	6	3059
Harness the Wind	1	3060
Harness the Wind	2	3061
Harness the Wind	3	3062
Harness the Wind	4	3063
Harness the Wind	5	3064
Harness the Wind	6	3064
Slipstream	1	3015
Slipstream	2	3016
Slipstream	3	3017
Slipstream	4	3018
Slipstream	5	3019
Slipstream	6	3019
Mortal Storm	1	3015
Mortal Storm	2	3016
Mortal Storm	3	3017
Mortal Storm	4	3018
Mortal Storm	5	3019
Mortal Storm	6	3019
Bang-Bang Bound	1	2995
Bang-Bang Bound	2	2996
Bang-Bang Bound	3	2997
Bang-Bang Bound	4	2998
Bang-Bang Bound	5	2999
Bang-Bang Bound	6	2999
Shocking Assault	1	3000
Shocking Assault	2	3001
Shocking Assault	3	3002
Shocking Assault	4	3003
Shocking Assault	5	3004
Shocking Assault	6	3004
Rolling Thunder	1	3045
Rolling Thunder	2	3046
Rolling Thunder	3	3047
Rolling Thunder	4	3048
Rolling Thunder	5	3049
Rolling Thunder	6	3049
Diabolic Zephyr	1	3025
Diabolic Zephyr	2	3026
Diabolic Zephyr	3	3027
Diabolic Zephyr	4	3028
Diabolic Zephyr	5	3029
Diabolic Zephyr	6	3029
Adamantine Axe	1	2995
Adamantine Axe	2	2996
Adamantine Axe	3	2997
Adamantine Axe	4	2998
Adamantine Axe	5	2999
Adamantine Axe	6	2999
Ascension Blade	1	3005
Ascension Blade	2	3006
Ascension Blade	3	3007
Ascension Blade	4	3008
Ascension Blade	5	3009
Ascension Blade	6	3009
Blast of Fresh Air	1	3065
Blast of Fresh Air	2	3066
Blast of Fresh Air	3	3067
Blast of Fresh Air	4	3068
Blast of Fresh Air	5	3069
Blast of Fresh Air	6	3069
Whoopsie Crazy	1	3045
Whoopsie Crazy	2	3046
Whoopsie Crazy	3	3047
Whoopsie Crazy	4	3048
Whoopsie Crazy	5	3049
Whoopsie Crazy	6	3049
Wake-Up Whirl	1	2995
Wake-Up Whirl	2	2996
Wake-Up Whirl	3	2997
Wake-Up Whirl	4	2998
Wake-Up Whirl	5	2999
Wake-Up Whirl	6	2999
R-Blade	1	2975
R-Blade	2	2976
R-Blade	3	2977
R-Blade	4	2978
R-Blade	5	2979
R-Blade	6	2979
H-Effect R	1	3070
H-Effect R	2	3071
H-Effect R	3	3072
H-Effect R	4	3073
H-Effect R	5	3074
H-Effect R	6	3074
F-G-Shot	1	3015
F-G-Shot	2	3016
F-G-Shot	3	3017
F-G-Shot	4	3018
F-G-Shot	5	3019
F-G-Shot	6	3019
Empyrean Salvo	1	2975
Empyrean Salvo	2	2976
Empyrean Salvo	3	2977
Empyrean Salvo	4	2978
Empyrean Salvo	5	2979
Empyrean Salvo	6	2979
The Heavens Open	1	3015
The Heavens Open	2	3016
The Heavens Open	3	3017
The Heavens Open	4	3018
The Heavens Open	5	3019
The Heavens Open	6	3019
Final Retribution	1	3025
Final Retribution	2	3026
Final Retribution	3	3027
Final Retribution	4	3028
Final Retribution	5	3029
Final Retribution	6	3029
Blood Altar	1	3025
Blood Altar	2	3026
Blood Altar	3	3027
Blood Altar	4	3028
Blood Altar	5	3029
Blood Altar	6	3029
Tainted Palace	1	2930
Tainted Palace	2	2931
Tainted Palace	3	2932
Tainted Palace	4	2933
Tainted Palace	5	2934
Tainted Palace	6	2934
Accursed Prison	1	3015
Accursed Prison	2	3016
Accursed Prison	3	3017
Accursed Prison	4	3018
Accursed Prison	5	3019
Accursed Prison	6	3019
Heliodor Passion	1	3000
Heliodor Passion	2	3001
Heliodor Passion	3	3002
Heliodor Passion	4	3003
Heliodor Passion	5	3004
Heliodor Passion	6	3004
Star Beryl Courage	1	2995
Star Beryl Courage	2	2996
Star Beryl Courage	3	2997
Star Beryl Courage	4	2998
Star Beryl Courage	5	2999
Star Beryl Courage	6	2999
Rhodochrosite Might	1	2975
Rhodochrosite Might	2	2976
Rhodochrosite Might	3	2977
Rhodochrosite Might	4	2978
Rhodochrosite Might	5	2979
Rhodochrosite Might	6	2979
Crystal Blizzard	1	2975
Crystal Blizzard	2	2976
Crystal Blizzard	3	2977
Crystal Blizzard	4	2978
Crystal Blizzard	5	2979
Crystal Blizzard	6	2979
Snowblind	1	3055
Snowblind	2	3056
Snowblind	3	3057
Snowblind	4	3058
Snowblind	5	3059
Snowblind	6	3059
Frost Queen	1	3070
Frost Queen	2	3071
Frost Queen	3	3072
Frost Queen	4	3073
Frost Queen	5	3074
Frost Queen	6	3074
Stream Edge	1	3015
Stream Edge	2	3016
Stream Edge	3	3017
Stream Edge	4	3018
Stream Edge	5	3019
Stream Edge	6	3019
Falling Axe	1	2995
Falling Axe	2	2996
Falling Axe	3	2997
Falling Axe	4	2998
Falling Axe	5	2999
Falling Axe	6	2999
Axe Throw	1	2910
Axe Throw	2	2911
Axe Throw	3	2912
Axe Throw	4	2913
Axe Throw	5	2914
Axe Throw	6	2914
Round Break	1	2995
Round Break	2	2996
Round Break	3	2997
Round Break	4	2998
Round Break	5	2999
Round Break	6	2999
Boomerang Spear	1	2900
Boomerang Spear	2	2901
Boomerang Spear	3	2902
Boomerang Spear	4	2903
Boomerang Spear	5	2904
Boomerang Spear	6	2904
Splash Lance	1	3060
Splash Lance	2	3061
Splash Lance	3	3062
Splash Lance	4	3063
Splash Lance	5	3064
Splash Lance	6	3064
Sidewinder	1	2920
Sidewinder	2	2921
Sidewinder	3	2922
Sidewinder	4	2923
Sidewinder	5	2924
Sidewinder	6	2924
Aerial Trigger	1	2995
Aerial Trigger	2	2996
Aerial Trigger	3	2997
Aerial Trigger	4	2998
Aerial Trigger	5	2999
Aerial Trigger	6	2999
Swing Cannon	1	3035
Swing Cannon	2	3036
Swing Cannon	3	3037
Swing Cannon	4	3038
Swing Cannon	5	3039
Swing Cannon	6	3039
Shield Charge	1	2980
Shield Charge	2	2981
Shield Charge	3	2982
Shield Charge	4	2983
Shield Charge	5	2984
Shield Charge	6	2984
Smash Circle	1	3045
Smash Circle	2	3046
Smash Circle	3	3047
Smash Circle	4	3048
Smash Circle	5	3049
Smash Circle	6	3049
Hammer Beat	1	2995
Hammer Beat	2	2996
Hammer Beat	3	2997
Hammer Beat	4	2998
Hammer Beat	5	2999
Hammer Beat	6	2999
Excelsior Slash	1	3015
Excelsior Slash	2	3016
Excelsior Slash	3	3017
Excelsior Slash	4	3018
Excelsior Slash	5	3019
Excelsior Slash	6	3019
Triple Edge	1	3045
Triple Edge	2	3046
Triple Edge	3	3047
Triple Edge	4	3048
Triple Edge	5	3049
Triple Edge	6	3049
Multi-Raid	1	3030
Multi-Raid	2	3031
Multi-Raid	3	3032
Multi-Raid	4	3033
Multi-Raid	5	3034
Multi-Raid	6	3034
Grenade Throw	1	2995
Grenade Throw	2	2996
Grenade Throw	3	2997
Grenade Throw	4	2998
Grenade Throw	5	2999
Grenade Throw	6	2999
Grim Sphere	1	3070
Grim Sphere	2	3071
Grim Sphere	3	3072
Grim Sphere	4	3073
Grim Sphere	5	3074
Grim Sphere	6	3074
Shrapnel	1	2965
Shrapnel	2	2966
Shrapnel	3	2967
Shrapnel	4	2968
Shrapnel	5	2969
Shrapnel	6	2969
Flying Knuckle	1	3055
Flying Knuckle	2	3056
Flying Knuckle	3	3057
Flying Knuckle	4	3058
Flying Knuckle	5	3059
Flying Knuckle	6	3059
Assault Rush	1	2970
Assault Rush	2	2971
Assault Rush	3	2972
Assault Rush	4	2973
Assault Rush	5	2974
Assault Rush	6	2974
Executioner	1	3070
Executioner	2	3071
Executioner	3	3072
Executioner	4	3073
Executioner	5	3074
Executioner	6	3074
Axe Break	1	2975
Axe Break	2	2976
Axe Break	3	2977
Axe Break	4	2978
Axe Break	5	2979
Axe Break	6	2979
Ground Charge	1	2995
Ground Charge	2	2996
Ground Charge	3	2997
Ground Charge	4	2998
Ground Charge	5	2999
Ground Charge	6	2999
War Swing	1	3015
War Swing	2	3016
War Swing	3	3017
War Swing	4	3018
War Swing	5	3019
War Swing	6	3019
Speed Glaive	1	2985
Speed Glaive	2	2986
Speed Glaive	3	2987
Speed Glaive	4	2988
Speed Glaive	5	2989
Speed Glaive	6	2989
Beam Halberd	1	3015
Beam Halberd	2	3016
Beam Halberd	3	3017
Beam Halberd	4	3018
Beam Halberd	5	3019
Beam Halberd	6	3019
Hair Trigger	1	3060
Hair Trigger	2	3061
Hair Trigger	3	3062
Hair Trigger	4	3063
Hair Trigger	5	3064
Hair Trigger	6	3064
Beam Bomber	1	3035
Beam Bomber	2	3036
Beam Bomber	3	3037
Beam Bomber	4	3038
Beam Bomber	5	3039
Beam Bomber	6	3039
Zero Burst	1	3000
Zero Burst	2	3001
Zero Burst	3	3002
Zero Burst	4	3003
Zero Burst	5	3004
Zero Burst	6	3004
Spinning Laser	1	3015
Spinning Laser	2	3016
Spinning Laser	3	3017
Spinning Laser	4	3018
Spinning Laser	5	3019
Spinning Laser	6	3019
Wheel Crash	1	2980
Wheel Crash	2	2981
Wheel Crash	3	2982
Wheel Crash	4	2983
Wheel Crash	5	2984
Wheel Crash	6	2984
Ground Impulse	1	3000
Ground Impulse	2	3001
Ground Impulse	3	3002
Ground Impulse	4	3003
Ground Impulse	5	3004
Ground Impulse	6	3004
Turn Strike	1	3045
Turn Strike	2	3046
Turn Strike	3	3047
Turn Strike	4	3048
Turn Strike	5	3049
Turn Strike	6	3049
Drop Edge	1	2995
Drop Edge	2	2996
Drop Edge	3	2997
Drop Edge	4	2998
Drop Edge	5	2999
Drop Edge	6	2999
Counter Spin	1	3045
Counter Spin	2	3046
Counter Spin	3	3047
Counter Spin	4	3048
Counter Spin	5	3049
Counter Spin	6	3049
Magnum Edge	1	3030
Magnum Edge	2	3031
Magnum Edge	3	3032
Magnum Edge	4	3033
Magnum Edge	5	3034
Magnum Edge	6	3034
Metal Blast	1	2995
Metal Blast	2	2996
Metal Blast	3	2997
Metal Blast	4	2998
Metal Blast	5	2999
Metal Blast	6	2999
Wrecking Ball	1	3055
Wrecking Ball	2	3056
Wrecking Ball	3	3057
Wrecking Ball	4	3058
Wrecking Ball	5	3059
Wrecking Ball	6	3059
Violent Swing	1	3070
Violent Swing	2	3071
Violent Swing	3	3072
Violent Swing	4	3073
Violent Swing	5	3074
Violent Swing	6	3074
Bomber Tackle	1	2970
Bomber Tackle	2	2971
Bomber Tackle	3	2972
Bomber Tackle	4	2973
Bomber Tackle	5	2974
Bomber Tackle	6	2974
Head Shaker	1	3000
Head Shaker	2	3001
Head Shaker	3	3002
Head Shaker	4	3003
Head Shaker	5	3004
Head Shaker	6	3004
Knuckle Purge	1	3055
Knuckle Purge	2	3056
Knuckle Purge	3	3057
Knuckle Purge	4	3058
Knuckle Purge	5	3059
Knuckle Purge	6	3059
Axe Strike	1	2995
Axe Strike	2	2996
Axe Strike	3	2997
Axe Strike	4	2998
Axe Strike	5	2999
Axe Strike	6	2999
Megaslash	1	2975
Megaslash	2	2976
Megaslash	3	2977
Megaslash	4	2978
Megaslash	5	2979
Megaslash	6	2979
Flying Cutter	1	2895
Flying Cutter	2	2896
Flying Cutter	3	2897
Flying Cutter	4	2898
Flying Cutter	5	2899
Flying Cutter	6	2899
Multi-Edge	1	3065
Multi-Edge	2	3066
Multi-Edge	3	3067
Multi-Edge	4	3068
Multi-Edge	5	3069
Multi-Edge	6	3069
Trident Buster	1	2995
Trident Buster	2	2996
Trident Buster	3	2997
Trident Buster	4	2998
Trident Buster	5	2999
Trident Buster	6	2999
Spiral Spear	1	3035
Spiral Spear	2	3036
Spiral Spear	3	3037
Spiral Spear	4	3038
Spiral Spear	5	3039
Spiral Spear	6	3039
Flash Barrel	1	2995
Flash Barrel	2	2996
Flash Barrel	3	2997
Flash Barrel	4	2998
Flash Barrel	5	2999
Flash Barrel	6	2999
Blink Bullet	1	3035
Blink Bullet	2	3036
Blink Bullet	3	3037
Blink Bullet	4	3038
Blink Bullet	5	3039
Blink Bullet	6	3039
Beam Barrage	1	3015
Beam Barrage	2	3016
Beam Barrage	3	3017
Beam Barrage	4	3018
Beam Barrage	5	3019
Beam Barrage	6	3019
Aerial Shield	1	2980
Aerial Shield	2	2981
Aerial Shield	3	2982
Aerial Shield	4	2983
Aerial Shield	5	2984
Aerial Shield	6	2984
Drum Roll	1	3000
Drum Roll	2	3001
Drum Roll	3	3002
Drum Roll	4	3003
Drum Roll	5	3004
Drum Roll	6	3004
Hammer Rush	1	3025
Hammer Rush	2	3026
Hammer Rush	3	3027
Hammer Rush	4	3028
Hammer Rush	5	3029
Hammer Rush	6	3029
Sword Dance	1	3015
Sword Dance	2	3016
Sword Dance	3	3017
Sword Dance	4	3018
Sword Dance	5	3019
Sword Dance	6	3019
Rage Cutter	1	3045
Rage Cutter	2	3046
Rage Cutter	3	3047
Rage Cutter	4	3048
Rage Cutter	5	3049
Rage Cutter	6	3049
Air Slash	1	3030
Air Slash	2	3031
Air Slash	3	3032
Air Slash	4	3033
Air Slash	5	3034
Air Slash	6	3034
Flash Bomb	1	2970
Flash Bomb	2	2971
Flash Bomb	3	2972
Flash Bomb	4	2973
Flash Bomb	5	2974
Flash Bomb	6	2974
Power Effect	1	3070
Power Effect	2	3071
Power Effect	3	3072
Power Effect	4	3073
Power Effect	5	3074
Power Effect	6	3074
Rumble Sphere	1	3055
Rumble Sphere	2	3056
Rumble Sphere	3	3057
Rumble Sphere	4	3058
Rumble Sphere	5	3059
Rumble Sphere	6	3059
Thermal Payload	1	3055
Thermal Payload	2	3056
Thermal Payload	3	3057
Thermal Payload	4	3058
Thermal Payload	5	3059
Thermal Payload	6	3059
Leg Blast	1	2970
Leg Blast	2	2971
Leg Blast	3	2972
Leg Blast	4	2973
Leg Blast	5	2974
Leg Blast	6	2974
Flash Blow	1	3070
Flash Blow	2	3071
Flash Blow	3	3072
Flash Blow	4	3073
Flash Blow	5	3074
Flash Blow	6	3074
Ripple Drive	1	3070
Ripple Drive	2	3071
Ripple Drive	3	3072
Ripple Drive	4	3073
Ripple Drive	5	3074
Ripple Drive	6	3074
Dual Fang	1	3070
Dual Fang	2	3071
Dual Fang	3	3072
Dual Fang	4	3073
Dual Fang	5	3074
Dual Fang	6	3074
Screw Edge	1	3055
Screw Edge	2	3056
Screw Edge	3	3057
Screw Edge	4	3058
Screw Edge	5	3059
Screw Edge	6	3059
ECHIDNA	1	2975
ECHIDNA	2	2976
ECHIDNA	3	2977
ECHIDNA	4	2978
ECHIDNA	5	2979
ECHIDNA	6	2979
MAGDALENE 16	1	3005
MAGDALENE 16	2	3006
MAGDALENE 16	3	3007
MAGDALENE 16	4	3008
MAGDALENE 16	5	3009
MAGDALENE 16	6	3009
T-SKYLLA	1	3015
T-SKYLLA	2	3016
T-SKYLLA	3	3017
T-SKYLLA	4	3018
T-SKYLLA	5	3019
T-SKYLLA	6	3019
Buster Cyclone	1	3045
Buster Cyclone	2	3046
Buster Cyclone	3	3047
Buster Cyclone	4	3048
Buster Cyclone	5	3049
Buster Cyclone	6	3049
Buster Cannon	1	3015
Buster Cannon	2	3016
Buster Cannon	3	3017
Buster Cannon	4	3018
Buster Cannon	5	3019
Buster Cannon	6	3019
Buster Mirage	1	3030
Buster Mirage	2	3031
Buster Mirage	3	3032
Buster Mirage	4	3033
Buster Mirage	5	3034
Buster Mirage	6	3034
Monado Purge	1	3708
Monado Purge	2	3709
Monado Purge	3	3710
Monado Purge	4	3711
Monado Purge	5	3712
Monado Purge	6	3712
Monado Cyclone	1	2975
Monado Cyclone	2	2976
Monado Cyclone	3	2977
Monado Cyclone	4	2978
Monado Cyclone	5	2979
Monado Cyclone	6	2979
Monado Buster	1	3015
Monado Buster	2	3016
Monado Buster	3	3017
Monado Buster	4	3018
Monado Buster	5	3019
Monado Buster	6	3019
Hidden Thorn	1	3055
Hidden Thorn	2	3056
Hidden Thorn	3	3057
Hidden Thorn	4	3058
Hidden Thorn	5	3059
Hidden Thorn	6	3059
Power Smash	1	2970
Power Smash	2	2971
Power Smash	3	2972
Power Smash	4	2973
Power Smash	5	2974
Power Smash	6	2974
Lacerate	1	3070
Lacerate	2	3071
Lacerate	3	3072
Lacerate	4	3073
Lacerate	5	3074
Lacerate	6	3074
Fuga Daemonum	1	3085
Fuga Daemonum	2	3086
Fuga Daemonum	3	3087
Fuga Daemonum	4	3088
Fuga Daemonum	5	3089
Fuga Daemonum	6	3089
Lacerna Noctis	1	3713
Lacerna Noctis	2	3714
Lacerna Noctis	3	3715
Lacerna Noctis	4	3716
Lacerna Noctis	5	3717
Lacerna Noctis	6	3717
Ex Tenebris Lux	1	3718
Ex Tenebris Lux	2	3719
Ex Tenebris Lux	3	3720
Ex Tenebris Lux	4	3721
Ex Tenebris Lux	5	3722
Ex Tenebris Lux	6	3722
Go! Great Star!	1	3055
Go! Great Star!	2	3056
Go! Great Star!	3	3057
Go! Great Star!	4	3058
Go! Great Star!	5	3059
Go! Great Star!	6	3059
Go! Shooting Star!	1	3070
Go! Shooting Star!	2	3071
Go! Shooting Star!	3	3072
Go! Shooting Star!	4	3073
Go! Shooting Star!	5	3074
Go! Shooting Star!	6	3074
Go! Lucky Star!	1	3015
Go! Lucky Star!	2	3016
Go! Lucky Star!	3	3017
Go! Lucky Star!	4	3018
Go! Lucky Star!	5	3019
Go! Lucky Star!	6	3019
Sliding Slinger	1	3005
Sliding Slinger	2	3006
Sliding Slinger	3	3007
Sliding Slinger	4	3008
Sliding Slinger	5	3009
Sliding Slinger	6	3009
Hundred Shells	1	2990
Hundred Shells	2	2991
Hundred Shells	3	2992
Hundred Shells	4	2993
Hundred Shells	5	2994
Hundred Shells	6	2994
Violent Streak	1	3015
Violent Streak	2	3016
Violent Streak	3	3017
Violent Streak	4	3018
Violent Streak	5	3019
Violent Streak	6	3019
\.


--
-- Data for Name: special_hit_frames; Type: TABLE DATA; Schema: xeno2; Owner: poppi
--

COPY xeno2.special_hit_frames (special, hit, hit_frame) FROM stdin;
Flame Nova	1	47
Prominence Revolt	1	33
Blazing End	1	4
Blazing End	2	17
Blazing End	3	29
Blazing End	4	67
Blazing End	5	74
Blazing End	6	81
Blazing End	7	88
Blazing End	8	95
Blazing End	9	102
Ray of Punishment	1	25
Photon Edge	1	1
Photon Edge	2	4
Photon Edge	3	7
Photon Edge	4	9
Photon Edge	5	13
Photon Edge	6	15
Photon Edge	7	18
Photon Edge	8	22
Photon Edge	9	25
Photon Edge	10	27
Photon Edge	11	29
Photon Edge	12	31
Photon Edge	13	34
Lightning Buster	1	6
Lightning Buster	2	19
Lightning Buster	3	30
Lightning Buster	4	41
Starburst	1	55
Starburst	2	62
Starburst	3	69
Starburst	4	76
Starburst	5	83
Starburst	6	90
Radiant Flare	1	8
Radiant Flare	2	18
Radiant Flare	3	28
Radiant Flare	4	38
Radiant Flare	5	48
Genesis Saber	1	60
Genesis Saber	2	64
Genesis Saber	3	68
Genesis Saber	4	72
Genesis Saber	5	76
Genesis Saber	6	80
Last Hope	1	6
Last Hope	2	15
Last Hope	3	24
Merciful Heart	1	3
Redeeming Strike	1	33
Redeeming Strike	2	90
Raging Tiger	1	8
Raging Tiger	2	22
Raging Tiger	3	26
Aqua Wave	1	40
Wild Roar	1	40
Poppi Spinning Slash	1	10
Poppi Spinning Slash	2	18
Poppi Spinning Slash	3	25
Poppi Spinning Slash	4	29
Noponic Storm	1	70
Noponic Storm	2	80
Noponic Storm	3	90
Noponic Storm	4	100
Noponic Storm	5	110
Noponic Storm	6	120
Poppi Drill	1	48
Poppi Missile	1	38
Poppi Missile	2	38
Poppi Crushing Blow	1	1
Poppi Crushing Blow	2	18
Poppi Crushing Blow	3	28
Poppi Crushing Blow	4	43
Poppi Crushing Blow	5	44
Noponic Destruction	1	53
Poppi Ignition	1	5
Poppi Ignition	2	20
Poppi Ignition	3	28
Poppi Ignition	4	40
Poppi Ignition	5	43
Noponic Axion	1	20
Noponic Axion	2	30
Noponic Axion	3	40
Noponic Axion	4	50
Noponic Axion	5	60
Poppi Unlimited	1	35
Poppi Unlimited	2	46
Poppi Unlimited	3	93
Poppi Unlimited	4	106
Heat Haze	1	35
Heat Haze	2	43
Heat Haze	3	51
Heat Haze	4	60
Will-o'-the-Wisp	1	3
Will-o'-the-Wisp	2	3
Will-o'-the-Wisp	3	3
Will-o'-the-Wisp	4	3
Will-o'-the-Wisp	5	3
Will-o'-the-Wisp	6	3
Will-o'-the-Wisp	7	3
Will-o'-the-Wisp	8	3
Will-o'-the-Wisp	9	22
Will-o'-the-Wisp	10	22
Will-o'-the-Wisp	11	22
Will-o'-the-Wisp	12	22
Will-o'-the-Wisp	13	22
Will-o'-the-Wisp	14	22
Will-o'-the-Wisp	15	22
Will-o'-the-Wisp	16	23
Swirling Dragon	1	19
Swirling Dragon	2	26
Swirling Dragon	3	34
Swirling Dragon	4	42
Swirling Dragon	5	48
Swirling Dragon	6	55
Swirling Dragon	7	63
Swirling Dragon	8	71
Swirling Dragon	9	78
Swirling Dragon	10	85
Swirling Dragon	11	90
Lightning Force	1	42
Electric Circus	1	80
Electric Circus	2	105
Thunder Doom	1	145
Death Wing	1	12
Death Wing	2	32
Death Wing	3	36
Death Wing	4	40
Crushing Twister	1	4
Crushing Twister	2	14
Crushing Twister	3	26
Crushing Twister	4	33
Crushing Twister	5	44
Crushing Twister	6	47
Crushing Twister	7	50
Crushing Twister	8	52
Feather Typhoon	1	42
Feather Typhoon	2	52
Feather Typhoon	3	62
Feather Typhoon	4	72
Storm Edge	1	6
Engrave	1	12
Engrave	2	18
Engrave	3	24
Engrave	4	30
Engrave	5	37
Engrave	6	43
Engrave	7	47
Engrave	8	53
Engrave	9	58
Engrave	10	65
Death Match	1	7
Death Match	2	27
Death Match	3	47
White Wave	1	7
Sacred Wyrm	1	1
Sacred Wyrm	2	12
Sacred Wyrm	3	13
Sacred Wyrm	4	32
Dark Judgment	1	8
Dark Judgment	2	15
Dark Judgment	3	22
Dark Judgment	4	29
Dark Judgment	5	37
Swallow's Flight	1	3
Swallow's Flight	2	20
Swallow's Flight	3	44
Great Garland	1	100
Dragonfly Slash	1	5
Dragonfly Slash	2	8
Dragonfly Slash	3	11
Crow Beat	1	2
Crow Feather	1	6
Final Crow	1	80
Shred	1	6
Shred	2	12
Shred	3	22
Shred	4	32
Shred	5	42
Shred	6	52
Shred	7	65
Shred	8	79
Skewer	1	16
Skewer	2	16
Skewer	3	18
Skewer	4	18
Skewer	5	20
Skewer	6	20
Cruel World	1	10
Cruel World	2	20
Cruel World	3	30
Cruel World	4	40
Cruel World	5	50
Cruel World	6	60
Diamond Crash	1	6
Diamond Flight	1	6
Diamond Flight	2	18
Diamond Flight	3	30
Diamond Flight	4	42
Diamond Flight	5	54
Diamond Hands	1	5
Diamond Hands	2	14
Diamond Hands	3	26
Diamond Hands	4	49
Dead Ball	1	9
Berserk March	1	13
Berserk March	2	23
Berserk March	3	35
Berserk March	4	53
Earth Breath	1	11
Water Moon	1	5
Breaking Wave	1	43
Breaking Wave	2	72
Breaking Wave	3	78
Midnight Mist	1	9
Midnight Mist	2	14
Midnight Mist	3	19
Midnight Mist	4	24
Midnight Mist	5	29
Midnight Mist	6	34
Midnight Mist	7	39
Midnight Mist	8	43
Midnight Mist	9	48
Midnight Mist	10	53
Midnight Mist	11	58
Midnight Mist	12	63
Midnight Mist	13	68
Tough Break	1	61
Cold Judgment	1	43
Justice Blizzard	1	1
Justice Blizzard	2	10
Justice Blizzard	3	27
Justice Blizzard	4	39
Justice Blizzard	5	50
Justice Blizzard	6	97
Justice Blizzard	7	110
Brutal Lance	1	19
Brutal Lance	2	33
Brutal Lance	3	49
Brutal Lance	4	75
Termination Blast	1	59
Termination Blast	2	69
Termination Blast	3	79
Termination Blast	4	89
Termination Blast	5	99
Termination Blast	6	109
Hellbound	1	51
Hellbound	2	64
Hellbound	3	79
Hellbound	4	92
Hellbound	5	103
Hellbound	6	110
Hellbound	7	117
Hellbound	8	126
Hellbound	9	131
Hellbound	10	134
Hellbound	11	137
Hellbound	12	148
Hellbound	13	154
Hellbound	14	181
Dark Serpent	1	96
Dark Serpent	2	101
Dark Serpent	3	105
Dark Serpent	4	111
Blade Vortex	1	105
Grim Moon	1	45
Grim Moon	2	65
Innocent Teardrop	1	38
Bittersweet Dreams	1	15
Bittersweet Dreams	2	41
Bittersweet Dreams	3	65
Leave Me Alone	1	24
Leave Me Alone	2	32
Leave Me Alone	3	38
Leave Me Alone	4	45
Leave Me Alone	5	51
Leave Me Alone	6	59
Leave Me Alone	7	65
Leave Me Alone	8	81
Flame Crown (Weak)	1	76
Tyrant Crush (Weak)	1	34
Tyrant Crush (Weak)	2	48
Tyrant Crush (Weak)	3	78
Kaiser Flare (Weak)	1	30
Kaiser Flare (Weak)	2	48
Flame Crown	1	76
Tyrant Crush	1	34
Tyrant Crush	2	48
Tyrant Crush	3	78
Kaiser Flare	1	30
Kaiser Flare	2	48
Open Wide!	1	30
Snack On This!	1	9
Snack On This!	2	12
Snack On This!	3	18
Snack On This!	4	24
Snack On This!	5	32
Gobble 'em Up!	1	45
Gobble 'em Up!	2	49
Gobble 'em Up!	3	53
Gobble 'em Up!	4	56
Gobble 'em Up!	5	60
Gobble 'em Up!	6	65
Lavender Drive	1	21
Lavender Drive	2	36
Lavender Drive	3	50
Lilium Dance	1	19
Lilium Dance	2	48
Lilium Dance	3	80
Physalis Judgment	1	79
Sentimental Burst	1	124
Hidden Emotion	1	60
Secret Desire	1	98
Secret Desire	2	117
Secret Desire	3	129
Secret Desire	4	142
Secret Desire	5	154
Secret Desire	6	164
Secret Desire	7	189
Foam Blast	1	3
Geyser Spring	1	4
Fierce Deluge	1	8
Fierce Deluge	2	17
Fierce Deluge	3	24
Fierce Deluge	4	30
Fierce Deluge	5	34
Fierce Deluge	6	40
Fierce Deluge	7	43
Fierce Deluge	8	48
Fierce Deluge	9	54
Ice Slash	1	3
Ice Slash	2	29
Frost Banish	1	28
Frost Banish	2	37
Frost Banish	3	44
Frost Banish	4	52
Rebel Sister	1	61
Rebel Sister	2	91
Cold Sever	1	5
Cold Sever	2	10
Cold Sever	3	15
Cold Sever	4	20
Cold Sever	5	25
Cold Sever	6	30
Cold Sever	7	35
Cold Sever	8	40
Cold Sever	9	44
Cold Sever	10	49
Cold Sever	11	54
Cold Sever	12	59
Cold Sever	13	64
Cold Sever	14	69
Cold Sever	15	74
Cold Sever	16	80
Punishment Strike	1	65
Extinction Icicle	1	92
Electric Pompom	1	67
Vivid Love	1	50
Angelic Drop	1	49
Nightmare Rondeau	1	1
Nightmare Rondeau	2	20
Nightmare Rondeau	3	32
Nightmare Rondeau	4	44
Nightmare Rondeau	5	60
Shadow Rhapsody	1	7
Shadow Rhapsody	2	11
Shadow Rhapsody	3	15
Shadow Rhapsody	4	19
Shadow Rhapsody	5	23
Shadow Rhapsody	6	27
Shadow Rhapsody	7	31
Shadow Rhapsody	8	35
Shadow Rhapsody	9	39
Shadow Rhapsody	10	43
Decadent Finale	1	15
Decadent Finale	2	30
Decadent Finale	3	40
Beary Strong	1	35
Beary Strong	2	55
Beary Helpful	1	30
Beary-Go-Round	1	36
Beary-Go-Round	2	43
Beary-Go-Round	3	45
Beary-Go-Round	4	50
Beary-Go-Round	5	55
Beary-Go-Round	6	59
Beary-Go-Round	7	63
Beary-Go-Round	8	68
Flaming Slashwave	1	26
Immolating Cleave	1	84
Extreme Gutsy Spirit	1	47
Extreme Gutsy Spirit	2	50
Extreme Gutsy Spirit	3	53
Extreme Gutsy Spirit	4	56
Extreme Gutsy Spirit	5	59
Extreme Gutsy Spirit	6	62
Extreme Gutsy Spirit	7	65
Extreme Gutsy Spirit	8	68
Extreme Gutsy Spirit	9	71
Extreme Gutsy Spirit	10	75
Extreme Gutsy Spirit	11	105
Extreme Gutsy Spirit	12	153
Fierce Healer	1	89
Wild Grappler	1	46
Wild Grappler	2	52
Wild Grappler	3	57
Wild Grappler	4	69
Organic Automata	1	68
Organic Automata	2	107
Organic Automata	3	111
Organic Automata	4	114
Organic Automata	5	120
Dessert Bomb	1	44
Tea Leaves	1	19
Golden Font	1	23
Healing Bolt	1	84
Healing Bolt	2	124
Ball Lightning	1	35
Thunderstrike	1	79
Thunderstrike	2	106
Harness the Wind	1	20
Slipstream	1	24
Slipstream	2	48
Slipstream	3	72
Mortal Storm	1	1
Mortal Storm	2	16
Mortal Storm	3	45
Mortal Storm	4	57
Mortal Storm	5	68
Bang-Bang Bound	1	42
Bang-Bang Bound	2	66
Bang-Bang Bound	3	129
Shocking Assault	1	120
Rolling Thunder	1	155
Rolling Thunder	2	165
Rolling Thunder	3	175
Diabolic Zephyr	1	2
Diabolic Zephyr	2	42
Adamantine Axe	1	40
Ascension Blade	2	6
Ascension Blade	3	13
Ascension Blade	4	24
Ascension Blade	5	30
Ascension Blade	6	41
Ascension Blade	7	46
Ascension Blade	8	56
Ascension Blade	9	63
Ascension Blade	10	80
Blast of Fresh Air	1	27
Whoopsie Crazy	1	47
Whoopsie Crazy	2	69
Whoopsie Crazy	3	88
Wake-Up Whirl	1	43
R-Blade	1	20
R-Blade	2	29
R-Blade	3	43
R-Blade	4	94
H-Effect R	1	39
H-Effect R	2	49
H-Effect R	3	59
H-Effect R	4	69
F-G-Shot	1	23
F-G-Shot	2	28
F-G-Shot	3	34
F-G-Shot	4	39
F-G-Shot	5	45
F-G-Shot	6	50
F-G-Shot	7	56
F-G-Shot	8	61
F-G-Shot	9	67
F-G-Shot	10	72
F-G-Shot	11	78
F-G-Shot	12	83
F-G-Shot	13	89
F-G-Shot	14	94
F-G-Shot	15	100
F-G-Shot	16	105
Empyrean Salvo	1	22
Empyrean Salvo	2	27
Empyrean Salvo	3	33
Empyrean Salvo	4	38
Empyrean Salvo	5	43
Empyrean Salvo	6	48
Empyrean Salvo	7	55
Empyrean Salvo	8	60
Empyrean Salvo	9	65
Empyrean Salvo	10	70
Empyrean Salvo	11	76
Empyrean Salvo	12	81
Empyrean Salvo	13	87
Empyrean Salvo	14	92
Empyrean Salvo	15	98
Empyrean Salvo	16	105
The Heavens Open	1	97
Final Retribution	1	6
Final Retribution	2	33
Final Retribution	3	95
Blood Altar	1	30
Blood Altar	2	38
Blood Altar	3	63
Tainted Palace	1	1
Tainted Palace	2	5
Tainted Palace	3	71
Tainted Palace	4	72
Accursed Prison	1	1
Accursed Prison	2	8
Accursed Prison	3	52
Accursed Prison	4	53
Accursed Prison	5	104
Heliodor Passion	1	34
Heliodor Passion	2	60
Heliodor Passion	3	96
Star Beryl Courage	1	15
Star Beryl Courage	2	28
Star Beryl Courage	3	41
Rhodochrosite Might	1	45
Rhodochrosite Might	2	60
Rhodochrosite Might	3	85
Crystal Blizzard	1	10
Snowblind	1	13
Frost Queen	1	100
Stream Edge	1	7
Stream Edge	2	41
Stream Edge	3	79
Falling Axe	1	13
Axe Throw	1	20
Axe Throw	2	28
Axe Throw	3	36
Axe Throw	4	44
Axe Throw	5	52
Axe Throw	6	60
Axe Throw	7	68
Axe Throw	8	76
Round Break	1	31
Boomerang Spear	1	20
Boomerang Spear	2	28
Boomerang Spear	3	36
Boomerang Spear	4	44
Boomerang Spear	5	52
Boomerang Spear	6	60
Boomerang Spear	7	68
Boomerang Spear	8	76
Boomerang Spear	9	84
Boomerang Spear	10	92
Boomerang Spear	11	100
Splash Lance	1	5
Splash Lance	2	5
Splash Lance	3	5
Splash Lance	4	5
Splash Lance	5	5
Splash Lance	6	5
Sidewinder	1	26
Aerial Trigger	1	32
Swing Cannon	1	36
Swing Cannon	2	44
Swing Cannon	3	52
Swing Cannon	4	60
Swing Cannon	5	68
Swing Cannon	6	76
Swing Cannon	7	84
Shield Charge	1	31
Smash Circle	1	46
Smash Circle	2	54
Smash Circle	3	62
Smash Circle	4	70
Hammer Beat	1	57
Excelsior Slash	1	20
Excelsior Slash	2	92
Triple Edge	1	4
Triple Edge	2	19
Triple Edge	3	32
Multi-Raid	1	15
Multi-Raid	2	90
Grenade Throw	1	8
Grim Sphere	1	7
Shrapnel	1	40
Flying Knuckle	1	4
Assault Rush	1	14
Assault Rush	2	19
Assault Rush	3	25
Assault Rush	4	31
Assault Rush	5	36
Assault Rush	6	43
Assault Rush	7	48
Assault Rush	8	57
Executioner	1	94
Axe Break	1	35
Ground Charge	1	28
War Swing	1	12
War Swing	2	16
War Swing	3	20
War Swing	4	24
War Swing	5	28
War Swing	6	32
War Swing	7	36
Speed Glaive	1	3
Speed Glaive	2	8
Speed Glaive	3	13
Speed Glaive	4	18
Speed Glaive	5	23
Speed Glaive	6	30
Beam Halberd	1	9
Beam Halberd	2	27
Hair Trigger	1	61
Beam Bomber	1	10
Beam Bomber	2	18
Beam Bomber	3	26
Beam Bomber	4	34
Beam Bomber	5	42
Zero Burst	1	23
Spinning Laser	1	30
Spinning Laser	2	36
Spinning Laser	3	42
Spinning Laser	4	48
Wheel Crash	1	18
Wheel Crash	2	20
Wheel Crash	3	22
Wheel Crash	4	24
Ground Impulse	1	30
Turn Strike	1	10
Turn Strike	2	15
Turn Strike	3	20
Turn Strike	4	25
Turn Strike	5	30
Drop Edge	1	36
Counter Spin	1	6
Counter Spin	2	12
Counter Spin	3	14
Counter Spin	4	18
Counter Spin	5	24
Magnum Edge	1	6
Metal Blast	1	10
Wrecking Ball	1	7
Violent Swing	1	10
Violent Swing	2	18
Violent Swing	3	26
Violent Swing	4	34
Violent Swing	5	42
Violent Swing	6	50
Violent Swing	7	58
Violent Swing	8	66
Bomber Tackle	1	16
Head Shaker	1	29
Knuckle Purge	1	34
Axe Strike	1	34
Megaslash	1	10
Megaslash	2	43
Megaslash	3	71
Megaslash	4	81
Flying Cutter	1	13
Flying Cutter	2	21
Flying Cutter	3	29
Flying Cutter	4	37
Flying Cutter	5	44
Flying Cutter	6	51
Flying Cutter	7	59
Multi-Edge	1	4
Multi-Edge	2	4
Multi-Edge	3	4
Multi-Edge	4	4
Multi-Edge	5	4
Multi-Edge	6	4
Trident Buster	1	32
Spiral Spear	1	9
Spiral Spear	2	13
Spiral Spear	3	21
Spiral Spear	4	28
Spiral Spear	5	38
Spiral Spear	6	46
Spiral Spear	7	56
Spiral Spear	8	66
Flash Barrel	1	50
Blink Bullet	1	36
Beam Barrage	1	86
Beam Barrage	2	91
Beam Barrage	3	95
Beam Barrage	4	100
Beam Barrage	5	105
Beam Barrage	6	110
Beam Barrage	7	115
Beam Barrage	8	120
Beam Barrage	9	125
Aerial Shield	1	35
Aerial Shield	2	41
Aerial Shield	3	47
Aerial Shield	4	53
Aerial Shield	5	60
Aerial Shield	6	67
Aerial Shield	7	71
Drum Roll	1	31
Hammer Rush	1	12
Hammer Rush	2	23
Hammer Rush	3	33
Hammer Rush	4	52
Sword Dance	1	8
Sword Dance	2	17
Rage Cutter	1	5
Rage Cutter	2	11
Rage Cutter	3	20
Air Slash	1	22
Flash Bomb	1	48
Power Effect	1	57
Rumble Sphere	1	37
Thermal Payload	1	12
Thermal Payload	2	22
Leg Blast	1	8
Leg Blast	2	37
Flash Blow	1	16
Flash Blow	2	38
Flash Blow	3	47
Flash Blow	4	52
Flash Blow	5	59
Flash Blow	6	70
Flash Blow	7	81
Flash Blow	8	96
Ripple Drive	1	47
Ripple Drive	2	58
Ripple Drive	3	69
Ripple Drive	4	80
Dual Fang	1	12
Dual Fang	2	22
Dual Fang	3	32
Screw Edge	1	25
Screw Edge	2	48
Screw Edge	3	77
ECHIDNA	1	4
ECHIDNA	2	55
MAGDALENE 16	1	12
MAGDALENE 16	2	49
MAGDALENE 16	3	56
MAGDALENE 16	4	63
MAGDALENE 16	5	70
MAGDALENE 16	6	77
MAGDALENE 16	7	84
T-SKYLLA	1	4
T-SKYLLA	2	16
T-SKYLLA	3	57
T-SKYLLA	4	91
Buster Cyclone	1	26
Buster Cyclone	2	61
Buster Cyclone	3	73
Buster Cyclone	4	86
Buster Cyclone	5	99
Buster Cyclone	6	112
Buster Cyclone	7	125
Buster Cannon	1	3
Buster Mirage	1	6
Buster Mirage	2	12
Buster Mirage	3	18
Buster Mirage	4	35
Buster Mirage	5	39
Buster Mirage	6	81
Buster Mirage	7	88
Monado Purge	1	26
Monado Cyclone	1	14
Monado Cyclone	2	16
Monado Cyclone	3	18
Monado Cyclone	4	20
Monado Cyclone	5	22
Monado Buster	1	26
Hidden Thorn	1	9
Hidden Thorn	2	36
Power Smash	1	15
Power Smash	2	21
Power Smash	3	24
Power Smash	4	30
Power Smash	5	34
Power Smash	6	40
Lacerate	1	11
Lacerate	2	46
Fuga Daemonum	1	103
Lacerna Noctis	1	39
Lacerna Noctis	2	54
Lacerna Noctis	3	61
Lacerna Noctis	4	70
Lacerna Noctis	5	77
Ex Tenebris Lux	1	49
Ex Tenebris Lux	2	54
Ex Tenebris Lux	3	61
Ex Tenebris Lux	4	68
Ex Tenebris Lux	5	76
Ex Tenebris Lux	6	102
Ex Tenebris Lux	7	120
Ex Tenebris Lux	8	122
Ex Tenebris Lux	9	124
Ex Tenebris Lux	10	126
Ex Tenebris Lux	11	129
Ex Tenebris Lux	12	131
Ex Tenebris Lux	13	133
Go! Great Star!	1	36
Go! Great Star!	2	40
Go! Great Star!	3	44
Go! Great Star!	4	48
Go! Great Star!	5	52
Go! Great Star!	6	56
Go! Great Star!	7	60
Go! Shooting Star!	1	1
Go! Shooting Star!	2	32
Go! Shooting Star!	3	38
Go! Shooting Star!	4	42
Go! Shooting Star!	5	46
Go! Shooting Star!	6	52
Go! Shooting Star!	7	58
Go! Shooting Star!	8	68
Go! Shooting Star!	9	73
Go! Shooting Star!	10	74
Go! Lucky Star!	1	1
Go! Lucky Star!	2	26
Go! Lucky Star!	3	133
Go! Lucky Star!	4	137
Sliding Slinger	1	8
Sliding Slinger	2	11
Sliding Slinger	3	14
Sliding Slinger	4	17
Hundred Shells	1	6
Hundred Shells	2	14
Hundred Shells	3	22
Hundred Shells	4	32
Hundred Shells	5	38
Hundred Shells	6	45
Hundred Shells	7	50
Hundred Shells	8	61
Hundred Shells	9	73
Hundred Shells	10	79
Hundred Shells	11	82
Hundred Shells	12	89
Hundred Shells	13	98
Hundred Shells	14	116
Violent Streak	1	54
Violent Streak	2	60
Violent Streak	3	74
Violent Streak	4	78
Violent Streak	5	86
Violent Streak	6	88
Violent Streak	7	106
Violent Streak	8	110
Violent Streak	9	114
Violent Streak	10	118
Violent Streak	11	128
Violent Streak	12	132
Violent Streak	13	136
Violent Streak	14	140
Violent Streak	15	148
Violent Streak	16	156
\.


--
-- Data for Name: special_ratios; Type: TABLE DATA; Schema: xeno2; Owner: poppi
--

COPY xeno2.special_ratios (special, hit, ratio) FROM stdin;
Blazing End	1	2
Blazing End	2	2
Blazing End	3	2
Blazing End	4	1
Blazing End	5	1
Blazing End	6	1
Blazing End	7	1
Blazing End	8	1
Blazing End	9	1
Ray of Punishment	1	2
Ray of Punishment	2	2
Ray of Punishment	3	2
Ray of Punishment	4	1
Ray of Punishment	5	1
Ray of Punishment	6	1
Ray of Punishment	7	1
Ray of Punishment	8	1
Ray of Punishment	9	1
Photon Edge	1	255
Photon Edge	3	255
Photon Edge	5	255
Photon Edge	7	255
Photon Edge	9	255
Photon Edge	11	255
Photon Edge	13	255
Raging Tiger	1	1
Raging Tiger	2	1
Raging Tiger	3	2
Poppi Spinning Slash	1	1
Poppi Spinning Slash	2	1
Poppi Spinning Slash	3	1
Poppi Spinning Slash	4	2
Noponic Storm	1	2
Noponic Storm	2	1
Noponic Storm	3	1
Noponic Storm	4	1
Noponic Storm	5	1
Noponic Storm	6	1
Poppi Crushing Blow	1	255
Poppi Crushing Blow	4	255
Crushing Twister	1	2
Crushing Twister	2	2
Crushing Twister	3	2
Crushing Twister	4	2
Crushing Twister	5	1
Crushing Twister	6	1
Crushing Twister	7	1
Crushing Twister	8	1
Feather Typhoon	1	1
Feather Typhoon	2	1
Feather Typhoon	3	1
Feather Typhoon	4	2
Engrave	1	1
Engrave	2	1
Engrave	3	1
Engrave	4	1
Engrave	5	1
Engrave	6	1
Engrave	7	1
Engrave	8	1
Engrave	9	2
Sacred Wyrm	1	255
Sacred Wyrm	3	255
Berserk March	1	1
Berserk March	2	1
Berserk March	3	1
Berserk March	4	2
Justice Blizzard	1	255
Justice Blizzard	2	1
Justice Blizzard	3	1
Justice Blizzard	4	1
Justice Blizzard	5	1
Justice Blizzard	6	255
Justice Blizzard	7	2
Brutal Lance	1	1
Brutal Lance	2	1
Brutal Lance	3	1
Brutal Lance	4	2
Hellbound	1	1
Hellbound	2	1
Hellbound	3	1
Hellbound	4	1
Hellbound	5	1
Hellbound	6	1
Hellbound	7	1
Hellbound	8	1
Hellbound	9	1
Hellbound	10	1
Hellbound	11	1
Hellbound	12	1
Hellbound	13	1
Hellbound	14	2
Grim Moon	1	1
Grim Moon	2	2
Leave Me Alone	1	1
Leave Me Alone	2	1
Leave Me Alone	3	1
Leave Me Alone	4	1
Leave Me Alone	5	1
Leave Me Alone	6	1
Leave Me Alone	7	1
Leave Me Alone	8	2
Secret Desire	1	1
Secret Desire	2	1
Secret Desire	3	1
Secret Desire	4	1
Secret Desire	5	1
Secret Desire	6	1
Secret Desire	7	2
Fierce Deluge	1	2
Fierce Deluge	2	1
Fierce Deluge	3	1
Fierce Deluge	4	1
Fierce Deluge	5	1
Fierce Deluge	6	1
Fierce Deluge	7	1
Fierce Deluge	8	1
Fierce Deluge	9	2
Ice Slash	1	1
Ice Slash	2	2
Frost Banish	1	1
Frost Banish	2	1
Frost Banish	3	1
Frost Banish	4	2
Rebel Sister	1	1
Rebel Sister	2	2
Cold Sever	1	1
Cold Sever	2	1
Cold Sever	3	1
Cold Sever	4	1
Cold Sever	5	1
Cold Sever	6	1
Cold Sever	7	1
Cold Sever	8	1
Cold Sever	9	1
Cold Sever	10	1
Cold Sever	11	1
Cold Sever	12	1
Cold Sever	13	1
Cold Sever	14	1
Cold Sever	15	1
Cold Sever	16	2
Extreme Gutsy Spirit	1	1
Extreme Gutsy Spirit	2	1
Extreme Gutsy Spirit	3	1
Extreme Gutsy Spirit	4	1
Extreme Gutsy Spirit	5	1
Extreme Gutsy Spirit	6	1
Extreme Gutsy Spirit	7	1
Extreme Gutsy Spirit	8	1
Extreme Gutsy Spirit	9	1
Extreme Gutsy Spirit	10	1
Extreme Gutsy Spirit	11	2
Fierce Healer	1	1
Fierce Healer	2	2
Organic Automata	1	2
Organic Automata	2	1
Organic Automata	3	1
Organic Automata	4	1
Organic Automata	5	1
Bang-Bang Bound	1	1
Bang-Bang Bound	2	1
Bang-Bang Bound	3	2
Diabolic Zephyr	1	1
Diabolic Zephyr	2	2
Ascension Blade	1	255
Ascension Blade	3	255
Ascension Blade	5	255
Ascension Blade	7	255
Ascension Blade	9	255
Tainted Palace	1	255
Tainted Palace	3	255
Accursed Prison	1	255
Accursed Prison	3	255
Excelsior Slash	1	1
Excelsior Slash	2	2
Multi-Raid	1	1
Multi-Raid	2	2
Assault Rush	1	1
Assault Rush	2	1
Assault Rush	3	1
Assault Rush	4	1
Assault Rush	5	1
Assault Rush	6	1
Assault Rush	7	1
Assault Rush	8	2
War Swing	1	1
War Swing	2	1
War Swing	3	1
War Swing	4	1
War Swing	5	1
War Swing	6	1
War Swing	7	2
Speed Glaive	1	1
Speed Glaive	2	1
Speed Glaive	3	1
Speed Glaive	4	1
Speed Glaive	5	1
Speed Glaive	6	2
Beam Bomber	1	1
Beam Bomber	2	1
Beam Bomber	3	1
Beam Bomber	4	1
Beam Bomber	5	5
Counter Spin	1	1
Counter Spin	2	1
Counter Spin	3	2
Counter Spin	4	1
Counter Spin	5	1
Megaslash	1	1
Megaslash	2	1
Megaslash	3	2
Megaslash	4	2
Beam Barrage	1	2
Beam Barrage	2	1
Beam Barrage	3	1
Beam Barrage	4	1
Beam Barrage	5	1
Beam Barrage	6	1
Beam Barrage	7	1
Beam Barrage	8	1
Beam Barrage	9	1
Hammer Rush	1	1
Hammer Rush	2	1
Hammer Rush	3	1
Hammer Rush	4	2
Sword Dance	1	1
Sword Dance	2	2
Leg Blast	1	1
Leg Blast	2	2
Flash Blow	1	2
Flash Blow	2	1
Flash Blow	3	1
Flash Blow	4	1
Flash Blow	5	1
Flash Blow	6	1
Flash Blow	7	1
Flash Blow	8	3
Lacerna Noctis	1	1
Lacerna Noctis	2	2
Lacerna Noctis	3	2
Lacerna Noctis	4	2
Lacerna Noctis	5	2
Ex Tenebris Lux	1	1
Ex Tenebris Lux	2	1
Ex Tenebris Lux	3	1
Ex Tenebris Lux	4	1
Ex Tenebris Lux	5	1
Ex Tenebris Lux	6	2
Ex Tenebris Lux	7	3
Ex Tenebris Lux	8	3
Ex Tenebris Lux	9	3
Ex Tenebris Lux	10	3
Ex Tenebris Lux	11	3
Ex Tenebris Lux	12	3
Ex Tenebris Lux	13	3
Go! Great Star!	1	1
Go! Great Star!	2	1
Go! Great Star!	3	1
Go! Great Star!	4	1
Go! Great Star!	5	1
Go! Great Star!	6	1
Go! Great Star!	7	6
Go! Shooting Star!	1	255
Go! Shooting Star!	2	1
Go! Shooting Star!	3	1
Go! Shooting Star!	4	1
Go! Shooting Star!	5	1
Go! Shooting Star!	6	1
Go! Shooting Star!	7	1
Go! Shooting Star!	8	1
Go! Shooting Star!	9	255
Go! Shooting Star!	10	6
Go! Lucky Star!	1	255
Go! Lucky Star!	2	1
Go! Lucky Star!	3	255
Go! Lucky Star!	4	2
Hundred Shells	1	1
Hundred Shells	2	1
Hundred Shells	3	1
Hundred Shells	4	1
Hundred Shells	5	1
Hundred Shells	6	1
Hundred Shells	7	1
Hundred Shells	8	1
Hundred Shells	9	1
Hundred Shells	10	1
Hundred Shells	11	1
Hundred Shells	12	1
Hundred Shells	13	1
Hundred Shells	14	5
\.


--
-- Data for Name: special_reactions; Type: TABLE DATA; Schema: xeno2; Owner: poppi
--

COPY xeno2.special_reactions (special, hit, reaction) FROM stdin;
Ray of Punishment	1	Knockback Lv 1
Merciful Heart	1	Knockback Lv 1
Noponic Storm	1	Knockback Lv 1
Noponic Storm	2	Knockback Lv 1
Noponic Storm	3	Knockback Lv 1
Noponic Storm	4	Knockback Lv 1
Noponic Storm	5	Knockback Lv 1
Noponic Storm	6	Knockback Lv 1
Feather Typhoon	4	Blowdown Lv 1
Berserk March	1	Knockback Lv 2
Berserk March	2	Knockback Lv 2
Berserk March	3	Knockback Lv 2
Berserk March	4	Blowdown Lv 2
Breaking Wave	1	Knockback Lv 1
Tough Break	1	Knockback Lv 1
Justice Blizzard	7	Blowdown Lv 3
Innocent Teardrop	1	Knockback Lv 3
Tyrant Crush (Weak)	1	Blowdown Lv 1
Tyrant Crush (Weak)	2	Blowdown Lv 2
Tyrant Crush	1	Blowdown Lv 1
Tyrant Crush	2	Blowdown Lv 2
Open Wide!	1	Knockback Lv 4
Geyser Spring	1	Knockback Lv 1
Beary-Go-Round	1	Blowdown Lv 1
Beary-Go-Round	2	Blowdown Lv 1
Beary-Go-Round	3	Blowdown Lv 1
Beary-Go-Round	4	Blowdown Lv 1
Beary-Go-Round	5	Blowdown Lv 1
Beary-Go-Round	6	Blowdown Lv 1
Beary-Go-Round	7	Blowdown Lv 1
Beary-Go-Round	8	Blowdown Lv 1
Extreme Gutsy Spirit	11	Blowdown Lv 3
Dessert Bomb	1	Knockback Lv 5
Tea Leaves	1	Blowdown Lv 5
Golden Font	1	Blowdown Lv 1
Mortal Storm	1	Knockback Lv 1
Mortal Storm	2	Blowdown Lv 1
Mortal Storm	3	Blowdown Lv 1
Mortal Storm	4	Blowdown Lv 1
Mortal Storm	5	Blowdown Lv 3
Blast of Fresh Air	1	Knockback Lv 1
Wake-Up Whirl	1	Blowdown Lv 2
The Heavens Open	1	Blowdown Lv 3
Final Retribution	1	Blowdown Lv 1
Final Retribution	2	Blowdown Lv 3
Final Retribution	3	Blowdown Lv 5
Shield Charge	1	Knockback Lv 3
Multi-Raid	1	Knockback Lv 2
Flying Knuckle	1	Knockback Lv 1
Executioner	1	Blowdown Lv 1
War Swing	7	Knockback Lv 2
Zero Burst	1	Blowdown Lv 1
Bomber Tackle	1	Blowdown Lv 1
Flash Blow	1	Blowdown Lv 1
ECHIDNA	2	Knockback Lv 1
T-SKYLLA	3	Blowdown Lv 1
T-SKYLLA	4	Blowdown Lv 3
Buster Cyclone	1	Blowdown Lv 2
Buster Cannon	1	Blowdown Lv 5
Buster Mirage	2	Knockback Lv 1
Buster Mirage	5	Knockback Lv 1
Buster Mirage	6	Knockback Lv 2
Monado Buster	1	Blowdown Lv 2
Fuga Daemonum	1	Knockback Lv 2
Lacerna Noctis	2	Knockback Lv 1
Lacerna Noctis	3	Knockback Lv 1
Lacerna Noctis	4	Knockback Lv 1
Lacerna Noctis	5	Knockback Lv 1
Ex Tenebris Lux	6	Blowdown Lv 2
Go! Great Star!	7	Blowdown Lv 1
Go! Shooting Star!	10	Blowdown Lv 3
Go! Lucky Star!	2	Knockback Lv 1
Go! Lucky Star!	4	Blowdown Lv 5
\.


--
-- Data for Name: specials; Type: TABLE DATA; Schema: xeno2; Owner: poppi
--

COPY xeno2.specials (name, level, type, range, caption, distance, radius, hate, accuracy_mod, crit_mod) FROM stdin;
Flame Nova	1	Ether	One Target	Absorb ether from the air and transform it into fighting spirit.	10	0	5	0	0
Prominence Revolt	2	Ether	Circle (Target)	Pillars of fire erupt from beneath all enemies.	15	100	5	0	0
Blazing End	3	Ether	One Target	Concentrate attack on a single enemy, incinerating them.	10	0	5	0	25
Ray of Punishment	1	Ether	One Target	Fire concentrated arrows of light at an enemy.	15	5	5	0	0
Photon Edge	2	Ether	Circle (Target)	Move at light-speed to cut the enemy instantaneously.	15	100	5	0	25
Lightning Buster	3	Ether	Circle (Target)	Slice an enemy multiple times with a blade of light.	10	5	5	0	50
Starburst	1	Ether	One Target	Blast a merciless siren beam through enemies.	20	0	35	100	100
Radiant Flare	2	Ether	Circle (Target)	Attack hostiles with a light-speed attack.	20	100	35	100	100
Genesis Saber	3	Ether	Circle (Target)	Pierce enemies with countless light blades created by ether.	20	100	35	100	100
Last Hope	1	Physical	One Target	Drain enemies' life force, and distribute it to allies.	10	0	5	0	0
Merciful Heart	2	Ether	Ahead	Attack enemies with a water shock wave.	10	3	5	0	0
Redeeming Strike	3	Ether	Circle (Target)	Destroy enemies from within by manipulating the power of regeneration.	10	100	5	0	0
Raging Tiger	1	Physical	One Target	Slash repeatedly by unleashing your inner beast.	10	0	5	0	25
Aqua Wave	2	Ether	Circle (Target)	Attack enemies and heal allies with a wave of ether.	15	8	5	0	0
Wild Roar	3	Ether	Ahead	Shoot forward all ether collected by the rings.	15	3	5	0	0
Poppi Spinning Slash	1	Physical	Circle (User)	Attack all within range with spinning motion.	10	4	25	0	0
Noponic Storm	2	Ether	Ahead	Shoot out a vortex of ether created within the body.	15	3	25	0	0
Poppi Drill	3	Physical	One Target	Charge with jet propulsion like a spinning drill.	10	0	25	0	0
Poppi Missile	1	Ether	Circle (Target)	Launch a large missile and audaciously bomb the enemy.	10	5	20	0	0
Poppi Crushing Blow	2	Physical	One Target	Pulverize the enemy with a spinning punch then an explosive uppercut.	15	5	20	0	0
Noponic Destruction	3	Ether	Ahead	Launch countless missiles while in the air to mow down your enemies.	15	3	20	0	0
Poppi Ignition	1	Physical	One Target	Shoot repeated slashing attacks while maneuvering freely.	10	0	20	0	25
Noponic Axion	2	Ether	Ahead	Mop up the enemy with a laser blast in bombardment mode.	15	2	20	0	25
Poppi Unlimited	3	Ether	One Target	Overwhelm the enemy with unlimited repeat attacks.	10	0	20	25	50
Heat Haze	1	Ether	Circle (Target)	Spin your weapon round and incinerate enemies within range.	10	5	25	0	0
Will-o'-the-Wisp	2	Ether	One Target	Blue flames follow the enemy and deal damage.	15	0	25	25	0
Swirling Dragon	3	Physical	One Target	Swing round your weapon and focus the attack on a single enemy.	10	0	25	0	25
Lightning Force	1	Ether	Ahead	Catch a lightning strike with your wand and throw it out to attack enemies.	10	3	5	0	25
Electric Circus	2	Physical	Ahead	Manipulate an electrified weapon with your wand and attack the enemy.	10	4	5	0	25
Thunder Doom	3	Ether	Circle (Target)	Smash your weapon into the ground for a massive lightning explosion.	10	5	5	0	25
Death Wing	1	Physical	One Target	Combine the Dual Scythes and throw them at the enemy.	10	0	5	25	0
Crushing Twister	2	Physical	One Target	Take the enemy by surprise with acrobatic movements.	10	0	5	0	0
Feather Typhoon	3	Ether	Ahead	Create a giant vortex to suck up the enemy in one go.	15	3	5	0	25
Storm Edge	1	Ether	One Target	Slash enemies in Tonfa mode and create a whirlwind.	10	0	5	0	0
Engrave	2	Ether	Ahead	Pierce the enemy countless times in Sword mode.	10	3	5	0	0
Death Match	3	Ether	Circle (Target)	Shoot out a whirlwind to collect ether in Shield mode.	10	5	5	0	50
White Wave	1	Ether	Circle (Target)	Release a shockwave from your weapon in Shield mode.	10	10	5	0	0
Sacred Wyrm	2	Ether	One Target	Shoot in Bow mode while flying back.	10	0	5	50	0
Dark Judgment	3	Physical	One Target	Cut up the enemy while spinning horizontally in the air with a kama.	10	0	5	0	50
Swallow's Flight	1	Physical	One Target	Perform a horizontal sweeping three-pronged attack.	10	0	5	0	50
Great Garland	2	Ether	Circle (Target)	Smash the naginata into the ground to send out a shockwave.	10	10	5	0	0
Dragonfly Slash	3	Ether	Ahead	Release a strong slashing attack with a backward somersault.	10	3	5	0	50
Crow Beat	1	Ether	Circle (Target)	Soar into the air and attack with black wings.	10	5	5	0	0
Crow Feather	2	Ether	Ahead	Deal serious damage simply by twisting your fan.	10	3	5	0	0
Final Crow	3	Ether	Circle (Target)	Compress ether between two fans and shoot it at the enemy.	10	5	5	50	50
Shred	1	Physical	One Target	Tear into the enemy at great speed, haphazardly wielding your weapon.	10	0	5	0	0
Skewer	2	Ether	One Target	Create a short sword from electric ether and skewer the enemy.	18	0	5	100	50
Cruel World	3	Ether	Ahead	Emits a mysterious light from giant eyes on your wings.	10	3	5	0	0
Diamond Crash	1	Physical	One Target	Bash the hammer into the ground and set off a shockwave.	20	0	5	0	0
Diamond Flight	2	Ether	Circle (Target)	Release ether in one burst, attacking indiscriminately.	20	5	5	0	0
Diamond Hands	3	Physical	One Target	Wield four weapons and shower the enemy with blows.	20	0	5	50	50
Dead Ball	1	Ether	One Target	Throw out a ball of condensed energy from your right hand.	10	0	5	50	0
Berserk March	2	Physical	Ahead	Go on a rampage, bowling over the enemy.	10	4	5	0	50
Earth Breath	3	Ether	Circle (Target)	Hit the ground with ether collected between both fists.	10	5	5	0	0
Water Moon	1	Ether	One Target	Gather ether in the Chroma Katana and release it as you draw the blade.	15	0	25	0	0
Breaking Wave	2	Physical	One Target	Use a flying kick to dissolve the enemy's composure then tear them up.	10	0	25	0	25
Midnight Mist	3	Physical	One Target	Perform a series of quick draw slashes the moment you engage the enemy.	10	0	25	0	0
Tough Break	1	Physical	One Target	Attack by grasping your shield and thrusting forward with all your might.	10	0	35	0	0
Cold Judgment	2	Ether	Circle (Target)	Create a shock wave and ice pillar to overwhelm the enemy.	10	5	35	0	0
Justice Blizzard	3	Ether	Circle (Target)	Release all power and cause a massive ice explosion.	10	5	35	0	0
Brutal Lance	1	Physical	Ahead	Spin weapon erratically and strike.	10	4	5	0	0
Termination Blast	2	Ether	Ahead	Shoot out absorbed energy in a laser blast.	15	2	5	25	0
Hellbound	3	Physical	One Target	Fly up and perform a drop attack with maximum power.	10	0	5	0	25
Dark Serpent	1	Ether	Ahead	Attack by spraying out dark ether.	10	3	25	0	0
Blade Vortex	2	Physical	One Target	At the moment of movement, perform quick draw cuts at visible speed.	10	0	25	0	0
Grim Moon	3	Physical	Ahead	Adopt a quick draw pose, then in an instant slash all enemies in range.	10	8	25	0	25
Innocent Teardrop	1	Ether	Ahead	Condense water ether and attack all enemies over a wide range.	10	5	5	0	0
Bittersweet Dreams	2	Ether	Circle (Target)	Attack by shooting out water ether from your spinning weapon.	10	6	5	0	25
Leave Me Alone	3	Physical	One Target	After high-speed spinning slashes, launch a giant water pillar.	10	0	5	25	0
Flame Crown (Weak)	1	Physical	One Target	Calmly draw near the enemy and perform intense slashing attacks.	10	0	5	0	0
Tyrant Crush (Weak)	2	Physical	One Target	Pursue a downed enemy with a kick and perform spinning slashes.	10	0	5	0	0
Kaiser Flare (Weak)	3	Ether	Ahead	Spread maximum ether and incinerate everything.	10	3	5	25	25
Flame Crown	1	Physical	One Target	Calmly draw near the enemy and perform intense slashing attacks.	10	0	5	0	0
Tyrant Crush	2	Physical	One Target	Pursue a downed enemy with a kick and perform spinning slashes.	10	0	5	0	0
Kaiser Flare	3	Ether	Ahead	Spread maximum ether and incinerate everything.	10	3	5	25	25
Open Wide!	1	Physical	One Target	Cover your whole body with wind ether and charge.	15	0	5	0	0
Snack On This!	2	Ether	One Target	Chew a Bitball and shoot out balls of energy.	20	0	5	0	0
Gobble 'em Up!	3	Ether	Ahead	Shoot out a laser while in the air and eradicate your enemies.	15	8	5	0	25
Lavender Drive	1	Physical	One Target	Kick a Bitball three times while spinning.	10	0	5	0	0
Lilium Dance	2	Ether	Circle (Target)	Release a shockwave while spinning a Bitball.	15	5	5	0	0
Physalis Judgment	3	Ether	Circle (Target)	Massively enlarge a Bitball and roll it over the enemy.	10	5	5	0	25
Sentimental Burst	1	Ether	One Target	Condense dark ether until it explodes.	10	0	35	0	0
Hidden Emotion	2	Ether	Ahead	Hit the shield while in the air, and emit a large amount of healing.	10	3	35	0	0
Secret Desire	3	Physical	One Target	Enter unconscious state with the mask and draw out your true power.	10	0	35	0	0
Foam Blast	1	Ether	Ahead	Transform ether into bubble form and spray it forward.	10	3	0	0	0
Geyser Spring	2	Ether	Ahead	Gather ether on your weapon and shoot it out as a powerful current of water.	15	2	5	25	0
Fierce Deluge	3	Physical	One Target	Use water ether to attack with high-speed repeated thrusts.	10	0	5	0	0
Ice Slash	1	Ether	Ahead	After throwing ice knives, attack with slashes.	15	3	25	25	0
Frost Banish	2	Physical	One Target	Release a powerful somersault kick after three repeat attacks.	10	0	25	0	0
Rebel Sister	3	Ether	Circle (Target)	With one slash, smash an ice pillar and attack enemies over a wide area.	10	8	25	0	0
Cold Sever	1	Physical	One Target	Use ice ether to attack with a series of high-speed stabs.	10	0	5	0	0
Punishment Strike	2	Ether	Circle (Target)	Swing your weapon round above your head to create a giant block of ice.	10	5	5	0	0
Extinction Icicle	3	Physical	One Target	Create a giant ice lance and use it in an extra powerful charge.	10	0	5	0	25
Electric Pompom	1	Ether	One Target	Do lively jumps and smash your weapon into the ground.	10	0	5	0	0
Vivid Love	2	Ether	Ahead	Give heart-shaped electric ether to your enemies as a present.	15	3	5	0	0
Angelic Drop	3	Physical	Circle (Target)	Release a powerful flying kick while spinning your weapon.	10	5	5	0	25
Nightmare Rondeau	1	Ether	Circle (Target)	Throw your weapon spinning into the air so it shoots out lasers.	20	6	5	0	0
Shadow Rhapsody	2	Ether	One Target	Ether becomes a dark hand that rises out of the ground to attack the enemy.	20	3	5	25	0
Decadent Finale	3	Ether	Circle (Target)	Throw your weapon into the air and spray bullets to annihilate the enemy.	20	2	5	50	25
Beary Strong	1	Physical	One Target	Beary swipes his ice claws and mows down the enemy.	10	0	5	0	25
Beary Helpful	2	Ether	Circle (Target)	Beary attacks the enemy with an ice shockwave.	15	10	5	0	0
Beary-Go-Round	3	Physical	One Target	Beary spins round and overwhelms all enemies in range.	10	0	5	0	0
Flaming Slashwave	1	Ether	Ahead	Change ether into flaming slashes that shoot out ahead.	15	3	25	25	0
Immolating Cleave	2	Physical	Ahead	Wrap the Chroma Katana in flames and cut enemies ahead in two.	10	3	25	0	0
Extreme Gutsy Spirit	3	Physical	One Target	After dealing a series of violent punches, cut enemies in two.	10	0	25	0	50
Fierce Healer	1	Ether	Circle (Target)	Shoot out your own ether as a shockwave.	10	10	5	0	0
Wild Grappler	2	Physical	One Target	Rush in wielding a weapon of concentrated ether.	10	0	5	0	0
Organic Automata	3	Ether	Circle (Target)	Kit and Sunny emit a laser beam.	10	12	5	0	0
Dessert Bomb	1	Ether	Ahead	Explode a giant ball of water ether in mid-air.	20	6	5	0	0
Tea Leaves	2	Physical	One Target	An unprecedented bathtub-based charging assault.	20	5	5	0	50
Golden Font	3	Ether	Circle (Target)	Fly up in the bath and attack indiscriminately.	100	100	5	0	0
Healing Bolt	1	Ether	Circle (Target)	Swing your weapon round your head and release a shockwave.	15	5	5	0	0
Ball Lightning	2	Ether	One Target	Throw your weapon about randomly and cause a lightning explosion.	15	5	5	0	0
Thunderstrike	3	Ether	One Target	Kick a ball and lightning will strike where it bounces.	10	0	5	0	25
Harness the Wind	1	Ether	Circle (Target)	Compress wind ether and blow away the enemy.	15	5	5	0	0
Slipstream	2	Ether	Ahead	Create a vacuum with high-speed chops and kicks.	15	4	5	0	25
Mortal Storm	3	Physical	One Target	Hit the enemy with a series of compressed air kicks.	15	0	5	50	50
Bang-Bang Bound	1	Ether	Circle (Target)	Hit the ground while cheerfully jumping and bounding.	10	3	35	0	0
Shocking Assault	2	Ether	One Target	Charge forward after charging up electric ether.	10	0	35	0	0
Rolling Thunder	3	Ether	Circle (Target)	Create thunder clouds and attack enemies in range with lightning strikes.	10	5	35	0	25
Diabolic Zephyr	1	Physical	Ahead	Gently raise the axe overhead then bring it down crashing.	10	4	5	0	25
Adamantine Axe	2	Physical	Circle (Target)	Quickly raise the axe overhead and attack quickly.	10	5	5	0	0
Ascension Blade	3	Ether	One Target	Fly around cutting up the enemy with powerful slash attacks.	10	5	5	0	50
Blast of Fresh Air	1	Ether	Circle (Target)	Swing the hammer and hit ether balls.	15	5	5	0	0
Whoopsie Crazy	2	Physical	One Target	Attack enemies within range while jumping and spinning your weapon.	10	0	5	0	25
Wake-Up Whirl	3	Physical	Circle (Target)	After jumping up in the sky, crash into the ground at high speed.	10	5	5	0	0
R-Blade	1	Ether	One Target	Put your enemies into a hornet's nest by spraying out bullets.	20	0	5	0	50
H-Effect R	2	Ether	Circle (Target)	Develop the Hilbert Effect and change the course of battle.	20	50	5	0	0
F-G-Shot	3	Ether	Ahead	After charging energy, shoot out scattered laser beams.	20	2	5	50	100
Empyrean Salvo	1	Ether	One Target	Launch homing missiles from your weapon and tail.	20	0	5	0	0
The Heavens Open	2	Ether	Circle (Target)	Release maximum electric ether and cause a huge explosion.	20	5	5	0	50
Final Retribution	3	Physical	Ahead	Remove limiter and charge the enemy, exterminating them.	20	4	5	50	100
Blood Altar	1	Physical	One Target	Slap the enemy with the side of your weapon, then go on the attack.	10	0	5	0	0
Tainted Palace	2	Physical	Ahead	Seal enemy movements and pierce with the lance as far as possible.	10	3	5	25	0
Accursed Prison	3	Ether	Circle (Target)	Throw your weapon twice, then hit the enemy with a drop attack.	10	6	5	0	25
Heliodor Passion	1	Physical	One Target	The thrown weapon spins and cuts up the enemy.	10	0	5	0	0
Star Beryl Courage	2	Physical	One Target	Swing the weapon down with all your strength as if digging.	10	0	5	0	0
Rhodochrosite Might	3	Ether	Ahead	Attack the enemy by smashing up a crystal.	10	3	5	0	25
Crystal Blizzard	1	Ether	Circle (Target)	Lift foot up high and throw the ball as hard as possible.	15	5	5	0	25
Snowblind	2	Ether	One Target	Kiss and attack with a ball filled with ether.	15	0	5	0	0
Frost Queen	3	Ether	Circle (Target)	Charge up a Bitball on an ice stage, then attack.	15	10	5	25	0
Stream Edge	1	Physical	One Target	Scare the enemy with crescent moon slashes, then pounce.	10	0	5	0	25
Falling Axe	2	Ether	One Target	Attack by dropping down an ether blade from above.	10	0	5	0	0
Axe Throw	3	Physical	Ahead	Slash up enemies in range while spinning your weapon.	10	3	5	0	0
Round Break	1	Physical	One Target	Jump up and throw your Megalance down to the side.	10	0	5	0	0
Boomerang Spear	2	Ether	One Target	Spin your weapon at high speed, dealing countless slash attacks.	10	0	5	0	0
Splash Lance	3	Ether	Ahead	Create countless ether balls to attack the enemy.	10	3	5	25	0
Sidewinder	1	Ether	One Target	Launch two missiles at once to attack the enemy.	20	0	5	25	0
Aerial Trigger	2	Ether	Circle (Target)	Jump into the air and fire a shot with an elemental attribute.	20	5	5	0	0
Swing Cannon	3	Ether	Ahead	Float your weapon and mow down all enemies within range with a laser.	20	7	5	0	0
Shield Charge	3	Physical	One Target	Charge in with your shield and perform a follow-on attack.	10	0	35	0	0
Smash Circle	2	Physical	One Target	Attack by throwing your weapon like a disc.	10	0	35	0	0
Hammer Beat	1	Ether	Circle (Target)	Hit the ground with all your might to attack with a shockwave.	10	5	35	0	0
Excelsior Slash	1	Ether	One Target	Attack with a shockwave, then follow on with an ether slash attack.	10	0	25	0	25
Triple Edge	2	Physical	One Target	Slash at the enemy repeatedly, not allowing them chance to defend.	10	0	25	0	0
Multi-Raid	3	Physical	One Target	Attack with a shockwave and repeated slashes of your blade.	10	0	25	0	0
Grenade Throw	2	Ether	Circle (Target)	Throw a condensed ball of ether which explodes.	20	3	5	0	0
Grim Sphere	3	Ether	One Target	Attack by repeatedly bashing your enemy with the ball.	20	0	5	0	0
Shrapnel	1	Ether	One Target	Attacks with a Bitball, absorbing ether which is used to heal you.	15	0	5	0	0
Flying Knuckle	1	Physical	One Target	Launch your Knuckle Claws like missiles to attack the enemy.	10	0	5	0	0
Assault Rush	2	Physical	One Target	Charge forward in an instant and overwhelm the enemy with a flurry.	10	0	5	0	25
Executioner	3	Physical	One Target	Unleash a dive kick and cause an ether explosion.	10	0	5	0	0
Axe Break	1	Ether	Circle (Target)	Smash your weapon into the ground and release a shockwave in the area.	10	5	5	0	0
Ground Charge	2	Physical	One Target	Smash your weapon into the ground and charge into the enemy.	10	0	5	0	0
War Swing	3	Physical	Circle (Target)	Swing your weapon with all your might to attack enemies in range.	10	5	5	0	25
Speed Glaive	1	Physical	One Target	Use high-speed repeated stabs to destroy the enemy to its core.	10	0	5	0	0
Beam Halberd	2	Ether	Ahead	Fill your weapon with ether and shoot it out as a laser.	15	2	5	25	0
Hair Trigger	3	Ether	One Target	Pierce the ground with your lance tip to release a shockwave.	10	3	5	0	25
Beam Bomber	3	Ether	Ahead	Emit a laser from your overcharged weapon.	20	2	5	0	0
Zero Burst	1	Ether	One Target	Charge at the enemy, then fire at close range so it's difficult to avoid.	20	3	5	0	0
Spinning Laser	2	Ether	Circle (Target)	Spin while emitting a laser, to mow down the enemy.	20	5	5	25	0
Wheel Crash	3	Physical	One Target	Throw a hammer so it spins at high speed and hits the enemy.	10	0	35	0	0
Ground Impulse	1	Ether	Ahead	Hit the ground with your weapon and cause a shockwave.	10	4	35	0	0
Turn Strike	2	Physical	Circle (Target)	Throw your weapon ahead and by spinning it, attack enemies in range.	10	5	35	0	0
Drop Edge	1	Physical	One Target	Attack with blade sheathed, then draw and slash.	10	0	25	0	25
Counter Spin	2	Ether	One Target	After throwing the scabbard from your left hand, perform a slash attack.	10	0	25	25	0
Magnum Edge	3	Ether	Ahead	Stomp on the ground, and perform a quick draw cut with all your might.	10	3	25	0	0
Metal Blast	1	Ether	Ahead	Hit the ball into the ground and cause a massive explosion.	10	3	5	0	0
Wrecking Ball	2	Ether	One Target	Hit the ball with your fist so it hits the enemy multiple times.	20	0	5	0	0
Violent Swing	3	Ether	Circle (Target)	Swing the ball around, as if on a chain, to hit enemies repeatedly.	10	5	5	0	25
Bomber Tackle	1	Physical	One Target	Barge into the enemy then give them a powerful uppercut while dazed.	10	0	5	0	0
Head Shaker	2	Ether	One Target	Hit the ground with both fists to attack the enemy with a powerful shockwave.	10	0	5	0	0
Knuckle Purge	3	Physical	Ahead	Daze the enemy with a tackle then shoot your weapon.	10	4	5	0	0
Axe Strike	1	Ether	One Target	Drop an ether blade from above to attack.	10	0	5	0	0
Megaslash	2	Physical	One Target	After random slash attacks, perform a powerful spinning slash.	10	0	5	0	25
Flying Cutter	3	Ether	Ahead	Throw your weapon and adjust its path to attack the enemy.	10	3	5	25	0
Multi-Edge	1	Ether	One Target	Create countless ether balls to attack the enemy.	10	0	5	25	0
Trident Buster	2	Physical	One Target	Jump up and throw your Megalance down to the side.	10	0	5	0	0
Spiral Spear	3	Physical	Circle (Target)	Throw your weapon so it spins round, hitting any enemy in range.	10	5	5	0	0
Flash Barrel	1	Ether	One Target	Float your weapon and launch a giant ether ball.	20	0	5	0	25
Blink Bullet	2	Ether	One Target	Jump up into the air and launch a homing missile.	20	0	5	0	0
Beam Barrage	3	Ether	Ahead	Emit a laser from your overcharged weapon.	20	2	5	25	25
Aerial Shield	1	Physical	One Target	A mid-air weapon drops down at high speed, attacking the enemy.	10	0	35	0	0
Drum Roll	2	Ether	Ahead	Hit the ground with all your might, attacking with a shockwave.	10	4	35	0	0
Hammer Rush	3	Physical	One Target	After swinging your weapon repeatedly, finish off with a rising attack.	10	0	35	0	0
Sword Dance	1	Physical	One Target	A two-stage attack where you slash then attack with blade sheathed.	10	0	25	0	25
Rage Cutter	2	Physical	Ahead	Heighten concentration and perform a triple slash attack.	10	2	25	25	0
Air Slash	3	Ether	One Target	Perform a quick draw in the air then release a massive slash attack.	10	0	25	0	0
Flash Bomb	1	Ether	Circle (Target)	Throw a condensed ball of ether which explodes.	20	3	5	0	0
Power Effect	2	Ether	Circle (Target)	Unleash condensed ether above the head to attack.	15	5	5	0	0
Rumble Sphere	3	Ether	One Target	The ball bashes into the enemy multiple times, damaging them.	20	0	5	0	25
Thermal Payload	1	Physical	One Target	Knuckle Claws fly out matching your movements.	10	0	5	0	0
Leg Blast	2	Physical	One Target	Combo move with a single punch followed by a sharp kick.	10	0	5	0	0
Flash Blow	3	Physical	One Target	Combo attack with a forward somersault followed by a flying kick.	10	0	5	0	25
Ripple Drive	1	Physical	Circle (Target)	Control ether to attack the enemy and heal allies.	10	10	5	0	0
Dual Fang	2	Ether	Ahead	Shoot out lasers from the rings floating on both sides.	10	3	5	0	0
Screw Edge	3	Ether	One Target	Attack repeatedly using the ring held in the mouth.	10	0	5	0	0
ECHIDNA	1	Physical	One Target	Deliver a slashing attack, and follow it up with a powerful kick.	10	0	5	0	25
MAGDALENE 16	2	Ether	Ahead	Deliver a whirling blow followed by a wild volley of shots.	10	2	5	0	25
T-SKYLLA	3	Ether	Ahead	Unleash a midair slash and then unload your firearm at the enemy.	10	4	5	50	100
Buster Cyclone	1	Physical	Circle (Target)	Transform your weapon into knuckle claws and barrel into the enemy.	10	6	35	0	0
Buster Cannon	2	Ether	Circle (Target)	Transform your weapon into a cannon and unload it into the enemy.	15	6	35	0	0
Buster Mirage	3	Physical	Ahead	Unleash the combined power of Poppi Mk. II and Poppibuster on the enemy.	10	3	35	0	25
Monado Purge	1	Ether	One Target	Brandish the Monado to generate a mid-air shockwave.	15	0	5	0	0
Monado Cyclone	2	Ether	Circle (Target)	Perform a rising spin to damage enemies surrounding you.	10	5	5	0	25
Monado Buster	3	Ether	Ahead	A powerful slash using the true power of the Monado.	10	3	5	25	50
Hidden Thorn	1	Physical	One Target	Quickly close in on the enemy and dice them into submission.	10	0	5	25	25
Power Smash	2	Physical	Circle (Target)	Charge up power, then unleash it in a series of airborne spinning attacks.	10	5	5	25	25
Lacerate	3	Physical	One Target	Deliver a rising attack, followed up with a strong downward blow.	10	0	5	25	25
Fuga Daemonum	1	Ether	Circle (Target)	Slash foes in the surrounding area with blades made of light.	10	5	25	25	25
Lacerna Noctis	2	Ether	Ahead	Lead with a mighty cleaving blow, then follow-up with a cape swipe.	10	3	25	50	50
Ex Tenebris Lux	3	Ether	One Target	A dual-sword combo assault using the power of Durandal.	10	0	25	100	100
Go! Great Star!	1	Ether	Ahead	Cram the Bitball full of ether, then spin it and make it blow up.	10	3	5	25	25
Go! Shooting Star!	2	Ether	Ahead	Set off a series of ether explosions, capped with one last big one.	10	3	5	25	50
Go! Lucky Star!	3	Ether	One Target	Set up the Bitball, then spike it for a truly giant boom.	10	4	5	25	100
Sliding Slinger	1	Ether	One Target	Slide forward while concentrating fire on the enemy.	10	0	5	25	25
Hundred Shells	2	Ether	Ahead	Swing your swords downward to send shockwaves flying at your foes.	10	3	5	25	50
Violent Streak	3	Ether	Circle (Target)	Blast all enemies in the vicinity with an unstoppable barrage of fire.	10	8	5	50	100
\.


--
-- Data for Name: weapon_filenames; Type: TABLE DATA; Schema: xeno2; Owner: poppi
--

COPY xeno2.weapon_filenames (id, filename) FROM stdin;
1	wi_wp010101
2	wi_wp011101
3	\N
4	wi_wp020101
5	wi_wp020102
6	wi_wp020201
7	wi_wp020202
8	wi_wp020301
9	wi_wp020302
10	wi_wp020401
11	wi_wp020402
12	wi_wp020501
13	wi_wp020502
14	wi_wp020601
15	wi_wp020602
16	wi_wp020701
17	wi_wp020702
18	wi_wp020801
19	wi_wp020802
20	wi_wp030101
21	wi_wp030101
22	wi_wp030102
23	wi_wp030102
24	wi_wp030201
25	wi_wp030201
26	wi_wp030202
27	wi_wp030202
28	wi_wp030301
29	wi_wp030301
30	wi_wp030302
31	wi_wp030302
32	wi_wp030401
33	wi_wp030401
34	wi_wp030402
35	wi_wp030402
36	wi_wp030501
37	wi_wp030501
38	wi_wp030502
39	wi_wp030502
40	wi_wp030601
41	wi_wp030601
42	wi_wp030602
43	wi_wp030602
44	wi_wp030701
45	wi_wp030701
46	wi_wp030702
47	wi_wp030702
48	wi_wp030801
49	wi_wp030801
50	wi_wp030802
51	wi_wp030802
52	\N
53	\N
54	\N
55	\N
56	wi_wp040101
57	wi_wp040102
58	wi_wp040201
59	wi_wp040202
60	wi_wp040301
61	wi_wp040302
62	wi_wp040401
63	wi_wp040402
64	wi_wp040501
65	wi_wp040502
66	wi_wp040601
67	wi_wp040602
68	wi_wp040701
69	wi_wp040702
70	wi_wp040801
71	wi_wp040802
72	wi_wp050101
73	wi_wp050101
74	wi_wp050102
75	wi_wp050102
76	wi_wp050201
77	wi_wp050201
78	wi_wp050202
79	wi_wp050202
80	wi_wp050301
81	wi_wp050301
82	wi_wp050302
83	wi_wp050302
84	wi_wp050401
85	wi_wp050401
86	wi_wp050402
87	wi_wp050402
88	wi_wp050501
89	wi_wp050501
90	wi_wp050502
91	wi_wp050502
92	wi_wp050601
93	wi_wp050601
94	wi_wp050602
95	wi_wp050602
96	wi_wp050701
97	wi_wp050701
98	wi_wp050702
99	wi_wp050702
100	wi_wp050801
101	wi_wp050801
102	wi_wp050802
103	wi_wp050802
104	wi_wp060101
105	wi_wp060102
106	wi_wp060101
107	wi_wp060101
108	wi_wp060101
109	wi_wp060101
110	wi_wp060101
111	wi_wp060101
112	wi_wp060101
113	wi_wp060101
114	wi_wp060101
115	wi_wp060101
116	wi_wp060101
117	wi_wp060101
118	wi_wp060101
119	wi_wp060101
120	wi_wp070101
121	wi_wp070101
122	wi_wp070102
123	wi_wp070102
124	wi_wp070201
125	wi_wp070201
126	wi_wp070202
127	wi_wp070202
128	wi_wp070301
129	wi_wp070301
130	wi_wp070302
131	wi_wp070302
132	wi_wp070401
133	wi_wp070401
134	wi_wp070402
135	wi_wp070402
136	wi_wp070501
137	wi_wp070501
138	wi_wp070502
139	wi_wp070502
140	wi_wp070601
141	wi_wp070601
142	wi_wp070602
143	wi_wp070602
144	wi_wp070701
145	wi_wp070701
146	wi_wp070702
147	wi_wp070702
148	wi_wp070801
149	wi_wp070801
150	wi_wp070802
151	wi_wp070802
152	wi_wp080101
153	wi_wp080102
154	wi_wp080201
155	wi_wp080202
156	wi_wp080301
157	wi_wp080302
158	wi_wp080401
159	wi_wp080402
160	wi_wp080501
161	wi_wp080502
162	wi_wp080601
163	wi_wp080602
164	wi_wp080701
165	wi_wp080702
166	wi_wp080801
167	wi_wp080802
168	wi_wp090101
169	wi_wp090101
170	wi_wp090102
171	wi_wp090102
172	wi_wp090201
173	wi_wp090201
174	wi_wp090202
175	wi_wp090202
176	wi_wp090301
177	wi_wp090301
178	wi_wp090302
179	wi_wp090302
180	wi_wp090401
181	wi_wp090401
182	wi_wp090402
183	wi_wp090402
184	wi_wp090501
185	wi_wp090501
186	wi_wp090502
187	wi_wp090502
188	wi_wp090601
189	wi_wp090601
190	wi_wp090602
191	wi_wp090602
192	wi_wp090701
193	wi_wp090701
194	wi_wp090702
195	wi_wp090702
196	wi_wp090801
197	wi_wp090801
198	wi_wp090802
199	wi_wp090802
200	wi_wp100101
201	wi_wp100102
202	wi_wp100201
203	wi_wp100202
204	wi_wp100301
205	wi_wp100302
206	wi_wp100401
207	wi_wp100402
208	wi_wp100501
209	wi_wp100502
210	wi_wp100601
211	wi_wp100602
212	wi_wp100701
213	wi_wp100702
214	wi_wp100801
215	wi_wp100802
216	wi_wp100901
217	\N
218	wi_wp101001
219	wi_wp101101
220	wi_wp101201
221	wi_wp110101
222	wi_wp110102
223	wi_wp110201
224	wi_wp110202
225	wi_wp110301
226	wi_wp110302
227	wi_wp110401
228	wi_wp110402
229	wi_wp110501
230	wi_wp110502
231	wi_wp110601
232	wi_wp110602
233	wi_wp110701
234	wi_wp110702
235	wi_wp110801
236	wi_wp110802
237	\N
238	wi_wp110901
239	wi_wp111001
240	wi_wp111101
241	wi_wp111201
242	wi_wp120101
243	wi_wp120102
244	wi_wp120201
245	wi_wp120202
246	wi_wp120301
247	wi_wp120302
248	wi_wp120401
249	wi_wp120402
250	wi_wp120501
251	wi_wp120502
252	wi_wp120601
253	wi_wp120602
254	wi_wp120701
255	wi_wp120702
256	wi_wp120801
257	wi_wp120802
258	wi_wp120901
259	wi_wp121001
260	wi_wp121101
261	wi_wp121201
262	\N
263	wi_wp130101
264	wi_wp130102
265	wi_wp130201
266	wi_wp130202
267	wi_wp130301
268	wi_wp130302
269	wi_wp130401
270	wi_wp130402
271	wi_wp130501
272	wi_wp130502
273	wi_wp130601
274	wi_wp130602
275	wi_wp130701
276	wi_wp130702
277	wi_wp130801
278	wi_wp130802
279	wi_wp130901
280	wi_wp131001
281	wi_wp131101
282	wi_wp131201
283	wi_wp140101
284	wi_wp140102
285	wi_wp140201
286	wi_wp140202
287	wi_wp140301
288	wi_wp140302
289	wi_wp140401
290	wi_wp140402
291	wi_wp140501
292	wi_wp140502
293	wi_wp140601
294	wi_wp140602
295	wi_wp140701
296	wi_wp140702
297	wi_wp140801
298	wi_wp140802
299	wi_wp140901
300	wi_wp141001
301	wi_wp141101
302	wi_wp141201
303	wi_wp150101
304	wi_wp150102
305	wi_wp150201
306	wi_wp150202
307	wi_wp150301
308	wi_wp150302
309	wi_wp150401
310	wi_wp150402
311	wi_wp150501
312	wi_wp150502
313	wi_wp150601
314	wi_wp150602
315	wi_wp150701
316	wi_wp150702
317	wi_wp150801
318	wi_wp150802
319	wi_wp150901
320	wi_wp151001
321	wi_wp151101
322	wi_wp151201
323	wi_wp160101
324	wi_wp160101
325	wi_wp160102
326	wi_wp160102
327	wi_wp160201
328	wi_wp160201
329	wi_wp160202
330	wi_wp160202
331	wi_wp160301
332	wi_wp160301
333	wi_wp160302
334	wi_wp160302
335	wi_wp160401
336	wi_wp160401
337	wi_wp160402
338	wi_wp160402
339	wi_wp160501
340	wi_wp160501
341	wi_wp160502
342	wi_wp160502
343	wi_wp160601
344	wi_wp160601
345	wi_wp160602
346	wi_wp160602
347	wi_wp160701
348	wi_wp160701
349	wi_wp160702
350	wi_wp160702
351	wi_wp160801
352	wi_wp160801
353	wi_wp160802
354	wi_wp160802
355	\N
356	\N
357	wi_wp160901
358	wi_wp160901
359	wi_wp161001
360	wi_wp161001
361	wi_wp161101
362	wi_wp161101
363	wi_wp161201
364	wi_wp161201
365	\N
366	\N
367	\N
368	wi_wp101301
369	wi_wp111301
370	wi_wp030901
371	wi_wp030901
372	wi_wp031001
373	wi_wp031001
374	wi_wp121301
375	wi_wp161301
376	wi_wp161301
377	wi_wp161401
378	wi_wp161401
379	wi_wp101401
380	dlc21_wi_wp413101
381	dlc1_wi_wp513011
382	dlc1_wi_wp503011
383	dlc1_wi_wp503011
384	dlc22_wi_wp414011
385	dlc23_wi_wp415011
386	\N
387	\N
388	\N
389	\N
390	dlc3_wi_wp718011
391	dlc3_wi_wp730011
392	wi_wp011101
393	dlc3_wi_wp731011
394	dlc3_wi_wp731011
395	wi_wp070101
396	wi_wp070101
397	wi_wp140901
398	dlc24_wi_wp403011
399	dlc24_wi_wp403011
\.


--
-- Data for Name: weapons; Type: TABLE DATA; Schema: xeno2; Owner: poppi
--

COPY xeno2.weapons (name, type, rank, damage, stability, crit_rate, block_rate, caption, filename) FROM stdin;
Primitive Sword	Aegis Sword	1	20	8	11	10	\N	1
Plain Sword	Aegis Sword	1	26	8	11	10	\N	1
Flatform Sword	Aegis Sword	3	71	8	11	10	\N	1
Ornate Sword	Aegis Sword	15	714	10	15	8	3128	1
Breaker Sword	Aegis Sword	5	188	8	16	8	\N	1
Duelist's Sword	Aegis Sword	5	204	11	12	10	\N	1
Battle Sword	Aegis Sword	5	179	6	6	15	\N	1
Snare Sword	Aegis Sword	15	680	5	8	22	3129	1
Sword of the Fox	Aegis Sword	2	38	13	19	8	\N	1
Sword of the Dingo	Aegis Sword	2	49	13	19	8	\N	1
Sword of the Lycaon	Aegis Sword	3	96	13	19	8	\N	1
Sword of the Jackal	Aegis Sword	16	753	15	19	5	\N	1
Sword of the Jaguar	Aegis Sword	7	335	11	16	6	\N	1
Sword of the Lynx	Aegis Sword	7	284	9	12	12	\N	1
Sword of the Puma	Aegis Sword	7	305	15	23	3	\N	1
Insect Slayer	Aegis Sword	16	724	10	14	11	3100	1
Knight's Sword	Aegis Sword	4	124	10	15	10	\N	1
Guardian's Sword	Aegis Sword	4	136	12	12	8	\N	1
Cavalry Sword	Aegis Sword	4	150	11	14	9	3094	1
Valkyrie's Sword	Aegis Sword	17	794	12	17	8	\N	1
Paladin's Sword	Aegis Sword	10	482	9	12	7	\N	1
Holy Sword	Aegis Sword	10	445	7	8	14	\N	1
Sword of Valor	Aegis Sword	10	454	13	19	5	\N	1
Zephyr Sword	Aegis Sword	17	763	9	12	20	3101	1
Custom Sword	Aegis Sword	6	231	8	8	19	\N	1
Clockwork Sword	Aegis Sword	6	266	6	11	10	\N	1
Technical Sword	Aegis Sword	6	240	12	18	8	3093	1
Accelerator Sword	Aegis Sword	18	811	10	15	9	\N	1
Turbine Sword	Aegis Sword	9	424	8	11	13	\N	1
Ceramic Sword	Aegis Sword	9	416	10	17	13	\N	1
Mechanized Sword	Aegis Sword	9	399	5	6	16	\N	1
Machine Slayer	Aegis Sword	18	795	8	8	18	3104	1
Ancient Sword	Aegis Sword	8	370	11	11	10	\N	1
Elder Sword	Aegis Sword	8	352	8	6	18	\N	1
Blessed Sword	Aegis Sword	8	394	16	9	8	3095	1
Legendary Sword	Aegis Sword	19	833	15	11	9	\N	1
Agarthan Sword	Aegis Sword	11	524	11	11	10	\N	1
Sword of El Dorado	Aegis Sword	11	479	9	6	18	\N	1
Sword of Eden	Aegis Sword	11	489	15	14	8	\N	1
King of Sharks	Aegis Sword	19	800	10	4	21	3102	1
Adamant Sword	Aegis Sword	9	424	13	24	3	\N	1
Wootz Sword	Aegis Sword	9	411	8	11	11	\N	1
Energy Edge	Aegis Sword	9	445	10	15	7	3091	1
Orichalcum Sword	Aegis Sword	19	850	12	14	8	\N	1
Sigma Sword	Aegis Sword	12	538	14	25	3	\N	1
Delta Sword	Aegis Sword	12	522	8	11	12	\N	1
Godspeed Sword	Aegis Sword	12	570	10	14	7	3119	1
Saintslayer Brand	Aegis Sword	19	825	20	24	3	3105	1
Sword of Despair	Aegis Sword	13	560	10	14	8	\N	1
Sword of Chaos	Aegis Sword	13	612	13	17	4	\N	1
Mutinous Sword	Aegis Sword	13	577	18	29	2	3114	1
Sword of Thanatos	Aegis Sword	20	856	10	15	22	\N	1
Sword of Banishing	Aegis Sword	20	874	18	30	2	\N	1
Eater of Souls	Aegis Sword	20	891	15	23	5	3116	1
Sword of Origin	Aegis Sword	14	627	9	21	8	\N	1
Eternal Sword	Aegis Sword	14	665	5	14	10	\N	1
Final Sword	Aegis Sword	14	608	3	9	16	\N	1
Satellite Sword	Aegis Sword	20	865	3	15	23	\N	1
Meteorite Sword	Aegis Sword	20	908	10	19	8	\N	1
Shooting Star	Aegis Sword	20	900	2	20	15	3113	1
Primitive Scimitar	Catalyst Scimitar	1	18	4	8	20	\N	4
Plain Scimitar	Catalyst Scimitar	1	23	4	8	20	\N	4
Flatform Scimitar	Catalyst Scimitar	3	64	4	8	20	\N	4
Ornate Scimitar	Catalyst Scimitar	15	638	5	10	15	3128	4
Breaker Scimitar	Catalyst Scimitar	5	167	4	11	16	\N	5
Duelist's Scimitar	Catalyst Scimitar	5	182	6	8	20	\N	5
Battle Scimitar	Catalyst Scimitar	5	160	3	4	30	\N	5
Snare Scimitar	Catalyst Scimitar	15	608	3	5	44	3129	5
Scimitar of Shores	Catalyst Scimitar	2	34	6	13	15	\N	6
Scimitar of Waves	Catalyst Scimitar	2	44	6	13	15	\N	6
Scimitar of Calm	Catalyst Scimitar	3	86	6	13	15	\N	6
Scimitar of Affection	Catalyst Scimitar	16	674	8	13	10	\N	6
Scimitar of Purity	Catalyst Scimitar	7	299	6	11	11	\N	7
Scimitar of Splendor	Catalyst Scimitar	7	254	5	8	23	\N	7
Scimitar of Integrity	Catalyst Scimitar	7	272	8	15	6	\N	7
Scimitar of Grace	Catalyst Scimitar	16	648	5	9	22	3100	7
Knight's Scimitar	Catalyst Scimitar	4	111	5	10	20	\N	8
Guardian's Scimitar	Catalyst Scimitar	4	122	6	8	16	\N	8
Scimitar of Prayer	Catalyst Scimitar	4	134	6	9	18	3095	8
Valkyrie's Scimitar	Catalyst Scimitar	17	709	6	11	15	\N	8
Paladin's Scimitar	Catalyst Scimitar	10	431	5	8	14	\N	9
Holy Scimitar	Catalyst Scimitar	10	398	4	5	28	\N	9
Scimitar of Valor	Catalyst Scimitar	10	406	7	13	10	\N	9
Winged Scimitar	Catalyst Scimitar	17	682	5	8	40	3101	9
Custom Scimitar	Catalyst Scimitar	6	207	4	5	38	\N	10
Clockwork Scimitar	Catalyst Scimitar	6	238	3	7	20	\N	10
Scimitar of the Owl	Catalyst Scimitar	6	215	6	12	16	3125	10
Accelerator Scimitar	Catalyst Scimitar	18	725	5	10	18	\N	10
Turbine Scimitar	Catalyst Scimitar	9	380	4	8	25	\N	11
Ceramic Scimitar	Catalyst Scimitar	9	372	5	11	25	\N	11
Mechanized Scimitar	Catalyst Scimitar	9	357	3	4	32	\N	11
Machine Cleaver	Catalyst Scimitar	18	711	4	5	36	3104	11
Ancient Scimitar	Catalyst Scimitar	8	331	6	7	20	\N	12
Elder Scimitar	Catalyst Scimitar	8	315	4	4	36	\N	12
Furtive Scimitar	Catalyst Scimitar	8	353	8	6	16	3122	12
Legendary Scimitar	Catalyst Scimitar	19	745	8	8	18	\N	12
Agarthan Scimitar	Catalyst Scimitar	11	469	6	7	20	\N	13
Scimitar of El Dorado	Catalyst Scimitar	11	429	5	4	36	\N	13
Scimitar of Eden	Catalyst Scimitar	11	438	8	9	16	\N	13
The Kraken	Catalyst Scimitar	19	716	5	3	42	3102	13
Adamant Scimitar	Catalyst Scimitar	9	380	6	16	6	\N	14
Wootz Scimitar	Catalyst Scimitar	9	369	4	8	22	\N	14
Assassin's Scimitar	Catalyst Scimitar	9	399	5	10	14	3122	14
Orichalcum Scimitar	Catalyst Scimitar	19	760	6	9	15	\N	14
Sigma Scimitar	Catalyst Scimitar	12	481	7	17	6	\N	15
Delta Scimitar	Catalyst Scimitar	12	467	4	8	24	\N	15
Energy Scimitar	Catalyst Scimitar	12	510	5	9	14	3092	15
Seraphsbane	Catalyst Scimitar	19	738	10	16	5	3105	15
Scimitar of Despair	Catalyst Scimitar	13	501	5	9	16	\N	16
Scimitar of Chaos	Catalyst Scimitar	13	547	6	11	8	\N	16
Supersonic Scimitar	Catalyst Scimitar	13	516	9	19	4	3094	16
Scimitar of Thanatos	Catalyst Scimitar	20	765	5	10	44	\N	17
Scimitar of Banishing	Catalyst Scimitar	20	781	9	20	4	\N	17
The Trickster	Catalyst Scimitar	20	796	8	15	10	3119	17
Scimitar of Origin	Catalyst Scimitar	14	561	5	14	15	\N	18
Eternal Scimitar	Catalyst Scimitar	14	595	3	9	20	\N	18
Final Scimitar	Catalyst Scimitar	14	544	2	6	32	\N	18
Satellite Scimitar	Catalyst Scimitar	20	773	1	10	46	\N	19
Meteorite Scimitar	Catalyst Scimitar	20	812	5	13	16	\N	19
Scimitar of Creation	Catalyst Scimitar	20	804	1	14	30	3124	19
Primitive Rings	Twin Rings	1	14	4	4	10	\N	21
Plain Rings	Twin Rings	1	18	4	4	10	\N	21
Flatform Rings	Twin Rings	3	52	4	4	10	\N	21
Rings of Plenty	Twin Rings	15	523	5	5	8	3128	21
Breaker Rings	Twin Rings	5	138	4	5	8	\N	23
Duelist's Rings	Twin Rings	5	150	6	4	10	\N	23
Battle Rings	Twin Rings	5	131	3	2	15	\N	23
Plunder Rings	Twin Rings	15	498	3	3	22	3129	23
Wild Rings	Twin Rings	2	28	6	6	8	\N	25
Howling Rings	Twin Rings	2	36	6	6	8	\N	25
Shell Rings	Twin Rings	3	70	6	6	8	\N	25
Rings of the Earth	Twin Rings	16	551	8	6	5	\N	25
Ripper Rings	Twin Rings	7	245	6	5	6	\N	27
Dicer Rings	Twin Rings	7	208	5	4	12	\N	27
Slicer Rings	Twin Rings	7	223	8	8	3	\N	27
Slasher Rings	Twin Rings	16	530	5	5	11	3099	27
Knight's Rings	Twin Rings	4	91	5	5	10	\N	29
Guardian's Rings	Twin Rings	4	100	6	4	8	\N	29
Rings of the Maiden	Twin Rings	4	110	6	5	9	3120	29
Valkyrie's Rings	Twin Rings	17	580	6	6	8	\N	29
Paladin's Rings	Twin Rings	10	353	5	4	7	\N	31
Holy Rings	Twin Rings	10	326	4	3	14	\N	31
Rings of Valor	Twin Rings	10	333	7	6	5	\N	31
Airslash Rings	Twin Rings	17	558	5	4	20	3101	31
Custom Rings	Twin Rings	6	169	4	3	19	\N	33
Clockwork Rings	Twin Rings	6	194	3	4	10	\N	33
Rings of Revival	Twin Rings	6	176	6	6	8	3124	33
Accelerator Rings	Twin Rings	18	594	5	5	9	\N	33
Turbine Rings	Twin Rings	9	311	4	4	13	\N	35
Ceramic Rings	Twin Rings	9	305	5	6	13	\N	35
Mechanized Rings	Twin Rings	9	292	3	2	16	\N	35
Ferrous Rings	Twin Rings	18	582	4	3	18	3104	35
Ancient Rings	Twin Rings	8	270	6	4	10	\N	37
Elder Rings	Twin Rings	8	257	4	2	18	\N	37
Rage of the Oceans	Twin Rings	8	288	8	3	8	3109	37
Legendary Rings	Twin Rings	19	610	8	4	9	\N	37
Agarthan Rings	Twin Rings	11	384	6	4	10	\N	39
Rings of El Dorado	Twin Rings	11	351	5	2	18	\N	39
Rings of Eden	Twin Rings	11	358	8	5	8	\N	39
Marine Slayers	Twin Rings	19	586	5	1	21	3102	39
Adamant Rings	Twin Rings	9	311	6	8	3	\N	41
Wootz Rings	Twin Rings	9	302	4	4	11	\N	41
Rings of Serendipity	Twin Rings	9	327	5	5	7	3095	41
Orichalcum Rings	Twin Rings	19	622	6	5	8	\N	41
Sigma Rings	Twin Rings	12	393	7	8	3	\N	43
Delta Rings	Twin Rings	12	381	4	4	12	\N	43
Invisible Rings	Twin Rings	12	417	5	5	7	3120	43
Deity Erasers	Twin Rings	19	604	10	8	3	3105	43
Rings of Despair	Twin Rings	13	409	5	5	8	\N	45
Rings of Chaos	Twin Rings	13	447	6	6	4	\N	45
Rings of the Kingslayer	Twin Rings	13	422	9	10	2	3093	45
Rings of Thanatos	Twin Rings	20	627	5	5	22	\N	47
Rings of Banishing	Twin Rings	20	639	9	10	2	\N	47
Specters	Twin Rings	20	652	8	8	5	3122	47
Rings of Origin	Twin Rings	14	459	5	7	8	\N	49
Eternal Rings	Twin Rings	14	487	3	5	10	\N	49
Final Rings	Twin Rings	14	445	2	3	16	\N	49
Satellite Rings	Twin Rings	20	633	1	5	23	\N	51
Meteorite Rings	Twin Rings	20	665	5	6	8	\N	51
Transmigration	Twin Rings	20	658	1	7	15	3116	51
Primitive Shield	Drill Shields	1	15	15	4	25	\N	56
Plain Shield	Drill Shields	1	20	15	4	25	\N	56
Flatform Shield	Drill Shields	3	55	15	4	25	\N	56
Shield of Plenty	Drill Shields	15	551	20	5	19	3128	56
Breaker Shield	Drill Shields	5	145	15	5	20	\N	57
Duelist's Shield	Drill Shields	5	158	22	4	25	\N	57
Battle Shield	Drill Shields	5	138	12	2	30	\N	57
Plunder Shield	Drill Shields	15	525	10	3	35	3129	57
Bitey Bitey Shield	Drill Shields	2	29	25	6	19	\N	58
Gnashy Gnashy Shield	Drill Shields	2	38	25	6	19	\N	58
Nibbly Nibbly Shield	Drill Shields	3	74	25	6	19	\N	58
Pokey Pokey Shield	Drill Shields	16	582	30	6	13	\N	58
Blasty Blasty Shield	Drill Shields	7	259	22	5	14	\N	59
Cheery Cheery Shield	Drill Shields	7	219	18	4	20	\N	59
Rippy Rippy Shield	Drill Shields	7	236	30	8	8	\N	59
Carnivore's Shield	Drill Shields	16	560	20	5	18	3099	59
Knight's Shield	Drill Shields	4	96	20	5	25	\N	60
Guardian's Shield	Drill Shields	4	106	24	4	20	\N	60
Daring Shield	Drill Shields	4	116	22	5	23	3121	60
Valkyrie's Shield	Drill Shields	17	613	24	6	19	\N	60
Paladin's Shield	Drill Shields	10	372	18	4	18	\N	61
Holy Shield	Drill Shields	10	343	14	3	25	\N	61
Shield of Valor	Drill Shields	10	350	26	6	13	\N	61
Birdivore Shield	Drill Shields	17	589	18	4	33	3101	61
Custom Shield	Drill Shields	6	179	15	3	33	\N	62
Clockwork Shield	Drill Shields	6	206	12	4	25	\N	62
Loud Shield	Drill Shields	6	186	24	6	20	3123	62
Accelerator Shield	Drill Shields	18	626	20	5	23	\N	62
Turbine Shield	Drill Shields	9	328	15	4	31	\N	63
Ceramic Shield	Drill Shields	9	321	20	6	31	\N	63
Mechanized Shield	Drill Shields	9	308	10	2	34	\N	63
Supreme Destroyer	Drill Shields	18	614	15	3	36	3104	63
Ancient Shield	Drill Shields	8	286	22	4	25	\N	64
Elder Shield	Drill Shields	8	272	16	2	30	\N	64
Escutcheon of Athena	Drill Shields	8	305	32	3	20	3098	64
Legendary Shield	Drill Shields	19	643	30	4	23	\N	64
Agarthan Shield	Drill Shields	11	405	22	4	25	\N	65
Shield of El Dorado	Drill Shields	11	371	18	2	30	\N	65
Shield of Eden	Drill Shields	11	378	30	5	20	\N	65
Maelstrom Plate	Drill Shields	19	618	20	1	38	3102	65
Adamant Shield	Drill Shields	9	328	25	8	8	\N	66
Wootz Shield	Drill Shields	9	318	15	4	23	\N	66
Damascene Shield	Drill Shields	9	344	20	5	18	3096	66
Orichalcum Shield	Drill Shields	19	656	24	5	19	\N	66
Sigma Shield	Drill Shields	12	415	27	8	8	\N	67
Delta Shield	Drill Shields	12	403	15	4	21	\N	67
Legionnaire's Shield	Drill Shields	12	440	20	5	18	3098	67
Saintslayer Pavise	Drill Shields	19	637	40	8	6	3105	67
Shield of Despair	Drill Shields	13	433	20	5	17	\N	68
Shield of Chaos	Drill Shields	13	473	25	6	10	\N	68
Thundercrash Shield	Drill Shields	13	446	36	10	5	3123	68
Shield of Thanatos	Drill Shields	20	661	20	5	38	\N	69
Shield of Banishing	Drill Shields	20	675	36	10	5	\N	69
Nemesis Shield	Drill Shields	20	688	30	8	13	3096	69
Shield of Origin	Drill Shields	14	485	18	7	19	\N	70
Eternal Shield	Drill Shields	14	514	10	5	25	\N	70
Final Shield	Drill Shields	14	470	6	3	28	\N	70
Satellite Shield	Drill Shields	20	668	5	5	58	\N	71
Meteorite Shield	Drill Shields	20	701	20	6	20	\N	71
Cosmic Impact	Drill Shields	20	695	4	7	38	3123	71
Primitive Arms	Mech Arms	1	17	11	8	20	\N	73
Plain Arms	Mech Arms	1	22	11	8	20	\N	73
Flatform Arms	Mech Arms	3	61	11	8	20	\N	73
Ornate Arms	Mech Arms	15	610	15	10	15	3128	73
Breaker Arms	Mech Arms	5	160	11	11	16	\N	75
Duelist's Arms	Mech Arms	5	174	17	8	20	\N	75
Battle Arms	Mech Arms	5	153	9	4	30	\N	75
Snare Arms	Mech Arms	15	581	8	5	44	3129	75
Studded Arms	Mech Arms	2	33	19	13	15	\N	77
Rash Arms	Mech Arms	2	43	19	13	15	\N	77
Battering Arms	Mech Arms	3	82	19	13	15	\N	77
Pounding Arms	Mech Arms	16	643	23	13	10	\N	77
Crushing Arms	Mech Arms	7	286	17	11	11	\N	79
Thumping Arms	Mech Arms	7	242	14	8	23	\N	79
Pummeling Arms	Mech Arms	7	260	23	15	6	\N	79
Strongjaw Gauntlets	Mech Arms	16	618	15	9	22	3099	79
Knight's Arms	Mech Arms	4	106	15	10	20	\N	81
Guardian's Arms	Mech Arms	4	117	18	8	16	\N	81
Temptation Gauntlets	Mech Arms	4	128	17	9	18	3121	81
Valkyrie's Arms	Mech Arms	17	677	18	11	15	\N	81
Paladin's Arms	Mech Arms	10	412	14	8	14	\N	83
Holy Arms	Mech Arms	10	380	11	5	28	\N	83
Arms of Valor	Mech Arms	10	388	20	13	10	\N	83
Hunter's Arms	Mech Arms	17	651	14	8	40	3101	83
Custom Arms	Mech Arms	6	197	11	5	38	\N	85
Clockwork Arms	Mech Arms	6	227	9	7	20	\N	85
Turbojet Arms	Mech Arms	6	205	18	12	16	3094	85
Accelerator Arms	Mech Arms	18	693	15	10	18	\N	85
Turbine Arms	Mech Arms	9	362	11	8	25	\N	87
Ceramic Arms	Mech Arms	9	355	15	11	25	\N	87
Mechanized Arms	Mech Arms	9	340	8	4	32	\N	87
Machine Busters	Mech Arms	18	679	11	5	36	3104	87
Ancient Arms	Mech Arms	8	315	17	7	20	\N	89
Elder Arms	Mech Arms	8	300	12	4	36	\N	89
Gauntlets of Lament	Mech Arms	8	336	24	6	16	3123	89
Legendary Arms	Mech Arms	19	712	23	8	18	\N	89
Agarthan Arms	Mech Arms	11	447	17	7	20	\N	91
Arms of El Dorado	Mech Arms	11	409	14	4	36	\N	91
Arms of Eden	Mech Arms	11	418	23	9	16	\N	91
Doom of Atlantis	Mech Arms	19	684	15	3	42	3102	91
Adamant Arms	Mech Arms	9	362	19	16	6	\N	93
Wootz Arms	Mech Arms	9	351	11	8	22	\N	93
Most Wanted	Mech Arms	9	380	15	10	14	3123	93
Orichalcum Arms	Mech Arms	19	726	18	9	15	\N	93
Sigma Arms	Mech Arms	12	459	20	17	6	\N	95
Delta Arms	Mech Arms	12	445	11	8	24	\N	95
Terminal Velocity	Mech Arms	12	487	15	9	14	3094	95
Deserved Retribution	Mech Arms	19	705	30	16	5	3105	95
Arms of Despair	Mech Arms	13	477	15	9	16	\N	97
Arms of Chaos	Mech Arms	13	522	19	11	8	\N	97
Insatiable Gauntlets	Mech Arms	13	492	27	19	4	3116	97
Arms of Thanatos	Mech Arms	20	731	15	10	44	\N	99
Arms of Banishing	Mech Arms	20	745	27	20	4	\N	99
Arms of Hermes	Mech Arms	20	760	23	15	10	3094	99
Arms of Origin	Mech Arms	14	536	14	14	15	\N	101
Eternal Arms	Mech Arms	14	568	8	9	20	\N	101
Final Arms	Mech Arms	14	520	5	6	32	\N	101
Satellite Arms	Mech Arms	20	738	4	10	46	\N	103
Meteorite Arms	Mech Arms	20	775	15	13	16	\N	103
Gigantomachy	Mech Arms	20	768	3	14	30	3123	103
Primitive Saber	Variable Saber	1	21	4	15	10	\N	104
Plain Saber	Variable Saber	1	27	4	15	10	\N	104
Flatform Saber	Variable Saber	3	77	4	15	10	\N	104
Ornate Saber	Variable Saber	15	772	5	20	8	3128	104
Breaker Saber	Variable Saber	5	204	4	21	8	\N	104
Duelist's Saber	Variable Saber	5	221	6	16	10	\N	104
Battle Saber	Variable Saber	5	194	3	8	15	\N	104
Snare Saber	Variable Saber	15	735	3	10	22	3129	104
Deadly Saber	Variable Saber	2	41	6	25	8	\N	104
Dominion	Whipsword	20	782	15	30	13	3119	147
Razorgraze Saber	Variable Saber	2	53	6	25	8	\N	104
Whirlchip Saber	Variable Saber	3	104	6	25	8	\N	104
Songslice Saber	Variable Saber	16	814	8	25	5	\N	104
Chopcuff Saber	Variable Saber	7	362	6	21	6	\N	104
Swishslash Saber	Variable Saber	7	307	5	16	12	\N	104
Twirlslip Saber	Variable Saber	7	329	8	30	3	\N	104
Insect Slicer	Variable Saber	16	783	5	18	11	3100	104
Knight's Saber	Variable Saber	4	134	5	20	10	\N	104
Guardian's Saber	Variable Saber	4	147	6	16	8	\N	104
Saint's Saber	Variable Saber	4	162	6	18	9	3090	104
Valkyrie's Saber	Variable Saber	17	858	6	22	8	\N	104
Paladin's Saber	Variable Saber	10	521	5	16	7	\N	104
Holy Saber	Variable Saber	10	481	4	10	14	\N	104
Saber of Valor	Variable Saber	10	491	7	25	5	\N	104
Regal Saber	Variable Saber	17	825	5	16	20	3101	104
Custom Saber	Variable Saber	6	250	4	10	19	\N	104
Clockwork Saber	Variable Saber	6	288	3	14	10	\N	104
Ranger's Saber	Variable Saber	6	260	6	24	8	3094	104
Accelerator Saber	Variable Saber	18	877	5	20	9	\N	104
Turbine Saber	Variable Saber	9	459	4	15	13	\N	104
Ceramic Saber	Variable Saber	9	450	5	22	13	\N	104
Mechanized Saber	Variable Saber	9	431	3	8	16	\N	104
Commando's Saber	Variable Saber	18	859	4	10	18	3104	104
Ancient Saber	Variable Saber	8	399	6	14	10	\N	104
Elder Saber	Variable Saber	8	380	4	8	18	\N	104
Mystical Saber	Variable Saber	8	426	8	12	8	3095	104
Legendary Saber	Variable Saber	19	901	8	15	9	\N	104
Agarthan Saber	Variable Saber	11	567	6	14	10	\N	104
Saber of El Dorado	Variable Saber	11	519	5	8	18	\N	104
Saber of Eden	Variable Saber	11	530	8	18	8	\N	104
Rifled Saber	Variable Saber	19	865	5	5	21	3102	104
Adamant Saber	Variable Saber	9	459	6	32	3	\N	104
Wootz Saber	Variable Saber	9	445	4	15	11	\N	104
Ether Saber	Variable Saber	9	482	5	20	7	3092	104
Orichalcum Saber	Variable Saber	19	919	6	18	8	\N	104
Sigma Saber	Variable Saber	12	581	7	33	3	\N	104
Delta Saber	Variable Saber	12	564	4	15	12	\N	104
Sanguine Saber	Variable Saber	12	616	5	18	7	3116	104
Creation Eater	Variable Saber	19	892	10	32	3	3105	104
Saber of Despair	Variable Saber	13	605	5	18	8	\N	104
Saber of Chaos	Variable Saber	13	661	6	22	4	\N	104
Barbatos, the Durable	Variable Saber	13	624	9	38	2	3096	104
Saber of Thanatos	Variable Saber	20	926	5	20	22	\N	104
Saber of Banishing	Variable Saber	20	944	9	40	2	\N	104
Metatron's Saber	Variable Saber	20	963	8	30	5	3090	104
Saber of Origin	Variable Saber	14	678	5	28	8	\N	104
Eternal Saber	Variable Saber	14	719	3	18	10	\N	104
Final Saber	Variable Saber	14	658	2	12	16	\N	104
Satellite Saber	Variable Saber	20	935	1	20	23	\N	104
Meteorite Saber	Variable Saber	20	982	5	25	8	\N	104
Ultima Ratio	Variable Saber	20	972	1	27	15	3112	104
Primitive Whips	Whipsword	1	17	8	15	25	\N	121
Plain Whips	Whipsword	1	22	8	15	25	\N	121
Flatform Whips	Whipsword	3	63	8	15	25	\N	121
Whips of Plenty	Whipsword	15	627	10	20	19	3128	121
Breaker Whips	Whipsword	5	165	8	21	20	\N	123
Duelist's Whips	Whipsword	5	179	11	16	25	\N	123
Battle Whips	Whipsword	5	158	6	8	38	\N	123
Plunder Whips	Whipsword	15	597	5	10	55	3129	123
Whips of the Sparrow	Whipsword	2	33	13	25	19	\N	125
Whips of the Robin	Whipsword	2	43	13	25	19	\N	125
Whips of the Lark	Whipsword	3	85	13	25	19	\N	125
Whips of the Swift	Whipsword	16	661	15	25	13	\N	125
Whips of the Crane	Whipsword	7	293	11	21	14	\N	127
Whips of the Ibis	Whipsword	7	249	9	16	29	\N	127
Whips of the Shrike	Whipsword	7	267	15	30	8	\N	127
The Cormorants	Whipsword	16	636	10	18	28	3100	127
Knight's Whips	Whipsword	4	109	10	20	25	\N	129
Guardian's Whips	Whipsword	4	120	12	16	20	\N	129
Whips of the Sun	Whipsword	4	132	11	18	23	3126	129
Valkyrie's Whips	Whipsword	17	697	12	22	19	\N	129
Paladin's Whips	Whipsword	10	423	9	16	18	\N	131
Holy Whips	Whipsword	10	391	7	10	35	\N	131
Whips of Valor	Whipsword	10	399	13	25	13	\N	131
Soaring Swallows	Whipsword	17	670	9	16	50	3101	131
Custom Whips	Whipsword	6	203	8	10	47	\N	133
Clockwork Whips	Whipsword	6	233	6	14	25	\N	133
Muscle Whips	Whipsword	6	211	12	24	20	3091	133
Accelerator Whips	Whipsword	18	712	10	20	23	\N	133
Turbine Whips	Whipsword	9	373	8	15	31	\N	135
Ceramic Whips	Whipsword	9	366	10	22	31	\N	135
Mechanized Whips	Whipsword	9	351	5	8	40	\N	135
Nitro Whips	Whipsword	18	698	8	10	45	3104	135
Ancient Whips	Whipsword	8	324	11	14	25	\N	137
Elder Whips	Whipsword	8	309	8	8	45	\N	137
Whips of the Chariot	Whipsword	8	346	16	12	20	3094	137
Legendary Whips	Whipsword	19	732	15	15	23	\N	137
Agarthan Whips	Whipsword	11	460	11	14	25	\N	139
Whips of El Dorado	Whipsword	11	421	9	8	45	\N	139
Whips of Eden	Whipsword	11	430	15	18	20	\N	139
Avalon	Whipsword	19	703	10	5	53	3102	139
Adamant Whips	Whipsword	9	373	13	32	8	\N	141
Wootz Whips	Whipsword	9	362	8	15	28	\N	141
The Assessors	Whipsword	9	392	10	20	18	3104	141
Orichalcum Whips	Whipsword	19	747	12	18	19	\N	141
Sigma Whips	Whipsword	12	472	14	33	8	\N	143
Delta Whips	Whipsword	12	458	8	15	30	\N	143
Whips of Celerity	Whipsword	12	500	10	18	18	3119	143
Ascension Denied	Whipsword	19	725	20	32	6	3105	143
Whips of Despair	Whipsword	13	492	10	18	20	\N	145
Whips of Chaos	Whipsword	13	537	13	22	10	\N	145
Belial's Whips	Whipsword	13	507	18	38	5	3114	145
Whips of Thanatos	Whipsword	20	751	10	20	55	\N	147
Whips of Banishing	Whipsword	20	767	18	40	5	\N	147
Whips of Origin	Whipsword	14	551	9	28	19	\N	149
Eternal Whips	Whipsword	14	584	5	18	25	\N	149
Final Whips	Whipsword	14	534	3	12	40	\N	149
Satellite Whips	Whipsword	20	759	3	20	58	\N	151
Meteorite Whips	Whipsword	20	797	10	25	20	\N	151
The Dreadnoughts	Whipsword	20	789	2	27	38	3118	151
Primitive Edge	Big Bang Edge	1	22	23	11	10	\N	152
Plain Edge	Big Bang Edge	1	29	23	11	10	\N	152
Flatform Edge	Big Bang Edge	3	81	23	11	10	\N	152
Edge of Plenty	Big Bang Edge	15	807	30	15	8	3128	152
Breaker Edge	Big Bang Edge	5	212	23	16	8	\N	153
Duelist's Edge	Big Bang Edge	5	230	33	12	10	\N	153
Battle Edge	Big Bang Edge	5	202	18	6	15	\N	153
Plunder Edge	Big Bang Edge	15	769	15	8	22	3129	153
Flighty Edge	Big Bang Edge	2	43	38	19	8	\N	154
Feathered Edge	Big Bang Edge	2	56	38	19	8	\N	154
Winged Edge	Big Bang Edge	3	109	38	19	8	\N	154
Triumph Edge	Big Bang Edge	16	852	45	19	5	\N	154
Avian Edge	Big Bang Edge	7	379	33	16	6	\N	155
Edge of the Raptor	Big Bang Edge	7	321	27	12	12	\N	155
Edge of the Vulture	Big Bang Edge	7	345	45	23	3	\N	155
Predator's Edge	Big Bang Edge	16	819	30	14	11	3099	155
Knight's Edge	Big Bang Edge	4	140	30	15	10	\N	156
Guardian's Edge	Big Bang Edge	4	154	36	12	8	\N	156
Orion's Rise	Big Bang Edge	4	169	33	14	9	3125	156
Valkyrie's Edge	Big Bang Edge	17	896	36	17	8	\N	156
Paladin's Edge	Big Bang Edge	10	544	27	12	7	\N	157
Holy Edge	Big Bang Edge	10	502	21	8	14	\N	157
Edge of Valor	Big Bang Edge	10	513	39	19	5	\N	157
Arbiter's Brand	Big Bang Edge	17	862	27	12	20	3101	157
Custom Edge	Big Bang Edge	6	261	23	8	19	\N	158
Clockwork Edge	Big Bang Edge	6	300	18	11	10	\N	158
Fearful Symmetry	Big Bang Edge	6	271	36	18	8	3100	158
Accelerator Edge	Big Bang Edge	18	917	30	15	9	\N	158
Turbine Edge	Big Bang Edge	9	480	23	11	13	\N	159
Ceramic Edge	Big Bang Edge	9	470	30	17	13	\N	159
Mechanized Edge	Big Bang Edge	9	451	15	6	16	\N	159
The Ingot	Big Bang Edge	18	899	23	8	18	3104	159
Ancient Edge	Big Bang Edge	8	418	33	11	10	\N	160
Elder Edge	Big Bang Edge	8	398	24	6	18	\N	160
Edge of the Mother	Big Bang Edge	8	446	48	9	8	3118	160
Legendary Edge	Big Bang Edge	19	942	45	11	9	\N	160
Agarthan Edge	Big Bang Edge	11	593	33	11	10	\N	161
Edge of El Dorado	Big Bang Edge	11	542	27	6	18	\N	161
Edge of Eden	Big Bang Edge	11	553	45	14	8	\N	161
Just Oceanus	Big Bang Edge	19	905	30	4	21	3102	161
Adamant Edge	Big Bang Edge	9	480	38	24	3	\N	162
Wootz Edge	Big Bang Edge	9	466	23	11	11	\N	162
Black Chronos	Big Bang Edge	9	504	30	15	7	3091	162
Orichalcum Edge	Big Bang Edge	19	961	36	14	8	\N	162
Sigma Edge	Big Bang Edge	12	607	41	25	3	\N	163
Delta Edge	Big Bang Edge	12	589	23	11	12	\N	163
Barghest's Claw	Big Bang Edge	12	643	30	14	7	3099	163
Sainthunter	Big Bang Edge	19	933	60	24	3	3105	163
Edge of Despair	Big Bang Edge	13	632	30	14	8	\N	164
Edge of Chaos	Big Bang Edge	13	691	38	17	4	\N	164
Apocalypse	Big Bang Edge	13	652	54	29	2	3093	164
Edge of Thanatos	Big Bang Edge	20	967	30	15	22	\N	165
Edge of Banishing	Big Bang Edge	20	987	54	30	2	\N	165
Rightful Payback	Big Bang Edge	20	997	45	23	5	3114	165
Edge of Origin	Big Bang Edge	14	709	27	21	8	\N	166
Eternal Edge	Big Bang Edge	14	752	15	14	10	\N	166
Final Edge	Big Bang Edge	14	688	9	9	16	\N	166
Satellite Edge	Big Bang Edge	20	977	8	15	23	\N	167
Meteorite Edge	Big Bang Edge	20	997	30	19	8	\N	167
Bigger Bang	Big Bang Edge	20	997	6	20	15	3118	167
Primitive Scythes	Dual Scythes	1	18	8	23	5	\N	169
Plain Scythes	Dual Scythes	1	23	8	23	5	\N	169
Flatform Scythes	Dual Scythes	3	64	8	23	5	\N	169
Sickles of Plenty	Dual Scythes	15	645	10	30	4	3128	169
Breaker Scythes	Dual Scythes	5	170	8	32	4	\N	171
Duelist's Scythes	Dual Scythes	5	184	11	24	5	\N	171
Battle Scythes	Dual Scythes	5	162	6	12	8	\N	171
Plunder Sickles	Dual Scythes	15	614	5	15	11	3129	171
Pixie Scythes	Dual Scythes	2	34	13	38	4	\N	173
Sylph's Scythes	Dual Scythes	2	44	13	38	4	\N	173
Faerie Scythes	Dual Scythes	3	86	13	38	4	\N	173
Titania's Scythes	Dual Scythes	16	680	15	38	3	\N	173
Spriggan's Scythes	Dual Scythes	7	302	11	32	3	\N	175
Banshee Scythes	Dual Scythes	7	257	9	24	6	\N	175
Ainsel's Scythes	Dual Scythes	7	275	15	45	2	\N	175
Elf King's Scythes	Dual Scythes	16	654	10	27	6	3100	175
Knight's Scythes	Dual Scythes	4	112	10	30	5	\N	177
Guardian's Scythes	Dual Scythes	4	123	12	24	4	\N	177
Augur's Scythes	Dual Scythes	4	136	11	27	5	3095	177
Valkyrie's Scythes	Dual Scythes	17	716	12	33	4	\N	177
Paladin's Scythes	Dual Scythes	10	435	9	24	4	\N	179
Holy Scythes	Dual Scythes	10	402	7	15	7	\N	179
Scythes of Valor	Dual Scythes	10	410	13	38	3	\N	179
Executioner's Sickles	Dual Scythes	17	688	9	24	10	3101	179
Custom Scythes	Dual Scythes	6	209	8	15	9	\N	181
Clockwork Scythes	Dual Scythes	6	240	6	21	5	\N	181
Tenacious Sickles	Dual Scythes	6	217	12	36	4	3091	181
Accelerator Scythes	Dual Scythes	18	732	10	30	5	\N	181
Turbine Scythes	Dual Scythes	9	383	8	23	6	\N	183
Ceramic Scythes	Dual Scythes	9	375	10	33	6	\N	183
Mechanized Scythes	Dual Scythes	9	360	5	12	8	\N	183
Optimized Scythes	Dual Scythes	18	718	8	15	9	3104	183
Ancient Scythes	Dual Scythes	8	333	11	21	5	\N	185
Elder Scythes	Dual Scythes	8	317	8	12	9	\N	185
Emperor Scythes	Dual Scythes	8	355	16	18	4	3094	185
Legendary Scythes	Dual Scythes	19	752	15	23	5	\N	185
Agarthan Scythes	Dual Scythes	11	473	11	21	5	\N	187
Scythes of El Dorado	Dual Scythes	11	433	9	12	9	\N	187
Scythes of Eden	Dual Scythes	11	442	15	27	4	\N	187
Amazon's Scythes	Dual Scythes	19	723	10	8	11	3102	187
Adamant Scythes	Dual Scythes	9	383	13	48	2	\N	189
Wootz Scythes	Dual Scythes	9	372	8	23	6	\N	189
Enigma Scythes	Dual Scythes	9	402	10	30	4	3095	189
Orichalcum Scythes	Dual Scythes	19	767	12	27	4	\N	189
Sigma Scythes	Dual Scythes	12	485	14	50	2	\N	191
Delta Scythes	Dual Scythes	12	470	8	23	6	\N	191
Dark Order	Dual Scythes	12	514	10	27	4	3107	191
Titan Gutters	Dual Scythes	19	745	20	48	1	3105	191
Scythes of Despair	Dual Scythes	13	505	10	27	4	\N	193
Scythes of Chaos	Dual Scythes	13	552	13	33	2	\N	193
Inferno	Dual Scythes	13	521	18	57	1	3119	193
Scythes of Thanatos	Dual Scythes	20	772	10	30	11	\N	195
Scythes of Banishing	Dual Scythes	20	788	18	60	1	\N	195
The Grim Reapers	Dual Scythes	20	803	15	45	3	3109	195
Scythes of Origin	Dual Scythes	14	566	9	42	4	\N	197
Eternal Scythes	Dual Scythes	14	600	5	27	5	\N	197
Final Scythes	Dual Scythes	14	549	3	18	8	\N	197
Satellite Scythes	Dual Scythes	20	780	3	30	12	\N	199
Meteorite Scythes	Dual Scythes	20	819	10	38	4	\N	199
Spendthrift Knight	Dual Scythes	20	811	2	41	8	3108	199
Primitive Axe	Greataxe	1	21	23	15	10	\N	200
Plain Axe	Greataxe	1	27	23	15	10	\N	200
Flatform Axe	Greataxe	3	75	23	15	10	\N	200
Hatchet of Plenty	Greataxe	15	749	30	20	8	3128	200
Breaker Axe	Greataxe	5	197	23	21	8	\N	201
Duelist's Axe	Greataxe	5	214	33	16	10	\N	201
Battle Axe	Greataxe	5	188	18	8	15	\N	201
Plunder Hatchet	Greataxe	15	713	15	10	22	3129	201
Large Axe	Greataxe	2	40	38	25	8	\N	202
Grand Axe	Greataxe	2	52	38	25	8	\N	202
Huge Axe	Greataxe	3	101	38	25	8	\N	202
Enormous Axe	Greataxe	16	790	45	25	5	\N	202
Gargantuan Axe	Greataxe	7	351	33	21	6	\N	203
Violent Axe	Greataxe	7	297	27	16	12	\N	203
Berserker's Axe	Greataxe	7	319	45	30	3	\N	203
Axe of Wrath	Greataxe	16	760	30	18	11	3099	203
Knight's Axe	Greataxe	4	130	30	20	10	\N	204
Guardian's Axe	Greataxe	4	143	36	16	8	\N	204
Hatchet of the Round	Greataxe	4	157	33	18	9	3126	204
Valkyrie's Axe	Greataxe	17	832	36	22	8	\N	204
Paladin's Axe	Greataxe	10	505	27	16	7	\N	205
Holy Axe	Greataxe	10	467	21	10	14	\N	205
Axe of Valor	Greataxe	10	476	39	25	5	\N	205
Axe of Order	Greataxe	17	800	27	16	20	3101	205
Custom Axe	Greataxe	6	243	23	10	19	\N	206
Clockwork Axe	Greataxe	6	279	18	14	10	\N	206
General's Axe	Greataxe	6	253	36	24	8	3090	206
Accelerator Axe	Greataxe	18	850	30	20	9	\N	206
Turbine Axe	Greataxe	9	445	23	15	13	\N	207
Ceramic Axe	Greataxe	9	436	30	22	13	\N	207
Mechanized Axe	Greataxe	9	418	15	8	16	\N	207
Admiral's Axe	Greataxe	18	834	23	10	18	3104	207
Ancient Axe	Greataxe	8	387	33	14	10	\N	208
Elder Axe	Greataxe	8	369	24	8	18	\N	208
Antique Greataxe	Greataxe	8	413	48	12	8	3091	208
Legendary Axe	Greataxe	19	875	45	15	9	\N	208
Agarthan Axe	Greataxe	11	550	33	14	10	\N	209
Axe of El Dorado	Greataxe	11	503	27	8	18	\N	209
Axe of Eden	Greataxe	11	514	45	18	8	\N	209
Sealed Hatchet	Greataxe	19	840	30	5	21	3102	209
Adamant Axe	Greataxe	9	445	38	32	3	\N	210
Wootz Axe	Greataxe	9	432	23	15	11	\N	210
Axe of Fortune	Greataxe	9	467	30	20	7	3095	210
Orichalcum Axe	Greataxe	19	892	36	18	8	\N	210
Sigma Axe	Greataxe	12	564	41	33	3	\N	211
Delta Axe	Greataxe	12	547	23	15	12	\N	211
Truestrike Axe	Greataxe	12	598	30	18	7	3118	211
Mythical Greataxe	Greataxe	19	866	60	32	3	3105	211
Axe of Despair	Greataxe	13	587	30	18	8	\N	212
Axe of Chaos	Greataxe	13	641	38	22	4	\N	212
Reactionary Axe	Greataxe	13	605	54	38	2	3114	212
Axe of Thanatos	Greataxe	20	898	30	20	22	\N	213
Axe of Banishing	Greataxe	20	916	54	40	2	\N	213
Ruinous Hatchet	Greataxe	20	934	45	30	5	3090	213
Axe of Origin	Greataxe	14	658	27	28	8	\N	214
Eternal Axe	Greataxe	14	697	15	18	10	\N	214
Final Axe	Greataxe	14	638	9	12	16	\N	214
Satellite Axe	Greataxe	20	907	8	20	23	\N	215
Meteorite Axe	Greataxe	20	952	30	25	8	\N	215
Galaxy Dusking	Greataxe	20	943	6	27	15	3118	215
Primitive Lance	Megalance	1	18	4	19	5	\N	221
Plain Lance	Megalance	1	23	4	19	5	\N	221
Flatform Lance	Megalance	3	67	4	19	5	\N	221
Ornate Lance	Megalance	15	668	5	25	4	3128	221
Breaker Lance	Megalance	5	176	4	26	4	\N	222
Duelist's Lance	Megalance	5	191	6	20	5	\N	222
Battle Lance	Megalance	5	168	3	10	8	\N	222
Snare Lance	Megalance	15	636	3	13	11	3129	222
Spike Lance	Megalance	2	36	6	31	4	\N	223
Needle Lance	Megalance	2	47	6	31	4	\N	223
Sharp Lance	Megalance	3	90	6	31	4	\N	223
Stinger Lance	Megalance	16	704	8	31	3	\N	223
Lance of Harm	Megalance	7	312	6	26	3	\N	224
Lance of Torment	Megalance	7	265	5	20	6	\N	224
Plague Lance	Megalance	7	285	8	38	2	\N	224
Dread Lance	Megalance	16	677	5	23	6	3099	224
Knight's Lance	Megalance	4	116	5	25	5	\N	225
Guardian's Lance	Megalance	4	128	6	20	4	\N	225
Cleric's Lance	Megalance	4	140	6	23	5	3093	225
Valkyrie's Lance	Megalance	17	742	6	28	4	\N	225
Paladin's Lance	Megalance	10	450	5	20	4	\N	226
Holy Lance	Megalance	10	416	4	13	7	\N	226
Lance of Valor	Megalance	10	425	7	31	3	\N	226
Lance of Longinus	Megalance	17	713	5	20	10	3101	226
Custom Lance	Megalance	6	216	4	13	9	\N	227
Clockwork Lance	Megalance	6	248	3	18	5	\N	227
Charged Lance	Megalance	6	225	6	30	4	3095	227
Accelerator Lance	Megalance	18	759	5	25	5	\N	227
Turbine Lance	Megalance	9	397	4	19	6	\N	228
Ceramic Lance	Megalance	9	389	5	28	6	\N	228
Mechanized Lance	Megalance	9	373	3	10	8	\N	228
Stalk, Mecha-Spear	Megalance	18	743	4	13	9	3104	228
Ancient Lance	Megalance	8	345	6	18	5	\N	229
Elder Lance	Megalance	8	329	4	10	9	\N	229
Ancestral Lance	Megalance	8	368	8	15	4	3090	229
Legendary Lance	Megalance	19	780	8	19	5	\N	229
Agarthan Lance	Megalance	11	490	6	18	5	\N	230
Lance of El Dorado	Megalance	11	448	5	10	9	\N	230
Lance of Eden	Megalance	11	457	8	23	4	\N	230
Empress' Lance	Megalance	19	749	5	6	11	3102	230
Adamant Lance	Megalance	9	397	6	40	2	\N	231
Wootz Lance	Megalance	9	385	4	19	6	\N	231
The Phalanx	Megalance	9	417	5	25	4	3091	231
Orichalcum Lance	Megalance	19	795	6	23	4	\N	231
Sigma Lance	Megalance	12	503	7	41	2	\N	232
Delta Lance	Megalance	12	488	4	19	6	\N	232
Nuclear Lance	Megalance	12	533	5	23	4	3118	232
Vindicator	Megalance	19	772	10	40	1	3105	232
Lance of Despair	Megalance	13	523	5	23	4	\N	233
Lance of Chaos	Megalance	13	571	6	28	2	\N	233
Vampiric Lance	Megalance	13	539	9	48	1	3116	233
Lance of Thanatos	Megalance	20	800	5	25	11	\N	234
Lance of Banishing	Megalance	20	816	9	50	1	\N	234
Warhead	Megalance	20	832	8	38	3	3107	234
Lance of Origin	Megalance	14	587	5	35	4	\N	235
Eternal Lance	Megalance	14	622	3	23	5	\N	235
Final Lance	Megalance	14	569	2	15	8	\N	235
Satellite Lance	Megalance	20	808	1	25	12	\N	236
Meteorite Lance	Megalance	20	848	5	31	4	\N	236
Extinction Event	Megalance	20	840	1	34	8	3106	236
Primitive Cannon	Ether Cannon	1	19	4	8	5	\N	242
Plain Cannon	Ether Cannon	1	25	4	8	5	\N	242
Flatform Cannon	Ether Cannon	3	70	4	8	5	\N	242
Ornate Cannon	Ether Cannon	15	697	5	10	4	3128	242
Breaker Cannon	Ether Cannon	5	183	4	11	4	\N	243
Duelist's Cannon	Ether Cannon	5	199	6	8	5	\N	243
Battle Cannon	Ether Cannon	5	175	3	4	8	\N	243
Snare Cannon	Ether Cannon	15	664	3	5	11	3129	243
Osseous Cannon	Ether Cannon	2	37	6	13	4	\N	244
Roaring Cannon	Ether Cannon	2	48	6	13	4	\N	244
Loud Cannon	Ether Cannon	3	95	6	13	4	\N	244
Skull Cannon	Ether Cannon	16	735	8	13	3	\N	244
Gourmand's Cannon	Ether Cannon	7	327	6	11	3	\N	245
Monstrous Cannon	Ether Cannon	7	277	5	8	6	\N	245
Brutal Cannon	Ether Cannon	7	298	8	15	2	\N	245
Glutton's Cannon	Ether Cannon	16	707	5	9	6	3099	245
Knight's Cannon	Ether Cannon	4	121	5	10	5	\N	246
Guardian's Cannon	Ether Cannon	4	133	6	8	4	\N	246
Sniper Cannon	Ether Cannon	4	146	6	9	5	3127	246
Valkyrie's Cannon	Ether Cannon	17	774	6	11	4	\N	246
Paladin's Cannon	Ether Cannon	10	470	5	8	4	\N	247
Holy Cannon	Ether Cannon	10	435	4	5	7	\N	247
Cannon of Valor	Ether Cannon	10	444	7	13	3	\N	247
Buzzard Cannon	Ether Cannon	17	744	5	8	10	3101	247
Custom Cannon	Ether Cannon	6	226	4	5	9	\N	248
Clockwork Cannon	Ether Cannon	6	260	3	7	5	\N	248
Darkseeker	Ether Cannon	6	235	6	12	4	3125	248
Accelerator Cannon	Ether Cannon	18	792	5	10	5	\N	248
Turbine Cannon	Ether Cannon	9	414	4	8	6	\N	249
Ceramic Cannon	Ether Cannon	9	406	5	11	6	\N	249
Mechanized Cannon	Ether Cannon	9	389	3	4	8	\N	249
Full Metal Cannon	Ether Cannon	18	776	4	5	9	3104	249
Ancient Cannon	Ether Cannon	8	360	6	7	5	\N	250
Elder Cannon	Ether Cannon	8	343	4	4	9	\N	250
Arcanum Cannon	Ether Cannon	8	384	8	6	4	3093	250
Legendary Cannon	Ether Cannon	19	813	8	8	5	\N	250
Agarthan Cannon	Ether Cannon	11	511	6	7	5	\N	251
Cannon of El Dorado	Ether Cannon	11	468	5	4	9	\N	251
Cannon of Eden	Ether Cannon	11	477	8	9	4	\N	251
Gordian Cannon	Ether Cannon	19	781	5	3	11	3102	251
Adamant Cannon	Ether Cannon	9	414	6	16	2	\N	252
Wootz Cannon	Ether Cannon	9	402	4	8	6	\N	252
Silent Gunner	Ether Cannon	9	435	5	10	4	3122	252
Orichalcum Cannon	Ether Cannon	19	829	6	9	4	\N	252
Sigma Cannon	Ether Cannon	12	524	7	17	2	\N	253
Delta Cannon	Ether Cannon	12	508	4	8	6	\N	253
The Longstone	Ether Cannon	12	555	5	9	4	3127	253
Cannon of Babel	Ether Cannon	19	805	10	16	1	3105	253
Cannon of Despair	Ether Cannon	13	546	5	9	4	\N	254
Cannon of Chaos	Ether Cannon	13	597	6	11	2	\N	254
Spectral Cannon	Ether Cannon	13	563	9	19	1	3122	254
Cannon of Thanatos	Ether Cannon	20	836	5	10	11	\N	255
Cannon of Banishing	Ether Cannon	20	852	9	20	1	\N	255
The Ashen Horse	Ether Cannon	20	869	8	15	3	3122	255
Cannon of Origin	Ether Cannon	14	612	5	14	4	\N	256
Eternal Cannon	Ether Cannon	14	649	3	9	5	\N	256
Final Cannon	Ether Cannon	14	594	2	6	8	\N	256
Satellite Cannon	Ether Cannon	20	844	1	10	12	\N	257
Meteorite Cannon	Ether Cannon	20	886	5	13	4	\N	257
Regurgitator	Ether Cannon	20	878	1	14	8	3111	257
Primitive Hammer	Shield Hammer	1	16	15	4	25	\N	263
Plain Hammer	Shield Hammer	1	21	15	4	25	\N	263
Flatform Hammer	Shield Hammer	3	58	15	4	25	\N	263
Ornate Hammer	Shield Hammer	15	581	20	5	19	3128	263
Breaker Hammer	Shield Hammer	5	153	15	5	20	\N	264
Duelist's Hammer	Shield Hammer	5	166	22	4	25	\N	264
Battle Hammer	Shield Hammer	5	145	12	2	38	\N	264
Snare Hammer	Shield Hammer	15	553	10	3	55	3129	264
Horn Hammer	Shield Hammer	2	31	25	6	19	\N	265
Beastly Hammer	Shield Hammer	2	40	25	6	19	\N	265
Raider's Hammer	Shield Hammer	3	78	25	6	19	\N	265
Crushing Hammer	Shield Hammer	16	613	30	6	13	\N	265
Druid's Hammer	Shield Hammer	7	272	22	5	14	\N	266
Forest Hammer	Shield Hammer	7	231	18	4	29	\N	266
Highland Hammer	Shield Hammer	7	248	30	8	8	\N	266
Gaia Hammer	Shield Hammer	16	589	20	5	28	3099	266
Knight's Hammer	Shield Hammer	4	101	20	5	25	\N	267
Guardian's Hammer	Shield Hammer	4	111	24	4	20	\N	267
Concert Hammer	Shield Hammer	4	122	22	5	23	3121	267
Valkyrie's Hammer	Shield Hammer	17	645	24	6	19	\N	267
Paladin's Hammer	Shield Hammer	10	392	18	4	18	\N	268
Holy Hammer	Shield Hammer	10	362	14	3	35	\N	268
Hammer of Valor	Shield Hammer	10	369	26	6	13	\N	268
The Maestro	Shield Hammer	17	620	18	4	50	3101	268
Custom Hammer	Shield Hammer	6	188	15	3	47	\N	269
Clockwork Hammer	Shield Hammer	6	216	12	4	25	\N	269
Sonic Hammer	Shield Hammer	6	196	24	6	20	3121	269
Accelerator Hammer	Shield Hammer	18	660	20	5	23	\N	269
Turbine Hammer	Shield Hammer	9	345	15	4	31	\N	270
Ceramic Hammer	Shield Hammer	9	338	20	6	31	\N	270
Mechanized Hammer	Shield Hammer	9	324	10	2	40	\N	270
The Flattener	Shield Hammer	18	646	15	3	45	3104	270
Ancient Hammer	Shield Hammer	8	300	22	4	25	\N	271
Elder Hammer	Shield Hammer	8	286	16	2	45	\N	271
Faultless	Shield Hammer	8	320	32	3	20	3098	271
Legendary Hammer	Shield Hammer	19	678	30	4	23	\N	271
Agarthan Hammer	Shield Hammer	11	426	22	4	25	\N	272
Hammer of El Dorado	Shield Hammer	11	390	18	2	45	\N	272
Hammer of Eden	Shield Hammer	11	398	30	5	20	\N	272
Nautilus Hammer	Shield Hammer	19	651	20	1	53	3102	272
Adamant Hammer	Shield Hammer	9	345	25	8	8	\N	273
Wootz Hammer	Shield Hammer	9	335	15	4	28	\N	273
Infallible	Shield Hammer	9	362	20	5	18	3096	273
Orichalcum Hammer	Shield Hammer	19	691	24	5	19	\N	273
Sigma Hammer	Shield Hammer	12	437	27	8	8	\N	274
Delta Hammer	Shield Hammer	12	424	15	4	30	\N	274
Growler Half-Full	Shield Hammer	12	463	20	5	18	3123	274
Traitor to the Cause	Shield Hammer	19	671	40	8	6	3105	274
Hammer of Despair	Shield Hammer	13	455	20	5	20	\N	275
Hammer of Chaos	Shield Hammer	13	497	25	6	10	\N	275
Demon's Hoof	Shield Hammer	13	469	36	10	5	3123	275
Hammer of Thanatos	Shield Hammer	20	696	20	5	55	\N	276
Hammer of Banishing	Shield Hammer	20	710	36	10	5	\N	276
The Lidless Eye	Shield Hammer	20	724	30	8	13	3090	276
Hammer of Origin	Shield Hammer	14	510	18	7	19	\N	277
Eternal Hammer	Shield Hammer	14	541	10	5	25	\N	277
Final Hammer	Shield Hammer	14	495	6	3	40	\N	277
Satellite Hammer	Shield Hammer	20	703	5	5	58	\N	278
Meteorite Hammer	Shield Hammer	20	738	20	6	20	\N	278
Graviton Smasher	Shield Hammer	20	731	4	7	38	3123	278
Nameless Katana	Chroma Katana	1	17	4	19	20	\N	283
Eastern Tachi	Chroma Katana	1	22	4	19	20	\N	283
Vagrant Tachi	Chroma Katana	3	61	4	19	20	\N	283
Katana of Plenty	Chroma Katana	15	610	5	25	15	3128	283
Breaker Tachi	Chroma Katana	5	160	4	26	16	\N	284
Duelist's Tachi	Chroma Katana	5	174	6	20	20	\N	284
War Tachi	Chroma Katana	5	153	3	10	30	\N	284
Plunder Katana	Chroma Katana	15	581	3	13	44	3129	284
Wildflower Tachi	Chroma Katana	2	33	6	31	15	\N	285
Meadow Katana	Chroma Katana	2	43	6	31	15	\N	285
Herbalist's Katana	Chroma Katana	3	82	6	31	15	\N	285
Katana of Springtime	Chroma Katana	16	643	8	31	10	\N	285
Shadeleaf Tachi	Chroma Katana	7	286	6	26	11	\N	286
Budding Katana	Chroma Katana	7	242	5	20	23	\N	286
Greenbough Tachi	Chroma Katana	7	260	8	38	6	\N	286
Aesthete's Katana	Chroma Katana	16	618	5	23	22	3100	286
Warrior's Tachi	Chroma Katana	4	106	5	25	20	\N	287
Yojimbo	Chroma Katana	4	117	6	20	16	\N	287
Fencer's Tachi	Chroma Katana	4	128	6	23	18	3125	287
Flowing Tachi	Chroma Katana	17	677	6	28	15	\N	287
Flagbearer's Tachi	Chroma Katana	10	412	5	20	14	\N	288
Lifeline Katana	Chroma Katana	10	380	4	13	28	\N	288
Brave Katana	Chroma Katana	10	388	7	31	10	\N	288
Clearglass Katana	Chroma Katana	17	651	5	20	40	3101	288
Trick Katana	Chroma Katana	6	197	4	13	38	\N	289
Blackiron Tachi	Chroma Katana	6	227	3	18	20	\N	289
Eightfold Tachi	Chroma Katana	6	205	6	30	16	3093	289
Armored Tachi	Chroma Katana	18	693	5	25	18	\N	289
Mechatronic Tachi	Chroma Katana	9	362	4	19	25	\N	290
Steamdrive Tachi	Chroma Katana	9	355	5	28	25	\N	290
Galvanic Katana	Chroma Katana	9	340	3	10	32	\N	290
Deus Ex Tachi	Chroma Katana	18	679	4	13	36	3104	290
Antique Tachi	Chroma Katana	8	315	6	18	20	\N	291
Eternal Tachi	Chroma Katana	8	300	4	10	36	\N	291
Mysterious Tachi	Chroma Katana	8	336	8	15	16	3094	291
Legendary Tachi	Chroma Katana	19	712	8	19	18	\N	291
Tectonic Katana	Chroma Katana	11	447	6	18	20	\N	292
24-Carat Tachi	Chroma Katana	11	409	5	10	36	\N	292
Neverdull Tachi	Chroma Katana	11	418	8	23	16	\N	292
Illusive Tachi	Chroma Katana	19	684	5	6	42	3102	292
Tempered Katana	Chroma Katana	9	362	6	40	6	\N	293
Darksilver Tachi	Chroma Katana	9	351	4	19	22	\N	293
Rippling Tachi	Chroma Katana	9	380	5	25	14	3091	293
Unbreakable Katana	Chroma Katana	19	726	6	23	15	\N	293
Zero Tachi	Chroma Katana	12	459	7	41	6	\N	294
Zetsu	Chroma Katana	12	445	4	19	24	\N	294
Dimensional Katana	Chroma Katana	12	487	5	23	14	3103	294
The Empty Sky	Chroma Katana	19	705	10	40	5	3105	294
Katana of Lost Hopes	Chroma Katana	13	477	5	23	16	\N	295
Katana of Chaos	Chroma Katana	13	522	6	28	8	\N	295
Katana of Demise	Chroma Katana	13	492	9	48	4	3119	295
Katana of Slaughter	Chroma Katana	20	731	5	25	44	\N	296
Exorcist's Katana	Chroma Katana	20	745	9	50	4	\N	296
Wisdom's Cradle	Chroma Katana	20	760	8	38	10	3116	296
Original Tachi	Chroma Katana	14	536	5	35	15	\N	297
Tachi of Forever	Chroma Katana	14	568	3	23	20	\N	297
All That Is	Chroma Katana	14	520	2	15	32	\N	297
Celestial Tachi	Chroma Katana	20	738	1	25	46	\N	298
Shooting Star Katana	Chroma Katana	20	775	5	31	16	\N	298
Andromeda	Chroma Katana	20	768	1	34	30	3114	298
Primitive Ball	Bitball	1	14	19	11	10	\N	303
Plain Ball	Bitball	1	18	19	11	10	\N	303
Flatform Ball	Bitball	3	49	19	11	10	\N	303
Ornate Ball	Bitball	15	494	25	15	8	3128	303
Breaker Ball	Bitball	5	129	19	16	8	\N	304
Duelist's Ball	Bitball	5	140	28	12	10	\N	304
Battle Ball	Bitball	5	123	15	6	15	\N	304
Snare Ball	Bitball	15	470	13	8	22	3129	304
Wooden Ball	Bitball	2	26	31	19	8	\N	305
Maple Ball	Bitball	2	34	31	19	8	\N	305
Birch Ball	Bitball	3	66	31	19	8	\N	305
Pine Ball	Bitball	16	521	38	19	5	\N	305
Linden Ball	Bitball	7	232	28	16	6	\N	306
Camellia Ball	Bitball	7	197	23	12	12	\N	306
Magnolia Ball	Bitball	7	211	38	23	3	\N	306
Ivy Ball	Bitball	16	501	25	14	11	3100	306
Knight's Ball	Bitball	4	86	25	15	10	\N	307
Guardian's Ball	Bitball	4	95	30	12	8	\N	307
Chancy Ball	Bitball	4	104	28	14	9	3095	307
Valkyrie's Ball	Bitball	17	548	30	17	8	\N	307
Paladin's Ball	Bitball	10	333	23	12	7	\N	308
Holy Ball	Bitball	10	307	18	8	14	\N	308
Ball of Valor	Bitball	10	314	33	19	5	\N	308
Homing Ball	Bitball	17	527	23	12	20	3101	308
Custom Ball	Bitball	6	160	19	8	19	\N	309
Clockwork Ball	Bitball	6	184	15	11	10	\N	309
Stealth Ball	Bitball	6	166	30	18	8	3120	309
Accelerator Ball	Bitball	18	561	25	15	9	\N	309
Turbine Ball	Bitball	9	293	19	11	13	\N	310
Ceramic Ball	Bitball	9	287	25	17	13	\N	310
Mechanized Ball	Bitball	9	275	13	6	16	\N	310
Advanced Ball	Bitball	18	549	19	8	18	3104	310
Ancient Ball	Bitball	8	255	28	11	10	\N	311
Elder Ball	Bitball	8	243	20	6	18	\N	311
Spirit Ball	Bitball	8	272	40	9	8	3093	311
Legendary Ball	Bitball	19	576	38	11	9	\N	311
Agarthan Ball	Bitball	11	363	28	11	10	\N	312
Ball of El Dorado	Bitball	11	332	23	6	18	\N	312
Ball of Eden	Bitball	11	339	38	14	8	\N	312
Jewel of Yore	Bitball	19	553	25	4	21	3102	312
Adamant Ball	Bitball	9	293	31	24	3	\N	313
Wootz Ball	Bitball	9	284	19	11	11	\N	313
The Peacemaker	Bitball	9	308	25	15	7	3124	313
Orichalcum Ball	Bitball	19	587	30	14	8	\N	313
Sigma Ball	Bitball	12	371	34	25	3	\N	314
Delta Ball	Bitball	12	360	19	11	12	\N	314
Cypher	Bitball	12	393	25	14	7	3097	314
Omega Ball	Bitball	19	570	50	24	3	3105	314
Ball of Despair	Bitball	13	387	25	14	8	\N	315
Ball of Chaos	Bitball	13	423	31	17	4	\N	315
Public Enemy No. 1	Bitball	13	399	45	29	2	3120	315
Ball of Thanatos	Bitball	20	592	25	15	22	\N	316
Ball of Banishing	Bitball	20	604	45	30	2	\N	316
Morningstar Ascending	Bitball	20	616	38	23	5	3124	316
Ball of Origin	Bitball	14	434	23	21	8	\N	317
Eternal Ball	Bitball	14	460	13	14	10	\N	317
Final Ball	Bitball	14	421	8	9	16	\N	317
Satellite Ball	Bitball	20	598	6	15	23	\N	318
Meteorite Ball	Bitball	20	628	25	19	8	\N	318
Eclipse of Reason	Bitball	20	622	5	20	15	3122	318
Primitive Knuckles	Knuckle Claws	1	16	4	15	10	\N	324
Plain Knuckles	Knuckle Claws	1	21	4	15	10	\N	324
Flatform Knuckles	Knuckle Claws	3	59	4	15	10	\N	324
Ornate Knuckles	Knuckle Claws	15	592	5	20	8	3128	324
Breaker Knuckles	Knuckle Claws	5	156	4	21	8	\N	326
Duelist's Knuckles	Knuckle Claws	5	169	6	16	10	\N	326
Battle Knuckles	Knuckle Claws	5	148	3	8	15	\N	326
Snare Knuckles	Knuckle Claws	15	564	3	10	22	3129	326
Knuckles of the Crow	Knuckle Claws	2	32	6	25	8	\N	328
Peak Knuckles	Knuckle Claws	2	42	6	25	8	\N	328
Crested Knuckles	Knuckle Claws	3	80	6	25	8	\N	328
Titan Knuckles	Knuckle Claws	16	625	8	25	5	\N	328
Raider's Knuckles	Knuckle Claws	7	278	6	21	6	\N	330
Jawbone Knuckles	Knuckle Claws	7	236	5	16	12	\N	330
Bear Knuckles	Knuckle Claws	7	253	8	30	3	\N	330
Chimaera Knuckles	Knuckle Claws	16	601	5	18	11	3100	330
Knight's Knuckles	Knuckle Claws	4	103	5	20	10	\N	332
Guardian's Knuckles	Knuckle Claws	4	113	6	16	8	\N	332
Face Punchers	Knuckle Claws	4	125	6	18	9	3090	332
Valkyrie's Knuckles	Knuckle Claws	17	657	6	22	8	\N	332
Paladin's Knuckles	Knuckle Claws	10	399	5	16	7	\N	334
Holy Knuckles	Knuckle Claws	10	369	4	10	14	\N	334
Knuckles of Valor	Knuckle Claws	10	376	7	25	5	\N	334
Kaiser Knuckles	Knuckle Claws	17	632	5	16	20	3101	334
Custom Knuckles	Knuckle Claws	6	192	4	10	19	\N	336
Clockwork Knuckles	Knuckle Claws	6	221	3	14	10	\N	336
Brawler Knuckles	Knuckle Claws	6	200	6	24	8	3095	336
Accelerator Knuckles	Knuckle Claws	18	673	5	20	9	\N	336
Turbine Knuckles	Knuckle Claws	9	352	4	15	13	\N	338
Ceramic Knuckles	Knuckle Claws	9	345	5	22	13	\N	338
Mechanized Knuckles	Knuckle Claws	9	331	3	8	16	\N	338
Thunderstrikers	Knuckle Claws	18	659	4	10	18	3104	338
Ancient Knuckles	Knuckle Claws	8	307	6	14	10	\N	340
Elder Knuckles	Knuckle Claws	8	292	4	8	18	\N	340
Mirage Knuckles	Knuckle Claws	8	327	8	12	8	3120	340
Legendary Knuckles	Knuckle Claws	19	691	8	15	9	\N	340
Agarthan Knuckles	Knuckle Claws	11	435	6	14	10	\N	342
Knuckles of El Dorado	Knuckle Claws	11	398	5	8	18	\N	342
Knuckles of Eden	Knuckle Claws	11	406	8	18	8	\N	342
Fists of the Advent	Knuckle Claws	19	663	5	5	21	3102	342
Adamant Knuckles	Knuckle Claws	9	352	6	32	3	\N	344
Wootz Knuckles	Knuckle Claws	9	341	4	15	11	\N	344
Fists of Healing	Knuckle Claws	9	370	5	20	7	3116	344
Orichalcum Knuckles	Knuckle Claws	19	705	6	18	8	\N	344
Sigma Knuckles	Knuckle Claws	12	446	7	33	3	\N	346
Delta Knuckles	Knuckle Claws	12	433	4	15	12	\N	346
Lambda Knuckles	Knuckle Claws	12	473	5	18	7	3094	346
Spirits of the Knife	Knuckle Claws	19	684	10	32	3	3105	346
Knuckles of Despair	Knuckle Claws	13	464	5	18	8	\N	348
Knuckles of Chaos	Knuckle Claws	13	507	6	22	4	\N	348
Hands of Ruin	Knuckle Claws	13	478	9	38	2	3091	348
Knuckles of Thanatos	Knuckle Claws	20	710	5	20	22	\N	350
Knuckles of Banishing	Knuckle Claws	20	724	9	40	2	\N	350
Sacrifice	Knuckle Claws	20	739	8	30	5	3116	350
Knuckles of Origin	Knuckle Claws	14	520	5	28	8	\N	352
Eternal Knuckles	Knuckle Claws	14	551	3	18	10	\N	352
Final Knuckles	Knuckle Claws	14	504	2	12	16	\N	352
Satellite Knuckles	Knuckle Claws	20	717	1	20	23	\N	354
Meteorite Knuckles	Knuckle Claws	20	753	5	25	8	\N	354
The First Principle	Knuckle Claws	20	746	1	27	15	3119	354
Junk Sword	Broadsword	1	15	10	5	0	\N	365
Masamune (Chapter 1)	Nodachi	2	47	1	25	0	\N	366
Masamune (Chapter 8)	Nodachi	12	656	1	35	0	\N	366
Thanatos	Sword Tonfa	2	43	15	15	20	\N	367
Aqua Scimitar	Catalyst Scimitar	10	451	5	10	20	\N	4
Basic Arms	Mech Arms	6	217	12	8	38	\N	73
Imperial Whips	Whipsword	6	203	8	10	47	\N	121
Purple Lightning Edge	Big Bang Edge	8	438	39	15	8	\N	152
Storm Scythes	Dual Scythes	3	90	11	36	5	\N	169
Tertiary Sword	Aegis Sword	20	1298	10	23	25	\N	1
Doomquills	Calamity Scythe	20	773	15	20	10	3116	368
Lance of Ages	Cobra Bardiche	20	879	10	40	5	3118	369
Divine Consorts	Infinity Fans	20	808	5	15	20	3114	371
Twin Mirage	Brilliant Twinblades	20	738	10	25	5	3119	373
Hearthaven	Decimation Cannon	20	879	15	15	10	3093	374
Royal Guard	Rockrending Gauntlets	20	738	10	10	35	3090	376
Bringer of the Winds	Sword Tonfa	20	773	15	15	25	3091	378
Masamune (Challenge Mode)	Nodachi	12	656	1	35	0	1277	366
Monado (Lead)	Monado	1	24	8	15	15	\N	381
Monado (Tin)	Monado	1	31	8	15	15	\N	381
Monado (Bronze)	Monado	3	87	8	15	15	\N	381
Monado (Silver)	Monado	15	872	10	20	11	3128	381
Monado (Iron)	Monado	5	229	8	21	12	\N	381
Monado (Cobalt)	Monado	5	248	11	16	15	\N	381
Monado (Steel)	Monado	5	218	6	8	23	\N	381
Monado (Gold)	Monado	15	830	5	10	33	3129	381
Monado (Fang)	Monado	2	47	13	25	11	\N	381
Monado (Wing)	Monado	2	61	13	25	11	\N	381
Monado (Scale)	Monado	3	117	13	25	11	\N	381
Monado (Horn)	Monado	16	919	15	25	8	\N	381
Monado (Wood)	Monado	7	409	11	21	8	\N	381
Monado (Flower)	Monado	7	347	9	16	17	\N	381
Monado (Glass)	Monado	7	372	15	30	5	\N	381
Monado (Forest)	Monado	16	884	10	18	17	3100	381
Monado (Turquoise)	Monado	4	152	10	20	15	\N	381
Monado (Spinel)	Monado	4	167	12	16	12	\N	381
Monado (Amethyst)	Monado	4	184	11	18	14	3093	381
Monado (Fluorite)	Monado	17	967	12	22	11	\N	381
Monado (Garnet)	Monado	10	588	9	16	11	\N	381
Monado (Aquamarine)	Monado	10	543	7	10	21	\N	381
Monado (Opal)	Monado	10	554	13	25	8	\N	381
Monado (Zircon)	Monado	17	930	9	16	30	3101	381
Monado (Coil)	Monado	6	282	8	10	28	\N	381
Monado (Chain)	Monado	6	324	6	14	15	\N	381
Monado (Magnet)	Monado	6	293	12	24	12	3093	381
Monado (Shaft)	Monado	18	990	10	20	14	\N	381
Monado (Battery)	Monado	9	518	8	15	19	\N	381
Monado (Engine)	Monado	9	508	10	22	19	\N	381
Monado (Motor)	Monado	9	487	5	8	24	\N	381
Monado (Booster)	Monado	18	970	8	10	27	3104	381
Monado (Tri-Chip)	Monado	8	450	11	14	15	\N	381
Monado (Rhombus)	Monado	8	429	8	8	27	\N	381
Monado (Pentagon)	Monado	8	480	16	12	12	3095	381
Monado (Hexagon)	Monado	19	1017	15	15	14	\N	381
Monado (Sphere)	Monado	11	639	11	14	15	\N	381
Monado (Cube)	Monado	11	585	9	8	27	\N	381
Monado (Polygon)	Monado	11	597	15	18	12	\N	381
Monado (Spiral)	Monado	19	977	10	5	32	3102	381
Monado (Lodranite)	Monado	9	518	13	32	5	\N	381
Monado (Brachinite)	Monado	9	502	8	15	17	\N	381
Monado (Ureilite)	Monado	9	544	10	20	11	3091	381
Monado (Winonaite)	Monado	19	1037	12	18	11	\N	381
Monado (Nakhlite)	Monado	12	656	14	33	5	\N	381
Monado (Howardite)	Monado	12	636	8	15	18	\N	381
Monado (Aubrite)	Monado	12	695	10	18	11	3119	381
Monado (Angrite)	Monado	19	1007	20	32	4	3105	381
Monado (Dark Matter)	Monado	13	683	10	18	12	\N	381
Monado (Axion)	Monado	13	746	13	22	6	\N	381
Monado (Mirror Matter)	Monado	13	704	18	38	3	3114	381
Monado (Shining Star)	Monado	20	1044	10	20	33	\N	381
Monado (Moon Matter)	Monado	20	1066	18	40	3	\N	381
Monado (Sunlight)	Monado	20	1087	15	30	8	3116	381
Monado (Photon)	Monado	14	765	9	28	11	\N	381
Monado (Positron)	Monado	14	811	5	18	15	\N	381
Monado (Hadron)	Monado	14	742	3	12	24	\N	381
Monado (Dilaton)	Monado	20	1055	3	20	35	\N	381
Monado (Preon)	Monado	20	1108	10	25	12	\N	381
Monado (Tachyon)	Monado	20	1097	2	27	23	3118	381
Well-Used Blades (Lead)	Knives	1	18	15	23	5	\N	383
Well-Used Blades (Tin)	Knives	1	23	15	23	5	\N	383
Well-Used Blades (Bronze)	Knives	3	65	15	23	5	\N	383
Well-Used Blades (Silver)	Knives	15	650	20	30	4	3128	383
Well-Used Blades (Iron)	Knives	5	171	15	32	4	\N	383
Well-Used Blades (Cobalt)	Knives	5	185	22	24	5	\N	383
Well-Used Blades (Steel)	Knives	5	163	12	12	8	\N	383
Well-Used Blades (Gold)	Knives	15	619	10	15	11	3129	383
Well-Used Blades (Fang)	Knives	2	35	25	38	4	\N	383
Well-Used Blades (Wing)	Knives	2	46	25	38	4	\N	383
Well-Used Blades (Scale)	Knives	3	88	25	38	4	\N	383
Well-Used Blades (Horn)	Knives	16	686	30	38	3	\N	383
Well-Used Blades (Wood)	Knives	7	305	22	32	3	\N	383
Well-Used Blades (Flower)	Knives	7	258	18	24	6	\N	383
Well-Used Blades (Glass)	Knives	7	277	30	45	2	\N	383
Well-Used Blades (Forest)	Knives	16	660	20	27	6	3100	383
Well-Used Blades (Turquoise)	Knives	4	113	20	30	5	\N	383
Well-Used Blades (Spinel)	Knives	4	124	24	24	4	\N	383
Well-Used Blades (Amethyst)	Knives	4	137	22	27	5	3095	383
Well-Used Blades (Fluorite)	Knives	17	722	24	33	4	\N	383
Well-Used Blades (Garnet)	Knives	10	439	18	24	4	\N	383
Well-Used Blades (Aquamarine)	Knives	10	405	14	15	7	\N	383
Well-Used Blades (Opal)	Knives	10	414	26	38	3	\N	383
Well-Used Blades (Zircon)	Knives	17	694	18	24	10	3101	383
Well-Used Blades (Coil)	Knives	6	211	15	15	9	\N	383
Well-Used Blades (Chain)	Knives	6	243	12	21	5	\N	383
Well-Used Blades (Magnet)	Knives	6	219	24	36	4	3125	383
Well-Used Blades (Shaft)	Knives	18	738	20	30	5	\N	383
Well-Used Blades (Battery)	Knives	9	386	15	23	6	\N	383
Well-Used Blades (Engine)	Knives	9	378	20	33	6	\N	383
Well-Used Blades (Motor)	Knives	9	363	10	12	8	\N	383
Well-Used Blades (Booster)	Knives	18	724	15	15	9	3104	383
Well-Used Blades (Tri-Chip)	Knives	8	336	22	21	5	\N	383
Well-Used Blades (Rhombus)	Knives	8	320	16	12	9	\N	383
Well-Used Blades (Pentagon)	Knives	8	358	32	18	4	3122	383
Well-Used Blades (Hexagon)	Knives	19	760	30	23	5	\N	383
Well-Used Blades (Sphere)	Knives	11	477	22	21	5	\N	383
Well-Used Blades (Cube)	Knives	11	437	18	12	9	\N	383
Well-Used Blades (Polygon)	Knives	11	446	30	27	4	\N	383
Well-Used Blades (Spiral)	Knives	19	729	20	8	11	3102	383
Well-Used Blades (Lodranite)	Knives	9	386	25	48	2	\N	383
Well-Used Blades (Brachinite)	Knives	9	374	15	23	6	\N	383
Well-Used Blades (Ureilite)	Knives	9	405	20	30	4	3122	383
Well-Used Blades (Winonaite)	Knives	19	775	24	27	4	\N	383
Well-Used Blades (Nakhlite)	Knives	12	489	27	50	2	\N	383
Well-Used Blades (Howardite)	Knives	12	474	15	23	6	\N	383
Well-Used Blades (Aubrite)	Knives	12	518	20	27	4	3092	383
Well-Used Blades (Angrite)	Knives	19	752	40	48	1	3105	383
Well-Used Blades (Dark Matter)	Knives	13	509	20	27	4	\N	383
Well-Used Blades (Axion)	Knives	13	557	25	33	2	\N	383
Well-Used Blades (Mirror Matter)	Knives	13	525	36	57	1	3094	383
Well-Used Blades (Shining Star)	Knives	20	779	20	30	11	\N	383
Well-Used Blades (Moon Matter)	Knives	20	795	36	60	1	\N	383
Well-Used Blades (Sunlight)	Knives	20	811	30	45	3	3119	383
Well-Used Blades (Photon)	Knives	14	571	18	42	4	\N	383
Well-Used Blades (Positron)	Knives	14	605	10	27	5	\N	383
Well-Used Blades (Hadron)	Knives	14	554	6	18	8	\N	383
Well-Used Blades (Dilaton)	Knives	20	787	5	30	12	\N	383
Well-Used Blades (Preon)	Knives	20	826	20	38	4	\N	383
Well-Used Blades (Tachyon)	Knives	20	818	4	41	8	3118	383
Archetype Ralzes (Lead)	Dual Swords	1	20	8	19	10	\N	399
Archetype Ralzes (Tin)	Dual Swords	1	26	8	19	10	\N	399
Archetype Ralzes (Bronze)	Dual Swords	3	74	8	19	10	\N	399
Archetype Ralzes (Silver)	Dual Swords	15	743	10	25	8	3128	399
Archetype Ralzes (Iron)	Dual Swords	5	195	8	26	8	\N	399
Archetype Ralzes (Cobalt)	Dual Swords	5	212	11	20	10	\N	399
Archetype Ralzes (Steel)	Dual Swords	5	186	6	10	15	\N	399
Archetype Ralzes (Gold)	Dual Swords	15	708	5	13	22	3129	399
Archetype Ralzes (Fang)	Dual Swords	2	40	13	31	8	\N	399
Archetype Ralzes (Wing)	Dual Swords	2	52	13	31	8	\N	399
Archetype Ralzes (Scale)	Dual Swords	3	100	13	31	8	\N	399
Archetype Ralzes (Horn)	Dual Swords	16	784	15	31	5	\N	399
Archetype Ralzes (Wood)	Dual Swords	7	348	11	26	6	\N	399
Archetype Ralzes (Flower)	Dual Swords	7	295	9	20	12	\N	399
Archetype Ralzes (Glass)	Dual Swords	7	317	15	38	3	\N	399
Archetype Ralzes (Forest)	Dual Swords	16	754	10	23	11	3100	399
Archetype Ralzes (Turquoise)	Dual Swords	4	129	10	25	10	\N	399
Archetype Ralzes (Spinel)	Dual Swords	4	142	12	20	8	\N	399
Archetype Ralzes (Amethyst)	Dual Swords	4	156	11	23	9	3095	399
Archetype Ralzes (Fluorite)	Dual Swords	17	826	12	28	8	\N	399
Archetype Ralzes (Garnet)	Dual Swords	10	501	9	20	7	\N	399
Archetype Ralzes (Aquamarine)	Dual Swords	10	463	7	13	14	\N	399
Archetype Ralzes (Opal)	Dual Swords	10	472	13	31	5	\N	399
Archetype Ralzes (Zircon)	Dual Swords	17	794	9	20	20	3101	399
Archetype Ralzes (Coil)	Dual Swords	6	241	8	13	19	\N	399
Archetype Ralzes (Chain)	Dual Swords	6	277	6	18	10	\N	399
Archetype Ralzes (Magnet)	Dual Swords	6	251	12	30	8	3091	399
Archetype Ralzes (Shaft)	Dual Swords	18	844	10	25	9	\N	399
Archetype Ralzes (Battery)	Dual Swords	9	442	8	19	13	\N	399
Archetype Ralzes (Engine)	Dual Swords	9	433	10	28	13	\N	399
Archetype Ralzes (Motor)	Dual Swords	9	415	5	10	16	\N	399
Archetype Ralzes (Booster)	Dual Swords	18	828	8	13	18	3104	399
Archetype Ralzes (Tri-Chip)	Dual Swords	8	384	11	18	10	\N	399
Archetype Ralzes (Rhombus)	Dual Swords	8	366	8	10	18	\N	399
Archetype Ralzes (Pentagon)	Dual Swords	8	410	16	15	8	3094	399
Archetype Ralzes (Hexagon)	Dual Swords	19	868	15	19	9	\N	399
Archetype Ralzes (Sphere)	Dual Swords	11	546	11	18	10	\N	399
Archetype Ralzes (Cube)	Dual Swords	11	500	9	10	18	\N	399
Archetype Ralzes (Polygon)	Dual Swords	11	510	15	23	8	\N	399
Archetype Ralzes (Spiral)	Dual Swords	19	833	10	6	21	3102	399
Archetype Ralzes (Lodranite)	Dual Swords	9	442	13	40	3	\N	399
Archetype Ralzes (Brachinite)	Dual Swords	9	429	8	19	11	\N	399
Archetype Ralzes (Ureilite)	Dual Swords	9	464	10	25	7	3095	399
Archetype Ralzes (Winonaite)	Dual Swords	19	885	12	23	8	\N	399
Archetype Ralzes (Nakhlite)	Dual Swords	12	559	14	41	3	\N	399
Archetype Ralzes (Howardite)	Dual Swords	12	542	8	19	12	\N	399
Archetype Ralzes (Aubrite)	Dual Swords	12	593	10	23	7	3107	399
Archetype Ralzes (Angrite)	Dual Swords	19	859	20	40	3	3105	399
Archetype Ralzes (Dark Matter)	Dual Swords	13	582	10	23	8	\N	399
Archetype Ralzes (Axion)	Dual Swords	13	636	13	28	4	\N	399
Archetype Ralzes (Mirror Matter)	Dual Swords	13	600	18	48	2	3119	399
Archetype Ralzes (Shining Star)	Dual Swords	20	891	10	25	22	\N	399
Archetype Ralzes (Moon Matter)	Dual Swords	20	909	18	50	2	\N	399
Archetype Ralzes (Sunlight)	Dual Swords	20	927	15	38	5	3109	399
Archetype Ralzes (Photon)	Dual Swords	14	653	9	35	8	\N	399
Archetype Ralzes (Positron)	Dual Swords	14	692	5	23	10	\N	399
Archetype Ralzes (Hadron)	Dual Swords	14	633	3	15	16	\N	399
Archetype Ralzes (Dilaton)	Dual Swords	20	900	3	25	23	\N	399
Archetype Ralzes (Preon)	Dual Swords	20	945	10	31	8	\N	399
Archetype Ralzes (Tachyon)	Dual Swords	20	936	2	34	15	3118	399
Halteclere (Lead)	Uchigatana	1	20	4	23	25	\N	384
Halteclere (Tin)	Uchigatana	1	26	4	23	25	\N	283
Halteclere (Bronze)	Uchigatana	3	71	4	23	25	\N	283
Halteclere (Silver)	Uchigatana	15	714	5	30	19	3128	283
Halteclere (Iron)	Uchigatana	5	188	4	32	20	\N	284
Halteclere (Cobalt)	Uchigatana	5	204	6	24	25	\N	284
Halteclere (Steel)	Uchigatana	5	179	3	12	38	\N	284
Halteclere (Gold)	Uchigatana	15	680	3	15	55	3129	284
Halteclere (Fang)	Uchigatana	2	38	6	38	19	\N	285
Halteclere (Wing)	Uchigatana	2	49	6	38	19	\N	285
Halteclere (Scale)	Uchigatana	3	96	6	38	19	\N	285
Halteclere (Horn)	Uchigatana	16	753	8	38	13	\N	285
Halteclere (Wood)	Uchigatana	7	335	6	32	14	\N	286
Halteclere (Flower)	Uchigatana	7	284	5	24	29	\N	286
Halteclere (Glass)	Uchigatana	7	305	8	45	8	\N	286
Halteclere (Forest)	Uchigatana	16	724	5	27	28	3100	286
Halteclere (Turquoise)	Uchigatana	4	124	5	30	25	\N	287
Halteclere (Spinel)	Uchigatana	4	136	6	24	20	\N	287
Halteclere (Amethyst)	Uchigatana	4	150	6	27	23	3125	287
Halteclere (Fluorite)	Uchigatana	17	794	6	33	19	\N	287
Halteclere (Garnet)	Uchigatana	10	482	5	24	18	\N	288
Halteclere (Aquamarine)	Uchigatana	10	445	4	15	35	\N	288
Halteclere (Opal)	Uchigatana	10	454	7	38	13	\N	288
Halteclere (Zircon)	Uchigatana	17	763	5	24	50	3101	288
Halteclere (Coil)	Uchigatana	6	231	4	15	47	\N	289
Halteclere (Chain)	Uchigatana	6	266	3	21	25	\N	289
Halteclere (Magnet)	Uchigatana	6	240	6	36	20	3093	289
Halteclere (Shaft)	Uchigatana	18	811	5	30	23	\N	289
Halteclere (Battery)	Uchigatana	9	424	4	23	31	\N	290
Halteclere (Engine)	Uchigatana	9	416	5	33	31	\N	290
Halteclere (Motor)	Uchigatana	9	399	3	12	40	\N	290
Halteclere (Booster)	Uchigatana	18	795	4	15	45	3104	290
Halteclere (Tri-Chip)	Uchigatana	8	370	6	21	25	\N	291
Halteclere (Rhombus)	Uchigatana	8	352	4	12	45	\N	291
Halteclere (Pentagon)	Uchigatana	8	394	8	18	20	3094	291
Halteclere (Hexagon)	Uchigatana	19	833	8	23	23	\N	291
Halteclere (Sphere)	Uchigatana	11	524	6	21	25	\N	292
Halteclere (Cube)	Uchigatana	11	479	5	12	45	\N	292
Halteclere (Polygon)	Uchigatana	11	489	8	27	20	\N	292
Halteclere (Spiral)	Uchigatana	19	800	5	8	53	3102	292
Halteclere (Lodranite)	Uchigatana	9	424	6	48	8	\N	293
Halteclere (Brachinite)	Uchigatana	9	411	4	23	28	\N	293
Halteclere (Ureilite)	Uchigatana	9	445	5	30	18	3091	293
Halteclere (Winonaite)	Uchigatana	19	850	6	27	19	\N	293
Halteclere (Nakhlite)	Uchigatana	12	538	7	50	8	\N	294
Halteclere (Howardite)	Uchigatana	12	522	4	23	30	\N	294
Halteclere (Aubrite)	Uchigatana	12	570	5	27	18	3103	294
Halteclere (Angrite)	Uchigatana	19	825	10	48	6	3105	294
Halteclere (Dark Matter)	Uchigatana	13	560	5	27	20	\N	295
Halteclere (Axion)	Uchigatana	13	612	6	33	10	\N	295
Halteclere (Mirror Matter)	Uchigatana	13	577	9	57	5	3119	295
Halteclere (Shining Star)	Uchigatana	20	856	5	30	55	\N	296
Halteclere (Moon Matter)	Uchigatana	20	874	9	60	5	\N	296
Halteclere (Sunlight)	Uchigatana	20	891	8	45	13	3117	296
Halteclere (Photon)	Uchigatana	14	627	5	42	19	\N	297
Halteclere (Positron)	Uchigatana	14	665	3	27	25	\N	297
Halteclere (Hadron)	Uchigatana	14	608	2	18	40	\N	297
Halteclere (Dilaton)	Uchigatana	20	865	1	30	58	\N	298
Halteclere (Preon)	Uchigatana	20	908	5	38	20	\N	298
Halteclere (Tachyon)	Uchigatana	20	900	1	41	38	3115	384
\.


--
-- Data for Name: class_arts; Type: TABLE DATA; Schema: xenox; Owner: poppi
--

COPY xenox.class_arts (class, art, level) FROM stdin;
Drifter	Flame Grenade	1
Drifter	Assault Hammer	1
Drifter	Chrome Armor	2
Drifter	Slit Edge	4
Drifter	Infuriate	6
Drifter	Recuperate	8
Striker	Rising Blade	1
Striker	Defensive Stance	2
Striker	Power Dive	3
Striker	Tornado Blade	4
Striker	Furious Blast	6
Striker	Magnum Edge	8
Samurai Gunner	Offensive Stance	1
Samurai Gunner	Burst Grenade	1
Samurai Gunner	Decoy Round	2
Samurai Gunner	Flash Grenade	3
Samurai Gunner	Medic Free	4
Samurai Gunner	Assault Breaker	6
Samurai Gunner	Burning Slash	8
Duelist	Incendiary Edge	1
Duelist	Gunforce	2
Duelist	Takedown Shot	4
Duelist	Samurai Soul	6
Duelist	Last Stand	8
Shield Trooper	Wild Down	1
Shield Trooper	Missile Volley	1
Shield Trooper	Flame Cloak	2
Shield Trooper	Iron Prison	3
Shield Trooper	Wild Smash	4
Shield Trooper	Trash Talk	5
Shield Trooper	Bullet Storm	7
Bastion Warrior	Hellfire	1
Bastion Warrior	Shield Wall	2
Bastion Warrior	Enhanced Stand	2
Bastion Warrior	Reality Rift	3
Bastion Warrior	Thermal Payload	4
Bastion Warrior	Bombardier	6
Bastion Warrior	Cool Off	7
Bastion Warrior	Supershield	8
Commando	Back Slash	1
Commando	Early Bird	1
Commando	Stream Edge	2
Commando	Sliding Slinger	2
Commando	Upper Hand	4
Commando	Shadowrunner	6
Winged Viper	Side Slash	1
Winged Viper	Thirsty Edge	2
Winged Viper	Violent Streak	3
Winged Viper	Blood Sacrifice	4
Winged Viper	Killing Machine	6
Winged Viper	Primer	8
Full Metal Jaguar	Electric Surge	1
Full Metal Jaguar	Ghostwalker	2
Full Metal Jaguar	Executioner	4
Full Metal Jaguar	Combat Limbo	6
Full Metal Jaguar	Hundred Shells	8
Partisan Eagle	Arcing Horn	1
Partisan Eagle	Shrapnel	1
Partisan Eagle	Eagle Eye	2
Partisan Eagle	Raijin	3
Partisan Eagle	First Down	4
Partisan Eagle	Spiral Horn	6
Partisan Eagle	Intercept	8
Astral Crusader	Overwhelm	1
Astral Crusader	Hawkeye	1
Astral Crusader	Speed Demon	2
Astral Crusader	Sidewinder	3
Astral Crusader	Hair Trigger	4
Astral Crusader	Ghost Sniper	6
Astral Crusader	Trident Buster	8
Enforcer	Beam Barrage	1
Enforcer	Repair	3
Enforcer	Myopic Screen	5
Enforcer	Full Specs	7
Psycorruptor	Screamer	1
Psycorruptor	Subterfuge	2
Psycorruptor	Absorber Skin	3
Psycorruptor	Ether Blast	5
Psycorruptor	Brainjack	7
Mastermind	Dispel	1
Mastermind	Gravity Blast	1
Mastermind	Gravity Cloak	2
Mastermind	Servant Sacrifice	3
Mastermind	Energy Source	4
Mastermind	Black Butterfly	6
Mastermind	Pathogen Blast	8
Blast Fencer	Starfall Blade	1
Blast Fencer	Stellar Ray	1
Blast Fencer	Geolibrium	2
Blast Fencer	Lightning Cloak	2
Blast Fencer	Starfall Rondo	3
Blast Fencer	Jetstream	4
Blast Fencer	Astrolibrium	6
Blast Fencer	Shooting Star	8
Galactic Knight	Astral Heal	1
Galactic Knight	Astral Protection	1
Galactic Knight	Starfall Blossom	2
Galactic Knight	Astral Purge	3
Galactic Knight	Novalibrium	4
Galactic Knight	Starlight Kick	6
Galactic Knight	Astral Horizon	7
Galactic Knight	Galactic Cataclysm	8
Nagi	Rising Blade	1
Nagi	Enhanced Stand	1
Nagi	Thermal Payload	2
Nagi	Cool Off	3
Nagi	True Stream Edge	4
Nagi	Magnum Edge	5
Nagi	Bullet Storm	6
Nagi	Defensive Stance	7
Nagi	Offensive Stance	8
Nagi	Burning Slash	9
Nagi	Blossom Dance	10
Nagi	Samurai Soul	11
Nagi	Missile Volley	12
Nagi	Incendiary Edge	13
L	Wild Down	1
L	Stellar Ray	1
L	Lightning Cloak	2
L	Iron Prison	3
L	Wild Smash	4
L	Mindstorm	5
L	Trash Talk	6
L	Shooting Star	7
L	Reality Rift	8
L	Shield Wall	9
L	Dual Dynamo	10
L	Bombardier	11
L	Flame Cloak	12
L	Astral Protection	13
L	Supershield	14
L	Starlight Kick	15
Lao	Balance Breaker	1
Lao	Shrapnel	1
Lao	First Down	2
Lao	Arcing Horn	3
Lao	Eagle Eye	4
Lao	Raijin	5
Lao	Spiral Horn	6
Lao	Sidewinder	7
Lao	Overwhelm	8
Lao	Hawkeye	9
Lao	Speed Demon	10
Lao	Trident Buster	11
Lao	Intercept	12
Lao	Hair Trigger	13
Lao	Afterburner	14
Lao	Ghost Sniper	15
H.B.	Atomic Hit	1
H.B.	Decoy Round	1
H.B.	Burst Grenade	2
H.B.	Power Dive	3
H.B.	Iron Prison	4
H.B.	Wild Smash	5
H.B.	Furious Blast	6
H.B.	Wild Down	7
H.B.	Flash Grenade	8
H.B.	Shield Wall	9
H.B.	Flamehand	10
H.B.	Takedown Shot	11
H.B.	Trash Talk	12
H.B.	Bombardier	13
H.B.	Gunforce	14
H.B.	Last Stand	15
Gwin	Rising Blade	1
Gwin	Furious Blast	1
Gwin	Power Dive	2
Gwin	Defensive Stance	3
Gwin	Magnum Edge	4
Gwin	Ultraslash	5
Gwin	Burst Grenade	6
Gwin	Offensive Stance	7
Gwin	Decoy Round	8
Gwin	Tornado Blade	9
Gwin	Medic Free	10
Gwin	Flash Grenade	11
Gwin	Incendiary Edge	12
Gwin	Grenade Blitz	13
Gwin	Gunforce	14
Gwin	Takedown Shot	15
Frye	Rising Blade	1
Frye	Missile Volley	1
Frye	Tornado Blade	2
Frye	Enhanced Stand	3
Frye	Bullet Twister	4
Frye	Burning Slash	5
Frye	Offensive Stance	6
Frye	Bullet Storm	7
Frye	Cool Off	8
Frye	Incendiary Edge	9
Frye	Titan Recharge	10
Frye	Thermal Payload	11
Frye	Defensive Stance	12
Frye	Hellfire	13
Doug	Starfall Blade	1
Doug	Beam Barrage	1
Doug	Starfall Rondo	2
Doug	Geolibrium	3
Doug	Myopic Screen	4
Doug	Starlight Duster	5
Doug	Astral Purge	6
Doug	Ether Blast	7
Doug	Novalibrium	8
Doug	Astral Heal	9
Doug	Subterfuge	10
Doug	Gravity Blast	11
Doug	Astral Horizon	12
Doug	Phenomenon	13
Doug	Pathogen Blast	14
Doug	Galactic Cataclysm	15
Yelv	Starfall Blade	1
Yelv	Beam Barrage	1
Yelv	Starfall Rondo	2
Yelv	Gravity Cloak	3
Yelv	Geolibrium	4
Yelv	Essence Exchange	5
Yelv	Ether Blast	6
Yelv	Myopic Screen	7
Yelv	Astrolibrium	8
Yelv	Astral Heal	9
Yelv	Starfall Blossom	10
Yelv	Master Gunner	11
Yelv	Subterfuge	12
Yelv	Astral Purge	13
Yelv	Novalibrium	14
Yelv	Galactic Cataclysm	15
Boze	Spiral Horn	1
Boze	Shrapnel	1
Boze	Arcing Horn	2
Boze	Eagle Eye	3
Boze	Raijin	4
Boze	Vortex	5
Boze	First Down	6
Boze	Overwhelm	7
Boze	Hair Trigger	8
Boze	Sidewinder	9
Boze	Ghost Sniper	10
Boze	Slayonet	11
Boze	Hawkeye	12
Boze	Speed Demon	13
Boze	Intercept	14
Boze	Trident Buster	15
Phog	Back Slash	1
Phog	Sliding Slinger	1
Phog	Upper Hand	2
Phog	Sky High	3
Phog	Shadowrunner	4
Phog	Side Slash	5
Phog	Stream Edge	6
Phog	Primer	7
Phog	Early Bird	8
Phog	Electric Surge	9
Phog	Executioner	10
Phog	Ghostwalker	11
Phog	Crisis Zone	12
Phog	Blood Sacrifice	13
Phog	Combat Limbo	14
Phog	Hundred Shells	15
Elma	Shadowstrike	1
Elma	Sliding Slinger	1
Elma	Stream Edge	2
Elma	Upper Hand	3
Elma	Early Bird	4
Elma	Side Slash	5
Elma	Shadowrunner	6
Elma	Primer	7
Elma	Thirsty Edge	8
Elma	Violent Streak	9
Elma	Killing Machine	10
Elma	Blood Sacrifice	11
Elma	Electric Surge	12
Elma	Ghost Factory	13
Elma	Executioner	14
Elma	Hundred Shells	15
Lin	Wild Down	1
Lin	Fire Carnival	1
Lin	Wild Smash	2
Lin	Flame Cloak	3
Lin	Trash Talk	4
Lin	Thermal Payload	5
Lin	Iron Prison	6
Lin	Bombardier	7
Lin	Bullet Storm	8
Lin	Supershield	9
Lin	Reality Rift	10
Lin	Enhanced Stand	11
Lin	Shield Wall	12
Lin	Hellfire	13
Lin	Drum Roll	14
Lin	Cool Off	15
Celica	Absorber Skin	1
Celica	Sliding Slinger	1
Celica	Black Bane	2
Celica	Full Specs	3
Celica	Screamer	4
Celica	Primer	5
Celica	Violent Streak	6
Celica	Dispel	7
Celica	Early Bird	8
Celica	Energy Source	9
Celica	Zero Zero	10
Celica	Ghostwalker	11
Celica	Repair	12
Celica	Executioner	13
Celica	Combat Limbo	14
Celica	Black Butterfly	15
Irina	Repair	1
Irina	Burst Grenade	1
Irina	Full Specs	2
Irina	Furious Blast	3
Irina	Screamer	4
Irina	Smooth Recovery	5
Irina	Dispel	6
Irina	Flash Grenade	7
Irina	Brainjack	8
Irina	Medic Free	9
Irina	Quick Cannon	10
Irina	Absorber Skin	11
Irina	Assault Hammer	12
Irina	Servant Sacrifice	13
Irina	Energy Source	14
Irina	Last Stand	15
Murderess	Side Slash	1
Murderess	Jetstream	1
Murderess	Back Slash	2
Murderess	Stellar Ray	3
Murderess	Lightning Cloak	4
Murderess	Seventh Edge	5
Murderess	Shadowrunner	6
Murderess	Shooting Star	7
Murderess	Thirsty Edge	8
Murderess	Killing Machine	9
Murderess	Gravity Lunge	10
Murderess	Electric Surge	11
Murderess	Astral Protection	12
Murderess	Hundred Shells	13
Alexa	Arcing Horn	1
Alexa	Furious Blast	1
Alexa	Spiral Horn	2
Alexa	Power Dive	3
Alexa	Overclock	4
Alexa	Overwhelm	5
Alexa	Burst Grenade	6
Alexa	Decoy Round	7
Alexa	Assault Hammer	8
Alexa	Medic Free	9
Alexa	Hair Trigger	10
Alexa	Maximum Voltage	11
Alexa	Raijin	12
Alexa	Flash Grenade	13
Alexa	Trident Buster	14
Alexa	Gunforce	15
Hope	Repair	1
Hope	Stellar Ray	1
Hope	Full Specs	2
Hope	Shooting Star	3
Hope	Absorber Skin	4
Hope	Secondary Speed	5
Hope	Dispel	6
Hope	Brainjack	7
Hope	Servant Sacrifice	8
Hope	Energy Source	9
Hope	Tacit Censure	10
Hope	Astral Protection	11
Hope	Starlight Kick	12
Hope	Black Butterfly	13
Mia	Screamer	1
Mia	Beam Barrage	1
Mia	Myopic Screen	2
Mia	Clarity Ray	3
Mia	Full Specs	4
Mia	Ether Blast	5
Mia	Subterfuge	6
Mia	Dispel	7
Mia	Gravity Cloak	8
Mia	Energy Source	9
Mia	Beam Bomber	10
Mia	Black Butterfly	11
Mia	Pathogen Blast	12
Mia	Gravity Blast	13
\.


--
-- Data for Name: class_promotions; Type: TABLE DATA; Schema: xenox; Owner: poppi
--

COPY xenox.class_promotions (class, promotion) FROM stdin;
Drifter	Striker
Drifter	Commando
Drifter	Enforcer
Striker	Samurai Gunner
Striker	Shield Trooper
Samurai Gunner	Duelist
Shield Trooper	Bastion Warrior
Commando	Winged Viper
Commando	Partisan Eagle
Winged Viper	Full Metal Jaguar
Partisan Eagle	Astral Crusader
Enforcer	Psycorruptor
Enforcer	Blast Fencer
Psycorruptor	Mastermind
Blast Fencer	Galactic Knight
\.


--
-- Data for Name: class_skills; Type: TABLE DATA; Schema: xenox; Owner: poppi
--

COPY xenox.class_skills (class, skill, level) FROM stdin;
Striker	Steel Flesh	2
Striker	Unwavering Courage	3
Striker	Flame Trigger	5
Striker	Mighty Muscle	7
Striker	Combat Presence	9
Striker	Dismantler	10
Samurai Gunner	CQC Master	2
Samurai Gunner	Auto Melee Boost	3
Samurai Gunner	Iron Knuckle	4
Samurai Gunner	Healing Aura	5
Samurai Gunner	Weapon Guard	6
Samurai Gunner	Blazing Auto	7
Samurai Gunner	Theroid Slayer	9
Samurai Gunner	Yamato Spirit	10
Duelist	Conflagrant Edge	2
Duelist	Aggro Boost	3
Duelist	Fortified Flesh	5
Duelist	Grand Procession	7
Shield Trooper	Thermal Shield	2
Shield Trooper	Topple Topper	3
Shield Trooper	Shield Screen	4
Shield Trooper	Rising Renewal	5
Shield Trooper	Long Topple	6
Shield Trooper	Trauma Tension	8
Shield Trooper	Dirty Fighter	9
Shield Trooper	Stand Strong	10
Bastion Warrior	Machine Gunner	2
Bastion Warrior	Heatseeker	5
Bastion Warrior	Double Spike	9
Bastion Warrior	Double Reflect	10
Commando	Agile Gunslinger	2
Commando	Steady Hand	3
Commando	Boosted Bullets	4
Commando	Background Noise	5
Commando	Combo Gunner	7
Commando	Third Eye	8
Commando	Master Edge	9
Commando	Aura Burst	10
Winged Viper	Deep Fang	2
Winged Viper	Mortal Enemy	3
Winged Viper	Trigger Happy	5
Winged Viper	Lifeline	7
Winged Viper	Mindscape	9
Winged Viper	Hellhound	10
Full Metal Jaguar	Night Vision	2
Full Metal Jaguar	Zero Lapse	3
Full Metal Jaguar	Red Zone	5
Full Metal Jaguar	Crisis Catalyst	7
Full Metal Jaguar	Blood Carnival	9
Full Metal Jaguar	Phantom Counter	10
Partisan Eagle	Killshot	2
Partisan Eagle	Electric Guard	3
Partisan Eagle	Electric Boost	5
Partisan Eagle	Knock 'n' Shock	7
Partisan Eagle	Fleet Feet	9
Partisan Eagle	Piscinoid Slayer	10
Astral Crusader	Long Shot	2
Astral Crusader	Unstoppable	3
Astral Crusader	Quick Reload	5
Astral Crusader	Conductive Strike	7
Astral Crusader	Electric Flesh	9
Astral Crusader	TP Overdrive	10
Enforcer	Inner Search	2
Enforcer	Beam Boost	4
Enforcer	Beam Guard	6
Enforcer	Buff Heal	8
Enforcer	Healing Touch	9
Enforcer	High Tension	10
Psycorruptor	Beauty Sleep	2
Psycorruptor	Brain Wall	3
Psycorruptor	Gentle Approach	4
Psycorruptor	King's Decree	5
Psycorruptor	Extra Armor	6
Psycorruptor	Feather Touch	8
Psycorruptor	Unpleasant Dream	9
Psycorruptor	Core Crusher	10
Mastermind	Ether Guard	2
Mastermind	Gravity Boost	3
Mastermind	Well-Weathered	4
Mastermind	Appendage Erosion	5
Mastermind	Resistant Flesh	6
Mastermind	Tactical Analyst	7
Mastermind	King's Boon	9
Mastermind	Secondary Accelerator	10
Blast Fencer	Ether Boost	2
Blast Fencer	Mechanoid Slayer	3
Blast Fencer	Knight's Soul	5
Blast Fencer	Aura Assault	7
Blast Fencer	Buff Extender	9
Blast Fencer	Supreme Sword	10
Galactic Knight	Gravity Guard	2
Galactic Knight	Fast Forward	5
Galactic Knight	Stellar Entry	9
Galactic Knight	Synchrony	10
Nagi	Steel Flesh	7
Nagi	Mighty Muscle	9
Nagi	Trauma Tension	11
Nagi	Rising Renewal	13
Nagi	Yamato Spirit	14
Nagi	Fortified Flesh	15
Nagi	Machine Gunner	16
Nagi	Grand Procession	17
L	Steel Flesh	7
L	Mighty Muscle	9
L	Shield Screen	11
L	Long Topple	13
L	Stand Strong	15
L	Mechanoid Slayer	16
L	Knight's Soul	17
L	Double Reflect	18
Lao	Killshot	7
Lao	Electric Boost	9
Lao	Knock 'n' Shock	11
Lao	Piscinoid Slayer	13
Lao	Long Shot	15
Lao	Quick Reload	16
Lao	Conductive Strike	17
Lao	TP Overdrive	18
H.B.	Steel Flesh	7
H.B.	Mighty Muscle	9
H.B.	Combat Presence	11
H.B.	Topple Topper	13
H.B.	Shield Screen	14
H.B.	Long Topple	15
H.B.	Trauma Tension	16
H.B.	Double Spike	17
Gwin	Unwavering Courage	7
Gwin	Flame Trigger	9
Gwin	Mighty Muscle	11
Gwin	Auto Melee Boost	13
Gwin	Healing Aura	15
Gwin	Weapon Guard	16
Gwin	Theroid Slayer	17
Gwin	Conflagrant Edge	18
Frye	Unwavering Courage	7
Frye	Mighty Muscle	9
Frye	Iron Knuckle	11
Frye	Rising Renewal	13
Frye	Weapon Guard	14
Frye	Trauma Tension	15
Frye	Blazing Auto	16
Frye	Machine Gunner	17
Doug	Inner Search	7
Doug	Beam Boost	9
Doug	High Tension	11
Doug	Mechanoid Slayer	13
Doug	Knight's Soul	15
Doug	Aura Assault	16
Doug	Supreme Sword	17
Doug	Stellar Entry	18
Yelv	Inner Search	7
Yelv	Beam Boost	9
Yelv	High Tension	11
Yelv	Mechanoid Slayer	13
Yelv	Knight's Soul	14
Yelv	Supreme Sword	15
Yelv	Secondary Accelerator	16
Yelv	Synchrony	17
Boze	Master Edge	7
Boze	Killshot	9
Boze	Electric Guard	11
Boze	Electric Boost	13
Boze	Knock 'n' Shock	14
Boze	Quick Reload	15
Boze	Conductive Strike	16
Boze	TP Overdrive	17
Phog	Agile Gunslinger	7
Phog	Steady Hand	9
Phog	Background Noise	11
Phog	Master Edge	13
Phog	Mortal Enemy	15
Phog	Hellhound	16
Phog	Crisis Catalyst	17
Phog	Phantom Counter	18
Elma	Agile Gunslinger	7
Elma	Steady Hand	9
Elma	Background Noise	11
Elma	Master Edge	13
Elma	Mortal Enemy	15
Elma	Hellhound	16
Elma	Crisis Catalyst	17
Elma	Phantom Counter	18
Lin	Steel Flesh	7
Lin	Mighty Muscle	9
Lin	Dismantler	11
Lin	Shield Screen	13
Lin	Long Topple	15
Lin	Dirty Fighter	16
Lin	Stand Strong	17
Lin	Machine Gunner	18
Celica	Steady Hand	7
Celica	Inner Search	9
Celica	Aura Burst	11
Celica	Fleet Feet	13
Celica	Gentle Approach	15
Celica	Mindscape	16
Celica	Feather Touch	17
Celica	Red Zone	18
Irina	Inner Search	7
Irina	Feather Touch	9
Irina	Healing Touch	11
Irina	High Tension	13
Irina	Beauty Sleep	15
Irina	King's Decree	16
Irina	Unpleasant Dream	17
Irina	King's Boon	18
Murderess	Agile Gunslinger	7
Murderess	Boosted Bullets	9
Murderess	High Tension	11
Murderess	Mechanoid Slayer	13
Murderess	Trigger Happy	14
Murderess	Aura Assault	15
Murderess	Lifeline	16
Murderess	Hellhound	17
Alexa	Steel Flesh	7
Alexa	High Tension	9
Alexa	Electric Boost	11
Alexa	Quick Reload	13
Alexa	Fortified Flesh	14
Alexa	TP Overdrive	15
Alexa	Stellar Entry	16
Alexa	Synchrony	17
Hope	Inner Search	7
Hope	Buff Heal	9
Hope	Well-Weathered	11
Hope	Mechanoid Slayer	13
Hope	King's Decree	14
Hope	Knight's Soul	15
Hope	Supreme Sword	16
Hope	TP Overdrive	17
Mia	Inner Search	7
Mia	Beam Boost	9
Mia	Beauty Sleep	11
Mia	Ether Boost	13
Mia	Extra Armor	14
Mia	Gravity Boost	15
Mia	Resistant Flesh	16
Mia	Tactical Analyst	17
\.


--
-- Data for Name: classes; Type: TABLE DATA; Schema: xenox; Owner: poppi
--

COPY xenox.classes (name, melee_weapon, ranged_weapon, skill_slots, max_level) FROM stdin;
Drifter	Knife	Assault Rifle	5	10
Striker	Longsword	Assault Rifle	1	10
Samurai Gunner	Longsword	Assault Rifle	2	10
Duelist	Longsword	Assault Rifle	3	10
Shield Trooper	Shield	Gatling Gun	3	10
Bastion Warrior	Shield	Gatling Gun	4	10
Commando	Dual Swords	Dual Guns	2	10
Winged Viper	Dual Swords	Dual Guns	3	10
Full Metal Jaguar	Dual Swords	Dual Guns	4	10
Partisan Eagle	Javelin	Sniper Rifle	3	10
Astral Crusader	Javelin	Sniper Rifle	4	10
Enforcer	Knife	Raygun	2	10
Psycorruptor	Knife	Raygun	3	10
Mastermind	Knife	Raygun	4	10
Blast Fencer	Photon Saber	Psycho Launchers	3	10
Galactic Knight	Photon Saber	Psycho Launchers	4	10
Nagi	Longsword	Gatling Gun	5	20
L	Shield	Psycho Launchers	3	20
Lao	Javelin	Sniper Rifle	3	20
H.B.	Shield	Assault Rifle	4	20
Gwin	Longsword	Assault Rifle	3	20
Frye	Longsword	Gatling Gun	3	20
Doug	Photon Saber	Raygun	4	20
Yelv	Photon Saber	Raygun	3	20
Boze	Javelin	Sniper Rifle	3	20
Phog	Dual Swords	Dual Guns	3	20
Elma	Dual Swords	Dual Guns	4	20
Lin	Shield	Gatling Gun	3	20
Celica	Knife	Dual Guns	3	20
Irina	Knife	Assault Rifle	4	20
Murderess	Dual Swords	Psycho Launchers	3	20
Alexa	Javelin	Assault Rifle	3	20
Hope	Knife	Psycho Launchers	3	20
Mia	Knife	Raygun	3	20
\.


--
-- Data for Name: items; Type: TABLE DATA; Schema: xenox; Owner: poppi
--

COPY xenox.items (name, tickets) FROM stdin;
Active Cells	54
Adsecula Gold Nugget	34
Adsecula Oil Drop	50
Adsecula Straw	30
Advanced Chamber	138
Advanced Core	138
Advanced Crank	138
Advanced Jet	54
Advanced Lens	98
Advanced Thruster	42
Aeviter Death Stone	138
Aeviter Membrane	108
Aeviter Star Wing	138
All-Purpose Plug	42
Alluring Lophid Extract	114
Alluring Papil Scales	34
Amber Aetrygon Horn	54
Amber Cervus Antlers	114
Amber Dilus Eye	90
Amethyst Metal	138
Ancient Armor	138
Appetizing Suid Tail	30
Aprica Back Moss	90
Arenatect Shell	72
Auravis Courtship Feather	54
Auravis Croaking Bag	54
Auravis Horn	54
Auravis Laughing Bag	54
Azure Sacrifole Feather	54
Beryl Aetrygon Horn	42
Big Balaena Sand Bag	114
Big Balaena Water Bag	138
Black Blatta Wing	24
Black Colubrim Tail	198
Black Electrical Tentacle	90
Black Filiavent Tentacle	168
Black Fog Deposits	26
Black Gyrocompass	54
Black Meaty Caecus Liver	66
Black Petramand Silk	90
Black Puff	42
Black Scintimure Tentacle	90
Black Stabilizer	108
Black Steel Heavy Armor	66
Black Sylooth Brace	114
Black Thallus Antenna	90
Black Turba Nectar	50
Black Vigent Rock Scalp	138
Black Yggralith Nut	138
Black Yggralith Scale	78
Blazing Gas Sac	114
Blinding Lophid Extract	138
Bloodied Face	72
Blue Electrical Tentacle	42
Blue Forfex Shell	36
Blue Fungi	54
Blue Jacul Wing	72
Blue Milsaadi Hood	48
Blue Progen Wing	72
Blue Sylooth Brace	114
Blue Vigent Rock Scalp	138
Bone-In Thigh Meat	42
Brilliant Murra Liquid	42
Brilliant Tersqual Liquid	90
Brilliant Visigel Liquid	54
Broken Antenna	22
Broken Buckle	20
Broken Pincer	24
Brown Colubrim Tail	198
Brown Monoceros Horn	90
Caecus Crest	54
Caro Tail Light	54
Ceto Roe	178
Chipped Talon	34
Cimmerian Pom Pom	42
Cinicula Shell	90
Clear Gerrid Soup	90
Cloudy Eyeball	72
Cloudy Gerrid Soup	90
Coconut Oil	114
Colubrim Eel Kebab	198
Combat Boost Meds	34
Coronid Dung	168
Coronid Larynx	168
Cracked Bill	42
Cracked Claw	24
Creare Glyph	90
Crimson Dilus Eye	90
Crimson Sacrifole Feather	78
Crude Nielnail Mask	210
Dagahn's Adamant Band	162
Damask Metal	138
Decrepit Wing	198
Demonic Jewel	42
Deva Caladar's Red Ear	210
Developed Balaena Fat	146
Dialek Glyph	114
Diamond Seed	66
Dirty Cloth	26
Distilled Sap	82
Dried Seaweed Lichen	42
Dual Boards	42
Dull Stone	34
Duoguill Broth	50
E.M. Unit	90
Ebony Evello Egg	50
Eerie Lightning Tentacle	66
Electric Tersqual Tear	138
Electrified Xeno Blood	54
Elemental Cluster	54
Elemental Fragment	54
Emerald Horn	42
Emerald Whiskey	72
Energy Tube	22
Esse Glyph	90
Eternal Arenatect Moss	72
Evergreen Aprica Antlers	90
Evolved Insidia Claw	66
Experia Glyph	90
Falsaxum Shell	90
Fal-swo Solar Crest	90
Fatty Fish Belly	50
Fertilized Jacul Egg	90
Filiavent Intestine	218
Filthy Wing	26
Fine Aprica Wood	114
Fine Black Belt	22
Fine Duoguill Fishmeal	42
Fine Red Belt	30
Fine Transparent Belt	26
Fine White Belt	30
Flaming Rock	50
Fleecy Fur	22
Flowering Germivore Scales	24
Flowering Papil Scales	34
Fluffy Tuft	26
Forfex Miso	36
Fossilized Bone	138
Fresh Fish Meat	34
Galaxial Jewel	42
Galdr Head	90
Genuine Chamber	138
Genuine Crank	54
Genuine Frame	72
Genuine Plate	72
Genuine Shaft	72
Gerrid Navel	72
Gerrid Shell	72
Giant Blue Pearl	42
Giant Cavity	114
Giant Cinicula Jaw	90
Giant Falsaxum Jaw	90
Giant Jade Pearl	66
Giant Protein	168
Glossy Saltat Fan	42
Glowing Retina	42
Goetia's Black Heel	162
Gold Ceto Membrane	138
Gold Monoceros Horn	72
Gold Sylooth Brace	114
Golden Armor	66
Golden Blatta Wing	36
Golden Cantor Tooth	108
Golden Gyrocompass	54
Golden Jewel	42
Golden Mortifole Feather	30
Golden Petramand Silk	90
Golden Progen Wing	72
Golden Puff	4
Golden Simius Mane	54
Golden Stabilizer	90
Golden Yggralith Heart	636
Golden Yggralith Nut	276
Gooey Gunge	36
Gray Shell	90
Green Blatta Wing	24
Green Crystal	114
Green Jacul Wing	72
Green Monoceros Horn	72
Green Mortifole Feather	42
Green Puff	42
Green Simius Mane	54
Gremlin Stone	114
Grex Wisdom Tooth	34
Gularthian Everflame	146
Gularthian Flint	114
Hard Backbone	42
Hard Pom Pom	30
Herculean Beast Hair	54
Hidden Cantor Hoard	90
Hi-Spec Sensor Module	54
Honey Oil	114
Hot Potamus Juice	30
Hulking Incisor	30
Ictus Shell	90
Infinite Telethia Pen	207
Imperial Sphinx Fang	210
Ingrown Virago Claw	138
Insect Jaw	22
Insidia Mohawk	54
Iron Lump	66
Jacul Horn	72
Jacul Waterfall Orb	72
Jagged Grex Tail	30
Juicy Wild Meat	26
Large Hoof	54
Large Lophid Liver	146
Large Purgovent Liver	114
Large Saw Tooth	138
Laser Light	66
Lava Crystal	82
Lead Carapace	36
Lepyx Elastic Cell	36
Lepyx Jaw Meat	36
Lepyx Moonstone	72
Lepyx Sunstone	36
Levitath Feather	138
Levitath Sun Bead	138
Libertas Glyph	114
Liceor Horn	50
Liceor Sun Bead	42
Light-Speed Jet Fin	50
Lightweight Pelt	34
Lone Purple Ictus Stinger	114
Lone Red Ictus Stinger	114
Lone White Ictus Stinger	114
Longevity Bough	114
Lophid Jaw Meat	114
Lovely Pom Pom	30
Lucky Cervus Sapling	146
Lucky Rainbow Whisker	114
Luminescent Antenna	54
Luminescent Tail	72
Malevolent Petramand Silk	90
Maple Oil	114
Marbled Suid Fillet	34
Meaty Evello Egg	50
Medicinal Blatta Oil	26
Melon Oil	114
Mephite Ear Hair	42
Mephite Stinkbag	50
Metal Xeno Chain	54
Millepod Ice Rock	198
Millesaur Dung	168
Millesaur Larynx	168
Mollusk Mucus	68
Monoceros Hoof Hook	90
Monoceros Wing	72
Mortifole Pollen	30
Moving Dilus Tail	72
Moving Thallus Tail	90
Moving Vivohast Tail	90
Muddy Pelt	22
Multicolor Murra Wing	50
Multi-Wire	42
Murky Potamus Water	30
Muscled Cantor Bulge	72
Muscled Simius Bulge	54
Muscled Suid Bulge	30
Musky Nectar	26
New Cylinder	66
Noble Yggralith Scale	396
Nutritious Microbes	54
O.X. Unit	90
Obsidian Cluster	168
Obsidian Fragment	118
Ocher Stabilizer	72
Oc-serv Eastern Crest	98
Oc-serv Hand	54
Oc-serv Northern Crest	78
Oc-serv Southern Crest	98
Oc-serv Western Crest	78
Octopus Board	98
Odorous Tentacle	72
Opaque Membrane	26
Opaque Mirror	42
Orange Tequila	54
Orichalcum Metal	138
Ornate Insidia Claw	82
Ornate Petramand Claw	90
Ornate Progen Horn	72
Ovis Polishing Stone	30
Papil Straw	30
Parasitic Capsule	34
Perforated Oar	26
Pink Ceto Membrane	138
Poisonous Needle	30
Potamus Life Lung	34
Pristine Bristle	66
Pristine Claw	36
Pristine Dorsal Fin	72
Pristine Insect Jaw	54
Pristine Insect Leg	30
Pristine Pincer	36
Pristine Spicule	34
Pristine Whiskers	78
Progen Hoof Seal	90
Prone Coin Purse	26
Puge Counter	26
Puge Self-Destruct Mechanism	26
Pugilith Lamp	66
Pure White Caro Tusk	66
Purgovent Jaw Meat	90
Purple Cervus Antlers	138
Purple Scintimure Tentacle	114
Purple Virago Alloy Plate	138
Qmoevan Capacitor	72
Quality Core	58
Quality Crank	36
Quality Fuse	54
Quality Giant Cells	114
Quality Pelt	54
Quality Scale	138
Quality Shaft	72
Quality Skin	118
Quality Vigent Claw	138
Quirky Liver	66
Quo Pod	54
R.B. Unit	90
Rainbow Carving Shard	66
Rainbow Metal	114
Raw Meaty Caecus Liver	66
Red Blatta Wing	24
Red Brandy	90
Red Filiavent Tentacle	168
Red Forfex Shell	36
Red Milsaadi Hood	42
Red Mortifole Feather	66
Red Scintimure Tentacle	66
Red Simius Mane	54
Red Thallus Antenna	90
Red Vigent Rock Scalp	138
Redwood Aprica Antlers	90
Refined Horn	66
Reinforced Crank	30
Reinforced Frame	90
Reinforced Jet	36
Reinforced Plug	90
Reinforced Plunger	54
Reinforced Thruster	24
Reverse Colubrim Fin	198
Reverse Millepod Fin	198
Rexoskell Sucker	210
Rich Scintimure Meat	82
Robust Evello Horn	42
Rotten Meat	26
Rough Skin	42
Rugged Skin	58
Ryyz's Silver Piercings	162
S.P. Unit	90
Sabula Backbone	90
Saltat Horn	50
Sapphire Horn	42
Scienti Glyph	90
Scintimure Fat	66
Scirpo Cyanide Sac	36
Scirpo Malic Acid Sac	36
Scirpo Silk	42
Scirpo Sulfuric Acid Sac	54
Scorching Giant Cells	114
Scratched Jewel	30
Seidr Control Device	138
Sharp Ear	30
Sharp Germivore Jaw	26
Sharp Vivohast Jaw	72
Shed Germivore Scales	24
Shimmering Silk	42
Shiny Black Caro Plate	54
Shiny Copper Caro Plate	54
Shiny Mortifole Seed	34
Shiny Silver Caro Plate	66
Shrad Eye	54
Silver Blatta Wing	24
Silver Cantor Tooth	72
Silver Petramand Silk	90
Silver Progen Wing	72
Silver Sacrifole Feather	54
Silver Vita Core	210
Silver Yggralith Nut	156
Simius Snack Stash	66
Sky Jewel	42
Slender Horn	54
Slimy Epithelium	30
Slimy Tongue	26
Small Dorsal Fin	26
Small Insect Leg	22
Small Scale	26
Small Shell	30
Smelly Fish Meat	42
Smooth Tail Fin	90
Sparkling Blue Gem	178
Sparkling Purple Gem	178
Sparkling Red Gem	178
Spathi Glyph	114
Spicy Sacrifole Pollen	54
Spiked Tail Fin	114
Squishy Cartilage	42
Standard Blade Module	54
Standard Coil	30
Standard Crank	20
Standard Jammer	30
Standard Sensor Part	36
Standard Shaft	72
Steel Unafulge Cell	42
Sticky Mucus	20
Sticky Scirpo Silk	36
Stiff Hair	30
Stout Purgovent Extract	90
Stripped Plating	30
Strong Purgovent Extract	114
Sturdy Drakebone	58
Succulent Meat	26
Suid Fillet	34
Supple Leather	22
Supple Tail	54
Sylooth Tonic Water	146
T.P. Unit	90
Tasty Fish Belly	82
Tatty Insect Wing	20
Taut Leather	22
Tectinsula Back Moss	54
Tectinsula Shell	54
Telethia Emerald	387
Telethia Mirror	117
Telethia Ring	477
Telethia Stem Cell	297
Tempered Blade Module	54
Tempus Glyph	114
Terebra Oil Grease	30
Terebra Paw Stamp	34
Terebra Water Grease	30
Tersqual Eel Kebab	90
Tersqual Fire Pouch	114
Thallus Crescent Hook	72
Thick Cinicula Horn	90
Thick Coronid Hide	168
Thick Falsaxum Horn	90
Thick Millesaur Hide	168
Topaz Wine	54
Tough Humpsteak	30
Tough Tendon	168
Transparent Membrane	34
Tricolored Ovis Meat	34
Turba Nectar	50
Turba Straw	42
Turquoise Metal	138
Unafulge Death Toxin	98
Unafulge Numbing Toxin	50
Unfertilized Auravis Egg	66
Unlucky Black Whisker	138
Upgraded Coil	42
Upgraded Jammer	42
Upgraded Lens	58
Upgraded Sensor Part	54
Upgraded Shaft Part	72
Upgraded Spindle Part	66
Used Cylinder	54
Vasara War Medal	210
Vesper Fang	30
Vesper Fry	34
Vesper Hair Clip	30
Vibrant Plume	34
Vigent Blood	138
Virago Alloy Plate	138
Virago Blood Sweat	138
Viscous Humour	22
Visigel Poison Orb	66
Visigel Waterfall Orb	66
Vivohast Crescent Hook	72
Warrior Race's Seal	98
White Forfex Shell	36
White Fungal Egg	50
White Meaty Caecus Liver	82
White Mirrorglass	30
White Mortifole Feather	42
White Scintimure Tentacle	90
White Stabilizer	90
White Sylooth Brace	114
White Yggralith Nut	78
White Yggralith Scale	72
Worn Muscle Fiber	26
Xe-dom Crimson Crest	178
Xe-dom Golden Crest	178
Xe-dom Hand	138
Xe-dom Jet-Black Crest	178
Xe-dom Silver Crest	178
Xiphias Mine Egg	50
Yellow Millepod Rock	198
Yggralith Gold	516
Yggralith Horn	258
Yggralith Recovery Horn	258
Ziggian Long Antennae	90
Lionbone Bort	\N
Foucaultium	\N
Enduron Lead	\N
White Cometite	\N
Everfreeze Ore	\N
Ouroboros Crystal	\N
Marine Rutile	\N
Bonjelium	\N
Boiled-Egg Ore	\N
Infernium	\N
Dawnstone	\N
Aurorite	\N
Arc Sand Ore	\N
Parhelion Platinum	\N
Cimmerian Cinnabar	\N
\.


--
-- Data for Name: skills; Type: TABLE DATA; Schema: xenox; Owner: poppi
--

COPY xenox.skills (name, effect) FROM stdin;
Steel Flesh	Boosts maximum HP by [10/15/20/25/30]%.
Unwavering Courage	Boosts melee accuracy by [12/14/16/18/20]%.
Flame Trigger	Boosts Blaze damage by [12/14/16/18/20]%.
Mighty Muscle	Boosts melee attack by [10/15/20/25/30]%.
Combat Presence	Extends Taunt effects by [10/12/14/16/18] seconds.
Dismantler	Grants a [25/30/35/40/50]% chance of dealing [50/75/100/125/150]% more damage to appendages with Melee Arts.
CQC Master	Boosts critical chance by [30/35/40/45/50]% when triggering a melee combo.
Auto Melee Boost	Boosts melee auto-attack damage by [30/35/40/45/50]%.
Iron Knuckle	Boosts physical damage by [30/35/40/45/50]%.
Healing Aura	Recovers [12/14/16/18/20]% of your HP when you use an aura.
Weapon Guard	Boosts physical resistance by [12/14/16/18/20] when wielding a melee weapon.
Blazing Auto	Grants a [10/12/14/16/18]% chance of inflicting Blaze [I/I/II/II/III] when melee auto-attacking.
Theroid Slayer	Boosts damage to theroid enemies by [30/35/40/45/50]%.
Yamato Spirit	Boosts TP by [20/30/40/50/60] when using a Melee Art; double that if you have an aura active.
Conflagrant Edge	Boosts thermal damage by [10/20/30/40/50]%.
Aggro Boost	Boosts damage to taunted enemies by [20/40/60/80/100]%.
Fortified Flesh	Boosts maximum HP by [30/35/40/45/50]%.
Grand Procession	Boosts entire party's TP by [300/350/400/450/500] when activating Overdrive.
Thermal Shield	Boosts thermal resistance by [12/14/16/18/20] when wielding a melee weapon.
Topple Topper	Reduces enemy Topple resistance by [10/15/20/25/30]%.
Shield Screen	Reduces damage by [10/15/20/25/30]% when wielding a shield.
Rising Renewal	Boosts HP recovery by [10/15/20/25/30]% when revived.
Long Topple	Extends Topple effects by [1/2/3/4/5] second(s).
Trauma Tension	Grants a 15% chance of receiving [50/75/100/125/150] TP when taking damage.
Dirty Fighter	Boosts Melee Art damage by [20/40/60/80/100]% to enemies inflicted with Topple.
Stand Strong	Boosts resistance to Stagger, Topple, Knockback, and Launch by [20/40/60/80/100] when wielding a shield.
Machine Gunner	Boosts ranged damage by [20/40/60/80/100]% when fighting two or more enemies.
Heatseeker	Boosts critical chance by [50/60/70/80/100]% when attacking enemies inflicted with Blaze.
Double Spike	Boosts spike damage by [20/40/60/80/100]%.
Double Reflect	Boosts reflect damage by [20/40/60/80/100]%.
Agile Gunslinger	Boosts evasion by [12/14/16/18/20]% when wielding a ranged weapon.
Steady Hand	Boosts ranged accuracy by [12/14/16/18/20]%.
Boosted Bullets	Boosts ranged attack by [10/15/20/25/30]%.
Background Noise	Boosts damage by [25/50/75/100/125]% when using Melee Arts from behind.
Combo Gunner	Boosts damage by [25/50/75/100/125]% when triggering ranged combos.
Third Eye	Boosts TP by [20/30/40/50/60] when using a Ranged Art; double that if you have an aura active.
Master Edge	Boosts critical chance by [5/6/7/8/10]% when wielding a melee weapon.
Aura Burst	Extends aura effects by [4/5/6/7/8] seconds.
Deep Fang	Reduces enemy debuff resistance by [10/15/20/25/30]% when attacking from the side.
Mortal Enemy	Boosts damage to humanoid enemies by [30/35/40/45/50]%.
Trigger Happy	Reduces an Art's cooldown by [30/35/40/45/50]% when triggering a ranged combo.
Lifeline	Recovers [10/15/20/25/30]% of your HP when HP is at 50% or less and you use an aura.
Mindscape	Boosts maximum TP by [500/750/1000/1250/1500].
Hellhound	Extends Overdrive duration by [5/6/7/8/10] seconds.
Night Vision	Boosts damage by [20/40/60/80/100]% during the nighttime.
Zero Lapse	Reduces cooldown for melee auto-attacks by [30/35/40/45/50]%.
Red Zone	Boosts critical chance by [20/25/30/35/40]% during Overdrive.
Crisis Catalyst	Boosts critical chance by [10/15/20/25/30]% when HP is 50% or less. Effect doubles when HP is 25% or less.
Blood Carnival	Grants a [5/10/15/20/25]% chance of converting [4/6/8/10/12]% of damage dealt to HP when melee auto-attacking.
Phantom Counter	Boosts your Overdrive count by [4/6/8/10/12] when activating Overdrive.
Killshot	Boosts critical chance for ranged auto-attacks by [5/6/7/8/10]%.
Electric Guard	Boosts electric resistance by [12/14/16/18/20] when wielding a melee weapon.
Electric Boost	Boosts electric damage by [30/35/40/45/50]%.
Knock 'n' Shock	Grants a [10/12/14/16/18]% chance of inflicting Shock [I/I/II/II/III] when using Melee Arts.
Fleet Feet	Boosts evasion by [10/15/20/25/30]% when wielding a melee weapon.
Piscinoid Slayer	Boosts damage to piscinoid enemies by [30/35/40/45/50]%.
Long Shot	Boosts ranged weapon range by [5/10/15/20/25]m.
Unstoppable	Boosts resistance to Stagger, Topple, Knockback, and Launch by [20/40/60/80/100] when sprinting.
Quick Reload	Reduces cooldown for ranged auto-attacks by [30/35/40/45/50]%.
Conductive Strike	Boosts electric damage by [200/225/250/275/300]% to enemies inflicted with Shock.
Electric Flesh	Grants a [10/15/20/25/30]% chance of dealing electric spike damage when taking a hit.
TP Overdrive	Boosts TP by [100/110/120/130/150] when using an Art while in Overdrive.
Inner Search	Boosts potential by [12/14/16/18/20]%.
Beam Boost	Boosts beam damage by [30/35/40/45/50]%.
Beam Guard	Boosts beam resistance by [12/14/16/18/20] when wielding a ranged weapon.
Buff Heal	Recovers [100/200/300/400/500] HP when receiving a buff.
Healing Touch	Boosts the HP recovery of party members you revive by [30/35/40/45/50]%.
High Tension	Boosts maximum TP by [500/750/1000/1250/1500].
Beauty Sleep	Extends Sleep effects by [10/12/14/16/18] seconds.
Brain Wall	Boosts resistance to Sleep, Control, and Slow Arts by [20/40/60/80/100] when you have an aura active.
Gentle Approach	Grants a [50/60/70/80/100]% chance of not waking a sleeping enemy when auto-attacking.
King's Decree	Reduces enemy Control resistance by [10/15/20/25/30]% and raises debuff tier by 1.
Extra Armor	Boosts Barrier's damage absorption rate by [3/6/9/12/15]%.
Feather Touch	Grants a [80/85/90/95/100]% chance of not waking a sleeping enemy when attacking with an Art.
Unpleasant Dream	Boosts damage to sleeping enemies by [50/75/100/125/150]%.
Core Crusher	Negates appendage damage from your Ether attacks, but boosts primary damage by [50/75/100/125/150]%.
Ether Guard	Boosts ether resistance by [12/14/16/18/20] when wielding a ranged weapon.
Gravity Boost	Boosts gravity damage by [10/20/30/40/50]%.
Well-Weathered	Boosts TP by [200/225/250/275/300] when taking weather damage.
Appendage Erosion	Boosts appendage damage by [10/20/30/40/50]% for every debuff on the enemy.
Resistant Flesh	Boosts resistance to all debuffs by [12/15/18/21/24]%.
Tactical Analyst	Reduces enemy debuff resistance by [12/15/18/21/24]% when landing an attack.
King's Boon	Grants All Abilities Up [I/II/III/IV/V] to enemies under your Control.
Secondary Accelerator	Reduces secondary cooldown by [10/20/30/40/50]%.
Ether Boost	Boosts ether damage by [30/35/40/45/50]%.
Mechanoid Slayer	Boosts damage to mechanoid enemies by [30/35/40/45/50]%.
Knight's Soul	Boosts maximum TP by [500/750/1000/1250/1500].
Aura Assault	Boosts melee attack and melee accuracy by [10/15/20/25/30]% when you have an aura active.
Buff Extender	Extends buff effects by [5/6/7/8/10] seconds.
Supreme Sword	Boosts damage by [20/40/60/80/100]% when triggering melee combos.
Gravity Guard	Boosts gravity resistance by [12/14/16/18/20] when wielding a ranged weapon.
Fast Forward	Reduces an Art's cooldown by [10/20/30/40/50]% when triggering a melee combo.
Stellar Entry	Boosts GP by [1000/1250/1500/1750/2000] when boarding your Skell while in Overdrive.
Synchrony	Boosts Skell melee attack, ranged attack, melee & ranged accuracy, potential, and evasion by [4/6/8/10/12]%.
\.


--
-- Name: accessories_pkey; Type: CONSTRAINT; Schema: xeno2; Owner: poppi
--

ALTER TABLE ONLY xeno2.accessories
    ADD CONSTRAINT accessories_pkey PRIMARY KEY (name, rarity);


--
-- Name: art_enhance_pkey; Type: CONSTRAINT; Schema: xeno2; Owner: poppi
--

ALTER TABLE ONLY xeno2.art_enhance
    ADD CONSTRAINT art_enhance_pkey PRIMARY KEY (art, level);


--
-- Name: art_hit_frames_pkey; Type: CONSTRAINT; Schema: xeno2; Owner: poppi
--

ALTER TABLE ONLY xeno2.art_hit_frames
    ADD CONSTRAINT art_hit_frames_pkey PRIMARY KEY (art, hit);


--
-- Name: art_ratios_pkey; Type: CONSTRAINT; Schema: xeno2; Owner: poppi
--

ALTER TABLE ONLY xeno2.art_ratios
    ADD CONSTRAINT art_ratios_pkey PRIMARY KEY (art, hit);


--
-- Name: art_reactions_pkey; Type: CONSTRAINT; Schema: xeno2; Owner: poppi
--

ALTER TABLE ONLY xeno2.art_reactions
    ADD CONSTRAINT art_reactions_pkey PRIMARY KEY (art, hit);


--
-- Name: arts_pkey; Type: CONSTRAINT; Schema: xeno2; Owner: poppi
--

ALTER TABLE ONLY xeno2.arts
    ADD CONSTRAINT arts_pkey PRIMARY KEY (name);


--
-- Name: battle_skills_pkey; Type: CONSTRAINT; Schema: xeno2; Owner: poppi
--

ALTER TABLE ONLY xeno2.battle_skills
    ADD CONSTRAINT battle_skills_pkey PRIMARY KEY (name);


--
-- Name: blade_battle_skills_pkey; Type: CONSTRAINT; Schema: xeno2; Owner: poppi
--

ALTER TABLE ONLY xeno2.blade_battle_skills
    ADD CONSTRAINT blade_battle_skills_pkey PRIMARY KEY (blade, skill);


--
-- Name: blade_blade_arts_pkey; Type: CONSTRAINT; Schema: xeno2; Owner: poppi
--

ALTER TABLE ONLY xeno2.blade_blade_arts
    ADD CONSTRAINT blade_blade_arts_pkey PRIMARY KEY (blade, blade_art);


--
-- Name: blade_chances_pkey; Type: CONSTRAINT; Schema: xeno2; Owner: poppi
--

ALTER TABLE ONLY xeno2.blade_chances
    ADD CONSTRAINT blade_chances_pkey PRIMARY KEY (blade, seed);


--
-- Name: blade_favorite_pouch_categories_pkey; Type: CONSTRAINT; Schema: xeno2; Owner: poppi
--

ALTER TABLE ONLY xeno2.blade_favorite_pouch_categories
    ADD CONSTRAINT blade_favorite_pouch_categories_pkey PRIMARY KEY (blade, pouch_category);


--
-- Name: blade_favorite_pouch_items_pkey; Type: CONSTRAINT; Schema: xeno2; Owner: poppi
--

ALTER TABLE ONLY xeno2.blade_favorite_pouch_items
    ADD CONSTRAINT blade_favorite_pouch_items_pkey PRIMARY KEY (blade, pouch_item);


--
-- Name: blade_field_skills_pkey; Type: CONSTRAINT; Schema: xeno2; Owner: poppi
--

ALTER TABLE ONLY xeno2.field_skills
    ADD CONSTRAINT blade_field_skills_pkey PRIMARY KEY (name);


--
-- Name: blade_field_skills_pkey1; Type: CONSTRAINT; Schema: xeno2; Owner: poppi
--

ALTER TABLE ONLY xeno2.blade_field_skills
    ADD CONSTRAINT blade_field_skills_pkey1 PRIMARY KEY (blade, skill);


--
-- Name: blade_skill_enhance_pkey; Type: CONSTRAINT; Schema: xeno2; Owner: poppi
--

ALTER TABLE ONLY xeno2.blade_skill_enhance
    ADD CONSTRAINT blade_skill_enhance_pkey PRIMARY KEY (skill, level);


--
-- Name: blade_specials_pkey; Type: CONSTRAINT; Schema: xeno2; Owner: poppi
--

ALTER TABLE ONLY xeno2.blade_specials
    ADD CONSTRAINT blade_specials_pkey PRIMARY KEY (blade, level);


--
-- Name: blade_stat_mods_pkey; Type: CONSTRAINT; Schema: xeno2; Owner: poppi
--

ALTER TABLE ONLY xeno2.blade_stat_mods
    ADD CONSTRAINT blade_stat_mods_pkey PRIMARY KEY (blade);


--
-- Name: blades_pkey; Type: CONSTRAINT; Schema: xeno2; Owner: poppi
--

ALTER TABLE ONLY xeno2.blades
    ADD CONSTRAINT blades_pkey PRIMARY KEY (name);


--
-- Name: chip_locations_pkey; Type: CONSTRAINT; Schema: xeno2; Owner: poppi
--

ALTER TABLE ONLY xeno2.chip_locations
    ADD CONSTRAINT chip_locations_pkey PRIMARY KEY (chip, location);


--
-- Name: chip_weapons_pkey; Type: CONSTRAINT; Schema: xeno2; Owner: poppi
--

ALTER TABLE ONLY xeno2.chip_weapons
    ADD CONSTRAINT chip_weapons_pkey PRIMARY KEY (chip, weapon);


--
-- Name: chips_pkey; Type: CONSTRAINT; Schema: xeno2; Owner: poppi
--

ALTER TABLE ONLY xeno2.chips
    ADD CONSTRAINT chips_pkey PRIMARY KEY (name);


--
-- Name: classes_pkey; Type: CONSTRAINT; Schema: xeno2; Owner: poppi
--

ALTER TABLE ONLY xeno2.classes
    ADD CONSTRAINT classes_pkey PRIMARY KEY (name);


--
-- Name: collection_points_pkey; Type: CONSTRAINT; Schema: xeno2; Owner: poppi
--

ALTER TABLE ONLY xeno2.collection_points
    ADD CONSTRAINT collection_points_pkey PRIMARY KEY (name);


--
-- Name: common_blade_names_pkey; Type: CONSTRAINT; Schema: xeno2; Owner: poppi
--

ALTER TABLE ONLY xeno2.common_blade_names
    ADD CONSTRAINT common_blade_names_pkey PRIMARY KEY (name);


--
-- Name: core_materials_pkey; Type: CONSTRAINT; Schema: xeno2; Owner: poppi
--

ALTER TABLE ONLY xeno2.core_materials
    ADD CONSTRAINT core_materials_pkey PRIMARY KEY (core, material);


--
-- Name: cores_pkey; Type: CONSTRAINT; Schema: xeno2; Owner: poppi
--

ALTER TABLE ONLY xeno2.cores
    ADD CONSTRAINT cores_pkey PRIMARY KEY (name);


--
-- Name: enhance_captions_pkey; Type: CONSTRAINT; Schema: xeno2; Owner: poppi
--

ALTER TABLE ONLY xeno2.enhance_captions
    ADD CONSTRAINT enhance_captions_pkey PRIMARY KEY (id);


--
-- Name: enhance_pkey; Type: CONSTRAINT; Schema: xeno2; Owner: poppi
--

ALTER TABLE ONLY xeno2.enhance
    ADD CONSTRAINT enhance_pkey PRIMARY KEY (id);


--
-- Name: maps_pkey; Type: CONSTRAINT; Schema: xeno2; Owner: poppi
--

ALTER TABLE ONLY xeno2.maps
    ADD CONSTRAINT maps_pkey PRIMARY KEY (map_name);


--
-- Name: pouch_captions_pkey; Type: CONSTRAINT; Schema: xeno2; Owner: poppi
--

ALTER TABLE ONLY xeno2.pouch_captions
    ADD CONSTRAINT pouch_captions_pkey PRIMARY KEY (id);


--
-- Name: pouch_item_effects_pkey; Type: CONSTRAINT; Schema: xeno2; Owner: poppi
--

ALTER TABLE ONLY xeno2.pouch_item_effects
    ADD CONSTRAINT pouch_item_effects_pkey PRIMARY KEY (pouch_item, caption);


--
-- Name: pouch_items_pkey; Type: CONSTRAINT; Schema: xeno2; Owner: poppi
--

ALTER TABLE ONLY xeno2.pouch_items
    ADD CONSTRAINT pouch_items_pkey PRIMARY KEY (name);


--
-- Name: skills_pkey; Type: CONSTRAINT; Schema: xeno2; Owner: poppi
--

ALTER TABLE ONLY xeno2.skills
    ADD CONSTRAINT skills_pkey PRIMARY KEY (name);


--
-- Name: special_damage_ratios_pkey; Type: CONSTRAINT; Schema: xeno2; Owner: poppi
--

ALTER TABLE ONLY xeno2.special_damage_ratios
    ADD CONSTRAINT special_damage_ratios_pkey PRIMARY KEY (special, level);


--
-- Name: special_enhance_pkey; Type: CONSTRAINT; Schema: xeno2; Owner: poppi
--

ALTER TABLE ONLY xeno2.special_enhance
    ADD CONSTRAINT special_enhance_pkey PRIMARY KEY (special, level);


--
-- Name: special_hit_frames_pkey; Type: CONSTRAINT; Schema: xeno2; Owner: poppi
--

ALTER TABLE ONLY xeno2.special_hit_frames
    ADD CONSTRAINT special_hit_frames_pkey PRIMARY KEY (special, hit);


--
-- Name: special_ratios_pkey; Type: CONSTRAINT; Schema: xeno2; Owner: poppi
--

ALTER TABLE ONLY xeno2.special_ratios
    ADD CONSTRAINT special_ratios_pkey PRIMARY KEY (special, hit);


--
-- Name: special_reactions_pkey; Type: CONSTRAINT; Schema: xeno2; Owner: poppi
--

ALTER TABLE ONLY xeno2.special_reactions
    ADD CONSTRAINT special_reactions_pkey PRIMARY KEY (special, hit);


--
-- Name: specials_pkey; Type: CONSTRAINT; Schema: xeno2; Owner: poppi
--

ALTER TABLE ONLY xeno2.specials
    ADD CONSTRAINT specials_pkey PRIMARY KEY (name);


--
-- Name: weapon_filenames_pkey; Type: CONSTRAINT; Schema: xeno2; Owner: poppi
--

ALTER TABLE ONLY xeno2.weapon_filenames
    ADD CONSTRAINT weapon_filenames_pkey PRIMARY KEY (id);


--
-- Name: weapons_pkey; Type: CONSTRAINT; Schema: xeno2; Owner: poppi
--

ALTER TABLE ONLY xeno2.weapons
    ADD CONSTRAINT weapons_pkey PRIMARY KEY (name);


--
-- Name: class_arts_pkey; Type: CONSTRAINT; Schema: xenox; Owner: poppi
--

ALTER TABLE ONLY xenox.class_arts
    ADD CONSTRAINT class_arts_pkey PRIMARY KEY (art, class);


--
-- Name: class_promotions_pkey; Type: CONSTRAINT; Schema: xenox; Owner: poppi
--

ALTER TABLE ONLY xenox.class_promotions
    ADD CONSTRAINT class_promotions_pkey PRIMARY KEY (class, promotion);


--
-- Name: class_skills_pkey; Type: CONSTRAINT; Schema: xenox; Owner: poppi
--

ALTER TABLE ONLY xenox.class_skills
    ADD CONSTRAINT class_skills_pkey PRIMARY KEY (skill, class);


--
-- Name: classes_pkey; Type: CONSTRAINT; Schema: xenox; Owner: poppi
--

ALTER TABLE ONLY xenox.classes
    ADD CONSTRAINT classes_pkey PRIMARY KEY (name);


--
-- Name: items_pkey; Type: CONSTRAINT; Schema: xenox; Owner: poppi
--

ALTER TABLE ONLY xenox.items
    ADD CONSTRAINT items_pkey PRIMARY KEY (name);


--
-- Name: skills_pkey; Type: CONSTRAINT; Schema: xenox; Owner: poppi
--

ALTER TABLE ONLY xenox.skills
    ADD CONSTRAINT skills_pkey PRIMARY KEY (name);


--
-- Name: pouch_items_id_idx; Type: INDEX; Schema: xeno2; Owner: poppi
--

CREATE UNIQUE INDEX pouch_items_id_idx ON xeno2.pouch_items USING btree (id);


--
-- Name: accessories_caption_fkey; Type: FK CONSTRAINT; Schema: xeno2; Owner: poppi
--

ALTER TABLE ONLY xeno2.accessories
    ADD CONSTRAINT accessories_caption_fkey FOREIGN KEY (caption) REFERENCES xeno2.enhance(id);


--
-- Name: art_enhance_art_fkey; Type: FK CONSTRAINT; Schema: xeno2; Owner: poppi
--

ALTER TABLE ONLY xeno2.art_enhance
    ADD CONSTRAINT art_enhance_art_fkey FOREIGN KEY (art) REFERENCES xeno2.arts(name);


--
-- Name: art_enhance_caption_fkey; Type: FK CONSTRAINT; Schema: xeno2; Owner: poppi
--

ALTER TABLE ONLY xeno2.art_enhance
    ADD CONSTRAINT art_enhance_caption_fkey FOREIGN KEY (caption) REFERENCES xeno2.enhance(id);


--
-- Name: art_hit_frames_art_fkey; Type: FK CONSTRAINT; Schema: xeno2; Owner: poppi
--

ALTER TABLE ONLY xeno2.art_hit_frames
    ADD CONSTRAINT art_hit_frames_art_fkey FOREIGN KEY (art) REFERENCES xeno2.arts(name);


--
-- Name: art_ratios_art_fkey; Type: FK CONSTRAINT; Schema: xeno2; Owner: poppi
--

ALTER TABLE ONLY xeno2.art_ratios
    ADD CONSTRAINT art_ratios_art_fkey FOREIGN KEY (art) REFERENCES xeno2.arts(name);


--
-- Name: art_reactions_art_fkey; Type: FK CONSTRAINT; Schema: xeno2; Owner: poppi
--

ALTER TABLE ONLY xeno2.art_reactions
    ADD CONSTRAINT art_reactions_art_fkey FOREIGN KEY (art) REFERENCES xeno2.arts(name);


--
-- Name: blade_battle_skills_blade_fkey; Type: FK CONSTRAINT; Schema: xeno2; Owner: poppi
--

ALTER TABLE ONLY xeno2.blade_battle_skills
    ADD CONSTRAINT blade_battle_skills_blade_fkey FOREIGN KEY (blade) REFERENCES xeno2.blades(name);


--
-- Name: blade_battle_skills_skill_fkey; Type: FK CONSTRAINT; Schema: xeno2; Owner: poppi
--

ALTER TABLE ONLY xeno2.blade_battle_skills
    ADD CONSTRAINT blade_battle_skills_skill_fkey FOREIGN KEY (skill) REFERENCES xeno2.battle_skills(name);


--
-- Name: blade_blade_arts_blade_fkey; Type: FK CONSTRAINT; Schema: xeno2; Owner: poppi
--

ALTER TABLE ONLY xeno2.blade_blade_arts
    ADD CONSTRAINT blade_blade_arts_blade_fkey FOREIGN KEY (blade) REFERENCES xeno2.blades(name);


--
-- Name: blade_favorite_pouch_categories_blade_fkey; Type: FK CONSTRAINT; Schema: xeno2; Owner: poppi
--

ALTER TABLE ONLY xeno2.blade_favorite_pouch_categories
    ADD CONSTRAINT blade_favorite_pouch_categories_blade_fkey FOREIGN KEY (blade) REFERENCES xeno2.blades(name);


--
-- Name: blade_favorite_pouch_items_blade_fkey; Type: FK CONSTRAINT; Schema: xeno2; Owner: poppi
--

ALTER TABLE ONLY xeno2.blade_favorite_pouch_items
    ADD CONSTRAINT blade_favorite_pouch_items_blade_fkey FOREIGN KEY (blade) REFERENCES xeno2.blades(name);


--
-- Name: blade_favorite_pouch_items_pouch_item_fkey; Type: FK CONSTRAINT; Schema: xeno2; Owner: poppi
--

ALTER TABLE ONLY xeno2.blade_favorite_pouch_items
    ADD CONSTRAINT blade_favorite_pouch_items_pouch_item_fkey FOREIGN KEY (pouch_item) REFERENCES xeno2.pouch_items(id);


--
-- Name: blade_field_skills_blade_fkey; Type: FK CONSTRAINT; Schema: xeno2; Owner: poppi
--

ALTER TABLE ONLY xeno2.blade_field_skills
    ADD CONSTRAINT blade_field_skills_blade_fkey FOREIGN KEY (blade) REFERENCES xeno2.blades(name);


--
-- Name: blade_field_skills_skill_fkey; Type: FK CONSTRAINT; Schema: xeno2; Owner: poppi
--

ALTER TABLE ONLY xeno2.blade_field_skills
    ADD CONSTRAINT blade_field_skills_skill_fkey FOREIGN KEY (skill) REFERENCES xeno2.field_skills(name);


--
-- Name: blade_skill_enhance_caption_fkey; Type: FK CONSTRAINT; Schema: xeno2; Owner: poppi
--

ALTER TABLE ONLY xeno2.blade_skill_enhance
    ADD CONSTRAINT blade_skill_enhance_caption_fkey FOREIGN KEY (caption) REFERENCES xeno2.enhance(id);


--
-- Name: blade_skill_enhance_skill_fkey; Type: FK CONSTRAINT; Schema: xeno2; Owner: poppi
--

ALTER TABLE ONLY xeno2.blade_skill_enhance
    ADD CONSTRAINT blade_skill_enhance_skill_fkey FOREIGN KEY (skill) REFERENCES xeno2.battle_skills(name);


--
-- Name: blade_specials_blade_fkey; Type: FK CONSTRAINT; Schema: xeno2; Owner: poppi
--

ALTER TABLE ONLY xeno2.blade_specials
    ADD CONSTRAINT blade_specials_blade_fkey FOREIGN KEY (blade) REFERENCES xeno2.blades(name);


--
-- Name: blade_specials_special_fkey; Type: FK CONSTRAINT; Schema: xeno2; Owner: poppi
--

ALTER TABLE ONLY xeno2.blade_specials
    ADD CONSTRAINT blade_specials_special_fkey FOREIGN KEY (special) REFERENCES xeno2.specials(name);


--
-- Name: blade_stat_mods_blade_fkey; Type: FK CONSTRAINT; Schema: xeno2; Owner: poppi
--

ALTER TABLE ONLY xeno2.blade_stat_mods
    ADD CONSTRAINT blade_stat_mods_blade_fkey FOREIGN KEY (blade) REFERENCES xeno2.blades(name);


--
-- Name: chip_locations_chip_fkey; Type: FK CONSTRAINT; Schema: xeno2; Owner: poppi
--

ALTER TABLE ONLY xeno2.chip_locations
    ADD CONSTRAINT chip_locations_chip_fkey FOREIGN KEY (chip) REFERENCES xeno2.chips(name);


--
-- Name: chip_weapons_chip_fkey; Type: FK CONSTRAINT; Schema: xeno2; Owner: poppi
--

ALTER TABLE ONLY xeno2.chip_weapons
    ADD CONSTRAINT chip_weapons_chip_fkey FOREIGN KEY (chip) REFERENCES xeno2.chips(name);


--
-- Name: chip_weapons_weapon_fkey; Type: FK CONSTRAINT; Schema: xeno2; Owner: poppi
--

ALTER TABLE ONLY xeno2.chip_weapons
    ADD CONSTRAINT chip_weapons_weapon_fkey FOREIGN KEY (weapon) REFERENCES xeno2.weapons(name);


--
-- Name: class_roles_class_fkey; Type: FK CONSTRAINT; Schema: xeno2; Owner: poppi
--

ALTER TABLE ONLY xeno2.class_roles
    ADD CONSTRAINT class_roles_class_fkey FOREIGN KEY (class) REFERENCES xeno2.classes(name);


--
-- Name: collection_point_drops_collection_point_fkey; Type: FK CONSTRAINT; Schema: xeno2; Owner: poppi
--

ALTER TABLE ONLY xeno2.collection_point_drops
    ADD CONSTRAINT collection_point_drops_collection_point_fkey FOREIGN KEY (collection_point) REFERENCES xeno2.collection_points(name);


--
-- Name: common_blade_battle_skills_skill_fkey; Type: FK CONSTRAINT; Schema: xeno2; Owner: poppi
--

ALTER TABLE ONLY xeno2.common_blade_battle_skills
    ADD CONSTRAINT common_blade_battle_skills_skill_fkey FOREIGN KEY (skill) REFERENCES xeno2.battle_skills(name);


--
-- Name: core_materials_core_fkey; Type: FK CONSTRAINT; Schema: xeno2; Owner: poppi
--

ALTER TABLE ONLY xeno2.core_materials
    ADD CONSTRAINT core_materials_core_fkey FOREIGN KEY (core) REFERENCES xeno2.cores(name);


--
-- Name: enhance_caption_fkey; Type: FK CONSTRAINT; Schema: xeno2; Owner: poppi
--

ALTER TABLE ONLY xeno2.enhance
    ADD CONSTRAINT enhance_caption_fkey FOREIGN KEY (caption) REFERENCES xeno2.enhance_captions(id);


--
-- Name: pouch_item_effects_caption_fkey; Type: FK CONSTRAINT; Schema: xeno2; Owner: poppi
--

ALTER TABLE ONLY xeno2.pouch_item_effects
    ADD CONSTRAINT pouch_item_effects_caption_fkey FOREIGN KEY (caption) REFERENCES xeno2.pouch_captions(id);


--
-- Name: pouch_item_effects_pouch_item_fkey; Type: FK CONSTRAINT; Schema: xeno2; Owner: poppi
--

ALTER TABLE ONLY xeno2.pouch_item_effects
    ADD CONSTRAINT pouch_item_effects_pouch_item_fkey FOREIGN KEY (pouch_item) REFERENCES xeno2.pouch_items(name);


--
-- Name: skills_caption_fkey; Type: FK CONSTRAINT; Schema: xeno2; Owner: poppi
--

ALTER TABLE ONLY xeno2.skills
    ADD CONSTRAINT skills_caption_fkey FOREIGN KEY (caption) REFERENCES xeno2.enhance(id);


--
-- Name: special_damage_ratios_special_fkey; Type: FK CONSTRAINT; Schema: xeno2; Owner: poppi
--

ALTER TABLE ONLY xeno2.special_damage_ratios
    ADD CONSTRAINT special_damage_ratios_special_fkey FOREIGN KEY (special) REFERENCES xeno2.specials(name);


--
-- Name: special_enhance_caption_fkey; Type: FK CONSTRAINT; Schema: xeno2; Owner: poppi
--

ALTER TABLE ONLY xeno2.special_enhance
    ADD CONSTRAINT special_enhance_caption_fkey FOREIGN KEY (caption) REFERENCES xeno2.enhance(id);


--
-- Name: special_enhance_special_fkey; Type: FK CONSTRAINT; Schema: xeno2; Owner: poppi
--

ALTER TABLE ONLY xeno2.special_enhance
    ADD CONSTRAINT special_enhance_special_fkey FOREIGN KEY (special) REFERENCES xeno2.specials(name);


--
-- Name: special_hit_frames_special_fkey; Type: FK CONSTRAINT; Schema: xeno2; Owner: poppi
--

ALTER TABLE ONLY xeno2.special_hit_frames
    ADD CONSTRAINT special_hit_frames_special_fkey FOREIGN KEY (special) REFERENCES xeno2.specials(name);


--
-- Name: special_ratios_special_fkey; Type: FK CONSTRAINT; Schema: xeno2; Owner: poppi
--

ALTER TABLE ONLY xeno2.special_ratios
    ADD CONSTRAINT special_ratios_special_fkey FOREIGN KEY (special) REFERENCES xeno2.specials(name);


--
-- Name: special_reactions_special_fkey; Type: FK CONSTRAINT; Schema: xeno2; Owner: poppi
--

ALTER TABLE ONLY xeno2.special_reactions
    ADD CONSTRAINT special_reactions_special_fkey FOREIGN KEY (special) REFERENCES xeno2.specials(name);


--
-- Name: weapons_caption_fkey; Type: FK CONSTRAINT; Schema: xeno2; Owner: poppi
--

ALTER TABLE ONLY xeno2.weapons
    ADD CONSTRAINT weapons_caption_fkey FOREIGN KEY (caption) REFERENCES xeno2.enhance(id);


--
-- Name: weapons_filename_fkey; Type: FK CONSTRAINT; Schema: xeno2; Owner: poppi
--

ALTER TABLE ONLY xeno2.weapons
    ADD CONSTRAINT weapons_filename_fkey FOREIGN KEY (filename) REFERENCES xeno2.weapon_filenames(id);


--
-- Name: class_arts_class_fkey; Type: FK CONSTRAINT; Schema: xenox; Owner: poppi
--

ALTER TABLE ONLY xenox.class_arts
    ADD CONSTRAINT class_arts_class_fkey FOREIGN KEY (class) REFERENCES xenox.classes(name);


--
-- Name: class_promotions_class_fkey; Type: FK CONSTRAINT; Schema: xenox; Owner: poppi
--

ALTER TABLE ONLY xenox.class_promotions
    ADD CONSTRAINT class_promotions_class_fkey FOREIGN KEY (class) REFERENCES xenox.classes(name);


--
-- Name: class_promotions_promotion_fkey; Type: FK CONSTRAINT; Schema: xenox; Owner: poppi
--

ALTER TABLE ONLY xenox.class_promotions
    ADD CONSTRAINT class_promotions_promotion_fkey FOREIGN KEY (promotion) REFERENCES xenox.classes(name);


--
-- Name: class_skills_class_fkey; Type: FK CONSTRAINT; Schema: xenox; Owner: poppi
--

ALTER TABLE ONLY xenox.class_skills
    ADD CONSTRAINT class_skills_class_fkey FOREIGN KEY (class) REFERENCES xenox.classes(name);


--
-- Name: class_skills_skill_fkey; Type: FK CONSTRAINT; Schema: xenox; Owner: poppi
--

ALTER TABLE ONLY xenox.class_skills
    ADD CONSTRAINT class_skills_skill_fkey FOREIGN KEY (skill) REFERENCES xenox.skills(name);


--
-- PostgreSQL database dump complete
--

